
  .   ____          _            __ _ _
 /\\ / ___'_ __ _ _(_)_ __  __ _ \ \ \ \
( ( )\___ | '_ | '_| | '_ \/ _` | \ \ \ \
 \\/  ___)| |_)| | | | | || (_| |  ) ) ) )
  '  |____| .__|_| |_|_| |_\__, | / / / /
 =========|_|==============|___/=/_/_/_/

 :: Spring Boot ::                (v4.1.1)

2026-10-04T02:49:51.674Z  INFO 1 --- [shortener] [           main] uy.ct.shortener.ShortenerApplicationKt   : Starting AOT-processed ShortenerApplicationKt using Java 25.0.4.1 with PID 1 (/workspace/uy.ct.shortener.ShortenerApplicationKt started by cnb in /workspace)
2026-10-04T02:49:51.674Z  INFO 1 --- [shortener] [           main] uy.ct.shortener.ShortenerApplicationKt   : No active profile set, falling back to 1 default profile: "default"
2026-10-04T02:49:51.700Z  INFO 1 --- [shortener] [           main] o.s.boot.tomcat.TomcatWebServer          : Tomcat initialized with port 8080 (http)
2026-10-04T02:49:51.701Z  INFO 1 --- [shortener] [           main] o.apache.catalina.core.StandardService   : Starting service [Tomcat]
2026-10-04T02:49:51.701Z  INFO 1 --- [shortener] [           main] o.apache.catalina.core.StandardEngine    : Starting Servlet engine: [Apache Tomcat/11.0.24]
2026-10-04T02:49:51.706Z  INFO 1 --- [shortener] [           main] b.w.c.s.WebApplicationContextInitializer : Root WebApplicationContext: initialization completed in 32 ms
2026-10-04T02:49:51.741Z  INFO 1 --- [shortener] [           main] com.zaxxer.hikari.HikariDataSource       : HikariPool-1 - Starting...
2026-10-04T02:49:51.750Z  INFO 1 --- [shortener] [           main] com.zaxxer.hikari.pool.HikariPool        : HikariPool-1 - Added connection org.postgresql.jdbc.PgConnection@ad7de21
2026-10-04T02:49:51.750Z  INFO 1 --- [shortener] [           main] com.zaxxer.hikari.HikariDataSource       : HikariPool-1 - Start completed.
2026-10-04T02:49:51.751Z  WARN 1 --- [shortener] [           main] org.flywaydb.core.FlywayExecutor         : Unable to scan location: /db/migration (unsupported protocol: resource)
2026-10-04T02:49:51.751Z  WARN 1 --- [shortener] [           main] org.flywaydb.core.FlywayExecutor         : Unable to scan location: /db/migration (unsupported protocol: resource)
2026-10-04T02:49:51.751Z  INFO 1 --- [shortener] [           main] org.flywaydb.core.FlywayExecutor         : Database: jdbc:postgresql://localhost:32781/mydatabase (PostgreSQL 18.6)
2026-10-04T02:49:51.752Z  WARN 1 --- [shortener] [           main] o.f.c.i.s.classpath.ClassPathScanner     : Unable to scan location: /db/migration (unsupported protocol: resource)
2026-10-04T02:49:51.752Z  WARN 1 --- [shortener] [           main] o.f.c.i.s.classpath.ClassPathScanner     : Unable to scan location: /db/migration (unsupported protocol: resource)
[0.112s] GC(0) Pause Full GC (Collect on allocation) 48.00M->9.50M 18.190ms
2026-10-04T02:49:51.775Z  INFO 1 --- [shortener] [           main] o.f.core.internal.command.DbValidate     : Successfully validated 5 migrations (execution time 00:00.020s)
2026-10-04T02:49:51.786Z  INFO 1 --- [shortener] [           main] o.f.core.internal.command.DbMigrate      : Current version of schema "public": 5
2026-10-04T02:49:51.786Z  INFO 1 --- [shortener] [           main] o.f.core.internal.command.DbMigrate      : Schema "public" is up to date. No migration necessary.
[0.224s] GC(1) Pause Incremental GC (Collect on allocation) 66.50M->17.50M 10.661ms
2026-10-04T02:49:51.897Z  WARN 1 --- [shortener] [           main] i.m.c.i.binder.jvm.JvmGcMetrics          : GC notifications will not be available because no GarbageCollectorMXBean of the JVM provides any. GCs=[young generation scavenger, complete scavenger]
2026-10-04T02:49:51.912Z  INFO 1 --- [shortener] [           main] o.s.boot.tomcat.TomcatWebServer          : Tomcat started on port 8080 (http) with context path '/'
2026-10-04T02:49:51.915Z  INFO 1 --- [shortener] [           main] o.s.boot.tomcat.TomcatWebServer          : Tomcat initialized with port 8081 (http)
2026-10-04T02:49:51.915Z  INFO 1 --- [shortener] [           main] o.apache.catalina.core.StandardService   : Starting service [Tomcat]
2026-10-04T02:49:51.915Z  INFO 1 --- [shortener] [           main] o.apache.catalina.core.StandardEngine    : Starting Servlet engine: [Apache Tomcat/11.0.24]
2026-10-04T02:49:51.915Z  INFO 1 --- [shortener] [           main] b.w.c.s.WebApplicationContextInitializer : Root WebApplicationContext: initialization completed in 3 ms
2026-10-04T02:49:51.917Z  INFO 1 --- [shortener] [           main] o.s.b.a.e.web.EndpointLinksResolver      : Exposing 2 endpoints beneath base path '/actuator'
2026-10-04T02:49:51.921Z  INFO 1 --- [shortener] [           main] o.s.boot.tomcat.TomcatWebServer          : Tomcat started on port 8081 (http) with context path '/'
2026-10-04T02:49:51.922Z  INFO 1 --- [shortener] [           main] o.s.s.config.TaskSchedulerRouter         : No TaskScheduler/ScheduledExecutorService bean found for scheduled processing
2026-10-04T02:49:51.922Z  INFO 1 --- [shortener] [           main] uy.ct.shortener.ShortenerApplicationKt   : Started ShortenerApplicationKt in 0.258 seconds (process running for 0.262)
2026-10-04T02:49:51.925Z  INFO 1 --- [shortener] [omcat-handler-0] o.a.c.c.C.[Tomcat-1].[localhost].[/]     : Initializing Spring DispatcherServlet 'dispatcherServletRegistration'
2026-10-04T02:49:51.925Z  INFO 1 --- [shortener] [omcat-handler-0] o.s.web.servlet.DispatcherServlet        : Initializing Servlet 'dispatcherServletRegistration'
2026-10-04T02:49:51.925Z  INFO 1 --- [shortener] [omcat-handler-0] o.s.web.servlet.DispatcherServlet        : Completed initialization in 0 ms
2026-10-04T02:49:58.155Z  INFO 1 --- [shortener] [omcat-handler-0] o.a.c.c.C.[Tomcat].[localhost].[/]       : Initializing Spring DispatcherServlet 'dispatcherServlet'
2026-10-04T02:49:58.155Z  INFO 1 --- [shortener] [omcat-handler-0] o.s.web.servlet.DispatcherServlet        : Initializing Servlet 'dispatcherServlet'
2026-10-04T02:49:58.155Z  INFO 1 --- [shortener] [omcat-handler-0] o.s.web.servlet.DispatcherServlet        : Completed initialization in 0 ms
[6.605s] GC(2) Pause Full GC (Collect on allocation) 78.62M->20.12M 28.583ms
[7.056s] GC(3) Pause Incremental GC (Collect on allocation) 89.12M->20.62M 1.381ms
[7.407s] GC(4) Pause Incremental GC (Collect on allocation) 94.12M->26.62M 3.902ms
[7.744s] GC(5) Pause Incremental GC (Collect on allocation) 104.62M->27.12M 3.468ms
[8.129s] GC(6) Pause Full GC (Collect on allocation) 109.62M->25.62M 25.797ms
[8.504s] GC(7) Pause Incremental GC (Collect on allocation) 117.62M->26.12M 1.623ms
[8.901s] GC(8) Pause Incremental GC (Collect on allocation) 116.62M->26.62M 1.419ms
[9.293s] GC(9) Pause Incremental GC (Collect on allocation) 115.62M->27.12M 1.427ms
[9.680s] GC(10) Pause Incremental GC (Collect on allocation) 114.62M->27.62M 1.631ms
[10.055s] GC(11) Pause Incremental GC (Collect on allocation) 113.62M->28.12M 1.472ms
[10.426s] GC(12) Pause Incremental GC (Collect on allocation) 112.62M->28.62M 1.739ms
[10.793s] GC(13) Pause Incremental GC (Collect on allocation) 111.62M->29.12M 1.476ms
[11.088s] GC(14) Pause Incremental GC (Collect on allocation) 110.62M->29.62M 1.389ms
[11.439s] GC(15) Pause Incremental GC (Collect on allocation) 109.62M->30.12M 1.465ms
[11.791s] GC(16) Pause Incremental GC (Collect on allocation) 108.62M->30.62M 1.478ms
[12.133s] GC(17) Pause Incremental GC (Collect on allocation) 107.62M->31.12M 1.459ms
[12.467s] GC(18) Pause Incremental GC (Collect on allocation) 106.62M->31.62M 1.427ms
[12.791s] GC(19) Pause Incremental GC (Collect on allocation) 105.62M->32.12M 1.422ms
[13.108s] GC(20) Pause Incremental GC (Collect on allocation) 104.62M->32.62M 1.460ms
[13.424s] GC(21) Pause Incremental GC (Collect on allocation) 103.62M->33.12M 1.480ms
[13.730s] GC(22) Pause Incremental GC (Collect on allocation) 102.62M->33.12M 1.404ms
[14.035s] GC(23) Pause Incremental GC (Collect on allocation) 101.62M->33.62M 1.507ms
[14.338s] GC(24) Pause Incremental GC (Collect on allocation) 101.12M->33.62M 1.367ms
[14.631s] GC(25) Pause Incremental GC (Collect on allocation) 100.12M->33.62M 1.339ms
[14.919s] GC(26) Pause Incremental GC (Collect on allocation) 99.12M->33.62M 1.313ms
[15.204s] GC(27) Pause Incremental GC (Collect on allocation) 98.12M->33.62M 1.418ms
[15.489s] GC(28) Pause Incremental GC (Collect on allocation) 97.12M->33.62M 1.295ms
[15.763s] GC(29) Pause Incremental GC (Collect on allocation) 96.12M->33.62M 1.368ms
[15.969s] GC(30) Pause Incremental GC (Collect on allocation) 95.12M->33.62M 1.432ms
[16.239s] GC(31) Pause Incremental GC (Collect on allocation) 94.12M->33.62M 1.297ms
[16.502s] GC(32) Pause Incremental GC (Collect on allocation) 93.12M->33.62M 1.340ms
[16.759s] GC(33) Pause Incremental GC (Collect on allocation) 92.12M->33.62M 1.329ms
[17.025s] GC(34) Pause Full GC (Collect on allocation) 91.12M->26.12M 16.417ms
[17.255s] GC(35) Pause Incremental GC (Collect on allocation) 81.62M->26.62M 1.574ms
[17.478s] GC(36) Pause Incremental GC (Collect on allocation) 81.12M->30.62M 3.253ms
[17.717s] GC(37) Pause Incremental GC (Collect on allocation) 84.12M->31.12M 2.366ms
[17.949s] GC(38) Pause Incremental GC (Collect on allocation) 83.62M->31.12M 1.848ms
[18.175s] GC(39) Pause Incremental GC (Collect on allocation) 82.62M->31.62M 1.934ms
[18.399s] GC(40) Pause Incremental GC (Collect on allocation) 82.12M->32.12M 1.878ms
[18.616s] GC(41) Pause Incremental GC (Collect on allocation) 81.62M->32.62M 1.899ms
[18.827s] GC(42) Pause Incremental GC (Collect on allocation) 81.12M->33.12M 1.850ms
[19.036s] GC(43) Pause Incremental GC (Collect on allocation) 80.62M->33.62M 1.926ms
[19.241s] GC(44) Pause Incremental GC (Collect on allocation) 80.12M->34.12M 1.983ms
[19.444s] GC(45) Pause Incremental GC (Collect on allocation) 79.62M->34.62M 1.856ms
[19.640s] GC(46) Pause Incremental GC (Collect on allocation) 79.12M->35.12M 1.818ms
[19.830s] GC(47) Pause Incremental GC (Collect on allocation) 78.62M->35.62M 1.788ms
[20.021s] GC(48) Pause Incremental GC (Collect on allocation) 78.62M->36.12M 1.856ms
[20.209s] GC(49) Pause Incremental GC (Collect on allocation) 78.62M->36.62M 1.776ms
[20.393s] GC(50) Pause Incremental GC (Collect on allocation) 78.62M->36.12M 2.062ms
[20.574s] GC(51) Pause Incremental GC (Collect on allocation) 77.62M->36.12M 1.819ms
[20.756s] GC(52) Pause Incremental GC (Collect on allocation) 77.12M->36.62M 1.327ms
[20.872s] GC(53) Pause Incremental GC (Collect on allocation) 77.12M->36.62M 1.277ms
[21.048s] GC(54) Pause Incremental GC (Collect on allocation) 76.62M->36.62M 1.259ms
[21.224s] GC(55) Pause Incremental GC (Collect on allocation) 76.12M->36.12M 1.267ms
[21.395s] GC(56) Pause Incremental GC (Collect on allocation) 75.12M->36.12M 1.309ms
[21.566s] GC(57) Pause Incremental GC (Collect on allocation) 74.62M->36.12M 1.276ms
[21.736s] GC(58) Pause Incremental GC (Collect on allocation) 74.12M->36.12M 1.187ms
[21.901s] GC(59) Pause Incremental GC (Collect on allocation) 73.62M->35.62M 1.367ms
[22.060s] GC(60) Pause Incremental GC (Collect on allocation) 72.62M->35.62M 1.238ms
[22.220s] GC(61) Pause Incremental GC (Collect on allocation) 72.12M->35.62M 1.309ms
[22.393s] GC(62) Pause Full GC (Collect on allocation) 71.62M->26.12M 16.970ms
[22.529s] GC(63) Pause Incremental GC (Collect on allocation) 61.12M->26.62M 1.467ms
[22.682s] GC(64) Pause Incremental GC (Collect on allocation) 61.12M->27.12M 1.245ms
[22.830s] GC(65) Pause Incremental GC (Collect on allocation) 61.12M->27.62M 1.217ms
[22.978s] GC(66) Pause Incremental GC (Collect on allocation) 61.12M->28.12M 1.216ms
[23.123s] GC(67) Pause Incremental GC (Collect on allocation) 61.12M->28.12M 1.218ms
[23.266s] GC(68) Pause Incremental GC (Collect on allocation) 60.62M->28.62M 1.185ms
[23.408s] GC(69) Pause Incremental GC (Collect on allocation) 60.62M->29.12M 1.224ms
[23.548s] GC(70) Pause Incremental GC (Collect on allocation) 60.62M->29.62M 1.179ms
[23.684s] GC(71) Pause Incremental GC (Collect on allocation) 60.62M->30.12M 1.292ms
[23.816s] GC(72) Pause Incremental GC (Collect on allocation) 60.62M->30.12M 1.209ms
[23.944s] GC(73) Pause Incremental GC (Collect on allocation) 60.12M->30.62M 1.320ms
[24.074s] GC(74) Pause Incremental GC (Collect on allocation) 60.12M->31.12M 1.223ms
[24.201s] GC(75) Pause Incremental GC (Collect on allocation) 60.12M->31.62M 1.232ms
[24.326s] GC(76) Pause Incremental GC (Collect on allocation) 60.12M->32.12M 1.186ms
[24.448s] GC(77) Pause Incremental GC (Collect on allocation) 60.12M->32.62M 1.217ms
[24.568s] GC(78) Pause Incremental GC (Collect on allocation) 60.12M->32.62M 1.337ms
[24.680s] GC(79) Pause Incremental GC (Collect on allocation) 59.62M->32.62M 1.553ms
[24.794s] GC(80) Pause Incremental GC (Collect on allocation) 59.12M->32.62M 1.279ms
[24.908s] GC(81) Pause Incremental GC (Collect on allocation) 58.62M->33.12M 1.117ms
[25.021s] GC(82) Pause Incremental GC (Collect on allocation) 58.62M->33.12M 1.221ms
[25.131s] GC(83) Pause Incremental GC (Collect on allocation) 58.12M->32.12M 1.471ms
[25.237s] GC(84) Pause Incremental GC (Collect on allocation) 56.62M->32.12M 1.336ms
[25.342s] GC(85) Pause Incremental GC (Collect on allocation) 56.12M->32.62M 1.182ms
[25.446s] GC(86) Pause Incremental GC (Collect on allocation) 56.12M->32.62M 1.363ms
[25.544s] GC(87) Pause Incremental GC (Collect on allocation) 55.62M->32.62M 1.434ms
[25.643s] GC(88) Pause Incremental GC (Collect on allocation) 55.12M->32.62M 1.251ms
[25.738s] GC(89) Pause Incremental GC (Collect on allocation) 54.62M->32.62M 1.249ms
[25.833s] GC(90) Pause Incremental GC (Collect on allocation) 54.12M->32.62M 1.228ms
[25.874s] GC(91) Pause Full GC (Collect on allocation) 53.62M->26.12M 16.184ms
[25.944s] GC(92) Pause Incremental GC (Collect on allocation) 46.12M->26.62M 1.308ms
[26.030s] GC(93) Pause Incremental GC (Collect on allocation) 46.12M->27.12M 1.224ms
[26.112s] GC(94) Pause Incremental GC (Collect on allocation) 46.12M->27.12M 1.366ms
[26.190s] GC(95) Pause Incremental GC (Collect on allocation) 45.62M->27.62M 1.226ms
[26.269s] GC(96) Pause Incremental GC (Collect on allocation) 45.62M->28.12M 1.169ms
[26.344s] GC(97) Pause Incremental GC (Collect on allocation) 45.62M->28.62M 1.218ms
[26.417s] GC(98) Pause Incremental GC (Collect on allocation) 45.62M->29.12M 1.208ms
[26.488s] GC(99) Pause Incremental GC (Collect on allocation) 45.62M->29.12M 1.408ms
[26.557s] GC(100) Pause Incremental GC (Collect on allocation) 45.12M->29.12M 1.298ms
[26.622s] GC(101) Pause Incremental GC (Collect on allocation) 44.62M->28.62M 1.226ms
[26.688s] GC(102) Pause Incremental GC (Collect on allocation) 43.62M->28.12M 1.201ms
[26.751s] GC(103) Pause Incremental GC (Collect on allocation) 42.62M->27.62M 1.354ms
[26.812s] GC(104) Pause Incremental GC (Collect on allocation) 41.62M->27.12M 1.428ms
[26.868s] GC(105) Pause Incremental GC (Collect on allocation) 40.62M->26.62M 1.478ms
[26.922s] GC(106) Pause Incremental GC (Collect on allocation) 39.62M->26.12M 1.309ms
[26.974s] GC(107) Pause Incremental GC (Collect on allocation) 38.62M->26.12M 1.223ms
[27.025s] GC(108) Pause Incremental GC (Collect on allocation) 38.12M->26.12M 1.112ms
[27.072s] GC(109) Pause Incremental GC (Collect on allocation) 37.62M->26.12M 1.203ms
[27.119s] GC(110) Pause Incremental GC (Collect on allocation) 37.12M->26.12M 1.347ms
[27.164s] GC(111) Pause Incremental GC (Collect on allocation) 36.62M->26.12M 1.244ms
[27.206s] GC(112) Pause Incremental GC (Collect on allocation) 36.12M->26.12M 1.199ms
[27.245s] GC(113) Pause Incremental GC (Collect on allocation) 35.62M->26.12M 1.313ms
[27.279s] GC(114) Pause Incremental GC (Collect on allocation) 35.12M->26.62M 1.529ms
[27.310s] GC(115) Pause Incremental GC (Collect on allocation) 35.12M->27.62M 1.527ms
[27.360s] GC(116) Pause Full GC (Collect on allocation) 35.62M->25.12M 21.511ms
[27.378s] GC(117) Pause Incremental GC (Collect on allocation) 35.12M->26.12M 1.700ms
[27.425s] GC(118) Pause Incremental GC (Collect on allocation) 37.12M->26.12M 1.344ms
[27.480s] GC(119) Pause Incremental GC (Collect on allocation) 38.62M->26.12M 1.112ms
[27.530s] GC(120) Pause Incremental GC (Collect on allocation) 38.12M->26.12M 1.201ms
[27.579s] GC(121) Pause Incremental GC (Collect on allocation) 37.62M->26.12M 1.174ms
[27.625s] GC(122) Pause Incremental GC (Collect on allocation) 37.12M->26.12M 1.252ms
[27.671s] GC(123) Pause Incremental GC (Collect on allocation) 36.62M->26.12M 1.166ms
[27.714s] GC(124) Pause Incremental GC (Collect on allocation) 36.12M->26.12M 1.125ms
[27.754s] GC(125) Pause Incremental GC (Collect on allocation) 35.62M->26.12M 1.142ms
[27.792s] GC(126) Pause Incremental GC (Collect on allocation) 35.12M->26.12M 1.140ms
[27.828s] GC(127) Pause Incremental GC (Collect on allocation) 34.62M->26.12M 1.167ms
[27.862s] GC(128) Pause Incremental GC (Collect on allocation) 34.12M->26.12M 1.110ms
[27.893s] GC(129) Pause Incremental GC (Collect on allocation) 33.62M->26.12M 1.113ms
[27.923s] GC(130) Pause Incremental GC (Collect on allocation) 33.12M->26.12M 1.138ms
[27.949s] GC(131) Pause Incremental GC (Collect on allocation) 32.62M->26.12M 1.101ms
[27.973s] GC(132) Pause Incremental GC (Collect on allocation) 32.12M->26.12M 1.063ms
[27.996s] GC(133) Pause Incremental GC (Collect on allocation) 31.62M->26.12M 1.034ms
[28.023s] GC(134) Pause Incremental GC (Collect on allocation) 32.62M->26.12M 1.003ms
[28.055s] GC(135) Pause Incremental GC (Collect on allocation) 33.62M->26.12M 1.139ms
[28.090s] GC(136) Pause Incremental GC (Collect on allocation) 34.62M->26.62M 1.141ms
[28.123s] GC(137) Pause Incremental GC (Collect on allocation) 34.62M->26.62M 1.169ms
[28.155s] GC(138) Pause Incremental GC (Collect on allocation) 34.12M->26.62M 1.100ms
[28.184s] GC(139) Pause Incremental GC (Collect on allocation) 33.62M->26.62M 1.091ms
[28.210s] GC(140) Pause Incremental GC (Collect on allocation) 33.12M->26.62M 1.161ms
[28.238s] GC(141) Pause Incremental GC (Collect on allocation) 34.12M->26.62M 1.169ms
[28.274s] GC(142) Pause Incremental GC (Collect on allocation) 35.12M->26.62M 1.204ms
[28.314s] GC(143) Pause Incremental GC (Collect on allocation) 36.12M->26.62M 1.147ms
[28.352s] GC(144) Pause Incremental GC (Collect on allocation) 35.62M->26.62M 1.152ms
[28.388s] GC(145) Pause Incremental GC (Collect on allocation) 35.12M->26.62M 1.245ms
[28.421s] GC(146) Pause Incremental GC (Collect on allocation) 34.62M->26.62M 1.069ms
[28.453s] GC(147) Pause Incremental GC (Collect on allocation) 34.12M->26.62M 1.141ms
[28.483s] GC(148) Pause Incremental GC (Collect on allocation) 33.62M->26.62M 1.155ms
[28.510s] GC(149) Pause Incremental GC (Collect on allocation) 33.12M->26.62M 1.136ms
[28.554s] GC(150) Pause Full GC (Collect on allocation) 32.62M->26.12M 21.594ms
[28.568s] GC(151) Pause Incremental GC (Collect on allocation) 34.12M->26.12M 1.306ms
[28.607s] GC(152) Pause Incremental GC (Collect on allocation) 35.12M->26.12M 1.052ms
[28.643s] GC(153) Pause Incremental GC (Collect on allocation) 34.62M->26.12M 1.071ms
[28.676s] GC(154) Pause Incremental GC (Collect on allocation) 34.12M->26.12M 1.100ms
[28.708s] GC(155) Pause Incremental GC (Collect on allocation) 33.62M->26.12M 1.119ms
[28.737s] GC(156) Pause Incremental GC (Collect on allocation) 33.12M->26.12M 1.132ms
[28.764s] GC(157) Pause Incremental GC (Collect on allocation) 32.62M->26.12M 1.137ms
[28.796s] GC(158) Pause Incremental GC (Collect on allocation) 33.62M->26.12M 1.146ms
[28.824s] GC(159) Pause Incremental GC (Collect on allocation) 33.12M->26.12M 1.183ms
[28.855s] GC(160) Pause Incremental GC (Collect on allocation) 34.12M->26.12M 1.310ms
[28.893s] GC(161) Pause Incremental GC (Collect on allocation) 35.12M->26.62M 1.144ms
[28.936s] GC(162) Pause Incremental GC (Collect on allocation) 36.62M->26.62M 1.143ms
[28.973s] GC(163) Pause Incremental GC (Collect on allocation) 36.12M->26.62M 1.157ms
[29.011s] GC(164) Pause Incremental GC (Collect on allocation) 35.62M->26.62M 1.219ms
[29.047s] GC(165) Pause Incremental GC (Collect on allocation) 35.12M->26.62M 1.181ms
[29.080s] GC(166) Pause Incremental GC (Collect on allocation) 34.62M->26.62M 1.196ms
[29.112s] GC(167) Pause Incremental GC (Collect on allocation) 34.12M->26.62M 1.107ms
[29.141s] GC(168) Pause Incremental GC (Collect on allocation) 33.62M->26.62M 1.192ms
[29.168s] GC(169) Pause Incremental GC (Collect on allocation) 33.12M->26.62M 1.188ms
[29.200s] GC(170) Pause Incremental GC (Collect on allocation) 34.12M->26.62M 1.248ms
[29.235s] GC(171) Pause Incremental GC (Collect on allocation) 35.12M->26.62M 1.197ms
[29.275s] GC(172) Pause Incremental GC (Collect on allocation) 36.12M->26.62M 1.198ms
[29.313s] GC(173) Pause Incremental GC (Collect on allocation) 35.62M->26.62M 1.177ms
[29.349s] GC(174) Pause Incremental GC (Collect on allocation) 35.12M->26.62M 1.146ms
[29.383s] GC(175) Pause Incremental GC (Collect on allocation) 34.62M->26.62M 1.216ms
[29.414s] GC(176) Pause Incremental GC (Collect on allocation) 34.12M->26.62M 1.295ms
[29.442s] GC(177) Pause Incremental GC (Collect on allocation) 33.62M->26.62M 1.079ms
[29.469s] GC(178) Pause Incremental GC (Collect on allocation) 33.12M->26.62M 1.156ms
[29.501s] GC(179) Pause Incremental GC (Collect on allocation) 34.12M->26.62M 1.104ms
[29.537s] GC(180) Pause Incremental GC (Collect on allocation) 35.12M->27.12M 1.148ms
[29.571s] GC(181) Pause Incremental GC (Collect on allocation) 35.12M->27.12M 1.200ms
[29.600s] GC(182) Pause Incremental GC (Collect on allocation) 34.62M->27.12M 1.153ms
[29.629s] GC(183) Pause Incremental GC (Collect on allocation) 34.12M->27.12M 1.205ms
[29.684s] GC(184) Pause Full GC (Collect on allocation) 35.12M->26.12M 22.801ms
[29.702s] GC(185) Pause Incremental GC (Collect on allocation) 36.12M->26.12M 1.426ms
[29.748s] GC(186) Pause Incremental GC (Collect on allocation) 37.12M->26.12M 1.190ms
[29.803s] GC(187) Pause Incremental GC (Collect on allocation) 38.62M->26.12M 1.255ms
[29.855s] GC(188) Pause Incremental GC (Collect on allocation) 38.12M->26.12M 1.239ms
[29.904s] GC(189) Pause Incremental GC (Collect on allocation) 37.62M->26.12M 1.153ms
[29.951s] GC(190) Pause Incremental GC (Collect on allocation) 37.12M->26.12M 1.111ms
[29.996s] GC(191) Pause Incremental GC (Collect on allocation) 36.62M->26.12M 1.140ms
[30.039s] GC(192) Pause Incremental GC (Collect on allocation) 36.12M->26.12M 1.175ms
[30.080s] GC(193) Pause Incremental GC (Collect on allocation) 35.62M->26.12M 1.135ms
[30.117s] GC(194) Pause Incremental GC (Collect on allocation) 35.12M->26.12M 1.063ms
[30.152s] GC(195) Pause Incremental GC (Collect on allocation) 34.62M->26.12M 1.322ms
[30.185s] GC(196) Pause Incremental GC (Collect on allocation) 34.12M->26.12M 1.358ms
[30.214s] GC(197) Pause Incremental GC (Collect on allocation) 33.62M->26.12M 1.353ms
[30.249s] GC(198) Pause Incremental GC (Collect on allocation) 34.62M->26.62M 1.149ms
[30.282s] GC(199) Pause Incremental GC (Collect on allocation) 34.62M->26.62M 1.552ms
[30.319s] GC(200) Pause Incremental GC (Collect on allocation) 35.62M->26.62M 1.381ms
[30.360s] GC(201) Pause Incremental GC (Collect on allocation) 36.62M->26.62M 1.200ms
[30.406s] GC(202) Pause Incremental GC (Collect on allocation) 37.62M->26.62M 1.428ms
[30.451s] GC(203) Pause Incremental GC (Collect on allocation) 37.12M->26.62M 1.117ms
[30.494s] GC(204) Pause Incremental GC (Collect on allocation) 36.62M->26.62M 1.169ms
[30.533s] GC(205) Pause Incremental GC (Collect on allocation) 36.12M->26.62M 1.067ms
[30.571s] GC(206) Pause Incremental GC (Collect on allocation) 35.62M->26.62M 1.126ms
[30.608s] GC(207) Pause Incremental GC (Collect on allocation) 35.12M->26.62M 1.117ms
[30.641s] GC(208) Pause Incremental GC (Collect on allocation) 34.62M->26.62M 1.102ms
[30.672s] GC(209) Pause Incremental GC (Collect on allocation) 34.12M->26.62M 1.140ms
[30.700s] GC(210) Pause Incremental GC (Collect on allocation) 33.62M->26.62M 1.116ms
[30.727s] GC(211) Pause Incremental GC (Collect on allocation) 33.12M->26.62M 1.166ms
[30.758s] GC(212) Pause Incremental GC (Collect on allocation) 34.12M->26.62M 1.251ms
[30.793s] GC(213) Pause Incremental GC (Collect on allocation) 35.12M->26.62M 1.184ms
[30.834s] GC(214) Pause Incremental GC (Collect on allocation) 36.12M->26.62M 1.111ms
[30.839s] GC(215) Pause Incremental GC (Collect on allocation) 35.62M->27.12M 1.341ms
[30.842s] GC(216) Pause Incremental GC (Collect on allocation) 35.62M->27.12M 1.101ms
[30.875s] GC(217) Pause Incremental GC (Collect on allocation) 35.12M->27.12M 1.188ms
[30.905s] GC(218) Pause Incremental GC (Collect on allocation) 34.62M->27.12M 1.317ms
[30.935s] GC(219) Pause Incremental GC (Collect on allocation) 34.12M->27.12M 1.061ms
[30.961s] GC(220) Pause Incremental GC (Collect on allocation) 33.62M->27.12M 1.101ms
[30.987s] GC(221) Pause Incremental GC (Collect on allocation) 33.12M->27.12M 1.076ms
[31.008s] GC(222) Pause Incremental GC (Collect on allocation) 32.62M->27.12M 1.151ms
[31.048s] GC(223) Pause Full GC (Collect on allocation) 32.12M->26.12M 21.400ms
[31.053s] GC(224) Pause Incremental GC (Collect on allocation) 30.12M->26.12M 1.257ms
[31.059s] GC(225) Pause Incremental GC (Collect on allocation) 30.12M->26.12M 1.014ms
[31.077s] GC(226) Pause Incremental GC (Collect on allocation) 30.62M->26.12M 1.063ms
[31.097s] GC(227) Pause Incremental GC (Collect on allocation) 31.12M->26.12M 1.133ms
[31.120s] GC(228) Pause Incremental GC (Collect on allocation) 31.62M->26.12M 1.274ms
[31.147s] GC(229) Pause Incremental GC (Collect on allocation) 32.62M->26.12M 1.212ms
[31.179s] GC(230) Pause Incremental GC (Collect on allocation) 33.62M->26.12M 1.258ms
[31.215s] GC(231) Pause Incremental GC (Collect on allocation) 34.62M->26.12M 1.070ms
[31.255s] GC(232) Pause Incremental GC (Collect on allocation) 35.62M->26.12M 1.145ms
[31.299s] GC(233) Pause Incremental GC (Collect on allocation) 36.62M->26.12M 1.059ms
[31.351s] GC(234) Pause Incremental GC (Collect on allocation) 38.12M->26.12M 1.132ms
[31.409s] GC(235) Pause Incremental GC (Collect on allocation) 39.62M->26.12M 1.300ms
[31.465s] GC(236) Pause Incremental GC (Collect on allocation) 39.12M->26.12M 1.160ms
[31.519s] GC(237) Pause Incremental GC (Collect on allocation) 38.62M->26.12M 1.313ms
[31.569s] GC(238) Pause Incremental GC (Collect on allocation) 38.12M->26.12M 1.236ms
[31.619s] GC(239) Pause Incremental GC (Collect on allocation) 37.62M->26.12M 1.169ms
[31.666s] GC(240) Pause Incremental GC (Collect on allocation) 37.12M->26.12M 1.140ms
[31.708s] GC(241) Pause Incremental GC (Collect on allocation) 36.62M->26.62M 1.213ms
[31.750s] GC(242) Pause Incremental GC (Collect on allocation) 36.62M->26.62M 1.138ms
[31.792s] GC(243) Pause Incremental GC (Collect on allocation) 36.12M->26.62M 1.093ms
[31.830s] GC(244) Pause Incremental GC (Collect on allocation) 35.62M->26.62M 1.157ms
[31.866s] GC(245) Pause Incremental GC (Collect on allocation) 35.12M->26.62M 1.059ms
[31.898s] GC(246) Pause Incremental GC (Collect on allocation) 34.62M->26.62M 1.129ms
[31.930s] GC(247) Pause Incremental GC (Collect on allocation) 34.12M->26.62M 1.423ms
[31.959s] GC(248) Pause Incremental GC (Collect on allocation) 33.62M->26.62M 1.120ms
[31.985s] GC(249) Pause Incremental GC (Collect on allocation) 33.12M->26.62M 1.061ms
[32.016s] GC(250) Pause Incremental GC (Collect on allocation) 34.12M->26.62M 1.152ms
[32.052s] GC(251) Pause Incremental GC (Collect on allocation) 35.12M->26.62M 1.205ms
[32.085s] GC(252) Pause Incremental GC (Collect on allocation) 34.62M->26.62M 1.146ms
[32.117s] GC(253) Pause Incremental GC (Collect on allocation) 34.12M->26.62M 1.205ms
[32.147s] GC(254) Pause Incremental GC (Collect on allocation) 33.62M->26.62M 1.184ms
[32.181s] GC(255) Pause Incremental GC (Collect on allocation) 34.62M->26.62M 1.093ms
[32.218s] GC(256) Pause Incremental GC (Collect on allocation) 35.62M->26.62M 1.240ms
[32.253s] GC(257) Pause Incremental GC (Collect on allocation) 35.12M->26.62M 1.119ms
[32.286s] GC(258) Pause Incremental GC (Collect on allocation) 34.62M->26.62M 1.157ms
[32.318s] GC(259) Pause Incremental GC (Collect on allocation) 34.12M->26.62M 1.129ms
[32.347s] GC(260) Pause Incremental GC (Collect on allocation) 33.62M->26.62M 1.138ms
[32.374s] GC(261) Pause Incremental GC (Collect on allocation) 33.12M->26.62M 1.096ms
[32.424s] GC(262) Pause Full GC (Collect on allocation) 34.12M->26.12M 20.075ms
[32.446s] GC(263) Pause Incremental GC (Collect on allocation) 35.62M->26.12M 1.337ms
[32.485s] GC(264) Pause Incremental GC (Collect on allocation) 35.12M->26.12M 1.139ms
[32.519s] GC(265) Pause Incremental GC (Collect on allocation) 34.62M->26.12M 1.193ms
[32.550s] GC(266) Pause Incremental GC (Collect on allocation) 34.12M->26.12M 1.127ms
[32.582s] GC(267) Pause Incremental GC (Collect on allocation) 33.62M->26.12M 1.147ms
[32.610s] GC(268) Pause Incremental GC (Collect on allocation) 33.12M->26.12M 1.258ms
[32.643s] GC(269) Pause Incremental GC (Collect on allocation) 34.12M->26.12M 1.255ms
[32.680s] GC(270) Pause Incremental GC (Collect on allocation) 35.12M->26.12M 1.222ms
[32.723s] GC(271) Pause Incremental GC (Collect on allocation) 36.12M->26.12M 1.139ms
[32.764s] GC(272) Pause Incremental GC (Collect on allocation) 35.62M->26.12M 1.089ms
[32.802s] GC(273) Pause Incremental GC (Collect on allocation) 35.12M->26.12M 1.101ms
[32.839s] GC(274) Pause Incremental GC (Collect on allocation) 34.62M->26.12M 1.149ms
[32.872s] GC(275) Pause Incremental GC (Collect on allocation) 34.12M->26.62M 1.242ms
[32.904s] GC(276) Pause Incremental GC (Collect on allocation) 34.12M->26.62M 1.105ms
[32.932s] GC(277) Pause Incremental GC (Collect on allocation) 33.62M->26.62M 1.261ms
[32.959s] GC(278) Pause Incremental GC (Collect on allocation) 33.12M->26.62M 1.082ms
[32.988s] GC(279) Pause Incremental GC (Collect on allocation) 34.12M->26.62M 1.205ms
[33.024s] GC(280) Pause Incremental GC (Collect on allocation) 35.12M->26.62M 1.085ms
[33.064s] GC(281) Pause Incremental GC (Collect on allocation) 36.12M->26.62M 1.173ms
[33.102s] GC(282) Pause Incremental GC (Collect on allocation) 35.62M->26.62M 1.243ms
[33.138s] GC(283) Pause Incremental GC (Collect on allocation) 35.12M->26.62M 1.160ms
[33.171s] GC(284) Pause Incremental GC (Collect on allocation) 34.62M->26.62M 1.193ms
[33.203s] GC(285) Pause Incremental GC (Collect on allocation) 34.12M->26.62M 1.302ms
[33.230s] GC(286) Pause Incremental GC (Collect on allocation) 33.62M->26.62M 1.246ms
[33.264s] GC(287) Pause Incremental GC (Collect on allocation) 34.62M->26.62M 1.058ms
[33.302s] GC(288) Pause Incremental GC (Collect on allocation) 35.62M->26.62M 1.156ms
[33.337s] GC(289) Pause Incremental GC (Collect on allocation) 35.12M->26.62M 1.141ms
[33.370s] GC(290) Pause Incremental GC (Collect on allocation) 34.62M->26.62M 1.065ms
[33.403s] GC(291) Pause Incremental GC (Collect on allocation) 34.12M->26.62M 1.068ms
[33.431s] GC(292) Pause Incremental GC (Collect on allocation) 33.62M->26.62M 1.253ms
[33.458s] GC(293) Pause Incremental GC (Collect on allocation) 33.12M->26.62M 1.118ms
[33.489s] GC(294) Pause Incremental GC (Collect on allocation) 34.12M->26.62M 1.113ms
[33.522s] GC(295) Pause Incremental GC (Collect on allocation) 35.12M->26.62M 1.105ms
[33.562s] GC(296) Pause Incremental GC (Collect on allocation) 36.12M->27.12M 1.161ms
[33.601s] GC(297) Pause Incremental GC (Collect on allocation) 36.12M->27.12M 1.161ms
[33.637s] GC(298) Pause Incremental GC (Collect on allocation) 35.62M->27.12M 1.151ms
[33.670s] GC(299) Pause Incremental GC (Collect on allocation) 35.12M->27.12M 1.173ms
[33.720s] GC(300) Pause Full GC (Collect on allocation) 34.62M->26.12M 21.368ms
[33.729s] GC(301) Pause Incremental GC (Collect on allocation) 32.62M->26.12M 1.397ms
[33.757s] GC(302) Pause Incremental GC (Collect on allocation) 33.62M->26.12M 1.145ms
[33.793s] GC(303) Pause Incremental GC (Collect on allocation) 34.62M->26.12M 1.183ms
[33.829s] GC(304) Pause Incremental GC (Collect on allocation) 35.62M->26.12M 1.292ms
[33.874s] GC(305) Pause Incremental GC (Collect on allocation) 36.62M->26.12M 1.174ms
[33.918s] GC(306) Pause Incremental GC (Collect on allocation) 36.12M->26.12M 1.143ms
[33.958s] GC(307) Pause Incremental GC (Collect on allocation) 35.62M->26.12M 1.157ms
[33.996s] GC(308) Pause Incremental GC (Collect on allocation) 35.12M->26.12M 1.149ms
[34.032s] GC(309) Pause Incremental GC (Collect on allocation) 34.62M->26.12M 1.132ms
[34.066s] GC(310) Pause Incremental GC (Collect on allocation) 34.12M->26.12M 1.138ms
[34.098s] GC(311) Pause Incremental GC (Collect on allocation) 33.62M->26.12M 1.121ms
[34.127s] GC(312) Pause Incremental GC (Collect on allocation) 33.12M->26.12M 1.203ms
[34.155s] GC(313) Pause Incremental GC (Collect on allocation) 32.62M->26.62M 1.181ms
[34.186s] GC(314) Pause Incremental GC (Collect on allocation) 34.12M->26.62M 1.090ms
[34.222s] GC(315) Pause Incremental GC (Collect on allocation) 35.12M->26.62M 1.287ms
[34.260s] GC(316) Pause Incremental GC (Collect on allocation) 36.12M->26.62M 1.208ms
[34.298s] GC(317) Pause Incremental GC (Collect on allocation) 35.62M->26.62M 1.156ms
[34.333s] GC(318) Pause Incremental GC (Collect on allocation) 35.12M->26.62M 1.257ms
[34.367s] GC(319) Pause Incremental GC (Collect on allocation) 34.62M->26.62M 1.144ms
[34.397s] GC(320) Pause Incremental GC (Collect on allocation) 34.12M->26.62M 1.202ms
[34.426s] GC(321) Pause Incremental GC (Collect on allocation) 33.62M->26.62M 1.153ms
[34.453s] GC(322) Pause Incremental GC (Collect on allocation) 33.12M->26.62M 1.195ms
[34.483s] GC(323) Pause Incremental GC (Collect on allocation) 34.12M->26.62M 1.139ms
[34.519s] GC(324) Pause Incremental GC (Collect on allocation) 35.12M->26.62M 1.116ms
[34.558s] GC(325) Pause Incremental GC (Collect on allocation) 36.12M->26.62M 1.185ms
[34.596s] GC(326) Pause Incremental GC (Collect on allocation) 35.62M->26.62M 1.136ms
[34.632s] GC(327) Pause Incremental GC (Collect on allocation) 35.12M->26.62M 1.101ms
[34.666s] GC(328) Pause Incremental GC (Collect on allocation) 34.62M->26.62M 1.144ms
[34.697s] GC(329) Pause Incremental GC (Collect on allocation) 34.12M->26.62M 1.146ms
[34.725s] GC(330) Pause Incremental GC (Collect on allocation) 33.62M->26.62M 1.203ms
[34.759s] GC(331) Pause Incremental GC (Collect on allocation) 34.62M->26.62M 1.150ms
[34.790s] GC(332) Pause Incremental GC (Collect on allocation) 34.12M->27.12M 1.118ms
[34.819s] GC(333) Pause Incremental GC (Collect on allocation) 34.12M->27.12M 1.198ms
[34.853s] GC(334) Pause Incremental GC (Collect on allocation) 35.12M->27.12M 1.179ms
[34.891s] GC(335) Pause Incremental GC (Collect on allocation) 36.12M->27.12M 1.129ms
[34.928s] GC(336) Pause Incremental GC (Collect on allocation) 35.62M->27.12M 1.237ms
[34.981s] GC(337) Pause Full GC (Collect on allocation) 35.12M->26.12M 20.689ms
[34.992s] GC(338) Pause Incremental GC (Collect on allocation) 33.12M->26.12M 1.233ms
[35.025s] GC(339) Pause Incremental GC (Collect on allocation) 34.12M->26.12M 1.082ms
[35.063s] GC(340) Pause Incremental GC (Collect on allocation) 35.12M->26.12M 1.108ms
[35.098s] GC(341) Pause Incremental GC (Collect on allocation) 34.62M->26.12M 1.127ms
[35.132s] GC(342) Pause Incremental GC (Collect on allocation) 34.12M->26.12M 1.162ms
[35.162s] GC(343) Pause Incremental GC (Collect on allocation) 33.62M->26.12M 1.137ms
[35.191s] GC(344) Pause Incremental GC (Collect on allocation) 33.12M->26.12M 1.084ms
[35.218s] GC(345) Pause Incremental GC (Collect on allocation) 32.62M->26.12M 1.112ms
[35.249s] GC(346) Pause Incremental GC (Collect on allocation) 33.62M->26.12M 1.089ms
[35.284s] GC(347) Pause Incremental GC (Collect on allocation) 34.62M->26.12M 1.561ms
[35.324s] GC(348) Pause Incremental GC (Collect on allocation) 35.62M->26.12M 1.253ms
[35.370s] GC(349) Pause Incremental GC (Collect on allocation) 36.62M->26.12M 1.458ms
[35.412s] GC(350) Pause Incremental GC (Collect on allocation) 36.12M->26.12M 1.119ms
[35.451s] GC(351) Pause Incremental GC (Collect on allocation) 35.62M->26.12M 1.400ms
[35.490s] GC(352) Pause Incremental GC (Collect on allocation) 35.12M->26.12M 1.205ms
[35.525s] GC(353) Pause Incremental GC (Collect on allocation) 34.62M->26.12M 1.266ms
[35.559s] GC(354) Pause Incremental GC (Collect on allocation) 34.12M->26.12M 1.194ms
[35.590s] GC(355) Pause Incremental GC (Collect on allocation) 33.62M->26.12M 1.134ms
[35.619s] GC(356) Pause Incremental GC (Collect on allocation) 33.12M->26.12M 1.138ms
[35.646s] GC(357) Pause Incremental GC (Collect on allocation) 32.62M->26.62M 1.203ms
[35.678s] GC(358) Pause Incremental GC (Collect on allocation) 34.12M->26.62M 1.230ms
[35.712s] GC(359) Pause Incremental GC (Collect on allocation) 35.12M->26.62M 1.373ms
[35.751s] GC(360) Pause Incremental GC (Collect on allocation) 36.12M->26.62M 1.221ms
[35.794s] GC(361) Pause Incremental GC (Collect on allocation) 37.12M->26.62M 1.325ms
[35.836s] GC(362) Pause Incremental GC (Collect on allocation) 36.62M->26.62M 1.189ms
[35.839s] GC(363) Pause Incremental GC (Collect on allocation) 36.12M->26.62M 1.264ms
[35.848s] GC(364) Pause Incremental GC (Collect on allocation) 35.62M->26.62M 1.107ms
[35.885s] GC(365) Pause Incremental GC (Collect on allocation) 35.12M->26.62M 1.160ms
[35.919s] GC(366) Pause Incremental GC (Collect on allocation) 34.62M->26.62M 1.143ms
[35.951s] GC(367) Pause Incremental GC (Collect on allocation) 34.12M->26.62M 1.110ms
[35.979s] GC(368) Pause Incremental GC (Collect on allocation) 33.62M->26.62M 1.140ms
[36.006s] GC(369) Pause Incremental GC (Collect on allocation) 33.12M->26.62M 1.091ms
[36.030s] GC(370) Pause Incremental GC (Collect on allocation) 32.62M->27.12M 1.263ms
[36.052s] GC(371) Pause Incremental GC (Collect on allocation) 32.62M->27.12M 1.283ms
[36.072s] GC(372) Pause Incremental GC (Collect on allocation) 32.12M->27.12M 1.190ms
[36.090s] GC(373) Pause Incremental GC (Collect on allocation) 31.62M->27.12M 1.077ms
[36.128s] GC(374) Pause Full GC (Collect on allocation) 31.12M->26.12M 23.501ms
[36.134s] GC(375) Pause Incremental GC (Collect on allocation) 30.12M->26.12M 1.544ms
[36.139s] GC(376) Pause Incremental GC (Collect on allocation) 30.12M->26.12M 1.079ms
[36.155s] GC(377) Pause Incremental GC (Collect on allocation) 30.62M->26.12M 1.111ms
[36.176s] GC(378) Pause Incremental GC (Collect on allocation) 31.12M->26.12M 1.051ms
[36.198s] GC(379) Pause Incremental GC (Collect on allocation) 31.62M->26.12M 1.072ms
[36.226s] GC(380) Pause Incremental GC (Collect on allocation) 32.62M->26.12M 1.195ms
[36.257s] GC(381) Pause Incremental GC (Collect on allocation) 33.62M->26.12M 1.014ms
[36.293s] GC(382) Pause Incremental GC (Collect on allocation) 34.62M->26.12M 1.106ms
[36.332s] GC(383) Pause Incremental GC (Collect on allocation) 35.62M->26.12M 1.217ms
[36.376s] GC(384) Pause Incremental GC (Collect on allocation) 36.62M->26.12M 1.088ms
[36.426s] GC(385) Pause Incremental GC (Collect on allocation) 38.12M->26.12M 1.187ms
[36.483s] GC(386) Pause Incremental GC (Collect on allocation) 39.62M->26.12M 1.216ms
[36.540s] GC(387) Pause Incremental GC (Collect on allocation) 39.12M->26.12M 1.147ms
[36.593s] GC(388) Pause Incremental GC (Collect on allocation) 38.62M->26.12M 1.103ms
[36.644s] GC(389) Pause Incremental GC (Collect on allocation) 38.12M->26.62M 1.176ms
[36.694s] GC(390) Pause Incremental GC (Collect on allocation) 38.12M->26.62M 1.212ms
[36.739s] GC(391) Pause Incremental GC (Collect on allocation) 37.62M->26.62M 1.194ms
[36.783s] GC(392) Pause Incremental GC (Collect on allocation) 37.12M->26.62M 1.186ms
[36.826s] GC(393) Pause Incremental GC (Collect on allocation) 36.62M->26.62M 1.086ms
[36.867s] GC(394) Pause Incremental GC (Collect on allocation) 36.12M->26.62M 1.184ms
[36.905s] GC(395) Pause Incremental GC (Collect on allocation) 35.62M->26.62M 1.246ms
[36.942s] GC(396) Pause Incremental GC (Collect on allocation) 35.12M->26.62M 1.071ms
[36.975s] GC(397) Pause Incremental GC (Collect on allocation) 34.62M->26.62M 1.161ms
[37.007s] GC(398) Pause Incremental GC (Collect on allocation) 34.12M->26.62M 1.152ms
[37.036s] GC(399) Pause Incremental GC (Collect on allocation) 33.62M->26.62M 1.159ms
[37.064s] GC(400) Pause Incremental GC (Collect on allocation) 33.12M->26.62M 1.118ms
[37.095s] GC(401) Pause Incremental GC (Collect on allocation) 34.12M->26.62M 1.231ms
[37.131s] GC(402) Pause Incremental GC (Collect on allocation) 35.12M->26.62M 1.088ms
[37.169s] GC(403) Pause Incremental GC (Collect on allocation) 36.12M->26.62M 1.184ms
[37.207s] GC(404) Pause Incremental GC (Collect on allocation) 35.62M->26.62M 1.358ms
[37.242s] GC(405) Pause Incremental GC (Collect on allocation) 35.12M->27.12M 1.254ms
[37.770s] GC(406) Pause Incremental GC (Collect on allocation) 36.62M->27.12M 1.272ms
[37.821s] GC(407) Pause Incremental GC (Collect on allocation) 36.12M->27.12M 1.063ms
[37.872s] GC(408) Pause Incremental GC (Collect on allocation) 35.62M->27.12M 1.130ms
[37.922s] GC(409) Pause Incremental GC (Collect on allocation) 35.12M->27.12M 1.108ms
[37.965s] GC(410) Pause Incremental GC (Collect on allocation) 34.62M->27.12M 1.116ms
[38.006s] GC(411) Pause Incremental GC (Collect on allocation) 34.12M->27.12M 1.079ms
[38.041s] GC(412) Pause Incremental GC (Collect on allocation) 33.62M->27.12M 1.078ms
[38.072s] GC(413) Pause Incremental GC (Collect on allocation) 33.12M->27.12M 1.152ms
[38.124s] GC(414) Pause Full GC (Collect on allocation) 32.62M->22.62M 18.897ms
[38.150s] GC(415) Pause Incremental GC (Collect on allocation) 27.12M->22.62M 1.289ms
[38.173s] GC(416) Pause Incremental GC (Collect on allocation) 26.62M->22.62M 1.055ms
[38.196s] GC(417) Pause Incremental GC (Collect on allocation) 26.62M->22.62M 1.143ms
[38.225s] GC(418) Pause Incremental GC (Collect on allocation) 27.12M->22.62M 1.098ms
[38.255s] GC(419) Pause Incremental GC (Collect on allocation) 27.62M->22.62M 1.101ms
[38.286s] GC(420) Pause Incremental GC (Collect on allocation) 28.12M->22.62M 1.141ms
[38.324s] GC(421) Pause Incremental GC (Collect on allocation) 29.12M->22.62M 1.110ms
[38.362s] GC(422) Pause Incremental GC (Collect on allocation) 28.62M->22.62M 1.209ms
[38.397s] GC(423) Pause Incremental GC (Collect on allocation) 28.12M->22.62M 1.099ms
[38.426s] GC(424) Pause Incremental GC (Collect on allocation) 27.62M->23.12M 1.133ms
[38.452s] GC(425) Pause Incremental GC (Collect on allocation) 27.62M->23.12M 1.088ms
[38.470s] GC(426) Pause Incremental GC (Collect on allocation) 27.12M->23.62M 1.727ms
[38.477s] GC(427) Pause Incremental GC (Collect on allocation) 28.12M->25.62M 2.849ms
[38.484s] GC(428) Pause Incremental GC (Collect on allocation) 30.62M->26.12M 1.874ms
[38.528s] GC(429) Pause Incremental GC (Collect on allocation) 31.62M->28.62M 3.221ms
[38.536s] GC(430) Pause Incremental GC (Collect on allocation) 35.12M->30.62M 2.870ms
[38.570s] GC(431) Pause Full GC (Collect on allocation) 38.12M->31.12M 27.616ms
[38.578s] GC(432) Pause Incremental GC (Collect on allocation) 37.62M->34.12M 3.407ms
[38.585s] GC(433) Pause Incremental GC (Collect on allocation) 40.12M->36.12M 2.381ms
[38.591s] GC(434) Pause Incremental GC (Collect on allocation) 41.62M->39.12M 2.800ms
[38.596s] GC(435) Pause Incremental GC (Collect on allocation) 44.12M->41.12M 2.625ms
[38.602s] GC(436) Pause Incremental GC (Collect on allocation) 46.62M->43.62M 2.623ms
[38.608s] GC(437) Pause Incremental GC (Collect on allocation) 50.12M->46.12M 2.464ms
[38.616s] GC(438) Pause Incremental GC (Collect on allocation) 53.62M->49.62M 3.458ms
[38.628s] GC(439) Pause Incremental GC (Collect on allocation) 56.62M->51.12M 5.630ms
[38.642s] GC(440) Pause Incremental GC (Collect on allocation) 57.62M->52.12M 4.318ms
[38.650s] GC(441) Pause Incremental GC (Collect on allocation) 58.12M->52.62M 1.929ms
[38.657s] GC(442) Pause Incremental GC (Collect on allocation) 58.12M->53.12M 1.598ms
[38.663s] GC(443) Pause Incremental GC (Collect on allocation) 58.12M->53.12M 1.551ms
[38.669s] GC(444) Pause Incremental GC (Collect on allocation) 57.62M->53.62M 1.589ms
[38.675s] GC(445) Pause Incremental GC (Collect on allocation) 57.62M->53.62M 1.358ms
[38.680s] GC(446) Pause Incremental GC (Collect on allocation) 57.62M->53.62M 1.620ms
[38.688s] GC(447) Pause Incremental GC (Collect on allocation) 57.62M->54.12M 1.474ms
[38.693s] GC(448) Pause Incremental GC (Collect on allocation) 58.12M->54.12M 1.399ms
[38.698s] GC(449) Pause Incremental GC (Collect on allocation) 58.12M->54.62M 1.423ms
[38.703s] GC(450) Pause Incremental GC (Collect on allocation) 58.62M->54.62M 1.434ms
[38.708s] GC(451) Pause Incremental GC (Collect on allocation) 58.62M->54.62M 1.399ms
[38.713s] GC(452) Pause Incremental GC (Collect on allocation) 58.62M->55.12M 1.462ms
[38.718s] GC(453) Pause Incremental GC (Collect on allocation) 59.12M->55.12M 1.363ms
[38.723s] GC(454) Pause Incremental GC (Collect on allocation) 59.12M->55.62M 1.453ms
[38.728s] GC(455) Pause Incremental GC (Collect on allocation) 59.62M->55.62M 1.528ms
[38.733s] GC(456) Pause Incremental GC (Collect on allocation) 59.62M->56.12M 1.392ms
[38.738s] GC(457) Pause Incremental GC (Collect on allocation) 60.12M->56.12M 1.389ms
[38.743s] GC(458) Pause Incremental GC (Collect on allocation) 60.12M->56.12M 1.296ms
[38.748s] GC(459) Pause Incremental GC (Collect on allocation) 60.12M->56.12M 1.305ms
[38.753s] GC(460) Pause Incremental GC (Collect on allocation) 60.12M->56.62M 1.335ms
[38.759s] GC(461) Pause Incremental GC (Collect on allocation) 60.62M->56.62M 1.585ms
[38.764s] GC(462) Pause Incremental GC (Collect on allocation) 60.62M->57.12M 1.366ms
[38.769s] GC(463) Pause Incremental GC (Collect on allocation) 61.12M->57.12M 1.408ms
[38.808s] GC(464) Pause Full GC (Collect on allocation) 61.12M->47.12M 35.450ms
[38.813s] GC(465) Pause Incremental GC (Collect on allocation) 51.12M->47.62M 1.881ms
[38.818s] GC(466) Pause Incremental GC (Collect on allocation) 51.62M->48.12M 1.312ms
[38.824s] GC(467) Pause Incremental GC (Collect on allocation) 52.12M->48.12M 1.541ms
[38.829s] GC(468) Pause Incremental GC (Collect on allocation) 52.12M->48.62M 1.453ms
[38.834s] GC(469) Pause Incremental GC (Collect on allocation) 52.62M->48.62M 1.348ms
[38.839s] GC(470) Pause Incremental GC (Collect on allocation) 52.62M->49.12M 1.501ms
[38.844s] GC(471) Pause Incremental GC (Collect on allocation) 53.12M->49.12M 1.475ms
[38.849s] GC(472) Pause Incremental GC (Collect on allocation) 53.12M->49.12M 1.309ms
[38.855s] GC(473) Pause Incremental GC (Collect on allocation) 53.12M->49.62M 1.438ms
[38.861s] GC(474) Pause Incremental GC (Collect on allocation) 53.62M->49.62M 1.548ms
[38.866s] GC(475) Pause Incremental GC (Collect on allocation) 53.62M->50.12M 1.401ms
[38.872s] GC(476) Pause Incremental GC (Collect on allocation) 54.12M->50.12M 1.495ms
[38.877s] GC(477) Pause Incremental GC (Collect on allocation) 54.12M->50.62M 1.356ms
[38.881s] GC(478) Pause Incremental GC (Collect on allocation) 54.62M->50.62M 1.374ms
[38.886s] GC(479) Pause Incremental GC (Collect on allocation) 54.62M->51.12M 1.439ms
[38.893s] GC(480) Pause Incremental GC (Collect on allocation) 55.12M->51.12M 2.063ms
[38.900s] GC(481) Pause Incremental GC (Collect on allocation) 55.12M->51.62M 1.859ms
[38.905s] GC(482) Pause Incremental GC (Collect on allocation) 55.62M->51.62M 1.388ms
[38.910s] GC(483) Pause Incremental GC (Collect on allocation) 55.62M->51.62M 1.220ms
[38.915s] GC(484) Pause Incremental GC (Collect on allocation) 55.62M->51.62M 1.192ms
[38.920s] GC(485) Pause Incremental GC (Collect on allocation) 55.62M->52.12M 1.420ms
[38.925s] GC(486) Pause Incremental GC (Collect on allocation) 56.12M->52.12M 1.353ms
[38.930s] GC(487) Pause Incremental GC (Collect on allocation) 56.12M->52.62M 1.447ms
[38.934s] GC(488) Pause Incremental GC (Collect on allocation) 56.62M->53.12M 1.575ms
[38.940s] GC(489) Pause Incremental GC (Collect on allocation) 57.62M->54.12M 1.610ms
[38.946s] GC(490) Pause Incremental GC (Collect on allocation) 58.12M->54.62M 2.030ms
[38.952s] GC(491) Pause Incremental GC (Collect on allocation) 58.62M->55.12M 2.386ms
[38.959s] GC(492) Pause Incremental GC (Collect on allocation) 59.12M->55.62M 2.363ms
[38.996s] GC(493) Pause Full GC (Collect on allocation) 60.12M->46.12M 32.268ms
[39.002s] GC(494) Pause Incremental GC (Collect on allocation) 50.12M->46.62M 1.978ms
[39.007s] GC(495) Pause Incremental GC (Collect on allocation) 50.62M->46.62M 1.344ms
[39.012s] GC(496) Pause Incremental GC (Collect on allocation) 50.62M->46.62M 1.299ms
[39.017s] GC(497) Pause Incremental GC (Collect on allocation) 50.62M->46.62M 1.289ms
[39.022s] GC(498) Pause Incremental GC (Collect on allocation) 50.62M->47.12M 1.250ms
[39.026s] GC(499) Pause Incremental GC (Collect on allocation) 51.12M->47.12M 1.220ms
[39.031s] GC(500) Pause Incremental GC (Collect on allocation) 51.12M->47.12M 1.315ms
[39.036s] GC(501) Pause Incremental GC (Collect on allocation) 51.12M->47.12M 1.118ms
[39.041s] GC(502) Pause Incremental GC (Collect on allocation) 51.12M->47.62M 1.328ms
[39.046s] GC(503) Pause Incremental GC (Collect on allocation) 51.62M->47.62M 1.098ms
[39.050s] GC(504) Pause Incremental GC (Collect on allocation) 51.62M->47.62M 1.272ms
[39.055s] GC(505) Pause Incremental GC (Collect on allocation) 51.62M->47.62M 1.260ms
[39.060s] GC(506) Pause Incremental GC (Collect on allocation) 51.62M->47.62M 1.226ms
[39.065s] GC(507) Pause Incremental GC (Collect on allocation) 51.62M->48.12M 1.303ms
[39.070s] GC(508) Pause Incremental GC (Collect on allocation) 52.12M->48.12M 1.310ms
[39.074s] GC(509) Pause Incremental GC (Collect on allocation) 52.12M->48.12M 1.219ms
[39.080s] GC(510) Pause Incremental GC (Collect on allocation) 52.12M->48.62M 1.351ms
[39.085s] GC(511) Pause Incremental GC (Collect on allocation) 52.62M->48.62M 1.296ms
[39.089s] GC(512) Pause Incremental GC (Collect on allocation) 52.62M->48.62M 1.192ms
[39.094s] GC(513) Pause Incremental GC (Collect on allocation) 52.62M->48.62M 1.207ms
[39.099s] GC(514) Pause Incremental GC (Collect on allocation) 52.62M->49.12M 1.214ms
[39.103s] GC(515) Pause Incremental GC (Collect on allocation) 53.12M->49.12M 1.229ms
[39.108s] GC(516) Pause Incremental GC (Collect on allocation) 53.12M->49.12M 1.190ms
[39.113s] GC(517) Pause Incremental GC (Collect on allocation) 53.12M->49.12M 1.202ms
[39.118s] GC(518) Pause Incremental GC (Collect on allocation) 53.12M->49.12M 1.130ms
[39.123s] GC(519) Pause Incremental GC (Collect on allocation) 53.12M->49.62M 1.357ms
[39.129s] GC(520) Pause Incremental GC (Collect on allocation) 53.62M->49.62M 1.196ms
[39.134s] GC(521) Pause Incremental GC (Collect on allocation) 53.62M->49.62M 1.671ms
[39.139s] GC(522) Pause Incremental GC (Collect on allocation) 53.62M->50.12M 1.280ms
[39.144s] GC(523) Pause Incremental GC (Collect on allocation) 54.12M->50.12M 1.273ms
[39.150s] GC(524) Pause Incremental GC (Collect on allocation) 54.12M->50.12M 1.712ms
[39.157s] GC(525) Pause Incremental GC (Collect on allocation) 54.12M->50.12M 1.717ms
[39.162s] GC(526) Pause Incremental GC (Collect on allocation) 54.12M->50.12M 1.281ms
[39.167s] GC(527) Pause Incremental GC (Collect on allocation) 54.12M->50.62M 1.448ms
[39.172s] GC(528) Pause Incremental GC (Collect on allocation) 54.62M->50.62M 1.333ms
[39.177s] GC(529) Pause Incremental GC (Collect on allocation) 54.62M->50.62M 1.150ms
[39.182s] GC(530) Pause Incremental GC (Collect on allocation) 54.62M->50.62M 1.098ms
[39.189s] GC(531) Pause Incremental GC (Collect on allocation) 54.62M->51.12M 2.086ms
[39.223s] GC(532) Pause Full GC (Collect on allocation) 55.12M->44.12M 30.176ms
[39.229s] GC(533) Pause Incremental GC (Collect on allocation) 48.12M->44.12M 1.620ms
[39.234s] GC(534) Pause Incremental GC (Collect on allocation) 48.12M->44.12M 1.334ms
[39.239s] GC(535) Pause Incremental GC (Collect on allocation) 48.12M->44.12M 1.266ms
[39.244s] GC(536) Pause Incremental GC (Collect on allocation) 48.12M->44.12M 1.253ms
[39.250s] GC(537) Pause Incremental GC (Collect on allocation) 48.12M->44.62M 1.312ms
[39.255s] GC(538) Pause Incremental GC (Collect on allocation) 48.62M->44.62M 1.405ms
[39.261s] GC(539) Pause Incremental GC (Collect on allocation) 48.62M->44.62M 1.381ms
[39.266s] GC(540) Pause Incremental GC (Collect on allocation) 48.62M->44.62M 1.324ms
[39.271s] GC(541) Pause Incremental GC (Collect on allocation) 48.62M->44.62M 1.256ms
[39.276s] GC(542) Pause Incremental GC (Collect on allocation) 48.62M->45.12M 1.147ms
[39.281s] GC(543) Pause Incremental GC (Collect on allocation) 49.12M->45.12M 1.221ms
[39.282s] GC(544) Pause Incremental GC (Collect on allocation) 45.62M->45.12M 0.935ms
[39.287s] GC(545) Pause Incremental GC (Collect on allocation) 49.12M->45.12M 1.254ms
[39.292s] GC(546) Pause Incremental GC (Collect on allocation) 49.12M->45.12M 1.195ms
[39.297s] GC(547) Pause Incremental GC (Collect on allocation) 49.12M->45.12M 1.157ms
[39.302s] GC(548) Pause Incremental GC (Collect on allocation) 49.12M->45.12M 1.115ms
[39.306s] GC(549) Pause Incremental GC (Collect on allocation) 49.12M->45.12M 1.142ms
[39.311s] GC(550) Pause Incremental GC (Collect on allocation) 49.12M->45.12M 1.175ms
[39.316s] GC(551) Pause Incremental GC (Collect on allocation) 49.12M->45.62M 1.226ms
[39.321s] GC(552) Pause Incremental GC (Collect on allocation) 49.62M->45.62M 1.150ms
[39.327s] GC(553) Pause Incremental GC (Collect on allocation) 49.62M->45.62M 1.254ms
[39.332s] GC(554) Pause Incremental GC (Collect on allocation) 49.62M->45.62M 1.277ms
[39.337s] GC(555) Pause Incremental GC (Collect on allocation) 49.62M->45.62M 1.122ms
[39.342s] GC(556) Pause Incremental GC (Collect on allocation) 49.62M->45.62M 1.244ms
[39.347s] GC(557) Pause Incremental GC (Collect on allocation) 49.62M->46.12M 1.277ms
[39.351s] GC(558) Pause Incremental GC (Collect on allocation) 50.12M->46.12M 1.157ms
[39.356s] GC(559) Pause Incremental GC (Collect on allocation) 50.12M->46.12M 1.139ms
[39.361s] GC(560) Pause Incremental GC (Collect on allocation) 50.12M->46.12M 1.244ms
[39.366s] GC(561) Pause Incremental GC (Collect on allocation) 50.12M->46.12M 1.164ms
[39.371s] GC(562) Pause Incremental GC (Collect on allocation) 50.12M->46.12M 1.100ms
[39.376s] GC(563) Pause Incremental GC (Collect on allocation) 50.12M->46.12M 1.292ms
[39.381s] GC(564) Pause Incremental GC (Collect on allocation) 50.12M->46.62M 1.451ms
[39.387s] GC(565) Pause Incremental GC (Collect on allocation) 50.62M->46.62M 1.102ms
[39.393s] GC(566) Pause Incremental GC (Collect on allocation) 50.62M->46.62M 1.045ms
[39.399s] GC(567) Pause Incremental GC (Collect on allocation) 50.62M->46.62M 1.170ms
[39.406s] GC(568) Pause Incremental GC (Collect on allocation) 50.62M->46.62M 1.479ms
[39.416s] GC(569) Pause Incremental GC (Collect on allocation) 50.62M->46.62M 1.202ms
[39.422s] GC(570) Pause Incremental GC (Collect on allocation) 50.62M->46.62M 1.268ms
[39.427s] GC(571) Pause Incremental GC (Collect on allocation) 50.62M->46.62M 1.220ms
[39.431s] GC(572) Pause Incremental GC (Collect on allocation) 50.62M->46.62M 1.128ms
[39.437s] GC(573) Pause Incremental GC (Collect on allocation) 50.62M->46.62M 1.087ms
[39.443s] GC(574) Pause Incremental GC (Collect on allocation) 50.62M->47.12M 1.122ms
[39.449s] GC(575) Pause Incremental GC (Collect on allocation) 51.12M->47.12M 1.063ms
[39.455s] GC(576) Pause Incremental GC (Collect on allocation) 51.12M->47.12M 1.228ms
[39.461s] GC(577) Pause Incremental GC (Collect on allocation) 51.12M->47.12M 1.115ms
[39.468s] GC(578) Pause Incremental GC (Collect on allocation) 51.12M->47.12M 1.104ms
[39.474s] GC(579) Pause Incremental GC (Collect on allocation) 51.12M->47.12M 1.017ms
[39.480s] GC(580) Pause Incremental GC (Collect on allocation) 51.12M->47.12M 1.084ms
[39.486s] GC(581) Pause Incremental GC (Collect on allocation) 51.12M->47.12M 1.140ms
[39.492s] GC(582) Pause Incremental GC (Collect on allocation) 51.12M->47.12M 1.035ms
[39.499s] GC(583) Pause Incremental GC (Collect on allocation) 51.12M->47.12M 1.036ms
[39.505s] GC(584) Pause Incremental GC (Collect on allocation) 51.12M->47.12M 1.042ms
[39.511s] GC(585) Pause Incremental GC (Collect on allocation) 51.12M->47.12M 1.056ms
[39.518s] GC(586) Pause Incremental GC (Collect on allocation) 51.12M->47.12M 1.082ms
[39.524s] GC(587) Pause Incremental GC (Collect on allocation) 51.12M->47.12M 1.054ms
[39.530s] GC(588) Pause Incremental GC (Collect on allocation) 51.12M->47.12M 1.065ms
[39.564s] GC(589) Pause Full GC (Collect on allocation) 51.12M->43.62M 28.316ms
[39.569s] GC(590) Pause Incremental GC (Collect on allocation) 47.62M->43.62M 1.376ms
[39.574s] GC(591) Pause Incremental GC (Collect on allocation) 47.62M->44.12M 1.163ms
[39.579s] GC(592) Pause Incremental GC (Collect on allocation) 48.12M->44.12M 1.138ms
[39.583s] GC(593) Pause Incremental GC (Collect on allocation) 48.12M->44.12M 1.159ms
[39.588s] GC(594) Pause Incremental GC (Collect on allocation) 48.12M->44.12M 1.136ms
[39.593s] GC(595) Pause Incremental GC (Collect on allocation) 48.12M->44.12M 1.196ms
[39.598s] GC(596) Pause Incremental GC (Collect on allocation) 48.12M->44.12M 1.151ms
[39.603s] GC(597) Pause Incremental GC (Collect on allocation) 48.12M->44.12M 1.147ms
[39.607s] GC(598) Pause Incremental GC (Collect on allocation) 48.12M->44.12M 1.141ms
[39.612s] GC(599) Pause Incremental GC (Collect on allocation) 48.12M->44.12M 1.071ms
[39.617s] GC(600) Pause Incremental GC (Collect on allocation) 48.12M->44.12M 1.212ms
[39.621s] GC(601) Pause Incremental GC (Collect on allocation) 48.12M->44.62M 1.226ms
[39.626s] GC(602) Pause Incremental GC (Collect on allocation) 48.62M->44.62M 1.221ms
[39.631s] GC(603) Pause Incremental GC (Collect on allocation) 48.62M->44.62M 1.171ms
[39.637s] GC(604) Pause Incremental GC (Collect on allocation) 48.62M->44.62M 1.294ms
[39.641s] GC(605) Pause Incremental GC (Collect on allocation) 48.62M->44.62M 1.120ms
[39.646s] GC(606) Pause Incremental GC (Collect on allocation) 48.62M->44.62M 1.109ms
[39.651s] GC(607) Pause Incremental GC (Collect on allocation) 48.62M->44.62M 1.115ms
[39.656s] GC(608) Pause Incremental GC (Collect on allocation) 48.62M->44.62M 1.142ms
[39.662s] GC(609) Pause Incremental GC (Collect on allocation) 48.62M->45.12M 1.111ms
[39.669s] GC(610) Pause Incremental GC (Collect on allocation) 49.12M->45.12M 1.563ms
[39.676s] GC(611) Pause Incremental GC (Collect on allocation) 49.12M->45.12M 1.118ms
[39.681s] GC(612) Pause Incremental GC (Collect on allocation) 49.12M->45.12M 1.126ms
[39.688s] GC(613) Pause Incremental GC (Collect on allocation) 49.12M->45.12M 1.093ms
[39.694s] GC(614) Pause Incremental GC (Collect on allocation) 49.12M->45.12M 1.066ms
[39.700s] GC(615) Pause Incremental GC (Collect on allocation) 49.12M->45.12M 1.113ms
[39.707s] GC(616) Pause Incremental GC (Collect on allocation) 49.12M->45.12M 1.062ms
[39.713s] GC(617) Pause Incremental GC (Collect on allocation) 49.12M->45.12M 1.100ms
[39.719s] GC(618) Pause Incremental GC (Collect on allocation) 49.12M->45.12M 1.217ms
[39.726s] GC(619) Pause Incremental GC (Collect on allocation) 49.12M->45.12M 1.067ms
[39.732s] GC(620) Pause Incremental GC (Collect on allocation) 49.12M->45.12M 1.103ms
[39.738s] GC(621) Pause Incremental GC (Collect on allocation) 49.12M->45.12M 1.025ms
[39.744s] GC(622) Pause Incremental GC (Collect on allocation) 49.12M->45.12M 1.214ms
[39.750s] GC(623) Pause Incremental GC (Collect on allocation) 49.12M->45.12M 1.186ms
[39.756s] GC(624) Pause Incremental GC (Collect on allocation) 49.12M->45.12M 1.194ms
[39.762s] GC(625) Pause Incremental GC (Collect on allocation) 49.12M->45.12M 1.189ms
[39.768s] GC(626) Pause Incremental GC (Collect on allocation) 49.12M->45.62M 1.238ms
[39.774s] GC(627) Pause Incremental GC (Collect on allocation) 49.62M->45.62M 1.115ms
[39.780s] GC(628) Pause Incremental GC (Collect on allocation) 49.62M->45.62M 1.107ms
[39.787s] GC(629) Pause Incremental GC (Collect on allocation) 49.62M->45.62M 1.097ms
[39.792s] GC(630) Pause Incremental GC (Collect on allocation) 49.62M->45.62M 1.081ms
[39.799s] GC(631) Pause Incremental GC (Collect on allocation) 49.62M->45.62M 1.076ms
[39.805s] GC(632) Pause Incremental GC (Collect on allocation) 49.62M->45.62M 1.084ms
[39.811s] GC(633) Pause Incremental GC (Collect on allocation) 49.62M->45.62M 1.069ms
[39.818s] GC(634) Pause Incremental GC (Collect on allocation) 49.62M->45.62M 1.084ms
[39.824s] GC(635) Pause Incremental GC (Collect on allocation) 49.62M->45.62M 1.064ms
[39.830s] GC(636) Pause Incremental GC (Collect on allocation) 49.62M->45.62M 1.111ms
[39.837s] GC(637) Pause Incremental GC (Collect on allocation) 49.62M->45.62M 1.217ms
[39.843s] GC(638) Pause Incremental GC (Collect on allocation) 49.62M->45.62M 1.109ms
[39.849s] GC(639) Pause Incremental GC (Collect on allocation) 49.62M->45.62M 1.073ms
[39.856s] GC(640) Pause Incremental GC (Collect on allocation) 49.62M->45.62M 1.094ms
[39.862s] GC(641) Pause Incremental GC (Collect on allocation) 49.62M->45.62M 1.010ms
[39.868s] GC(642) Pause Incremental GC (Collect on allocation) 49.62M->45.62M 1.131ms
[39.903s] GC(643) Pause Full GC (Collect on allocation) 49.62M->43.62M 28.862ms
[39.909s] GC(644) Pause Incremental GC (Collect on allocation) 47.62M->44.12M 1.435ms
[39.914s] GC(645) Pause Incremental GC (Collect on allocation) 48.12M->44.12M 1.134ms
[39.919s] GC(646) Pause Incremental GC (Collect on allocation) 48.12M->44.12M 1.320ms
[39.924s] GC(647) Pause Incremental GC (Collect on allocation) 48.12M->44.12M 1.241ms
[39.929s] GC(648) Pause Incremental GC (Collect on allocation) 48.12M->44.12M 1.237ms
[39.934s] GC(649) Pause Incremental GC (Collect on allocation) 48.12M->44.12M 1.273ms
[39.939s] GC(650) Pause Incremental GC (Collect on allocation) 48.12M->44.12M 1.273ms
[39.944s] GC(651) Pause Incremental GC (Collect on allocation) 48.12M->44.62M 1.197ms
[39.950s] GC(652) Pause Incremental GC (Collect on allocation) 48.62M->44.62M 1.548ms
[39.957s] GC(653) Pause Incremental GC (Collect on allocation) 48.62M->44.62M 1.672ms
[39.963s] GC(654) Pause Incremental GC (Collect on allocation) 48.62M->44.62M 1.483ms
[39.968s] GC(655) Pause Incremental GC (Collect on allocation) 48.62M->44.62M 1.208ms
[39.973s] GC(656) Pause Incremental GC (Collect on allocation) 48.62M->44.62M 1.240ms
[39.978s] GC(657) Pause Incremental GC (Collect on allocation) 48.62M->44.62M 1.221ms
[39.983s] GC(658) Pause Incremental GC (Collect on allocation) 48.62M->44.62M 1.174ms
[39.988s] GC(659) Pause Incremental GC (Collect on allocation) 48.62M->44.62M 1.230ms
[39.993s] GC(660) Pause Incremental GC (Collect on allocation) 48.62M->45.12M 1.226ms
[39.998s] GC(661) Pause Incremental GC (Collect on allocation) 49.12M->45.12M 1.255ms
[40.003s] GC(662) Pause Incremental GC (Collect on allocation) 49.12M->45.12M 1.398ms
[40.008s] GC(663) Pause Incremental GC (Collect on allocation) 49.12M->45.12M 1.231ms
[40.013s] GC(664) Pause Incremental GC (Collect on allocation) 49.12M->45.12M 1.262ms
[40.018s] GC(665) Pause Incremental GC (Collect on allocation) 49.12M->45.12M 1.165ms
[40.023s] GC(666) Pause Incremental GC (Collect on allocation) 49.12M->45.12M 1.189ms
[40.028s] GC(667) Pause Incremental GC (Collect on allocation) 49.12M->45.12M 1.303ms
[40.033s] GC(668) Pause Incremental GC (Collect on allocation) 49.12M->45.12M 1.154ms
[40.039s] GC(669) Pause Incremental GC (Collect on allocation) 49.12M->45.62M 1.367ms
[40.044s] GC(670) Pause Incremental GC (Collect on allocation) 49.62M->45.62M 1.429ms
[40.050s] GC(671) Pause Incremental GC (Collect on allocation) 49.62M->45.62M 1.142ms
[40.056s] GC(672) Pause Incremental GC (Collect on allocation) 49.62M->45.62M 1.082ms
[40.063s] GC(673) Pause Incremental GC (Collect on allocation) 49.62M->45.62M 1.198ms
[40.069s] GC(674) Pause Incremental GC (Collect on allocation) 49.62M->45.62M 1.226ms
[40.076s] GC(675) Pause Incremental GC (Collect on allocation) 49.62M->45.62M 1.470ms
[40.086s] GC(676) Pause Incremental GC (Collect on allocation) 49.62M->45.62M 1.737ms
[40.093s] GC(677) Pause Incremental GC (Collect on allocation) 49.62M->46.12M 1.547ms
[40.099s] GC(678) Pause Incremental GC (Collect on allocation) 50.12M->46.12M 1.407ms
[40.106s] GC(679) Pause Incremental GC (Collect on allocation) 50.12M->46.12M 1.662ms
[40.113s] GC(680) Pause Incremental GC (Collect on allocation) 50.12M->46.12M 1.597ms
[40.119s] GC(681) Pause Incremental GC (Collect on allocation) 50.12M->46.12M 1.506ms
[40.126s] GC(682) Pause Incremental GC (Collect on allocation) 50.12M->46.12M 1.448ms
[40.132s] GC(683) Pause Incremental GC (Collect on allocation) 50.12M->46.12M 1.315ms
[40.138s] GC(684) Pause Incremental GC (Collect on allocation) 50.12M->46.12M 1.293ms
[40.144s] GC(685) Pause Incremental GC (Collect on allocation) 50.12M->46.62M 1.337ms
[40.150s] GC(686) Pause Incremental GC (Collect on allocation) 50.62M->46.62M 1.272ms
[40.186s] GC(687) Pause Full GC (Collect on allocation) 50.62M->43.62M 32.520ms
[40.193s] GC(688) Pause Incremental GC (Collect on allocation) 47.62M->44.12M 1.434ms
[40.198s] GC(689) Pause Incremental GC (Collect on allocation) 48.12M->44.12M 1.269ms
[40.204s] GC(690) Pause Incremental GC (Collect on allocation) 48.12M->44.12M 1.398ms
[40.209s] GC(691) Pause Incremental GC (Collect on allocation) 48.12M->44.12M 1.175ms
[40.214s] GC(692) Pause Incremental GC (Collect on allocation) 48.12M->44.12M 1.205ms
[40.219s] GC(693) Pause Incremental GC (Collect on allocation) 48.12M->44.12M 1.280ms
[40.224s] GC(694) Pause Incremental GC (Collect on allocation) 48.12M->44.62M 1.187ms
[40.229s] GC(695) Pause Incremental GC (Collect on allocation) 48.62M->44.62M 1.204ms
[40.234s] GC(696) Pause Incremental GC (Collect on allocation) 48.62M->44.62M 1.207ms
[40.239s] GC(697) Pause Incremental GC (Collect on allocation) 48.62M->44.62M 1.302ms
[40.244s] GC(698) Pause Incremental GC (Collect on allocation) 48.62M->44.62M 1.133ms
[40.249s] GC(699) Pause Incremental GC (Collect on allocation) 48.62M->44.62M 1.184ms
[40.254s] GC(700) Pause Incremental GC (Collect on allocation) 48.62M->44.62M 1.193ms
[40.259s] GC(701) Pause Incremental GC (Collect on allocation) 48.62M->44.62M 1.176ms
[40.264s] GC(702) Pause Incremental GC (Collect on allocation) 48.62M->44.62M 1.290ms
[40.269s] GC(703) Pause Incremental GC (Collect on allocation) 48.62M->45.12M 1.272ms
[40.275s] GC(704) Pause Incremental GC (Collect on allocation) 49.12M->45.12M 1.240ms
[40.280s] GC(705) Pause Incremental GC (Collect on allocation) 49.12M->45.12M 1.248ms
[40.285s] GC(706) Pause Incremental GC (Collect on allocation) 49.12M->45.12M 1.122ms
[40.290s] GC(707) Pause Incremental GC (Collect on allocation) 49.12M->45.12M 1.141ms
[40.295s] GC(708) Pause Incremental GC (Collect on allocation) 49.12M->45.12M 1.450ms
[40.303s] GC(709) Pause Incremental GC (Collect on allocation) 49.12M->45.12M 1.728ms
[40.311s] GC(710) Pause Incremental GC (Collect on allocation) 49.12M->45.12M 1.680ms
[40.317s] GC(711) Pause Incremental GC (Collect on allocation) 49.12M->45.12M 1.268ms
[40.321s] GC(712) Pause Incremental GC (Collect on allocation) 49.12M->45.62M 1.193ms
[40.326s] GC(713) Pause Incremental GC (Collect on allocation) 49.62M->45.62M 1.221ms
[40.331s] GC(714) Pause Incremental GC (Collect on allocation) 49.62M->45.62M 1.582ms
[40.339s] GC(715) Pause Incremental GC (Collect on allocation) 49.62M->45.62M 1.610ms
[40.346s] GC(716) Pause Incremental GC (Collect on allocation) 49.62M->45.62M 1.582ms
[40.353s] GC(717) Pause Incremental GC (Collect on allocation) 49.62M->45.62M 1.778ms
[40.360s] GC(718) Pause Incremental GC (Collect on allocation) 49.62M->45.62M 1.428ms
[40.366s] GC(719) Pause Incremental GC (Collect on allocation) 49.62M->45.62M 1.492ms
[40.372s] GC(720) Pause Incremental GC (Collect on allocation) 49.62M->46.12M 1.253ms
[40.377s] GC(721) Pause Incremental GC (Collect on allocation) 50.12M->46.12M 1.203ms
[40.382s] GC(722) Pause Incremental GC (Collect on allocation) 50.12M->46.12M 1.178ms
[40.387s] GC(723) Pause Incremental GC (Collect on allocation) 50.12M->46.12M 1.324ms
[40.395s] GC(724) Pause Incremental GC (Collect on allocation) 50.12M->46.12M 1.744ms
[40.448s] GC(725) Pause Full GC (Collect on allocation) 50.12M->43.62M 45.628ms
[40.455s] GC(726) Pause Incremental GC (Collect on allocation) 47.62M->44.12M 1.900ms
[40.461s] GC(727) Pause Incremental GC (Collect on allocation) 48.12M->44.12M 1.670ms
[40.467s] GC(728) Pause Incremental GC (Collect on allocation) 48.12M->44.12M 1.506ms
[40.473s] GC(729) Pause Incremental GC (Collect on allocation) 48.12M->44.62M 1.610ms
[40.480s] GC(730) Pause Incremental GC (Collect on allocation) 48.62M->44.62M 1.617ms
[40.487s] GC(731) Pause Incremental GC (Collect on allocation) 48.62M->44.62M 1.659ms
[40.494s] GC(732) Pause Incremental GC (Collect on allocation) 48.62M->44.62M 1.485ms
[40.501s] GC(733) Pause Incremental GC (Collect on allocation) 48.62M->44.62M 1.622ms
[40.508s] GC(734) Pause Incremental GC (Collect on allocation) 48.62M->44.62M 1.382ms
[40.513s] GC(735) Pause Incremental GC (Collect on allocation) 48.62M->44.62M 1.304ms
[40.519s] GC(736) Pause Incremental GC (Collect on allocation) 48.62M->45.12M 1.365ms
[40.524s] GC(737) Pause Incremental GC (Collect on allocation) 49.12M->45.12M 1.251ms
[40.529s] GC(738) Pause Incremental GC (Collect on allocation) 49.12M->45.12M 1.354ms
[40.535s] GC(739) Pause Incremental GC (Collect on allocation) 49.12M->45.12M 1.347ms
[40.541s] GC(740) Pause Incremental GC (Collect on allocation) 49.12M->45.12M 1.269ms
[40.546s] GC(741) Pause Incremental GC (Collect on allocation) 49.12M->45.12M 1.420ms
[40.551s] GC(742) Pause Incremental GC (Collect on allocation) 49.12M->45.12M 1.181ms
[40.556s] GC(743) Pause Incremental GC (Collect on allocation) 49.12M->45.12M 1.180ms
[40.561s] GC(744) Pause Incremental GC (Collect on allocation) 49.12M->45.12M 1.335ms
[40.567s] GC(745) Pause Incremental GC (Collect on allocation) 49.12M->45.62M 1.233ms
[40.572s] GC(746) Pause Incremental GC (Collect on allocation) 49.62M->45.62M 1.290ms
[40.577s] GC(747) Pause Incremental GC (Collect on allocation) 49.62M->45.62M 1.297ms
[40.582s] GC(748) Pause Incremental GC (Collect on allocation) 49.62M->45.62M 1.484ms
[40.592s] GC(749) Pause Incremental GC (Collect on allocation) 49.62M->45.62M 1.475ms
[40.599s] GC(750) Pause Incremental GC (Collect on allocation) 49.62M->45.62M 1.430ms
[40.605s] GC(751) Pause Incremental GC (Collect on allocation) 49.62M->45.62M 1.364ms
[40.610s] GC(752) Pause Incremental GC (Collect on allocation) 49.62M->45.62M 1.225ms
[40.615s] GC(753) Pause Incremental GC (Collect on allocation) 49.62M->45.62M 1.249ms
[40.621s] GC(754) Pause Incremental GC (Collect on allocation) 49.62M->46.12M 1.254ms
[40.626s] GC(755) Pause Incremental GC (Collect on allocation) 50.12M->46.12M 1.250ms
[40.631s] GC(756) Pause Incremental GC (Collect on allocation) 50.12M->46.12M 1.215ms
[40.636s] GC(757) Pause Incremental GC (Collect on allocation) 50.12M->46.12M 1.256ms
[40.641s] GC(758) Pause Incremental GC (Collect on allocation) 50.12M->46.12M 1.238ms
[40.648s] GC(759) Pause Incremental GC (Collect on allocation) 50.12M->46.12M 1.626ms
[40.655s] GC(760) Pause Incremental GC (Collect on allocation) 50.12M->46.12M 1.799ms
[40.662s] GC(761) Pause Incremental GC (Collect on allocation) 50.12M->46.12M 1.443ms
[40.667s] GC(762) Pause Incremental GC (Collect on allocation) 50.12M->46.12M 1.291ms
[40.672s] GC(763) Pause Incremental GC (Collect on allocation) 50.12M->46.12M 1.236ms
[40.677s] GC(764) Pause Incremental GC (Collect on allocation) 50.12M->46.62M 1.230ms
[40.682s] GC(765) Pause Incremental GC (Collect on allocation) 50.62M->46.62M 1.241ms
[40.687s] GC(766) Pause Incremental GC (Collect on allocation) 50.62M->46.62M 1.208ms
[40.693s] GC(767) Pause Incremental GC (Collect on allocation) 50.62M->46.62M 1.280ms
[40.698s] GC(768) Pause Incremental GC (Collect on allocation) 50.62M->46.62M 1.239ms
[40.703s] GC(769) Pause Incremental GC (Collect on allocation) 50.62M->46.62M 1.251ms
[40.708s] GC(770) Pause Incremental GC (Collect on allocation) 50.62M->46.62M 1.268ms
[40.713s] GC(771) Pause Incremental GC (Collect on allocation) 50.62M->46.62M 1.247ms
[40.718s] GC(772) Pause Incremental GC (Collect on allocation) 50.62M->46.62M 1.274ms
[40.724s] GC(773) Pause Incremental GC (Collect on allocation) 50.62M->47.12M 1.274ms
[40.729s] GC(774) Pause Incremental GC (Collect on allocation) 51.12M->47.12M 1.231ms
[40.735s] GC(775) Pause Incremental GC (Collect on allocation) 51.12M->47.12M 1.511ms
[40.740s] GC(776) Pause Incremental GC (Collect on allocation) 51.12M->47.12M 1.246ms
[40.745s] GC(777) Pause Incremental GC (Collect on allocation) 51.12M->47.12M 1.410ms
[40.751s] GC(778) Pause Incremental GC (Collect on allocation) 51.12M->47.12M 1.228ms
[40.756s] GC(779) Pause Incremental GC (Collect on allocation) 51.12M->47.12M 1.249ms
[40.760s] GC(780) Pause Incremental GC (Collect on allocation) 51.12M->47.62M 1.211ms
[40.794s] GC(781) Pause Full GC (Collect on allocation) 51.62M->44.12M 29.707ms
[40.800s] GC(782) Pause Incremental GC (Collect on allocation) 48.12M->44.12M 1.787ms
[40.805s] GC(783) Pause Incremental GC (Collect on allocation) 48.12M->44.12M 1.163ms
[40.809s] GC(784) Pause Incremental GC (Collect on allocation) 48.12M->44.12M 1.145ms
[40.815s] GC(785) Pause Incremental GC (Collect on allocation) 48.12M->44.12M 1.253ms
[40.819s] GC(786) Pause Incremental GC (Collect on allocation) 48.12M->44.12M 1.138ms
[40.824s] GC(787) Pause Incremental GC (Collect on allocation) 48.12M->44.12M 1.172ms
[40.830s] GC(788) Pause Incremental GC (Collect on allocation) 48.12M->44.62M 1.380ms
[40.835s] GC(789) Pause Incremental GC (Collect on allocation) 48.62M->44.62M 1.247ms
[40.840s] GC(790) Pause Incremental GC (Collect on allocation) 48.62M->44.62M 1.212ms
[40.845s] GC(791) Pause Incremental GC (Collect on allocation) 48.62M->44.62M 1.192ms
[40.850s] GC(792) Pause Incremental GC (Collect on allocation) 48.62M->44.62M 1.243ms
[40.855s] GC(793) Pause Incremental GC (Collect on allocation) 48.62M->44.62M 1.193ms
[40.860s] GC(794) Pause Incremental GC (Collect on allocation) 48.62M->44.62M 1.152ms
[40.865s] GC(795) Pause Incremental GC (Collect on allocation) 48.62M->45.12M 1.345ms
[40.870s] GC(796) Pause Incremental GC (Collect on allocation) 49.12M->45.12M 1.146ms
[40.875s] GC(797) Pause Incremental GC (Collect on allocation) 49.12M->45.12M 1.273ms
[40.880s] GC(798) Pause Incremental GC (Collect on allocation) 49.12M->45.12M 1.122ms
[40.885s] GC(799) Pause Incremental GC (Collect on allocation) 49.12M->45.12M 1.111ms
[40.890s] GC(800) Pause Incremental GC (Collect on allocation) 49.12M->45.12M 1.150ms
[40.894s] GC(801) Pause Incremental GC (Collect on allocation) 49.12M->45.12M 1.146ms
[40.899s] GC(802) Pause Incremental GC (Collect on allocation) 49.12M->45.12M 1.160ms
[40.904s] GC(803) Pause Incremental GC (Collect on allocation) 49.12M->45.12M 1.196ms
[40.909s] GC(804) Pause Incremental GC (Collect on allocation) 49.12M->45.12M 1.136ms
[40.914s] GC(805) Pause Incremental GC (Collect on allocation) 49.12M->45.12M 1.173ms
[40.919s] GC(806) Pause Incremental GC (Collect on allocation) 49.12M->45.62M 1.223ms
[40.924s] GC(807) Pause Incremental GC (Collect on allocation) 49.62M->45.62M 1.207ms
[40.929s] GC(808) Pause Incremental GC (Collect on allocation) 49.62M->45.62M 1.238ms
[40.934s] GC(809) Pause Incremental GC (Collect on allocation) 49.62M->45.62M 1.093ms
[40.939s] GC(810) Pause Incremental GC (Collect on allocation) 49.62M->45.62M 1.218ms
[40.943s] GC(811) Pause Incremental GC (Collect on allocation) 49.62M->45.62M 1.129ms
[40.948s] GC(812) Pause Incremental GC (Collect on allocation) 49.62M->45.62M 1.171ms
[40.953s] GC(813) Pause Incremental GC (Collect on allocation) 49.62M->45.62M 1.301ms
[40.958s] GC(814) Pause Incremental GC (Collect on allocation) 49.62M->45.62M 1.139ms
[40.963s] GC(815) Pause Incremental GC (Collect on allocation) 49.62M->46.12M 1.524ms
[40.964s] GC(816) Pause Incremental GC (Collect on allocation) 50.12M->46.12M 1.008ms
[40.966s] GC(817) Pause Incremental GC (Collect on allocation) 50.12M->46.12M 0.968ms
[40.967s] GC(818) Pause Incremental GC (Collect on allocation) 50.12M->46.12M 0.952ms
[40.970s] GC(819) Pause Incremental GC (Collect on allocation) 50.62M->46.12M 1.192ms
[40.976s] GC(820) Pause Incremental GC (Collect on allocation) 51.12M->46.12M 1.191ms
[40.983s] GC(821) Pause Incremental GC (Collect on allocation) 51.62M->46.12M 1.214ms
[40.991s] GC(822) Pause Incremental GC (Collect on allocation) 52.62M->46.12M 1.216ms
[41.005s] GC(823) Pause Incremental GC (Collect on allocation) 53.62M->46.12M 1.419ms
[41.019s] GC(824) Pause Incremental GC (Collect on allocation) 54.62M->46.62M 1.642ms
[41.034s] GC(825) Pause Incremental GC (Collect on allocation) 56.12M->46.62M 1.151ms
[41.052s] GC(826) Pause Incremental GC (Collect on allocation) 57.12M->46.62M 1.120ms
[41.073s] GC(827) Pause Incremental GC (Collect on allocation) 58.12M->46.62M 1.185ms
[41.094s] GC(828) Pause Incremental GC (Collect on allocation) 59.12M->46.62M 1.298ms
[41.117s] GC(829) Pause Incremental GC (Collect on allocation) 60.12M->46.62M 1.339ms
[41.142s] GC(830) Pause Incremental GC (Collect on allocation) 61.12M->46.62M 1.241ms
[41.168s] GC(831) Pause Incremental GC (Collect on allocation) 62.12M->47.12M 1.169ms
[41.197s] GC(832) Pause Incremental GC (Collect on allocation) 63.62M->47.62M 1.140ms
[41.228s] GC(833) Pause Incremental GC (Collect on allocation) 65.12M->48.12M 1.286ms
[41.287s] GC(834) Pause Full GC (Collect on allocation) 66.62M->44.12M 27.151ms
[41.309s] GC(835) Pause Incremental GC (Collect on allocation) 64.62M->44.62M 1.582ms
[41.332s] GC(836) Pause Incremental GC (Collect on allocation) 66.12M->45.12M 1.308ms
[41.373s] GC(837) Pause Incremental GC (Collect on allocation) 67.62M->45.62M 1.788ms
[41.413s] GC(838) Pause Incremental GC (Collect on allocation) 69.12M->46.12M 1.328ms
[41.456s] GC(839) Pause Incremental GC (Collect on allocation) 70.62M->46.62M 1.255ms
[41.501s] GC(840) Pause Incremental GC (Collect on allocation) 72.12M->46.62M 1.388ms
[41.548s] GC(841) Pause Incremental GC (Collect on allocation) 73.12M->47.12M 1.303ms
[41.596s] GC(842) Pause Incremental GC (Collect on allocation) 74.62M->47.12M 1.377ms
[41.646s] GC(843) Pause Incremental GC (Collect on allocation) 75.62M->47.12M 1.256ms
[41.697s] GC(844) Pause Incremental GC (Collect on allocation) 76.62M->47.62M 1.251ms
[41.752s] GC(845) Pause Incremental GC (Collect on allocation) 78.12M->48.12M 1.344ms
[41.806s] GC(846) Pause Incremental GC (Collect on allocation) 79.62M->48.62M 1.258ms
[41.863s] GC(847) Pause Incremental GC (Collect on allocation) 81.12M->48.62M 1.422ms
[41.922s] GC(848) Pause Incremental GC (Collect on allocation) 82.12M->49.12M 1.354ms
[41.983s] GC(849) Pause Incremental GC (Collect on allocation) 83.62M->49.62M 1.472ms
[42.046s] GC(850) Pause Incremental GC (Collect on allocation) 85.12M->49.12M 1.518ms
[42.110s] GC(851) Pause Incremental GC (Collect on allocation) 85.62M->49.12M 1.325ms
[42.177s] GC(852) Pause Incremental GC (Collect on allocation) 86.62M->49.12M 1.220ms
[42.245s] GC(853) Pause Incremental GC (Collect on allocation) 87.62M->49.12M 1.259ms
[42.315s] GC(854) Pause Incremental GC (Collect on allocation) 88.62M->49.12M 1.239ms
[42.386s] GC(855) Pause Incremental GC (Collect on allocation) 89.62M->49.12M 1.242ms
[42.459s] GC(856) Pause Incremental GC (Collect on allocation) 90.62M->49.62M 1.332ms
[42.534s] GC(857) Pause Incremental GC (Collect on allocation) 92.12M->49.62M 1.320ms
[42.610s] GC(858) Pause Incremental GC (Collect on allocation) 93.12M->49.62M 1.302ms
[42.689s] GC(859) Pause Incremental GC (Collect on allocation) 94.12M->49.62M 1.287ms
[42.768s] GC(860) Pause Incremental GC (Collect on allocation) 95.12M->49.62M 1.318ms
[42.850s] GC(861) Pause Incremental GC (Collect on allocation) 96.12M->50.12M 1.279ms
[42.935s] GC(862) Pause Incremental GC (Collect on allocation) 97.62M->50.12M 1.277ms
[43.022s] GC(863) Pause Incremental GC (Collect on allocation) 98.62M->50.12M 1.487ms
[43.109s] GC(864) Pause Incremental GC (Collect on allocation) 99.62M->50.62M 1.269ms
[43.199s] GC(865) Pause Incremental GC (Collect on allocation) 101.12M->50.62M 1.338ms
[43.291s] GC(866) Pause Incremental GC (Collect on allocation) 102.12M->49.62M 1.421ms
[43.384s] GC(867) Pause Incremental GC (Collect on allocation) 102.12M->50.12M 1.331ms
[43.481s] GC(868) Pause Incremental GC (Collect on allocation) 103.62M->50.62M 1.764ms
[43.575s] GC(869) Pause Incremental GC (Collect on allocation) 105.12M->50.62M 1.409ms
[43.669s] GC(870) Pause Incremental GC (Collect on allocation) 104.12M->50.62M 1.403ms
[43.764s] GC(871) Pause Incremental GC (Collect on allocation) 105.12M->50.62M 1.566ms
[43.858s] GC(872) Pause Incremental GC (Collect on allocation) 104.12M->50.62M 1.660ms
[43.950s] GC(873) Pause Incremental GC (Collect on allocation) 103.12M->50.62M 1.697ms
[44.043s] GC(874) Pause Incremental GC (Collect on allocation) 104.12M->51.12M 1.929ms
[44.155s] GC(875) Pause Full GC (Collect on allocation) 103.62M->43.62M 21.844ms
[44.226s] GC(876) Pause Incremental GC (Collect on allocation) 96.62M->44.62M 1.781ms
[44.320s] GC(877) Pause Incremental GC (Collect on allocation) 99.12M->45.62M 1.775ms
[44.418s] GC(878) Pause Incremental GC (Collect on allocation) 101.62M->46.62M 2.112ms
[44.520s] GC(879) Pause Incremental GC (Collect on allocation) 104.12M->47.12M 2.082ms
[44.623s] GC(880) Pause Incremental GC (Collect on allocation) 106.12M->47.62M 2.152ms
[44.731s] GC(881) Pause Incremental GC (Collect on allocation) 108.12M->48.12M 2.417ms
[44.836s] GC(882) Pause Incremental GC (Collect on allocation) 107.62M->48.62M 2.132ms
[44.939s] GC(883) Pause Incremental GC (Collect on allocation) 107.12M->49.12M 2.072ms
[45.041s] GC(884) Pause Incremental GC (Collect on allocation) 106.62M->49.62M 1.780ms
[45.146s] GC(885) Pause Incremental GC (Collect on allocation) 108.62M->50.12M 2.042ms
[45.249s] GC(886) Pause Incremental GC (Collect on allocation) 108.12M->50.62M 1.845ms
[45.349s] GC(887) Pause Incremental GC (Collect on allocation) 107.62M->51.12M 1.919ms
[45.452s] GC(888) Pause Incremental GC (Collect on allocation) 109.62M->51.62M 2.113ms
[45.554s] GC(889) Pause Incremental GC (Collect on allocation) 109.12M->52.12M 1.962ms
[45.655s] GC(890) Pause Incremental GC (Collect on allocation) 108.62M->52.62M 1.924ms
[45.759s] GC(891) Pause Incremental GC (Collect on allocation) 110.62M->52.62M 2.856ms
[45.840s] GC(892) Pause Incremental GC (Collect on allocation) 109.62M->51.12M 2.172ms
[45.937s] GC(893) Pause Incremental GC (Collect on allocation) 107.12M->51.62M 1.999ms
[46.030s] GC(894) Pause Incremental GC (Collect on allocation) 106.62M->52.12M 2.086ms
[46.134s] GC(895) Pause Incremental GC (Collect on allocation) 108.62M->52.62M 1.733ms
[46.228s] GC(896) Pause Incremental GC (Collect on allocation) 108.12M->52.62M 1.584ms
[46.328s] GC(897) Pause Incremental GC (Collect on allocation) 109.62M->52.62M 1.459ms
[46.425s] GC(898) Pause Incremental GC (Collect on allocation) 108.62M->52.62M 1.403ms
[46.527s] GC(899) Pause Incremental GC (Collect on allocation) 110.12M->53.12M 1.508ms
[46.626s] GC(900) Pause Incremental GC (Collect on allocation) 109.62M->53.12M 1.375ms
[46.729s] GC(901) Pause Incremental GC (Collect on allocation) 111.12M->53.62M 1.661ms
[46.828s] GC(902) Pause Incremental GC (Collect on allocation) 110.62M->53.62M 1.455ms
[46.931s] GC(903) Pause Incremental GC (Collect on allocation) 112.12M->53.62M 1.568ms
[47.032s] GC(904) Pause Incremental GC (Collect on allocation) 111.12M->53.62M 1.392ms
[47.136s] GC(905) Pause Incremental GC (Collect on allocation) 112.62M->53.62M 1.528ms
[47.239s] GC(906) Pause Incremental GC (Collect on allocation) 111.62M->54.12M 1.468ms
[47.344s] GC(907) Pause Incremental GC (Collect on allocation) 113.62M->54.12M 1.768ms
[47.448s] GC(908) Pause Incremental GC (Collect on allocation) 112.62M->54.12M 1.480ms
[47.551s] GC(909) Pause Incremental GC (Collect on allocation) 111.62M->54.12M 1.484ms
[47.656s] GC(910) Pause Incremental GC (Collect on allocation) 113.12M->53.62M 1.682ms
[47.758s] GC(911) Pause Incremental GC (Collect on allocation) 111.62M->53.62M 1.730ms
[47.864s] GC(912) Pause Incremental GC (Collect on allocation) 113.12M->53.62M 1.478ms
[47.967s] GC(913) Pause Incremental GC (Collect on allocation) 112.12M->53.62M 1.354ms
[48.074s] GC(914) Pause Incremental GC (Collect on allocation) 113.62M->53.62M 1.377ms
[48.178s] GC(915) Pause Incremental GC (Collect on allocation) 112.62M->53.12M 1.376ms
[48.284s] GC(916) Pause Incremental GC (Collect on allocation) 113.12M->53.12M 1.486ms
[48.389s] GC(917) Pause Incremental GC (Collect on allocation) 112.12M->53.12M 1.562ms
[48.495s] GC(918) Pause Incremental GC (Collect on allocation) 113.62M->53.12M 1.386ms
[48.602s] GC(919) Pause Incremental GC (Collect on allocation) 112.62M->53.12M 1.320ms
[48.727s] GC(920) Pause Full GC (Collect on allocation) 113.62M->44.12M 19.670ms
[48.822s] GC(921) Pause Incremental GC (Collect on allocation) 107.62M->44.62M 1.552ms
[48.937s] GC(922) Pause Incremental GC (Collect on allocation) 109.62M->45.12M 1.798ms
[49.055s] GC(923) Pause Incremental GC (Collect on allocation) 111.62M->45.62M 1.384ms
[49.177s] GC(924) Pause Incremental GC (Collect on allocation) 113.62M->46.12M 1.329ms
[49.301s] GC(925) Pause Incremental GC (Collect on allocation) 115.62M->46.62M 1.318ms
[49.427s] GC(926) Pause Incremental GC (Collect on allocation) 117.62M->47.12M 1.410ms
[49.555s] GC(927) Pause Incremental GC (Collect on allocation) 119.62M->47.62M 1.820ms
[49.680s] GC(928) Pause Incremental GC (Collect on allocation) 118.62M->48.62M 1.795ms
[49.808s] GC(929) Pause Incremental GC (Collect on allocation) 118.12M->49.62M 2.900ms
[49.923s] GC(930) Pause Incremental GC (Collect on allocation) 118.12M->50.62M 1.990ms
[50.042s] GC(931) Pause Incremental GC (Collect on allocation) 118.12M->51.62M 2.289ms
[50.158s] GC(932) Pause Incremental GC (Collect on allocation) 118.12M->52.62M 2.573ms
[50.274s] GC(933) Pause Incremental GC (Collect on allocation) 118.12M->53.12M 2.920ms
[50.388s] GC(934) Pause Incremental GC (Collect on allocation) 117.62M->53.62M 2.527ms
[50.501s] GC(935) Pause Incremental GC (Collect on allocation) 117.12M->54.12M 2.333ms
[50.612s] GC(936) Pause Incremental GC (Collect on allocation) 116.62M->54.12M 2.258ms
[50.722s] GC(937) Pause Incremental GC (Collect on allocation) 115.62M->54.12M 2.434ms
[50.829s] GC(938) Pause Incremental GC (Collect on allocation) 114.62M->54.12M 2.171ms
[50.909s] GC(939) Pause Incremental GC (Collect on allocation) 113.62M->53.62M 2.201ms
[51.015s] GC(940) Pause Incremental GC (Collect on allocation) 112.12M->53.62M 2.673ms
[51.122s] GC(941) Pause Incremental GC (Collect on allocation) 114.12M->53.62M 2.862ms
[51.233s] GC(942) Pause Incremental GC (Collect on allocation) 116.12M->53.62M 2.139ms
[51.348s] GC(943) Pause Incremental GC (Collect on allocation) 118.12M->53.62M 2.392ms
[51.466s] GC(944) Pause Incremental GC (Collect on allocation) 120.12M->53.62M 2.130ms
[51.587s] GC(945) Pause Incremental GC (Collect on allocation) 122.12M->54.12M 2.173ms
[51.712s] GC(946) Pause Incremental GC (Collect on allocation) 124.62M->54.12M 2.235ms
[51.834s] GC(947) Pause Incremental GC (Collect on allocation) 123.12M->54.62M 1.709ms
[51.961s] GC(948) Pause Incremental GC (Collect on allocation) 125.62M->55.12M 1.883ms
[52.090s] GC(949) Pause Incremental GC (Collect on allocation) 128.12M->55.12M 1.518ms
[52.223s] GC(950) Pause Incremental GC (Collect on allocation) 130.12M->55.12M 1.418ms
[52.360s] GC(951) Pause Incremental GC (Collect on allocation) 132.12M->55.12M 2.056ms
[52.501s] GC(952) Pause Incremental GC (Collect on allocation) 134.12M->55.12M 1.384ms
[52.645s] GC(953) Pause Incremental GC (Collect on allocation) 136.12M->55.12M 1.521ms
[52.793s] GC(954) Pause Incremental GC (Collect on allocation) 138.12M->55.12M 1.459ms
[52.942s] GC(955) Pause Incremental GC (Collect on allocation) 140.12M->55.62M 1.390ms
[53.096s] GC(956) Pause Incremental GC (Collect on allocation) 142.12M->56.12M 1.652ms
[53.253s] GC(957) Pause Incremental GC (Collect on allocation) 144.62M->56.12M 1.571ms
[53.413s] GC(958) Pause Incremental GC (Collect on allocation) 146.62M->56.12M 1.425ms
[53.595s] GC(959) Pause Full GC (Collect on allocation) 148.62M->44.12M 19.157ms
[53.752s] GC(960) Pause Incremental GC (Collect on allocation) 140.62M->44.62M 1.559ms
[53.927s] GC(961) Pause Incremental GC (Collect on allocation) 143.12M->45.12M 1.381ms
[54.099s] GC(962) Pause Incremental GC (Collect on allocation) 141.62M->45.62M 1.431ms
[54.266s] GC(963) Pause Incremental GC (Collect on allocation) 140.12M->46.12M 1.485ms
[54.429s] GC(964) Pause Incremental GC (Collect on allocation) 138.62M->46.62M 1.393ms
[54.592s] GC(965) Pause Incremental GC (Collect on allocation) 137.62M->47.12M 1.391ms
[54.752s] GC(966) Pause Incremental GC (Collect on allocation) 136.62M->47.62M 1.355ms
[54.908s] GC(967) Pause Incremental GC (Collect on allocation) 135.62M->48.12M 1.891ms
[55.062s] GC(968) Pause Incremental GC (Collect on allocation) 134.62M->48.62M 1.472ms
[55.212s] GC(969) Pause Incremental GC (Collect on allocation) 133.62M->49.12M 1.542ms
[55.359s] GC(970) Pause Incremental GC (Collect on allocation) 132.62M->50.12M 1.708ms
[55.511s] GC(971) Pause Incremental GC (Collect on allocation) 135.62M->51.12M 2.302ms
[55.668s] GC(972) Pause Incremental GC (Collect on allocation) 138.62M->52.62M 2.641ms
[55.820s] GC(973) Pause Incremental GC (Collect on allocation) 142.62M->53.62M 3.035ms
[55.957s] GC(974) Pause Incremental GC (Collect on allocation) 146.12M->54.62M 3.090ms
[56.117s] GC(975) Pause Incremental GC (Collect on allocation) 145.62M->55.12M 3.277ms
[56.276s] GC(976) Pause Incremental GC (Collect on allocation) 144.62M->54.62M 2.588ms
[56.433s] GC(977) Pause Incremental GC (Collect on allocation) 142.62M->54.62M 2.519ms
[56.587s] GC(978) Pause Incremental GC (Collect on allocation) 141.12M->54.62M 2.519ms
[56.737s] GC(979) Pause Incremental GC (Collect on allocation) 139.62M->54.62M 2.262ms
[56.885s] GC(980) Pause Incremental GC (Collect on allocation) 138.12M->54.62M 2.252ms
[57.031s] GC(981) Pause Incremental GC (Collect on allocation) 136.62M->54.62M 2.244ms
[57.174s] GC(982) Pause Incremental GC (Collect on allocation) 135.12M->54.62M 2.245ms
[57.313s] GC(983) Pause Incremental GC (Collect on allocation) 133.62M->54.62M 2.588ms
[57.469s] GC(984) Pause Full GC (Collect on allocation) 132.12M->44.12M 20.334ms
[57.583s] GC(985) Pause Incremental GC (Collect on allocation) 118.62M->44.62M 1.705ms
[57.709s] GC(986) Pause Incremental GC (Collect on allocation) 117.62M->45.12M 1.379ms
[57.836s] GC(987) Pause Incremental GC (Collect on allocation) 116.62M->45.62M 1.408ms
[57.960s] GC(988) Pause Incremental GC (Collect on allocation) 115.62M->46.12M 1.432ms
[58.082s] GC(989) Pause Incremental GC (Collect on allocation) 114.62M->46.62M 1.390ms
[58.202s] GC(990) Pause Incremental GC (Collect on allocation) 114.12M->47.12M 1.359ms
[58.319s] GC(991) Pause Incremental GC (Collect on allocation) 113.62M->47.12M 1.484ms
[58.436s] GC(992) Pause Incremental GC (Collect on allocation) 112.62M->47.62M 1.471ms
[58.551s] GC(993) Pause Incremental GC (Collect on allocation) 112.12M->48.12M 1.443ms
[58.664s] GC(994) Pause Incremental GC (Collect on allocation) 111.62M->48.62M 1.512ms
[58.775s] GC(995) Pause Incremental GC (Collect on allocation) 111.12M->49.12M 1.434ms
[58.884s] GC(996) Pause Incremental GC (Collect on allocation) 110.62M->49.62M 1.405ms
[58.992s] GC(997) Pause Incremental GC (Collect on allocation) 110.12M->50.12M 1.542ms
[59.099s] GC(998) Pause Incremental GC (Collect on allocation) 109.62M->50.62M 1.458ms
[59.202s] GC(999) Pause Incremental GC (Collect on allocation) 109.12M->50.62M 1.520ms
[59.304s] GC(1000) Pause Incremental GC (Collect on allocation) 108.12M->50.62M 1.364ms
[59.405s] GC(1001) Pause Incremental GC (Collect on allocation) 107.12M->50.62M 1.350ms
[59.503s] GC(1002) Pause Incremental GC (Collect on allocation) 106.12M->50.62M 1.340ms
[59.600s] GC(1003) Pause Incremental GC (Collect on allocation) 105.12M->50.62M 1.376ms
[59.695s] GC(1004) Pause Incremental GC (Collect on allocation) 104.12M->50.62M 1.355ms
[59.789s] GC(1005) Pause Incremental GC (Collect on allocation) 103.12M->51.12M 1.423ms
[59.879s] GC(1006) Pause Incremental GC (Collect on allocation) 102.62M->51.12M 1.404ms
[59.969s] GC(1007) Pause Incremental GC (Collect on allocation) 101.62M->51.12M 1.310ms
[60.057s] GC(1008) Pause Incremental GC (Collect on allocation) 100.62M->50.62M 1.361ms
[60.143s] GC(1009) Pause Incremental GC (Collect on allocation) 99.12M->50.62M 1.351ms
[60.226s] GC(1010) Pause Incremental GC (Collect on allocation) 98.12M->50.62M 1.371ms
[60.309s] GC(1011) Pause Incremental GC (Collect on allocation) 97.12M->50.62M 1.391ms
[60.390s] GC(1012) Pause Incremental GC (Collect on allocation) 96.12M->50.62M 1.319ms
[60.469s] GC(1013) Pause Incremental GC (Collect on allocation) 95.12M->51.12M 1.405ms
[60.546s] GC(1014) Pause Incremental GC (Collect on allocation) 94.62M->51.12M 1.380ms
[60.622s] GC(1015) Pause Incremental GC (Collect on allocation) 93.62M->51.12M 1.289ms
[60.696s] GC(1016) Pause Incremental GC (Collect on allocation) 93.12M->50.62M 1.375ms
[60.770s] GC(1017) Pause Incremental GC (Collect on allocation) 92.12M->50.62M 1.334ms
[60.841s] GC(1018) Pause Incremental GC (Collect on allocation) 91.62M->50.62M 1.435ms
[60.888s] GC(1019) Pause Incremental GC (Collect on allocation) 91.12M->50.62M 1.373ms
[60.963s] GC(1020) Pause Incremental GC (Collect on allocation) 93.12M->50.62M 1.580ms
[61.062s] GC(1021) Pause Full GC (Collect on allocation) 95.12M->43.62M 22.581ms
[61.123s] GC(1022) Pause Incremental GC (Collect on allocation) 89.12M->44.12M 1.855ms
[61.199s] GC(1023) Pause Incremental GC (Collect on allocation) 88.62M->44.62M 1.713ms
[61.275s] GC(1024) Pause Incremental GC (Collect on allocation) 88.12M->45.12M 1.649ms
[61.349s] GC(1025) Pause Incremental GC (Collect on allocation) 87.62M->45.62M 1.618ms
[61.423s] GC(1026) Pause Incremental GC (Collect on allocation) 87.62M->46.62M 1.940ms
[61.495s] GC(1027) Pause Incremental GC (Collect on allocation) 88.12M->47.12M 1.865ms
[61.573s] GC(1028) Pause Incremental GC (Collect on allocation) 88.12M->48.12M 2.142ms
[61.637s] GC(1029) Pause Incremental GC (Collect on allocation) 88.62M->48.62M 2.048ms
[61.713s] GC(1030) Pause Incremental GC (Collect on allocation) 91.62M->49.12M 2.636ms
[61.794s] GC(1031) Pause Incremental GC (Collect on allocation) 94.62M->49.62M 2.421ms
[61.881s] GC(1032) Pause Incremental GC (Collect on allocation) 98.12M->50.12M 2.633ms
[61.971s] GC(1033) Pause Incremental GC (Collect on allocation) 101.62M->50.62M 2.526ms
[62.068s] GC(1034) Pause Incremental GC (Collect on allocation) 105.12M->51.12M 2.474ms
[62.173s] GC(1035) Pause Incremental GC (Collect on allocation) 108.62M->51.12M 3.095ms
[62.268s] GC(1036) Pause Incremental GC (Collect on allocation) 107.62M->51.12M 2.102ms
[62.366s] GC(1037) Pause Incremental GC (Collect on allocation) 106.62M->51.62M 1.799ms
[62.462s] GC(1038) Pause Incremental GC (Collect on allocation) 106.12M->51.62M 1.652ms
[62.556s] GC(1039) Pause Incremental GC (Collect on allocation) 105.12M->52.12M 1.535ms
[62.649s] GC(1040) Pause Incremental GC (Collect on allocation) 104.62M->52.62M 2.046ms
[62.740s] GC(1041) Pause Incremental GC (Collect on allocation) 104.12M->53.12M 1.591ms
[62.829s] GC(1042) Pause Incremental GC (Collect on allocation) 103.62M->53.62M 1.622ms
[62.917s] GC(1043) Pause Incremental GC (Collect on allocation) 103.12M->53.62M 1.747ms
[63.003s] GC(1044) Pause Incremental GC (Collect on allocation) 102.12M->54.12M 1.525ms
[63.095s] GC(1045) Pause Incremental GC (Collect on allocation) 101.62M->54.12M 2.245ms
[63.171s] GC(1046) Pause Incremental GC (Collect on allocation) 100.62M->53.12M 1.543ms
[63.252s] GC(1047) Pause Incremental GC (Collect on allocation) 98.62M->53.62M 1.575ms
[63.330s] GC(1048) Pause Incremental GC (Collect on allocation) 98.12M->53.12M 1.452ms
[63.407s] GC(1049) Pause Incremental GC (Collect on allocation) 96.62M->53.12M 1.432ms
[63.482s] GC(1050) Pause Incremental GC (Collect on allocation) 95.62M->52.62M 1.491ms
[63.557s] GC(1051) Pause Incremental GC (Collect on allocation) 94.62M->52.62M 1.351ms
[63.631s] GC(1052) Pause Incremental GC (Collect on allocation) 94.12M->52.62M 1.543ms
[63.703s] GC(1053) Pause Incremental GC (Collect on allocation) 93.62M->52.62M 1.770ms
[63.775s] GC(1054) Pause Incremental GC (Collect on allocation) 93.12M->52.62M 1.442ms
[63.865s] GC(1055) Pause Full GC (Collect on allocation) 92.62M->44.12M 20.438ms
[63.915s] GC(1056) Pause Incremental GC (Collect on allocation) 83.12M->44.62M 1.589ms
[63.983s] GC(1057) Pause Incremental GC (Collect on allocation) 83.12M->45.12M 1.270ms
[64.050s] GC(1058) Pause Incremental GC (Collect on allocation) 83.12M->45.62M 1.299ms
[64.117s] GC(1059) Pause Incremental GC (Collect on allocation) 83.12M->46.12M 1.414ms
[64.183s] GC(1060) Pause Incremental GC (Collect on allocation) 83.12M->46.12M 1.512ms
[64.248s] GC(1061) Pause Incremental GC (Collect on allocation) 82.62M->46.62M 1.757ms
[64.312s] GC(1062) Pause Incremental GC (Collect on allocation) 82.62M->47.12M 1.649ms
[64.374s] GC(1063) Pause Incremental GC (Collect on allocation) 82.62M->47.12M 1.391ms
[64.436s] GC(1064) Pause Incremental GC (Collect on allocation) 82.12M->47.62M 1.445ms
[64.497s] GC(1065) Pause Incremental GC (Collect on allocation) 82.12M->48.12M 1.288ms
[64.557s] GC(1066) Pause Incremental GC (Collect on allocation) 82.12M->48.62M 1.342ms
[64.616s] GC(1067) Pause Incremental GC (Collect on allocation) 82.12M->49.12M 1.310ms
[64.674s] GC(1068) Pause Incremental GC (Collect on allocation) 82.12M->48.62M 1.395ms
[64.731s] GC(1069) Pause Incremental GC (Collect on allocation) 81.12M->48.62M 1.307ms
[64.787s] GC(1070) Pause Incremental GC (Collect on allocation) 80.62M->48.12M 1.404ms
[64.843s] GC(1071) Pause Incremental GC (Collect on allocation) 79.62M->48.62M 1.223ms
[64.898s] GC(1072) Pause Incremental GC (Collect on allocation) 79.62M->48.62M 1.304ms
[64.952s] GC(1073) Pause Incremental GC (Collect on allocation) 79.12M->48.62M 1.244ms
[65.005s] GC(1074) Pause Incremental GC (Collect on allocation) 78.62M->48.62M 1.263ms
[65.057s] GC(1075) Pause Incremental GC (Collect on allocation) 78.12M->48.12M 1.370ms
[65.110s] GC(1076) Pause Incremental GC (Collect on allocation) 77.12M->47.62M 1.851ms
[65.159s] GC(1077) Pause Incremental GC (Collect on allocation) 76.12M->47.12M 1.377ms
[65.207s] GC(1078) Pause Incremental GC (Collect on allocation) 75.12M->46.62M 1.475ms
[65.256s] GC(1079) Pause Incremental GC (Collect on allocation) 74.12M->46.62M 1.344ms
[65.303s] GC(1080) Pause Incremental GC (Collect on allocation) 73.62M->46.12M 1.306ms
[65.350s] GC(1081) Pause Incremental GC (Collect on allocation) 72.62M->46.62M 1.201ms
[65.396s] GC(1082) Pause Incremental GC (Collect on allocation) 72.62M->46.62M 1.310ms
[65.440s] GC(1083) Pause Incremental GC (Collect on allocation) 72.12M->45.62M 1.473ms
[65.484s] GC(1084) Pause Incremental GC (Collect on allocation) 70.62M->45.12M 1.334ms
[65.527s] GC(1085) Pause Incremental GC (Collect on allocation) 69.62M->45.12M 1.269ms
[65.569s] GC(1086) Pause Incremental GC (Collect on allocation) 69.12M->44.62M 1.348ms
[65.611s] GC(1087) Pause Incremental GC (Collect on allocation) 68.12M->44.12M 1.614ms
[65.655s] GC(1088) Pause Incremental GC (Collect on allocation) 69.12M->44.12M 1.255ms
[65.701s] GC(1089) Pause Incremental GC (Collect on allocation) 70.62M->44.12M 1.220ms
[65.748s] GC(1090) Pause Incremental GC (Collect on allocation) 70.12M->44.12M 1.485ms
[65.792s] GC(1091) Pause Incremental GC (Collect on allocation) 69.62M->44.12M 1.256ms
[65.836s] GC(1092) Pause Incremental GC (Collect on allocation) 69.12M->44.12M 1.190ms
[65.853s] GC(1093) Pause Incremental GC (Collect on allocation) 68.62M->44.12M 1.159ms
[65.899s] GC(1094) Pause Incremental GC (Collect on allocation) 70.62M->44.12M 1.154ms
[65.950s] GC(1095) Pause Incremental GC (Collect on allocation) 72.62M->44.12M 1.186ms
[66.038s] GC(1096) Pause Full GC (Collect on allocation) 74.62M->44.12M 34.986ms
[66.076s] GC(1097) Pause Incremental GC (Collect on allocation) 76.62M->44.12M 1.873ms
[66.118s] GC(1098) Pause Incremental GC (Collect on allocation) 76.12M->44.12M 1.498ms
[66.172s] GC(1099) Pause Incremental GC (Collect on allocation) 75.62M->44.12M 1.373ms
[66.227s] GC(1100) Pause Incremental GC (Collect on allocation) 75.12M->44.12M 1.386ms
[66.281s] GC(1101) Pause Incremental GC (Collect on allocation) 74.62M->44.12M 1.271ms
[66.334s] GC(1102) Pause Incremental GC (Collect on allocation) 74.12M->44.12M 1.370ms
[66.386s] GC(1103) Pause Incremental GC (Collect on allocation) 73.62M->44.12M 1.362ms
[66.438s] GC(1104) Pause Incremental GC (Collect on allocation) 73.12M->44.12M 1.509ms
[66.487s] GC(1105) Pause Incremental GC (Collect on allocation) 72.62M->44.12M 1.369ms
[66.537s] GC(1106) Pause Incremental GC (Collect on allocation) 72.12M->44.12M 1.463ms
[66.584s] GC(1107) Pause Incremental GC (Collect on allocation) 71.62M->44.12M 1.338ms
[66.632s] GC(1108) Pause Incremental GC (Collect on allocation) 71.12M->44.62M 1.733ms
[66.678s] GC(1109) Pause Incremental GC (Collect on allocation) 71.12M->44.62M 1.542ms
[66.723s] GC(1110) Pause Incremental GC (Collect on allocation) 70.62M->45.12M 1.364ms
[66.768s] GC(1111) Pause Incremental GC (Collect on allocation) 70.62M->45.12M 1.335ms
[66.811s] GC(1112) Pause Incremental GC (Collect on allocation) 70.12M->45.62M 1.508ms
[66.854s] GC(1113) Pause Incremental GC (Collect on allocation) 70.12M->45.62M 1.365ms
[66.896s] GC(1114) Pause Incremental GC (Collect on allocation) 69.62M->45.62M 1.471ms
[66.941s] GC(1115) Pause Incremental GC (Collect on allocation) 71.62M->46.12M 1.407ms
[66.988s] GC(1116) Pause Incremental GC (Collect on allocation) 74.12M->46.62M 1.533ms
[67.041s] GC(1117) Pause Incremental GC (Collect on allocation) 76.62M->46.62M 1.439ms
[67.093s] GC(1118) Pause Incremental GC (Collect on allocation) 76.12M->47.12M 1.647ms
[67.141s] GC(1119) Pause Incremental GC (Collect on allocation) 76.12M->47.62M 1.545ms
[67.190s] GC(1120) Pause Incremental GC (Collect on allocation) 76.12M->48.12M 1.520ms
[67.239s] GC(1121) Pause Incremental GC (Collect on allocation) 76.12M->48.12M 1.557ms
[67.287s] GC(1122) Pause Incremental GC (Collect on allocation) 75.62M->48.62M 1.575ms
[67.338s] GC(1123) Pause Incremental GC (Collect on allocation) 78.12M->49.12M 1.608ms
[67.396s] GC(1124) Pause Incremental GC (Collect on allocation) 80.62M->49.12M 1.674ms
[67.448s] GC(1125) Pause Incremental GC (Collect on allocation) 80.12M->49.62M 1.522ms
[67.501s] GC(1126) Pause Incremental GC (Collect on allocation) 80.12M->49.62M 1.508ms
[67.553s] GC(1127) Pause Incremental GC (Collect on allocation) 79.62M->49.62M 1.430ms
[67.605s] GC(1128) Pause Incremental GC (Collect on allocation) 79.12M->49.62M 1.364ms
[67.656s] GC(1129) Pause Incremental GC (Collect on allocation) 78.62M->50.12M 1.381ms
[67.705s] GC(1130) Pause Incremental GC (Collect on allocation) 78.62M->50.12M 1.325ms
[67.755s] GC(1131) Pause Incremental GC (Collect on allocation) 78.12M->50.12M 1.352ms
[67.803s] GC(1132) Pause Incremental GC (Collect on allocation) 77.62M->50.12M 1.381ms
[67.851s] GC(1133) Pause Incremental GC (Collect on allocation) 77.12M->50.12M 1.321ms
[67.898s] GC(1134) Pause Incremental GC (Collect on allocation) 76.62M->50.12M 1.318ms
[67.942s] GC(1135) Pause Incremental GC (Collect on allocation) 76.12M->50.12M 1.356ms
[67.987s] GC(1136) Pause Incremental GC (Collect on allocation) 75.62M->50.12M 1.397ms
[68.031s] GC(1137) Pause Incremental GC (Collect on allocation) 75.12M->50.12M 1.348ms
[68.074s] GC(1138) Pause Incremental GC (Collect on allocation) 74.62M->50.12M 1.447ms
[68.115s] GC(1139) Pause Incremental GC (Collect on allocation) 74.12M->50.12M 1.305ms
[68.157s] GC(1140) Pause Incremental GC (Collect on allocation) 73.62M->50.12M 1.318ms
[68.222s] GC(1141) Pause Full GC (Collect on allocation) 73.12M->44.12M 26.100ms
[68.249s] GC(1142) Pause Incremental GC (Collect on allocation) 68.62M->44.12M 1.608ms
[68.283s] GC(1143) Pause Incremental GC (Collect on allocation) 68.12M->44.12M 1.384ms
[68.329s] GC(1144) Pause Incremental GC (Collect on allocation) 70.12M->44.12M 1.410ms
[68.374s] GC(1145) Pause Incremental GC (Collect on allocation) 69.62M->44.12M 1.325ms
[68.418s] GC(1146) Pause Incremental GC (Collect on allocation) 69.12M->44.12M 1.259ms
[68.461s] GC(1147) Pause Incremental GC (Collect on allocation) 68.62M->44.12M 1.223ms
[68.502s] GC(1148) Pause Incremental GC (Collect on allocation) 68.12M->44.12M 1.362ms
[68.542s] GC(1149) Pause Incremental GC (Collect on allocation) 67.62M->44.12M 1.380ms
[68.582s] GC(1150) Pause Incremental GC (Collect on allocation) 67.12M->44.12M 1.327ms
[68.622s] GC(1151) Pause Incremental GC (Collect on allocation) 66.62M->44.12M 1.322ms
[68.660s] GC(1152) Pause Incremental GC (Collect on allocation) 66.12M->44.12M 1.347ms
[68.696s] GC(1153) Pause Incremental GC (Collect on allocation) 65.62M->44.12M 1.310ms
[68.737s] GC(1154) Pause Incremental GC (Collect on allocation) 67.62M->44.12M 1.239ms
[68.777s] GC(1155) Pause Incremental GC (Collect on allocation) 67.12M->44.62M 1.299ms
[68.817s] GC(1156) Pause Incremental GC (Collect on allocation) 67.12M->44.62M 1.331ms
[68.855s] GC(1157) Pause Incremental GC (Collect on allocation) 66.62M->44.62M 1.285ms
[68.892s] GC(1158) Pause Incremental GC (Collect on allocation) 66.12M->44.62M 1.402ms
[68.934s] GC(1159) Pause Incremental GC (Collect on allocation) 68.12M->44.62M 1.368ms
[68.978s] GC(1160) Pause Incremental GC (Collect on allocation) 70.12M->44.62M 1.403ms
[69.021s] GC(1161) Pause Incremental GC (Collect on allocation) 69.62M->44.62M 1.570ms
[69.068s] GC(1162) Pause Incremental GC (Collect on allocation) 71.62M->44.62M 1.535ms
[69.118s] GC(1163) Pause Incremental GC (Collect on allocation) 73.62M->45.12M 1.629ms
[69.172s] GC(1164) Pause Incremental GC (Collect on allocation) 76.12M->45.12M 1.489ms
[69.224s] GC(1165) Pause Incremental GC (Collect on allocation) 75.62M->45.12M 1.429ms
[69.276s] GC(1166) Pause Incremental GC (Collect on allocation) 75.12M->45.12M 1.345ms
[69.327s] GC(1167) Pause Incremental GC (Collect on allocation) 74.62M->45.12M 1.435ms
[69.377s] GC(1168) Pause Incremental GC (Collect on allocation) 74.12M->45.12M 1.384ms
[69.427s] GC(1169) Pause Incremental GC (Collect on allocation) 73.62M->45.12M 1.330ms
[69.475s] GC(1170) Pause Incremental GC (Collect on allocation) 73.12M->45.12M 1.368ms
[69.524s] GC(1171) Pause Incremental GC (Collect on allocation) 72.62M->45.12M 1.280ms
[69.570s] GC(1172) Pause Incremental GC (Collect on allocation) 72.12M->45.12M 1.318ms
[69.617s] GC(1173) Pause Incremental GC (Collect on allocation) 71.62M->45.12M 1.431ms
[69.662s] GC(1174) Pause Incremental GC (Collect on allocation) 71.12M->45.12M 1.318ms
[69.706s] GC(1175) Pause Incremental GC (Collect on allocation) 70.62M->45.12M 1.249ms
[69.750s] GC(1176) Pause Incremental GC (Collect on allocation) 70.12M->45.62M 1.484ms
[69.791s] GC(1177) Pause Incremental GC (Collect on allocation) 70.12M->45.62M 1.366ms
[69.832s] GC(1178) Pause Incremental GC (Collect on allocation) 69.62M->45.62M 1.335ms
[69.872s] GC(1179) Pause Incremental GC (Collect on allocation) 69.12M->45.62M 1.364ms
[69.912s] GC(1180) Pause Incremental GC (Collect on allocation) 68.62M->45.62M 1.353ms
[69.952s] GC(1181) Pause Incremental GC (Collect on allocation) 68.12M->45.62M 1.375ms
[69.990s] GC(1182) Pause Incremental GC (Collect on allocation) 67.62M->45.62M 1.268ms
[70.027s] GC(1183) Pause Incremental GC (Collect on allocation) 67.12M->45.62M 1.243ms
[70.064s] GC(1184) Pause Incremental GC (Collect on allocation) 66.62M->45.62M 1.231ms
[70.100s] GC(1185) Pause Incremental GC (Collect on allocation) 66.12M->45.62M 1.236ms
[70.135s] GC(1186) Pause Incremental GC (Collect on allocation) 65.62M->45.62M 1.256ms
[70.196s] GC(1187) Pause Full GC (Collect on allocation) 67.12M->44.12M 25.085ms
[70.221s] GC(1188) Pause Incremental GC (Collect on allocation) 67.12M->44.12M 1.569ms
[70.253s] GC(1189) Pause Incremental GC (Collect on allocation) 66.62M->44.12M 1.439ms
[70.297s] GC(1190) Pause Incremental GC (Collect on allocation) 68.62M->44.12M 1.387ms
[70.342s] GC(1191) Pause Incremental GC (Collect on allocation) 70.62M->44.12M 1.353ms
[70.386s] GC(1192) Pause Incremental GC (Collect on allocation) 70.12M->44.12M 1.279ms
[70.430s] GC(1193) Pause Incremental GC (Collect on allocation) 69.62M->44.12M 1.529ms
[70.474s] GC(1194) Pause Incremental GC (Collect on allocation) 69.12M->44.12M 1.298ms
[70.516s] GC(1195) Pause Incremental GC (Collect on allocation) 68.62M->44.12M 1.327ms
[70.558s] GC(1196) Pause Incremental GC (Collect on allocation) 68.12M->44.12M 1.431ms
[70.600s] GC(1197) Pause Incremental GC (Collect on allocation) 67.62M->44.62M 1.289ms
[70.640s] GC(1198) Pause Incremental GC (Collect on allocation) 67.62M->44.62M 1.232ms
[70.680s] GC(1199) Pause Incremental GC (Collect on allocation) 67.12M->44.62M 1.418ms
[70.719s] GC(1200) Pause Incremental GC (Collect on allocation) 66.62M->44.62M 1.431ms
[70.755s] GC(1201) Pause Incremental GC (Collect on allocation) 66.12M->44.62M 1.344ms
[70.792s] GC(1202) Pause Incremental GC (Collect on allocation) 65.62M->44.62M 1.319ms
[70.828s] GC(1203) Pause Incremental GC (Collect on allocation) 65.12M->44.62M 1.386ms
[70.842s] GC(1204) Pause Incremental GC (Collect on allocation) 67.12M->44.62M 1.254ms
[70.882s] GC(1205) Pause Incremental GC (Collect on allocation) 69.12M->44.62M 1.216ms
[70.929s] GC(1206) Pause Incremental GC (Collect on allocation) 71.12M->44.62M 1.441ms
[70.979s] GC(1207) Pause Incremental GC (Collect on allocation) 73.62M->44.62M 1.402ms
[71.035s] GC(1208) Pause Incremental GC (Collect on allocation) 76.12M->44.62M 1.251ms
[71.091s] GC(1209) Pause Incremental GC (Collect on allocation) 75.62M->44.62M 1.870ms
[71.143s] GC(1210) Pause Incremental GC (Collect on allocation) 75.12M->44.62M 1.332ms
[71.199s] GC(1211) Pause Incremental GC (Collect on allocation) 74.62M->44.62M 1.798ms
[71.248s] GC(1212) Pause Incremental GC (Collect on allocation) 74.12M->44.62M 1.288ms
[71.299s] GC(1213) Pause Incremental GC (Collect on allocation) 73.62M->45.12M 1.418ms
[71.349s] GC(1214) Pause Incremental GC (Collect on allocation) 73.62M->45.12M 1.342ms
[71.397s] GC(1215) Pause Incremental GC (Collect on allocation) 73.12M->45.12M 1.277ms
[71.445s] GC(1216) Pause Incremental GC (Collect on allocation) 72.62M->45.12M 1.283ms
[71.492s] GC(1217) Pause Incremental GC (Collect on allocation) 72.12M->45.12M 1.262ms
[71.539s] GC(1218) Pause Incremental GC (Collect on allocation) 71.62M->45.12M 1.392ms
[71.584s] GC(1219) Pause Incremental GC (Collect on allocation) 71.12M->45.12M 1.295ms
[71.628s] GC(1220) Pause Incremental GC (Collect on allocation) 70.62M->45.12M 1.299ms
[71.672s] GC(1221) Pause Incremental GC (Collect on allocation) 70.12M->45.12M 1.351ms
[71.715s] GC(1222) Pause Incremental GC (Collect on allocation) 69.62M->45.12M 1.813ms
[71.757s] GC(1223) Pause Incremental GC (Collect on allocation) 69.12M->45.12M 1.307ms
[71.798s] GC(1224) Pause Incremental GC (Collect on allocation) 68.62M->45.12M 1.353ms
[71.839s] GC(1225) Pause Incremental GC (Collect on allocation) 68.12M->45.12M 1.319ms
[71.878s] GC(1226) Pause Incremental GC (Collect on allocation) 67.62M->45.12M 1.305ms
[71.916s] GC(1227) Pause Incremental GC (Collect on allocation) 67.12M->45.12M 1.397ms
[71.954s] GC(1228) Pause Incremental GC (Collect on allocation) 66.62M->45.12M 1.303ms
[71.991s] GC(1229) Pause Incremental GC (Collect on allocation) 66.12M->45.12M 1.224ms
[72.050s] GC(1230) Pause Full GC (Collect on allocation) 65.62M->43.62M 24.866ms
[72.071s] GC(1231) Pause Incremental GC (Collect on allocation) 63.12M->44.12M 1.615ms
[72.094s] GC(1232) Pause Incremental GC (Collect on allocation) 63.12M->44.12M 1.193ms
[72.129s] GC(1233) Pause Incremental GC (Collect on allocation) 64.62M->44.12M 1.304ms
[72.169s] GC(1234) Pause Incremental GC (Collect on allocation) 66.62M->44.12M 1.218ms
[72.211s] GC(1235) Pause Incremental GC (Collect on allocation) 68.62M->44.12M 1.371ms
[72.254s] GC(1236) Pause Incremental GC (Collect on allocation) 68.12M->44.12M 1.618ms
[72.299s] GC(1237) Pause Incremental GC (Collect on allocation) 70.12M->44.12M 1.334ms
[72.345s] GC(1238) Pause Incremental GC (Collect on allocation) 69.62M->44.62M 1.813ms
[72.395s] GC(1239) Pause Incremental GC (Collect on allocation) 72.62M->44.62M 1.892ms
[72.451s] GC(1240) Pause Incremental GC (Collect on allocation) 75.12M->45.12M 1.561ms
[72.502s] GC(1241) Pause Incremental GC (Collect on allocation) 75.12M->45.12M 2.104ms
[72.556s] GC(1242) Pause Incremental GC (Collect on allocation) 77.62M->45.62M 1.569ms
[72.613s] GC(1243) Pause Incremental GC (Collect on allocation) 77.62M->45.62M 1.361ms
[72.668s] GC(1244) Pause Incremental GC (Collect on allocation) 77.12M->46.12M 1.496ms
[72.722s] GC(1245) Pause Incremental GC (Collect on allocation) 77.12M->46.62M 1.402ms
[72.775s] GC(1246) Pause Incremental GC (Collect on allocation) 77.12M->46.62M 1.414ms
[72.828s] GC(1247) Pause Incremental GC (Collect on allocation) 76.62M->47.12M 1.527ms
[72.878s] GC(1248) Pause Incremental GC (Collect on allocation) 76.62M->47.62M 1.487ms
[72.928s] GC(1249) Pause Incremental GC (Collect on allocation) 76.62M->48.12M 1.597ms
[72.978s] GC(1250) Pause Incremental GC (Collect on allocation) 76.62M->48.12M 1.431ms
[73.026s] GC(1251) Pause Incremental GC (Collect on allocation) 76.12M->48.62M 1.461ms
[73.074s] GC(1252) Pause Incremental GC (Collect on allocation) 76.12M->49.12M 1.462ms
[73.121s] GC(1253) Pause Incremental GC (Collect on allocation) 76.12M->49.12M 1.355ms
[73.167s] GC(1254) Pause Incremental GC (Collect on allocation) 75.62M->49.12M 1.435ms
[73.212s] GC(1255) Pause Incremental GC (Collect on allocation) 75.12M->49.62M 1.361ms
[73.257s] GC(1256) Pause Incremental GC (Collect on allocation) 75.12M->49.62M 1.418ms
[73.300s] GC(1257) Pause Incremental GC (Collect on allocation) 74.62M->49.62M 1.416ms
[73.343s] GC(1258) Pause Incremental GC (Collect on allocation) 74.12M->49.62M 1.280ms
[73.385s] GC(1259) Pause Incremental GC (Collect on allocation) 73.62M->49.62M 1.292ms
[73.426s] GC(1260) Pause Incremental GC (Collect on allocation) 73.12M->49.62M 1.342ms
[73.467s] GC(1261) Pause Incremental GC (Collect on allocation) 72.62M->49.62M 1.247ms
[73.506s] GC(1262) Pause Incremental GC (Collect on allocation) 72.12M->49.62M 1.205ms
[73.545s] GC(1263) Pause Incremental GC (Collect on allocation) 71.62M->49.62M 1.199ms
[73.583s] GC(1264) Pause Incremental GC (Collect on allocation) 71.12M->49.62M 1.280ms
[73.620s] GC(1265) Pause Incremental GC (Collect on allocation) 70.62M->49.62M 1.340ms
[73.656s] GC(1266) Pause Incremental GC (Collect on allocation) 70.12M->49.62M 1.289ms
[73.691s] GC(1267) Pause Incremental GC (Collect on allocation) 69.62M->49.62M 1.400ms
[73.726s] GC(1268) Pause Incremental GC (Collect on allocation) 69.12M->50.12M 1.690ms
[73.762s] GC(1269) Pause Incremental GC (Collect on allocation) 71.12M->50.12M 1.252ms
[73.802s] GC(1270) Pause Incremental GC (Collect on allocation) 73.12M->50.12M 1.231ms
[73.866s] GC(1271) Pause Full GC (Collect on allocation) 75.12M->38.12M 20.702ms
[73.892s] GC(1272) Pause Incremental GC (Collect on allocation) 62.12M->38.12M 1.693ms
[73.930s] GC(1273) Pause Incremental GC (Collect on allocation) 61.62M->38.12M 1.463ms
[73.970s] GC(1274) Pause Incremental GC (Collect on allocation) 61.12M->38.12M 1.271ms
[74.010s] GC(1275) Pause Incremental GC (Collect on allocation) 60.62M->38.12M 1.211ms
[74.049s] GC(1276) Pause Incremental GC (Collect on allocation) 60.12M->38.12M 1.231ms
[74.086s] GC(1277) Pause Incremental GC (Collect on allocation) 59.62M->38.12M 1.369ms
[74.123s] GC(1278) Pause Incremental GC (Collect on allocation) 59.12M->38.12M 1.307ms
[74.159s] GC(1279) Pause Incremental GC (Collect on allocation) 58.62M->38.12M 1.290ms
[74.196s] GC(1280) Pause Incremental GC (Collect on allocation) 58.12M->38.62M 1.393ms
[74.228s] GC(1281) Pause Incremental GC (Collect on allocation) 58.12M->38.62M 1.329ms
[74.266s] GC(1282) Pause Incremental GC (Collect on allocation) 59.62M->38.62M 1.777ms
[74.305s] GC(1283) Pause Incremental GC (Collect on allocation) 61.62M->38.62M 1.170ms
[74.349s] GC(1284) Pause Incremental GC (Collect on allocation) 63.62M->38.62M 1.198ms
[74.392s] GC(1285) Pause Incremental GC (Collect on allocation) 63.12M->38.62M 1.291ms
[74.435s] GC(1286) Pause Incremental GC (Collect on allocation) 62.62M->38.62M 1.371ms
[74.476s] GC(1287) Pause Incremental GC (Collect on allocation) 62.12M->38.62M 1.341ms
[74.516s] GC(1288) Pause Incremental GC (Collect on allocation) 61.62M->38.62M 1.314ms
[74.555s] GC(1289) Pause Incremental GC (Collect on allocation) 61.12M->38.62M 1.243ms
[74.594s] GC(1290) Pause Incremental GC (Collect on allocation) 60.62M->38.62M 1.191ms
[74.632s] GC(1291) Pause Incremental GC (Collect on allocation) 60.12M->38.62M 1.257ms
[74.668s] GC(1292) Pause Incremental GC (Collect on allocation) 59.62M->38.62M 1.252ms
[74.704s] GC(1293) Pause Incremental GC (Collect on allocation) 59.12M->38.62M 1.308ms
[74.738s] GC(1294) Pause Incremental GC (Collect on allocation) 58.62M->38.62M 1.263ms
[74.773s] GC(1295) Pause Incremental GC (Collect on allocation) 58.12M->38.62M 1.657ms
[74.809s] GC(1296) Pause Incremental GC (Collect on allocation) 59.62M->39.12M 1.339ms
[74.849s] GC(1297) Pause Incremental GC (Collect on allocation) 62.12M->39.12M 1.331ms
[74.888s] GC(1298) Pause Incremental GC (Collect on allocation) 61.62M->39.12M 1.247ms
[74.926s] GC(1299) Pause Incremental GC (Collect on allocation) 61.12M->39.12M 1.191ms
[74.963s] GC(1300) Pause Incremental GC (Collect on allocation) 60.62M->39.12M 1.240ms
[75.000s] GC(1301) Pause Incremental GC (Collect on allocation) 60.12M->39.12M 1.188ms
[75.036s] GC(1302) Pause Incremental GC (Collect on allocation) 59.62M->39.12M 1.170ms
[75.071s] GC(1303) Pause Incremental GC (Collect on allocation) 59.12M->39.12M 1.203ms
[75.105s] GC(1304) Pause Incremental GC (Collect on allocation) 58.62M->39.12M 1.170ms
[75.138s] GC(1305) Pause Incremental GC (Collect on allocation) 58.12M->39.12M 1.268ms
[75.171s] GC(1306) Pause Incremental GC (Collect on allocation) 57.62M->39.12M 1.291ms
[75.202s] GC(1307) Pause Incremental GC (Collect on allocation) 57.12M->39.12M 1.207ms
[75.232s] GC(1308) Pause Incremental GC (Collect on allocation) 56.62M->39.12M 1.216ms
[75.265s] GC(1309) Pause Incremental GC (Collect on allocation) 58.12M->39.12M 1.209ms
[75.302s] GC(1310) Pause Incremental GC (Collect on allocation) 59.62M->39.12M 1.360ms
[75.341s] GC(1311) Pause Incremental GC (Collect on allocation) 61.62M->39.12M 1.236ms
[75.398s] GC(1312) Pause Full GC (Collect on allocation) 61.12M->38.12M 20.187ms
[75.421s] GC(1313) Pause Incremental GC (Collect on allocation) 59.12M->38.12M 1.546ms
[75.451s] GC(1314) Pause Incremental GC (Collect on allocation) 58.62M->38.12M 1.253ms
[75.487s] GC(1315) Pause Incremental GC (Collect on allocation) 58.12M->38.12M 1.306ms
[75.521s] GC(1316) Pause Incremental GC (Collect on allocation) 57.62M->38.12M 1.392ms
[75.558s] GC(1317) Pause Incremental GC (Collect on allocation) 59.12M->38.12M 1.277ms
[75.598s] GC(1318) Pause Incremental GC (Collect on allocation) 61.12M->38.12M 1.333ms
[75.637s] GC(1319) Pause Incremental GC (Collect on allocation) 60.62M->38.12M 1.291ms
[75.676s] GC(1320) Pause Incremental GC (Collect on allocation) 60.12M->38.12M 1.262ms
[75.713s] GC(1321) Pause Incremental GC (Collect on allocation) 59.62M->38.12M 1.351ms
[75.750s] GC(1322) Pause Incremental GC (Collect on allocation) 59.12M->38.12M 1.262ms
[75.785s] GC(1323) Pause Incremental GC (Collect on allocation) 58.62M->38.62M 1.258ms
[75.820s] GC(1324) Pause Incremental GC (Collect on allocation) 58.62M->38.62M 1.463ms
[75.838s] GC(1325) Pause Incremental GC (Collect on allocation) 58.12M->38.62M 1.326ms
[75.864s] GC(1326) Pause Incremental GC (Collect on allocation) 60.12M->38.62M 1.152ms
[75.905s] GC(1327) Pause Incremental GC (Collect on allocation) 62.12M->38.62M 1.196ms
[75.951s] GC(1328) Pause Incremental GC (Collect on allocation) 64.12M->38.62M 1.428ms
[75.999s] GC(1329) Pause Incremental GC (Collect on allocation) 66.62M->38.62M 1.732ms
[76.053s] GC(1330) Pause Incremental GC (Collect on allocation) 69.12M->39.12M 1.461ms
[76.105s] GC(1331) Pause Incremental GC (Collect on allocation) 69.12M->39.12M 1.525ms
[76.157s] GC(1332) Pause Incremental GC (Collect on allocation) 68.62M->39.12M 1.403ms
[76.208s] GC(1333) Pause Incremental GC (Collect on allocation) 68.12M->39.12M 1.321ms
[76.258s] GC(1334) Pause Incremental GC (Collect on allocation) 67.62M->39.12M 1.313ms
[76.306s] GC(1335) Pause Incremental GC (Collect on allocation) 67.12M->39.12M 1.338ms
[76.355s] GC(1336) Pause Incremental GC (Collect on allocation) 66.62M->39.12M 1.217ms
[76.402s] GC(1337) Pause Incremental GC (Collect on allocation) 66.12M->39.12M 1.259ms
[76.450s] GC(1338) Pause Incremental GC (Collect on allocation) 65.62M->39.12M 1.560ms
[76.495s] GC(1339) Pause Incremental GC (Collect on allocation) 65.12M->39.12M 1.339ms
[76.540s] GC(1340) Pause Incremental GC (Collect on allocation) 64.62M->39.12M 1.224ms
[76.584s] GC(1341) Pause Incremental GC (Collect on allocation) 64.12M->39.12M 1.258ms
[76.626s] GC(1342) Pause Incremental GC (Collect on allocation) 63.62M->39.12M 1.258ms
[76.667s] GC(1343) Pause Incremental GC (Collect on allocation) 63.12M->39.12M 1.286ms
[76.708s] GC(1344) Pause Incremental GC (Collect on allocation) 62.62M->39.12M 1.286ms
[76.748s] GC(1345) Pause Incremental GC (Collect on allocation) 62.12M->39.12M 1.256ms
[76.787s] GC(1346) Pause Incremental GC (Collect on allocation) 61.62M->39.12M 1.182ms
[76.826s] GC(1347) Pause Incremental GC (Collect on allocation) 61.12M->39.12M 1.211ms
[76.865s] GC(1348) Pause Incremental GC (Collect on allocation) 60.62M->39.12M 1.182ms
[76.902s] GC(1349) Pause Incremental GC (Collect on allocation) 60.12M->39.12M 1.747ms
[76.957s] GC(1350) Pause Full GC (Collect on allocation) 59.62M->38.12M 20.073ms
[76.978s] GC(1351) Pause Incremental GC (Collect on allocation) 57.62M->38.12M 1.475ms
[77.005s] GC(1352) Pause Incremental GC (Collect on allocation) 57.12M->38.12M 1.260ms
[77.037s] GC(1353) Pause Incremental GC (Collect on allocation) 56.62M->38.12M 1.242ms
[77.070s] GC(1354) Pause Incremental GC (Collect on allocation) 56.12M->38.12M 1.367ms
[77.101s] GC(1355) Pause Incremental GC (Collect on allocation) 57.62M->38.12M 1.246ms
[77.137s] GC(1356) Pause Incremental GC (Collect on allocation) 59.12M->38.12M 1.196ms
[77.177s] GC(1357) Pause Incremental GC (Collect on allocation) 61.12M->38.12M 1.179ms
[77.216s] GC(1358) Pause Incremental GC (Collect on allocation) 60.62M->38.62M 1.389ms
[77.254s] GC(1359) Pause Incremental GC (Collect on allocation) 60.62M->38.62M 1.329ms
[77.291s] GC(1360) Pause Incremental GC (Collect on allocation) 60.12M->38.62M 1.223ms
[77.328s] GC(1361) Pause Incremental GC (Collect on allocation) 59.62M->38.62M 1.167ms
[77.364s] GC(1362) Pause Incremental GC (Collect on allocation) 59.12M->38.62M 1.242ms
[77.399s] GC(1363) Pause Incremental GC (Collect on allocation) 58.62M->38.62M 1.217ms
[77.433s] GC(1364) Pause Incremental GC (Collect on allocation) 58.12M->38.62M 1.282ms
[77.466s] GC(1365) Pause Incremental GC (Collect on allocation) 57.62M->38.62M 1.352ms
[77.498s] GC(1366) Pause Incremental GC (Collect on allocation) 57.12M->38.62M 1.210ms
[77.528s] GC(1367) Pause Incremental GC (Collect on allocation) 56.62M->38.62M 1.212ms
[77.559s] GC(1368) Pause Incremental GC (Collect on allocation) 56.12M->38.62M 1.201ms
[77.589s] GC(1369) Pause Incremental GC (Collect on allocation) 55.62M->38.62M 1.266ms
[77.620s] GC(1370) Pause Incremental GC (Collect on allocation) 57.12M->38.62M 1.277ms
[77.655s] GC(1371) Pause Incremental GC (Collect on allocation) 58.62M->38.62M 1.357ms
[77.693s] GC(1372) Pause Incremental GC (Collect on allocation) 60.12M->38.62M 1.232ms
[77.733s] GC(1373) Pause Incremental GC (Collect on allocation) 62.12M->38.62M 1.247ms
[77.774s] GC(1374) Pause Incremental GC (Collect on allocation) 61.62M->38.62M 1.344ms
[77.813s] GC(1375) Pause Incremental GC (Collect on allocation) 61.12M->39.12M 1.333ms
[77.851s] GC(1376) Pause Incremental GC (Collect on allocation) 61.12M->39.12M 1.258ms
[77.888s] GC(1377) Pause Incremental GC (Collect on allocation) 60.62M->39.12M 1.328ms
[77.924s] GC(1378) Pause Incremental GC (Collect on allocation) 60.12M->39.12M 1.230ms
[77.960s] GC(1379) Pause Incremental GC (Collect on allocation) 59.62M->39.12M 1.261ms
[77.994s] GC(1380) Pause Incremental GC (Collect on allocation) 59.12M->39.12M 1.324ms
[78.028s] GC(1381) Pause Incremental GC (Collect on allocation) 58.62M->39.12M 1.780ms
[78.064s] GC(1382) Pause Incremental GC (Collect on allocation) 60.12M->39.12M 1.359ms
[78.104s] GC(1383) Pause Incremental GC (Collect on allocation) 62.12M->39.62M 1.416ms
[78.147s] GC(1384) Pause Incremental GC (Collect on allocation) 64.62M->39.62M 1.412ms
[78.208s] GC(1385) Pause Full GC (Collect on allocation) 64.12M->37.62M 19.226ms
[78.235s] GC(1386) Pause Incremental GC (Collect on allocation) 61.12M->38.12M 1.686ms
[78.271s] GC(1387) Pause Incremental GC (Collect on allocation) 61.12M->38.12M 1.487ms
[78.310s] GC(1388) Pause Incremental GC (Collect on allocation) 60.62M->38.62M 1.346ms
[78.348s] GC(1389) Pause Incremental GC (Collect on allocation) 60.62M->38.62M 1.369ms
[78.385s] GC(1390) Pause Incremental GC (Collect on allocation) 60.12M->39.12M 1.487ms
[78.421s] GC(1391) Pause Incremental GC (Collect on allocation) 60.12M->39.12M 1.469ms
[78.461s] GC(1392) Pause Incremental GC (Collect on allocation) 62.12M->39.62M 1.362ms
[78.504s] GC(1393) Pause Incremental GC (Collect on allocation) 64.62M->39.62M 1.542ms
[78.547s] GC(1394) Pause Incremental GC (Collect on allocation) 64.12M->40.12M 1.491ms
[78.589s] GC(1395) Pause Incremental GC (Collect on allocation) 64.12M->40.12M 1.419ms
[78.630s] GC(1396) Pause Incremental GC (Collect on allocation) 63.62M->40.62M 1.352ms
[78.670s] GC(1397) Pause Incremental GC (Collect on allocation) 63.62M->41.12M 1.430ms
[78.710s] GC(1398) Pause Incremental GC (Collect on allocation) 63.62M->41.12M 1.405ms
[78.747s] GC(1399) Pause Incremental GC (Collect on allocation) 63.12M->41.62M 1.406ms
[78.784s] GC(1400) Pause Incremental GC (Collect on allocation) 63.12M->41.62M 1.376ms
[78.821s] GC(1401) Pause Incremental GC (Collect on allocation) 62.62M->42.12M 1.454ms
[78.856s] GC(1402) Pause Incremental GC (Collect on allocation) 62.62M->42.12M 1.378ms
[78.891s] GC(1403) Pause Incremental GC (Collect on allocation) 62.12M->42.62M 1.310ms
[78.928s] GC(1404) Pause Incremental GC (Collect on allocation) 64.12M->42.62M 1.368ms
[78.965s] GC(1405) Pause Incremental GC (Collect on allocation) 63.62M->42.62M 1.312ms
[79.000s] GC(1406) Pause Incremental GC (Collect on allocation) 63.12M->42.62M 1.298ms
[79.035s] GC(1407) Pause Incremental GC (Collect on allocation) 62.62M->42.62M 1.265ms
[79.069s] GC(1408) Pause Incremental GC (Collect on allocation) 62.12M->42.62M 1.233ms
[79.103s] GC(1409) Pause Incremental GC (Collect on allocation) 61.62M->42.62M 1.233ms
[79.138s] GC(1410) Pause Incremental GC (Collect on allocation) 61.12M->42.62M 1.731ms
[79.170s] GC(1411) Pause Incremental GC (Collect on allocation) 62.62M->42.62M 1.194ms
[79.208s] GC(1412) Pause Incremental GC (Collect on allocation) 64.12M->42.62M 1.217ms
[79.245s] GC(1413) Pause Incremental GC (Collect on allocation) 63.62M->42.62M 1.188ms
[79.281s] GC(1414) Pause Incremental GC (Collect on allocation) 63.12M->42.62M 1.297ms
[79.316s] GC(1415) Pause Incremental GC (Collect on allocation) 62.62M->42.62M 1.275ms
[79.350s] GC(1416) Pause Incremental GC (Collect on allocation) 62.12M->42.62M 1.219ms
[79.383s] GC(1417) Pause Incremental GC (Collect on allocation) 61.62M->42.62M 1.343ms
[79.415s] GC(1418) Pause Incremental GC (Collect on allocation) 61.12M->42.62M 1.246ms
[79.448s] GC(1419) Pause Incremental GC (Collect on allocation) 60.62M->42.62M 1.378ms
[79.481s] GC(1420) Pause Incremental GC (Collect on allocation) 62.12M->42.62M 1.326ms
[79.518s] GC(1421) Pause Incremental GC (Collect on allocation) 63.62M->42.62M 1.199ms
[79.573s] GC(1422) Pause Full GC (Collect on allocation) 63.12M->38.12M 20.815ms
[79.594s] GC(1423) Pause Incremental GC (Collect on allocation) 57.62M->38.12M 1.491ms
[79.620s] GC(1424) Pause Incremental GC (Collect on allocation) 57.12M->38.12M 1.282ms
[79.656s] GC(1425) Pause Incremental GC (Collect on allocation) 58.62M->38.12M 1.206ms
[79.695s] GC(1426) Pause Incremental GC (Collect on allocation) 60.62M->38.12M 1.309ms
[79.738s] GC(1427) Pause Incremental GC (Collect on allocation) 62.62M->38.12M 1.323ms
[79.780s] GC(1428) Pause Incremental GC (Collect on allocation) 62.12M->38.12M 1.379ms
[79.822s] GC(1429) Pause Incremental GC (Collect on allocation) 61.62M->38.12M 1.434ms
[79.861s] GC(1430) Pause Incremental GC (Collect on allocation) 61.12M->38.12M 1.243ms
[79.900s] GC(1431) Pause Incremental GC (Collect on allocation) 60.62M->38.12M 1.291ms
[79.939s] GC(1432) Pause Incremental GC (Collect on allocation) 60.12M->38.12M 1.349ms
[79.977s] GC(1433) Pause Incremental GC (Collect on allocation) 59.62M->38.12M 1.202ms
[80.014s] GC(1434) Pause Incremental GC (Collect on allocation) 59.12M->38.62M 1.356ms
[80.049s] GC(1435) Pause Incremental GC (Collect on allocation) 59.12M->38.62M 1.335ms
[80.084s] GC(1436) Pause Incremental GC (Collect on allocation) 58.62M->38.62M 1.344ms
[80.118s] GC(1437) Pause Incremental GC (Collect on allocation) 58.12M->38.62M 1.238ms
[80.151s] GC(1438) Pause Incremental GC (Collect on allocation) 57.62M->38.62M 1.297ms
[80.182s] GC(1439) Pause Incremental GC (Collect on allocation) 57.12M->38.62M 1.243ms
[80.217s] GC(1440) Pause Incremental GC (Collect on allocation) 58.62M->38.62M 1.314ms
[80.255s] GC(1441) Pause Incremental GC (Collect on allocation) 60.12M->38.62M 1.202ms
[80.292s] GC(1442) Pause Incremental GC (Collect on allocation) 59.62M->38.62M 1.634ms
[80.332s] GC(1443) Pause Incremental GC (Collect on allocation) 61.62M->38.62M 1.360ms
[80.375s] GC(1444) Pause Incremental GC (Collect on allocation) 63.62M->38.62M 1.473ms
[80.418s] GC(1445) Pause Incremental GC (Collect on allocation) 63.12M->38.62M 1.356ms
[80.460s] GC(1446) Pause Incremental GC (Collect on allocation) 62.62M->39.12M 1.306ms
[80.502s] GC(1447) Pause Incremental GC (Collect on allocation) 62.62M->39.12M 1.330ms
[80.542s] GC(1448) Pause Incremental GC (Collect on allocation) 62.12M->39.12M 1.280ms
[80.581s] GC(1449) Pause Incremental GC (Collect on allocation) 61.62M->39.12M 1.229ms
[80.619s] GC(1450) Pause Incremental GC (Collect on allocation) 61.12M->39.12M 1.300ms
[80.658s] GC(1451) Pause Incremental GC (Collect on allocation) 60.62M->39.12M 1.205ms
[80.695s] GC(1452) Pause Incremental GC (Collect on allocation) 60.12M->39.12M 1.191ms
[80.731s] GC(1453) Pause Incremental GC (Collect on allocation) 59.62M->39.12M 1.237ms
[80.766s] GC(1454) Pause Incremental GC (Collect on allocation) 59.12M->39.12M 1.208ms
[80.800s] GC(1455) Pause Incremental GC (Collect on allocation) 58.62M->39.12M 1.277ms
[80.833s] GC(1456) Pause Incremental GC (Collect on allocation) 58.12M->39.12M 1.344ms
[80.839s] GC(1457) Pause Incremental GC (Collect on allocation) 57.62M->39.62M 1.291ms
[80.894s] GC(1458) Pause Full GC (Collect on allocation) 60.12M->38.12M 21.114ms
[80.922s] GC(1459) Pause Incremental GC (Collect on allocation) 63.62M->38.12M 1.548ms
[80.969s] GC(1460) Pause Incremental GC (Collect on allocation) 66.12M->38.12M 1.315ms
[81.024s] GC(1461) Pause Incremental GC (Collect on allocation) 68.62M->38.12M 1.252ms
[81.083s] GC(1462) Pause Incremental GC (Collect on allocation) 71.62M->38.12M 1.471ms
[81.147s] GC(1463) Pause Incremental GC (Collect on allocation) 74.62M->38.12M 1.539ms
[81.210s] GC(1464) Pause Incremental GC (Collect on allocation) 74.12M->38.12M 1.362ms
[81.272s] GC(1465) Pause Incremental GC (Collect on allocation) 73.62M->38.12M 1.319ms
[81.334s] GC(1466) Pause Incremental GC (Collect on allocation) 73.12M->38.62M 1.399ms
[81.395s] GC(1467) Pause Incremental GC (Collect on allocation) 73.12M->38.62M 1.355ms
[81.455s] GC(1468) Pause Incremental GC (Collect on allocation) 72.62M->38.62M 1.371ms
[81.514s] GC(1469) Pause Incremental GC (Collect on allocation) 72.12M->38.62M 1.257ms
[81.572s] GC(1470) Pause Incremental GC (Collect on allocation) 71.62M->38.62M 1.332ms
[81.630s] GC(1471) Pause Incremental GC (Collect on allocation) 71.12M->38.62M 1.574ms
[81.686s] GC(1472) Pause Incremental GC (Collect on allocation) 70.62M->38.62M 1.279ms
[81.742s] GC(1473) Pause Incremental GC (Collect on allocation) 70.12M->38.62M 1.200ms
[81.796s] GC(1474) Pause Incremental GC (Collect on allocation) 69.62M->38.62M 1.338ms
[81.850s] GC(1475) Pause Incremental GC (Collect on allocation) 69.12M->38.62M 1.296ms
[81.903s] GC(1476) Pause Incremental GC (Collect on allocation) 68.62M->38.62M 1.203ms
[81.955s] GC(1477) Pause Incremental GC (Collect on allocation) 68.12M->38.62M 1.408ms
[82.007s] GC(1478) Pause Incremental GC (Collect on allocation) 67.62M->38.62M 1.773ms
[82.056s] GC(1479) Pause Incremental GC (Collect on allocation) 67.12M->38.62M 1.215ms
[82.106s] GC(1480) Pause Incremental GC (Collect on allocation) 66.62M->38.62M 1.251ms
[82.154s] GC(1481) Pause Incremental GC (Collect on allocation) 66.12M->38.62M 1.231ms
[82.202s] GC(1482) Pause Incremental GC (Collect on allocation) 65.62M->38.62M 1.201ms
[82.249s] GC(1483) Pause Incremental GC (Collect on allocation) 65.12M->38.62M 1.244ms
[82.294s] GC(1484) Pause Incremental GC (Collect on allocation) 64.62M->38.62M 1.209ms
[82.339s] GC(1485) Pause Incremental GC (Collect on allocation) 64.12M->38.62M 1.321ms
[82.383s] GC(1486) Pause Incremental GC (Collect on allocation) 63.62M->38.62M 1.366ms
[82.427s] GC(1487) Pause Incremental GC (Collect on allocation) 63.12M->38.62M 1.795ms
[82.468s] GC(1488) Pause Incremental GC (Collect on allocation) 62.62M->38.62M 1.205ms
[82.509s] GC(1489) Pause Incremental GC (Collect on allocation) 62.12M->38.62M 1.226ms
[82.550s] GC(1490) Pause Incremental GC (Collect on allocation) 61.62M->38.62M 1.249ms
[82.590s] GC(1491) Pause Incremental GC (Collect on allocation) 61.12M->38.62M 1.206ms
[82.661s] GC(1492) Pause Full GC (Collect on allocation) 60.62M->38.12M 30.682ms
[82.689s] GC(1493) Pause Incremental GC (Collect on allocation) 59.12M->38.12M 1.807ms
[82.715s] GC(1494) Pause Incremental GC (Collect on allocation) 58.62M->38.62M 2.001ms
[82.746s] GC(1495) Pause Incremental GC (Collect on allocation) 61.12M->38.62M 1.592ms
[82.785s] GC(1496) Pause Incremental GC (Collect on allocation) 63.12M->38.62M 1.435ms
[82.831s] GC(1497) Pause Incremental GC (Collect on allocation) 65.12M->38.62M 1.761ms
[82.880s] GC(1498) Pause Incremental GC (Collect on allocation) 67.62M->38.62M 1.264ms
[82.936s] GC(1499) Pause Incremental GC (Collect on allocation) 70.12M->38.62M 1.256ms
[82.991s] GC(1500) Pause Incremental GC (Collect on allocation) 69.62M->38.62M 1.217ms
[83.045s] GC(1501) Pause Incremental GC (Collect on allocation) 69.12M->38.62M 1.933ms
[83.098s] GC(1502) Pause Incremental GC (Collect on allocation) 68.62M->38.62M 1.427ms
[83.148s] GC(1503) Pause Incremental GC (Collect on allocation) 68.12M->38.62M 1.266ms
[83.200s] GC(1504) Pause Incremental GC (Collect on allocation) 67.62M->38.62M 1.213ms
[83.250s] GC(1505) Pause Incremental GC (Collect on allocation) 67.12M->38.62M 1.334ms
[83.301s] GC(1506) Pause Incremental GC (Collect on allocation) 66.62M->38.62M 1.366ms
[83.348s] GC(1507) Pause Incremental GC (Collect on allocation) 66.12M->39.12M 1.437ms
[83.396s] GC(1508) Pause Incremental GC (Collect on allocation) 66.12M->39.12M 1.478ms
[83.442s] GC(1509) Pause Incremental GC (Collect on allocation) 65.62M->39.12M 1.289ms
[83.488s] GC(1510) Pause Incremental GC (Collect on allocation) 65.12M->39.12M 1.481ms
[83.532s] GC(1511) Pause Incremental GC (Collect on allocation) 64.62M->39.12M 1.239ms
[83.576s] GC(1512) Pause Incremental GC (Collect on allocation) 64.12M->39.12M 1.299ms
[83.619s] GC(1513) Pause Incremental GC (Collect on allocation) 63.62M->39.12M 1.315ms
[83.661s] GC(1514) Pause Incremental GC (Collect on allocation) 63.12M->39.12M 1.324ms
[83.705s] GC(1515) Pause Incremental GC (Collect on allocation) 62.62M->39.12M 1.309ms
[83.743s] GC(1516) Pause Incremental GC (Collect on allocation) 62.12M->39.12M 1.360ms
[83.783s] GC(1517) Pause Incremental GC (Collect on allocation) 61.62M->39.12M 1.391ms
[83.821s] GC(1518) Pause Incremental GC (Collect on allocation) 61.12M->39.62M 1.412ms
[83.858s] GC(1519) Pause Incremental GC (Collect on allocation) 61.12M->39.62M 1.386ms
[83.895s] GC(1520) Pause Incremental GC (Collect on allocation) 60.62M->39.62M 1.512ms
[83.931s] GC(1521) Pause Incremental GC (Collect on allocation) 60.12M->40.12M 1.635ms
[83.970s] GC(1522) Pause Incremental GC (Collect on allocation) 62.62M->40.12M 1.558ms
[84.013s] GC(1523) Pause Incremental GC (Collect on allocation) 64.62M->40.62M 1.629ms
[84.062s] GC(1524) Pause Incremental GC (Collect on allocation) 67.12M->41.12M 1.590ms
[84.109s] GC(1525) Pause Incremental GC (Collect on allocation) 70.12M->41.12M 1.516ms
[84.175s] GC(1526) Pause Full GC (Collect on allocation) 69.62M->38.12M 18.150ms
[84.207s] GC(1527) Pause Incremental GC (Collect on allocation) 65.62M->38.12M 1.631ms
[84.254s] GC(1528) Pause Incremental GC (Collect on allocation) 65.12M->38.62M 1.453ms
[84.300s] GC(1529) Pause Incremental GC (Collect on allocation) 65.12M->39.12M 1.509ms
[84.345s] GC(1530) Pause Incremental GC (Collect on allocation) 65.12M->39.12M 1.466ms
[84.389s] GC(1531) Pause Incremental GC (Collect on allocation) 64.62M->39.62M 1.699ms
[84.431s] GC(1532) Pause Incremental GC (Collect on allocation) 64.62M->39.62M 1.376ms
[84.473s] GC(1533) Pause Incremental GC (Collect on allocation) 64.12M->40.12M 1.441ms
[84.515s] GC(1534) Pause Incremental GC (Collect on allocation) 64.12M->40.62M 1.399ms
[84.557s] GC(1535) Pause Incremental GC (Collect on allocation) 64.12M->40.62M 1.318ms
[84.596s] GC(1536) Pause Incremental GC (Collect on allocation) 63.62M->40.62M 1.366ms
[84.637s] GC(1537) Pause Incremental GC (Collect on allocation) 63.12M->41.12M 1.404ms
[84.675s] GC(1538) Pause Incremental GC (Collect on allocation) 63.12M->41.12M 1.291ms
[84.712s] GC(1539) Pause Incremental GC (Collect on allocation) 62.62M->41.12M 1.268ms
[84.749s] GC(1540) Pause Incremental GC (Collect on allocation) 62.12M->41.12M 1.328ms
[84.785s] GC(1541) Pause Incremental GC (Collect on allocation) 61.62M->41.12M 1.437ms
[84.819s] GC(1542) Pause Incremental GC (Collect on allocation) 61.12M->41.12M 1.462ms
[84.853s] GC(1543) Pause Incremental GC (Collect on allocation) 60.62M->41.12M 1.187ms
[84.886s] GC(1544) Pause Incremental GC (Collect on allocation) 60.12M->41.62M 1.232ms
[84.919s] GC(1545) Pause Incremental GC (Collect on allocation) 60.12M->41.62M 1.267ms
[84.952s] GC(1546) Pause Incremental GC (Collect on allocation) 59.62M->41.62M 1.319ms
[84.984s] GC(1547) Pause Incremental GC (Collect on allocation) 61.12M->41.62M 1.307ms
[85.021s] GC(1548) Pause Incremental GC (Collect on allocation) 62.62M->41.62M 1.275ms
[85.061s] GC(1549) Pause Incremental GC (Collect on allocation) 64.62M->41.62M 1.256ms
[85.101s] GC(1550) Pause Incremental GC (Collect on allocation) 64.12M->41.62M 1.218ms
[85.140s] GC(1551) Pause Incremental GC (Collect on allocation) 63.62M->41.62M 1.254ms
[85.178s] GC(1552) Pause Incremental GC (Collect on allocation) 63.12M->41.62M 1.265ms
[85.215s] GC(1553) Pause Incremental GC (Collect on allocation) 62.62M->41.62M 1.270ms
[85.251s] GC(1554) Pause Incremental GC (Collect on allocation) 62.12M->41.62M 1.266ms
[85.286s] GC(1555) Pause Incremental GC (Collect on allocation) 61.62M->41.62M 1.334ms
[85.320s] GC(1556) Pause Incremental GC (Collect on allocation) 61.12M->41.62M 1.216ms
[85.353s] GC(1557) Pause Incremental GC (Collect on allocation) 60.62M->41.62M 1.211ms
[85.384s] GC(1558) Pause Incremental GC (Collect on allocation) 60.12M->41.62M 1.291ms
[85.416s] GC(1559) Pause Incremental GC (Collect on allocation) 59.62M->41.62M 1.301ms
[85.450s] GC(1560) Pause Incremental GC (Collect on allocation) 61.12M->41.62M 1.383ms
[85.486s] GC(1561) Pause Incremental GC (Collect on allocation) 62.62M->41.62M 1.261ms
[85.526s] GC(1562) Pause Incremental GC (Collect on allocation) 64.62M->41.62M 1.188ms
[85.566s] GC(1563) Pause Incremental GC (Collect on allocation) 64.12M->41.62M 1.219ms
[85.604s] GC(1564) Pause Incremental GC (Collect on allocation) 63.62M->41.62M 1.273ms
[85.662s] GC(1565) Pause Full GC (Collect on allocation) 63.12M->38.12M 21.841ms
[85.686s] GC(1566) Pause Incremental GC (Collect on allocation) 58.62M->38.12M 1.722ms
[85.711s] GC(1567) Pause Incremental GC (Collect on allocation) 58.12M->38.12M 1.298ms
[85.749s] GC(1568) Pause Incremental GC (Collect on allocation) 59.62M->38.12M 1.267ms
[85.790s] GC(1569) Pause Incremental GC (Collect on allocation) 61.62M->38.12M 1.332ms
[85.831s] GC(1570) Pause Incremental GC (Collect on allocation) 61.12M->38.12M 1.359ms
[85.844s] GC(1571) Pause Incremental GC (Collect on allocation) 60.62M->38.12M 1.268ms
[85.882s] GC(1572) Pause Incremental GC (Collect on allocation) 60.12M->38.12M 1.209ms
[85.919s] GC(1573) Pause Incremental GC (Collect on allocation) 59.62M->38.12M 1.281ms
[85.955s] GC(1574) Pause Incremental GC (Collect on allocation) 59.12M->38.12M 1.388ms
[85.993s] GC(1575) Pause Incremental GC (Collect on allocation) 58.62M->38.62M 1.531ms
[86.026s] GC(1576) Pause Incremental GC (Collect on allocation) 58.62M->38.62M 1.282ms
[86.060s] GC(1577) Pause Incremental GC (Collect on allocation) 58.12M->38.62M 1.167ms
[86.095s] GC(1578) Pause Incremental GC (Collect on allocation) 57.62M->38.62M 1.367ms
[86.126s] GC(1579) Pause Incremental GC (Collect on allocation) 57.12M->38.62M 1.185ms
[86.158s] GC(1580) Pause Incremental GC (Collect on allocation) 56.62M->38.62M 1.538ms
[86.188s] GC(1581) Pause Incremental GC (Collect on allocation) 56.12M->38.62M 1.203ms
[86.217s] GC(1582) Pause Incremental GC (Collect on allocation) 55.62M->38.62M 1.214ms
[86.246s] GC(1583) Pause Incremental GC (Collect on allocation) 55.12M->38.62M 1.245ms
[86.277s] GC(1584) Pause Incremental GC (Collect on allocation) 56.62M->38.62M 1.302ms
[86.311s] GC(1585) Pause Incremental GC (Collect on allocation) 58.12M->38.62M 1.193ms
[86.348s] GC(1586) Pause Incremental GC (Collect on allocation) 59.62M->38.62M 1.280ms
[86.387s] GC(1587) Pause Incremental GC (Collect on allocation) 61.62M->38.62M 1.250ms
[86.431s] GC(1588) Pause Incremental GC (Collect on allocation) 63.62M->39.12M 1.386ms
[86.474s] GC(1589) Pause Incremental GC (Collect on allocation) 63.62M->39.12M 1.307ms
[86.515s] GC(1590) Pause Incremental GC (Collect on allocation) 63.12M->39.12M 1.269ms
[86.557s] GC(1591) Pause Incremental GC (Collect on allocation) 62.62M->39.12M 1.237ms
[86.597s] GC(1592) Pause Incremental GC (Collect on allocation) 62.12M->39.12M 1.403ms
[86.637s] GC(1593) Pause Incremental GC (Collect on allocation) 61.62M->39.12M 1.306ms
[86.676s] GC(1594) Pause Incremental GC (Collect on allocation) 61.12M->39.12M 1.293ms
[86.715s] GC(1595) Pause Incremental GC (Collect on allocation) 60.62M->39.12M 1.252ms
[86.751s] GC(1596) Pause Incremental GC (Collect on allocation) 60.12M->39.12M 1.305ms
[86.785s] GC(1597) Pause Incremental GC (Collect on allocation) 59.62M->39.12M 1.294ms
[86.820s] GC(1598) Pause Incremental GC (Collect on allocation) 59.12M->39.12M 1.153ms
[86.855s] GC(1599) Pause Incremental GC (Collect on allocation) 58.62M->39.12M 1.180ms
[86.888s] GC(1600) Pause Incremental GC (Collect on allocation) 58.12M->39.12M 1.184ms
[86.920s] GC(1601) Pause Incremental GC (Collect on allocation) 57.62M->39.12M 1.141ms
[86.952s] GC(1602) Pause Incremental GC (Collect on allocation) 57.12M->39.12M 1.156ms
[86.982s] GC(1603) Pause Incremental GC (Collect on allocation) 56.62M->39.12M 1.332ms
[87.034s] GC(1604) Pause Full GC (Collect on allocation) 58.12M->38.12M 21.080ms
[87.062s] GC(1605) Pause Incremental GC (Collect on allocation) 60.62M->38.12M 1.646ms
[87.093s] GC(1606) Pause Incremental GC (Collect on allocation) 60.12M->38.12M 1.315ms
[87.134s] GC(1607) Pause Incremental GC (Collect on allocation) 62.12M->38.12M 1.384ms
[87.186s] GC(1608) Pause Incremental GC (Collect on allocation) 61.62M->38.12M 1.632ms
[87.216s] GC(1609) Pause Incremental GC (Collect on allocation) 61.12M->38.12M 1.350ms
[87.261s] GC(1610) Pause Incremental GC (Collect on allocation) 63.12M->38.12M 1.977ms
[87.307s] GC(1611) Pause Incremental GC (Collect on allocation) 62.62M->38.62M 1.580ms
[87.345s] GC(1612) Pause Incremental GC (Collect on allocation) 62.62M->38.62M 1.635ms
[87.385s] GC(1613) Pause Incremental GC (Collect on allocation) 62.12M->38.62M 1.646ms
[87.425s] GC(1614) Pause Incremental GC (Collect on allocation) 61.62M->38.62M 1.666ms
[87.466s] GC(1615) Pause Incremental GC (Collect on allocation) 61.12M->38.62M 1.867ms
[87.504s] GC(1616) Pause Incremental GC (Collect on allocation) 60.62M->38.62M 1.791ms
[87.541s] GC(1617) Pause Incremental GC (Collect on allocation) 60.12M->38.62M 1.237ms
[87.578s] GC(1618) Pause Incremental GC (Collect on allocation) 59.62M->38.62M 1.431ms
[87.614s] GC(1619) Pause Incremental GC (Collect on allocation) 59.12M->38.62M 1.281ms
[87.649s] GC(1620) Pause Incremental GC (Collect on allocation) 58.62M->38.62M 1.270ms
[87.682s] GC(1621) Pause Incremental GC (Collect on allocation) 58.12M->38.62M 1.324ms
[87.716s] GC(1622) Pause Incremental GC (Collect on allocation) 57.62M->38.62M 1.252ms
[87.748s] GC(1623) Pause Incremental GC (Collect on allocation) 57.12M->38.62M 1.195ms
[87.780s] GC(1624) Pause Incremental GC (Collect on allocation) 56.62M->38.62M 1.185ms
[87.810s] GC(1625) Pause Incremental GC (Collect on allocation) 56.12M->38.62M 1.217ms
[87.840s] GC(1626) Pause Incremental GC (Collect on allocation) 55.62M->38.62M 1.216ms
[87.870s] GC(1627) Pause Incremental GC (Collect on allocation) 55.12M->38.62M 1.927ms
[87.901s] GC(1628) Pause Incremental GC (Collect on allocation) 57.12M->39.12M 1.332ms
[87.937s] GC(1629) Pause Incremental GC (Collect on allocation) 59.62M->39.12M 1.394ms
[87.976s] GC(1630) Pause Incremental GC (Collect on allocation) 61.62M->39.12M 1.593ms
[88.021s] GC(1631) Pause Incremental GC (Collect on allocation) 63.62M->39.12M 1.814ms
[88.065s] GC(1632) Pause Incremental GC (Collect on allocation) 65.62M->39.12M 1.345ms
[88.116s] GC(1633) Pause Incremental GC (Collect on allocation) 68.12M->39.12M 1.311ms
[88.166s] GC(1634) Pause Incremental GC (Collect on allocation) 67.62M->39.12M 1.455ms
[88.215s] GC(1635) Pause Incremental GC (Collect on allocation) 67.12M->39.12M 1.350ms
[88.263s] GC(1636) Pause Incremental GC (Collect on allocation) 66.62M->39.12M 1.331ms
[88.309s] GC(1637) Pause Incremental GC (Collect on allocation) 66.12M->39.12M 1.302ms
[88.377s] GC(1638) Pause Full GC (Collect on allocation) 65.62M->38.12M 20.839ms
[88.407s] GC(1639) Pause Incremental GC (Collect on allocation) 63.62M->38.12M 1.928ms
[88.444s] GC(1640) Pause Incremental GC (Collect on allocation) 63.12M->38.12M 1.431ms
[88.487s] GC(1641) Pause Incremental GC (Collect on allocation) 62.62M->38.12M 1.853ms
[88.529s] GC(1642) Pause Incremental GC (Collect on allocation) 62.12M->38.12M 1.334ms
[88.570s] GC(1643) Pause Incremental GC (Collect on allocation) 61.62M->38.12M 1.451ms
[88.609s] GC(1644) Pause Incremental GC (Collect on allocation) 61.12M->38.12M 1.301ms
[88.648s] GC(1645) Pause Incremental GC (Collect on allocation) 60.62M->38.62M 1.280ms
[88.687s] GC(1646) Pause Incremental GC (Collect on allocation) 60.62M->38.62M 1.380ms
[88.724s] GC(1647) Pause Incremental GC (Collect on allocation) 60.12M->38.62M 1.267ms
[88.761s] GC(1648) Pause Incremental GC (Collect on allocation) 59.62M->38.62M 1.189ms
[88.797s] GC(1649) Pause Incremental GC (Collect on allocation) 59.12M->38.62M 1.238ms
[88.832s] GC(1650) Pause Incremental GC (Collect on allocation) 58.62M->38.62M 1.215ms
[88.866s] GC(1651) Pause Incremental GC (Collect on allocation) 58.12M->38.62M 1.207ms
[88.900s] GC(1652) Pause Incremental GC (Collect on allocation) 57.62M->38.62M 1.182ms
[88.931s] GC(1653) Pause Incremental GC (Collect on allocation) 57.12M->38.62M 1.302ms
[88.962s] GC(1654) Pause Incremental GC (Collect on allocation) 56.62M->38.62M 1.260ms
[88.996s] GC(1655) Pause Incremental GC (Collect on allocation) 58.12M->38.62M 1.240ms
[89.033s] GC(1656) Pause Incremental GC (Collect on allocation) 59.62M->38.62M 1.258ms
[89.069s] GC(1657) Pause Incremental GC (Collect on allocation) 59.12M->38.62M 1.276ms
[89.105s] GC(1658) Pause Incremental GC (Collect on allocation) 58.62M->38.62M 1.857ms
[89.142s] GC(1659) Pause Incremental GC (Collect on allocation) 60.12M->38.62M 1.450ms
[89.186s] GC(1660) Pause Incremental GC (Collect on allocation) 62.12M->38.62M 1.431ms
[89.227s] GC(1661) Pause Incremental GC (Collect on allocation) 64.12M->38.62M 1.378ms
[89.277s] GC(1662) Pause Incremental GC (Collect on allocation) 66.62M->38.62M 1.356ms
[89.326s] GC(1663) Pause Incremental GC (Collect on allocation) 66.12M->39.12M 1.610ms
[89.372s] GC(1664) Pause Incremental GC (Collect on allocation) 66.12M->39.12M 1.403ms
[89.418s] GC(1665) Pause Incremental GC (Collect on allocation) 65.62M->39.12M 1.331ms
[89.467s] GC(1666) Pause Incremental GC (Collect on allocation) 65.12M->39.12M 1.601ms
[89.508s] GC(1667) Pause Incremental GC (Collect on allocation) 64.62M->39.12M 1.553ms
[89.551s] GC(1668) Pause Incremental GC (Collect on allocation) 64.12M->39.62M 1.349ms
[89.594s] GC(1669) Pause Incremental GC (Collect on allocation) 64.12M->39.62M 1.285ms
[89.636s] GC(1670) Pause Incremental GC (Collect on allocation) 63.62M->39.62M 1.330ms
[89.695s] GC(1671) Pause Full GC (Collect on allocation) 63.12M->37.62M 19.734ms
[89.725s] GC(1672) Pause Incremental GC (Collect on allocation) 60.12M->38.12M 2.299ms
[89.755s] GC(1673) Pause Incremental GC (Collect on allocation) 60.12M->38.12M 1.325ms
[89.797s] GC(1674) Pause Incremental GC (Collect on allocation) 62.12M->38.62M 1.403ms
[89.841s] GC(1675) Pause Incremental GC (Collect on allocation) 64.62M->39.12M 1.665ms
[89.891s] GC(1676) Pause Incremental GC (Collect on allocation) 67.62M->39.12M 1.577ms
[89.939s] GC(1677) Pause Incremental GC (Collect on allocation) 67.12M->39.62M 1.482ms
[89.987s] GC(1678) Pause Incremental GC (Collect on allocation) 67.12M->40.12M 1.629ms
[90.033s] GC(1679) Pause Incremental GC (Collect on allocation) 67.12M->40.12M 1.462ms
[90.079s] GC(1680) Pause Incremental GC (Collect on allocation) 66.62M->40.62M 1.584ms
[90.126s] GC(1681) Pause Incremental GC (Collect on allocation) 66.62M->41.12M 1.530ms
[90.168s] GC(1682) Pause Incremental GC (Collect on allocation) 66.62M->41.12M 1.703ms
[90.210s] GC(1683) Pause Incremental GC (Collect on allocation) 66.12M->41.62M 1.504ms
[90.253s] GC(1684) Pause Incremental GC (Collect on allocation) 66.12M->41.62M 1.397ms
[90.294s] GC(1685) Pause Incremental GC (Collect on allocation) 65.62M->42.12M 1.417ms
[90.335s] GC(1686) Pause Incremental GC (Collect on allocation) 65.62M->42.12M 1.439ms
[90.376s] GC(1687) Pause Incremental GC (Collect on allocation) 65.12M->42.12M 1.330ms
[90.416s] GC(1688) Pause Incremental GC (Collect on allocation) 64.62M->42.62M 1.411ms
[90.454s] GC(1689) Pause Incremental GC (Collect on allocation) 64.62M->42.62M 1.509ms
[90.492s] GC(1690) Pause Incremental GC (Collect on allocation) 64.12M->42.62M 1.270ms
[90.529s] GC(1691) Pause Incremental GC (Collect on allocation) 63.62M->42.62M 1.275ms
[90.565s] GC(1692) Pause Incremental GC (Collect on allocation) 63.12M->42.62M 1.253ms
[90.601s] GC(1693) Pause Incremental GC (Collect on allocation) 62.62M->42.62M 1.310ms
[90.632s] GC(1694) Pause Incremental GC (Collect on allocation) 62.12M->42.62M 1.341ms
[90.665s] GC(1695) Pause Incremental GC (Collect on allocation) 61.62M->42.62M 1.296ms
[90.701s] GC(1696) Pause Incremental GC (Collect on allocation) 63.12M->42.62M 1.342ms
[90.740s] GC(1697) Pause Incremental GC (Collect on allocation) 65.12M->42.62M 1.345ms
[90.778s] GC(1698) Pause Incremental GC (Collect on allocation) 64.62M->42.62M 1.270ms
[90.816s] GC(1699) Pause Incremental GC (Collect on allocation) 64.12M->42.62M 1.223ms
[90.839s] GC(1700) Pause Incremental GC (Collect on allocation) 63.62M->43.12M 1.388ms
[90.866s] GC(1701) Pause Incremental GC (Collect on allocation) 66.12M->43.12M 1.232ms
[90.910s] GC(1702) Pause Incremental GC (Collect on allocation) 68.12M->43.12M 1.386ms
[90.957s] GC(1703) Pause Incremental GC (Collect on allocation) 70.12M->43.12M 1.297ms
[91.026s] GC(1704) Pause Full GC (Collect on allocation) 72.62M->38.12M 18.557ms
[91.063s] GC(1705) Pause Incremental GC (Collect on allocation) 66.62M->38.12M 1.737ms
[91.109s] GC(1706) Pause Incremental GC (Collect on allocation) 66.12M->38.12M 1.269ms
[91.157s] GC(1707) Pause Incremental GC (Collect on allocation) 65.62M->38.12M 1.504ms
[91.205s] GC(1708) Pause Incremental GC (Collect on allocation) 65.12M->38.12M 1.804ms
[91.250s] GC(1709) Pause Incremental GC (Collect on allocation) 64.62M->38.12M 1.233ms
[91.296s] GC(1710) Pause Incremental GC (Collect on allocation) 64.12M->38.12M 1.431ms
[91.341s] GC(1711) Pause Incremental GC (Collect on allocation) 63.62M->38.12M 1.208ms
[91.385s] GC(1712) Pause Incremental GC (Collect on allocation) 63.12M->38.12M 1.226ms
[91.428s] GC(1713) Pause Incremental GC (Collect on allocation) 62.62M->38.12M 1.219ms
[91.471s] GC(1714) Pause Incremental GC (Collect on allocation) 62.12M->38.12M 1.281ms
[91.512s] GC(1715) Pause Incremental GC (Collect on allocation) 61.62M->38.12M 1.232ms
[91.553s] GC(1716) Pause Incremental GC (Collect on allocation) 61.12M->38.12M 1.277ms
[91.592s] GC(1717) Pause Incremental GC (Collect on allocation) 60.62M->38.12M 1.212ms
[91.631s] GC(1718) Pause Incremental GC (Collect on allocation) 60.12M->38.12M 1.379ms
[91.668s] GC(1719) Pause Incremental GC (Collect on allocation) 59.62M->38.12M 1.272ms
[91.704s] GC(1720) Pause Incremental GC (Collect on allocation) 59.12M->38.12M 1.325ms
[91.740s] GC(1721) Pause Incremental GC (Collect on allocation) 58.62M->38.12M 1.286ms
[91.775s] GC(1722) Pause Incremental GC (Collect on allocation) 58.12M->38.12M 1.220ms
[91.809s] GC(1723) Pause Incremental GC (Collect on allocation) 57.62M->38.12M 1.233ms
[91.842s] GC(1724) Pause Incremental GC (Collect on allocation) 57.12M->38.12M 1.199ms
[91.874s] GC(1725) Pause Incremental GC (Collect on allocation) 56.62M->38.12M 1.293ms
[91.906s] GC(1726) Pause Incremental GC (Collect on allocation) 56.12M->38.62M 1.271ms
[91.936s] GC(1727) Pause Incremental GC (Collect on allocation) 56.12M->38.62M 1.206ms
[91.970s] GC(1728) Pause Incremental GC (Collect on allocation) 57.62M->38.62M 1.196ms
[92.005s] GC(1729) Pause Incremental GC (Collect on allocation) 59.12M->38.62M 1.260ms
[92.041s] GC(1730) Pause Incremental GC (Collect on allocation) 58.62M->38.62M 1.297ms
[92.075s] GC(1731) Pause Incremental GC (Collect on allocation) 58.12M->38.62M 1.243ms
[92.108s] GC(1732) Pause Incremental GC (Collect on allocation) 57.62M->38.62M 1.334ms
[92.144s] GC(1733) Pause Incremental GC (Collect on allocation) 59.12M->38.62M 1.311ms
[92.183s] GC(1734) Pause Incremental GC (Collect on allocation) 61.12M->38.62M 1.248ms
[92.221s] GC(1735) Pause Incremental GC (Collect on allocation) 60.62M->38.62M 1.225ms
[92.259s] GC(1736) Pause Incremental GC (Collect on allocation) 60.12M->38.62M 1.300ms
[92.295s] GC(1737) Pause Incremental GC (Collect on allocation) 59.62M->38.62M 1.236ms
[92.331s] GC(1738) Pause Incremental GC (Collect on allocation) 59.12M->38.62M 1.192ms
[92.386s] GC(1739) Pause Full GC (Collect on allocation) 58.62M->38.12M 20.233ms
[92.406s] GC(1740) Pause Incremental GC (Collect on allocation) 57.12M->38.12M 1.778ms
[92.432s] GC(1741) Pause Incremental GC (Collect on allocation) 56.62M->38.12M 1.201ms
[92.467s] GC(1742) Pause Incremental GC (Collect on allocation) 58.12M->38.12M 1.346ms
[92.505s] GC(1743) Pause Incremental GC (Collect on allocation) 59.62M->38.12M 1.220ms
[92.547s] GC(1744) Pause Incremental GC (Collect on allocation) 61.62M->38.12M 1.314ms
[92.588s] GC(1745) Pause Incremental GC (Collect on allocation) 61.12M->38.12M 1.218ms
[92.627s] GC(1746) Pause Incremental GC (Collect on allocation) 60.62M->38.12M 1.257ms
[92.666s] GC(1747) Pause Incremental GC (Collect on allocation) 60.12M->38.12M 1.251ms
[92.703s] GC(1748) Pause Incremental GC (Collect on allocation) 59.62M->38.12M 1.367ms
[92.740s] GC(1749) Pause Incremental GC (Collect on allocation) 59.12M->38.12M 1.222ms
[92.776s] GC(1750) Pause Incremental GC (Collect on allocation) 58.62M->38.12M 1.170ms
[92.811s] GC(1751) Pause Incremental GC (Collect on allocation) 58.12M->38.12M 1.137ms
[92.845s] GC(1752) Pause Incremental GC (Collect on allocation) 57.62M->38.12M 1.168ms
[92.878s] GC(1753) Pause Incremental GC (Collect on allocation) 57.12M->38.12M 1.154ms
[92.911s] GC(1754) Pause Incremental GC (Collect on allocation) 56.62M->38.62M 1.419ms
[92.941s] GC(1755) Pause Incremental GC (Collect on allocation) 56.62M->38.62M 1.338ms
[92.975s] GC(1756) Pause Incremental GC (Collect on allocation) 58.12M->38.62M 1.160ms
[93.012s] GC(1757) Pause Incremental GC (Collect on allocation) 59.62M->38.62M 1.304ms
[93.047s] GC(1758) Pause Incremental GC (Collect on allocation) 59.12M->38.62M 1.344ms
[93.087s] GC(1759) Pause Incremental GC (Collect on allocation) 61.12M->38.62M 1.297ms
[93.125s] GC(1760) Pause Incremental GC (Collect on allocation) 60.62M->38.62M 1.254ms
[93.163s] GC(1761) Pause Incremental GC (Collect on allocation) 60.12M->38.62M 1.198ms
[93.200s] GC(1762) Pause Incremental GC (Collect on allocation) 59.62M->38.62M 1.285ms
[93.236s] GC(1763) Pause Incremental GC (Collect on allocation) 59.12M->38.62M 1.293ms
[93.271s] GC(1764) Pause Incremental GC (Collect on allocation) 58.62M->38.62M 1.230ms
[93.305s] GC(1765) Pause Incremental GC (Collect on allocation) 58.12M->38.62M 1.241ms
[93.338s] GC(1766) Pause Incremental GC (Collect on allocation) 57.62M->38.62M 1.250ms
[93.370s] GC(1767) Pause Incremental GC (Collect on allocation) 57.12M->38.62M 1.137ms
[93.402s] GC(1768) Pause Incremental GC (Collect on allocation) 56.62M->38.62M 1.226ms
[93.432s] GC(1769) Pause Incremental GC (Collect on allocation) 56.12M->38.62M 1.171ms
[93.462s] GC(1770) Pause Incremental GC (Collect on allocation) 55.62M->38.62M 1.340ms
[93.494s] GC(1771) Pause Incremental GC (Collect on allocation) 57.12M->38.62M 1.211ms
[93.529s] GC(1772) Pause Incremental GC (Collect on allocation) 58.62M->38.62M 1.166ms
[93.567s] GC(1773) Pause Incremental GC (Collect on allocation) 60.12M->38.62M 1.241ms
[93.622s] GC(1774) Pause Full GC (Collect on allocation) 59.62M->38.12M 19.745ms
[93.643s] GC(1775) Pause Incremental GC (Collect on allocation) 58.12M->38.12M 1.614ms
[93.672s] GC(1776) Pause Incremental GC (Collect on allocation) 57.62M->38.12M 1.304ms
[93.709s] GC(1777) Pause Incremental GC (Collect on allocation) 59.12M->38.12M 1.626ms
[93.750s] GC(1778) Pause Incremental GC (Collect on allocation) 61.12M->38.12M 1.290ms
[93.794s] GC(1779) Pause Incremental GC (Collect on allocation) 63.12M->38.12M 1.272ms
[93.837s] GC(1780) Pause Incremental GC (Collect on allocation) 62.62M->38.12M 1.235ms
[93.879s] GC(1781) Pause Incremental GC (Collect on allocation) 62.12M->38.12M 1.244ms
[93.920s] GC(1782) Pause Incremental GC (Collect on allocation) 61.62M->38.12M 1.182ms
[93.961s] GC(1783) Pause Incremental GC (Collect on allocation) 61.12M->38.12M 1.257ms
[94.000s] GC(1784) Pause Incremental GC (Collect on allocation) 60.62M->38.12M 1.234ms
[94.038s] GC(1785) Pause Incremental GC (Collect on allocation) 60.12M->38.12M 1.332ms
[94.076s] GC(1786) Pause Incremental GC (Collect on allocation) 59.62M->38.12M 1.329ms
[94.113s] GC(1787) Pause Incremental GC (Collect on allocation) 59.12M->38.12M 1.261ms
[94.149s] GC(1788) Pause Incremental GC (Collect on allocation) 58.62M->38.12M 1.214ms
[94.184s] GC(1789) Pause Incremental GC (Collect on allocation) 58.12M->38.62M 1.271ms
[94.218s] GC(1790) Pause Incremental GC (Collect on allocation) 58.12M->38.62M 1.213ms
[94.252s] GC(1791) Pause Incremental GC (Collect on allocation) 57.62M->38.62M 1.288ms
[94.283s] GC(1792) Pause Incremental GC (Collect on allocation) 57.12M->38.62M 1.345ms
[94.318s] GC(1793) Pause Incremental GC (Collect on allocation) 58.62M->38.62M 1.243ms
[94.355s] GC(1794) Pause Incremental GC (Collect on allocation) 60.12M->38.62M 1.378ms
[94.396s] GC(1795) Pause Incremental GC (Collect on allocation) 62.12M->38.62M 1.432ms
[94.436s] GC(1796) Pause Incremental GC (Collect on allocation) 61.62M->38.62M 1.255ms
[94.475s] GC(1797) Pause Incremental GC (Collect on allocation) 61.12M->38.62M 1.379ms
[94.513s] GC(1798) Pause Incremental GC (Collect on allocation) 60.62M->38.62M 1.303ms
[94.551s] GC(1799) Pause Incremental GC (Collect on allocation) 60.12M->38.62M 1.263ms
[94.587s] GC(1800) Pause Incremental GC (Collect on allocation) 59.62M->38.62M 1.235ms
[94.624s] GC(1801) Pause Incremental GC (Collect on allocation) 59.12M->38.62M 1.231ms
[94.659s] GC(1802) Pause Incremental GC (Collect on allocation) 58.62M->38.62M 1.210ms
[94.693s] GC(1803) Pause Incremental GC (Collect on allocation) 58.12M->38.62M 1.197ms
[94.725s] GC(1804) Pause Incremental GC (Collect on allocation) 57.62M->38.62M 1.242ms
[94.758s] GC(1805) Pause Incremental GC (Collect on allocation) 57.12M->38.62M 1.218ms
[94.789s] GC(1806) Pause Incremental GC (Collect on allocation) 56.62M->38.62M 1.270ms
[94.819s] GC(1807) Pause Incremental GC (Collect on allocation) 56.12M->38.62M 1.216ms
[94.870s] GC(1808) Pause Full GC (Collect on allocation) 57.62M->38.12M 19.841ms
[94.894s] GC(1809) Pause Incremental GC (Collect on allocation) 60.62M->38.12M 1.511ms
[94.935s] GC(1810) Pause Incremental GC (Collect on allocation) 62.62M->38.12M 1.252ms
[94.977s] GC(1811) Pause Incremental GC (Collect on allocation) 62.12M->38.12M 1.206ms
[95.018s] GC(1812) Pause Incremental GC (Collect on allocation) 61.62M->38.12M 1.231ms
[95.058s] GC(1813) Pause Incremental GC (Collect on allocation) 61.12M->38.12M 1.367ms
[95.097s] GC(1814) Pause Incremental GC (Collect on allocation) 60.62M->38.12M 1.287ms
[95.135s] GC(1815) Pause Incremental GC (Collect on allocation) 60.12M->38.12M 1.268ms
[95.172s] GC(1816) Pause Incremental GC (Collect on allocation) 59.62M->38.12M 1.222ms
[95.209s] GC(1817) Pause Incremental GC (Collect on allocation) 59.12M->38.62M 1.297ms
[95.245s] GC(1818) Pause Incremental GC (Collect on allocation) 59.12M->38.62M 1.202ms
[95.280s] GC(1819) Pause Incremental GC (Collect on allocation) 58.62M->38.62M 1.288ms
[95.314s] GC(1820) Pause Incremental GC (Collect on allocation) 58.12M->38.62M 1.319ms
[95.347s] GC(1821) Pause Incremental GC (Collect on allocation) 57.62M->39.12M 1.285ms
[95.379s] GC(1822) Pause Incremental GC (Collect on allocation) 57.62M->39.12M 1.271ms
[95.414s] GC(1823) Pause Incremental GC (Collect on allocation) 59.12M->39.12M 1.232ms
[95.451s] GC(1824) Pause Incremental GC (Collect on allocation) 60.62M->39.62M 1.468ms
[95.492s] GC(1825) Pause Incremental GC (Collect on allocation) 63.12M->39.62M 1.401ms
[95.536s] GC(1826) Pause Incremental GC (Collect on allocation) 65.12M->40.12M 1.393ms
[95.579s] GC(1827) Pause Incremental GC (Collect on allocation) 65.12M->40.12M 1.404ms
[95.622s] GC(1828) Pause Incremental GC (Collect on allocation) 64.62M->40.62M 1.427ms
[95.663s] GC(1829) Pause Incremental GC (Collect on allocation) 64.62M->40.62M 1.469ms
[95.705s] GC(1830) Pause Incremental GC (Collect on allocation) 64.12M->41.12M 2.085ms
[95.749s] GC(1831) Pause Incremental GC (Collect on allocation) 66.62M->41.62M 1.394ms
[95.797s] GC(1832) Pause Incremental GC (Collect on allocation) 69.62M->41.62M 1.407ms
[95.839s] GC(1833) Pause Incremental GC (Collect on allocation) 69.12M->42.12M 1.605ms
[95.865s] GC(1834) Pause Incremental GC (Collect on allocation) 69.12M->42.62M 1.310ms
[95.911s] GC(1835) Pause Incremental GC (Collect on allocation) 69.12M->42.62M 1.483ms
[95.974s] GC(1836) Pause Full GC (Collect on allocation) 68.62M->37.62M 19.404ms
[96.001s] GC(1837) Pause Incremental GC (Collect on allocation) 62.62M->38.12M 1.628ms
[96.043s] GC(1838) Pause Incremental GC (Collect on allocation) 62.62M->38.12M 1.380ms
[96.086s] GC(1839) Pause Incremental GC (Collect on allocation) 62.12M->38.12M 1.321ms
[96.127s] GC(1840) Pause Incremental GC (Collect on allocation) 61.62M->38.62M 1.684ms
[96.167s] GC(1841) Pause Incremental GC (Collect on allocation) 61.62M->38.62M 1.508ms
[96.206s] GC(1842) Pause Incremental GC (Collect on allocation) 61.12M->38.62M 1.701ms
[96.249s] GC(1843) Pause Incremental GC (Collect on allocation) 63.12M->38.62M 1.262ms
[96.292s] GC(1844) Pause Incremental GC (Collect on allocation) 62.62M->38.62M 1.358ms
[96.333s] GC(1845) Pause Incremental GC (Collect on allocation) 62.12M->38.62M 1.340ms
[96.373s] GC(1846) Pause Incremental GC (Collect on allocation) 61.62M->38.62M 1.288ms
[96.413s] GC(1847) Pause Incremental GC (Collect on allocation) 61.12M->38.62M 1.376ms
[96.452s] GC(1848) Pause Incremental GC (Collect on allocation) 60.62M->38.62M 1.265ms
[96.490s] GC(1849) Pause Incremental GC (Collect on allocation) 60.12M->38.62M 1.299ms
[96.526s] GC(1850) Pause Incremental GC (Collect on allocation) 59.62M->39.12M 1.296ms
[96.562s] GC(1851) Pause Incremental GC (Collect on allocation) 59.62M->39.12M 1.274ms
[96.597s] GC(1852) Pause Incremental GC (Collect on allocation) 59.12M->39.12M 1.267ms
[96.630s] GC(1853) Pause Incremental GC (Collect on allocation) 58.62M->39.12M 1.357ms
[96.663s] GC(1854) Pause Incremental GC (Collect on allocation) 58.12M->39.12M 1.206ms
[96.700s] GC(1855) Pause Incremental GC (Collect on allocation) 59.62M->39.12M 1.225ms
[96.735s] GC(1856) Pause Incremental GC (Collect on allocation) 59.12M->39.12M 1.241ms
[96.769s] GC(1857) Pause Incremental GC (Collect on allocation) 58.62M->39.12M 1.210ms
[96.802s] GC(1858) Pause Incremental GC (Collect on allocation) 58.12M->39.12M 1.221ms
[96.835s] GC(1859) Pause Incremental GC (Collect on allocation) 57.62M->39.12M 1.223ms
[96.870s] GC(1860) Pause Incremental GC (Collect on allocation) 59.12M->39.12M 1.317ms
[96.907s] GC(1861) Pause Incremental GC (Collect on allocation) 60.62M->39.12M 1.291ms
[96.952s] GC(1862) Pause Incremental GC (Collect on allocation) 62.62M->39.12M 1.340ms
[96.990s] GC(1863) Pause Incremental GC (Collect on allocation) 62.12M->39.12M 1.643ms
[97.029s] GC(1864) Pause Incremental GC (Collect on allocation) 61.62M->39.12M 1.245ms
[97.067s] GC(1865) Pause Incremental GC (Collect on allocation) 61.12M->39.12M 1.247ms
[97.105s] GC(1866) Pause Incremental GC (Collect on allocation) 60.62M->39.12M 1.300ms
[97.162s] GC(1867) Pause Full GC (Collect on allocation) 60.12M->38.12M 21.927ms
[97.191s] GC(1868) Pause Incremental GC (Collect on allocation) 63.12M->38.12M 1.714ms
[97.227s] GC(1869) Pause Incremental GC (Collect on allocation) 62.62M->38.12M 1.295ms
[97.270s] GC(1870) Pause Incremental GC (Collect on allocation) 62.12M->38.12M 1.217ms
[97.311s] GC(1871) Pause Incremental GC (Collect on allocation) 61.62M->38.12M 1.257ms
[97.352s] GC(1872) Pause Incremental GC (Collect on allocation) 61.12M->38.12M 1.240ms
[97.391s] GC(1873) Pause Incremental GC (Collect on allocation) 60.62M->38.12M 1.348ms
[97.429s] GC(1874) Pause Incremental GC (Collect on allocation) 60.12M->38.12M 1.254ms
[97.467s] GC(1875) Pause Incremental GC (Collect on allocation) 59.62M->38.12M 1.382ms
[97.503s] GC(1876) Pause Incremental GC (Collect on allocation) 59.12M->38.12M 1.239ms
[97.539s] GC(1877) Pause Incremental GC (Collect on allocation) 58.62M->38.12M 1.259ms
[97.574s] GC(1878) Pause Incremental GC (Collect on allocation) 58.12M->38.12M 1.180ms
[97.608s] GC(1879) Pause Incremental GC (Collect on allocation) 57.62M->38.12M 1.191ms
[97.641s] GC(1880) Pause Incremental GC (Collect on allocation) 57.12M->38.12M 1.203ms
[97.673s] GC(1881) Pause Incremental GC (Collect on allocation) 56.62M->38.62M 1.226ms
[97.705s] GC(1882) Pause Incremental GC (Collect on allocation) 56.62M->38.62M 1.218ms
[97.739s] GC(1883) Pause Incremental GC (Collect on allocation) 58.12M->38.62M 1.264ms
[97.775s] GC(1884) Pause Incremental GC (Collect on allocation) 59.62M->38.62M 1.255ms
[97.816s] GC(1885) Pause Incremental GC (Collect on allocation) 61.62M->38.62M 1.301ms
[97.855s] GC(1886) Pause Incremental GC (Collect on allocation) 61.12M->38.62M 1.261ms
[97.893s] GC(1887) Pause Incremental GC (Collect on allocation) 60.62M->38.62M 1.285ms
[97.930s] GC(1888) Pause Incremental GC (Collect on allocation) 60.12M->38.62M 1.256ms
[97.967s] GC(1889) Pause Incremental GC (Collect on allocation) 59.62M->38.62M 1.301ms
[98.003s] GC(1890) Pause Incremental GC (Collect on allocation) 59.12M->38.62M 1.236ms
[98.037s] GC(1891) Pause Incremental GC (Collect on allocation) 58.62M->38.62M 1.347ms
[98.072s] GC(1892) Pause Incremental GC (Collect on allocation) 58.12M->38.62M 1.263ms
[98.109s] GC(1893) Pause Incremental GC (Collect on allocation) 59.62M->38.62M 1.321ms
[98.149s] GC(1894) Pause Incremental GC (Collect on allocation) 61.62M->38.62M 1.340ms
[98.188s] GC(1895) Pause Incremental GC (Collect on allocation) 61.12M->38.62M 1.353ms
[98.226s] GC(1896) Pause Incremental GC (Collect on allocation) 60.62M->38.62M 1.218ms
[98.264s] GC(1897) Pause Incremental GC (Collect on allocation) 60.12M->38.62M 1.447ms
[98.301s] GC(1898) Pause Incremental GC (Collect on allocation) 59.62M->38.62M 1.238ms
[98.359s] GC(1899) Pause Full GC (Collect on allocation) 59.12M->38.12M 24.306ms
[98.386s] GC(1900) Pause Incremental GC (Collect on allocation) 59.62M->38.12M 1.702ms
[98.414s] GC(1901) Pause Incremental GC (Collect on allocation) 61.62M->38.12M 1.470ms
[98.453s] GC(1902) Pause Incremental GC (Collect on allocation) 61.12M->38.12M 1.260ms
[100.839s] GC(1903) Pause Incremental GC (Collect on allocation) 60.62M->38.62M 1.538ms
