
  .   ____          _            __ _ _
 /\\ / ___'_ __ _ _(_)_ __  __ _ \ \ \ \
( ( )\___ | '_ | '_| | '_ \/ _` | \ \ \ \
 \\/  ___)| |_)| | | | | || (_| |  ) ) ) )
  '  |____| .__|_| |_|_| |_\__, | / / / /
 =========|_|==============|___/=/_/_/_/

 :: Spring Boot ::                (v4.1.1)

2026-10-04T02:48:02.756Z  INFO 1 --- [shortener] [           main] uy.ct.shortener.ShortenerApplicationKt   : Starting AOT-processed ShortenerApplicationKt using Java 25.0.4.1 with PID 1 (/workspace/uy.ct.shortener.ShortenerApplicationKt started by cnb in /workspace)
2026-10-04T02:48:02.756Z  INFO 1 --- [shortener] [           main] uy.ct.shortener.ShortenerApplicationKt   : No active profile set, falling back to 1 default profile: "default"
2026-10-04T02:48:02.782Z  INFO 1 --- [shortener] [           main] o.s.boot.tomcat.TomcatWebServer          : Tomcat initialized with port 8080 (http)
2026-10-04T02:48:02.782Z  INFO 1 --- [shortener] [           main] o.apache.catalina.core.StandardService   : Starting service [Tomcat]
2026-10-04T02:48:02.783Z  INFO 1 --- [shortener] [           main] o.apache.catalina.core.StandardEngine    : Starting Servlet engine: [Apache Tomcat/11.0.24]
2026-10-04T02:48:02.787Z  INFO 1 --- [shortener] [           main] b.w.c.s.WebApplicationContextInitializer : Root WebApplicationContext: initialization completed in 31 ms
2026-10-04T02:48:02.823Z  INFO 1 --- [shortener] [           main] com.zaxxer.hikari.HikariDataSource       : HikariPool-1 - Starting...
2026-10-04T02:48:02.834Z  INFO 1 --- [shortener] [           main] com.zaxxer.hikari.pool.HikariPool        : HikariPool-1 - Added connection org.postgresql.jdbc.PgConnection@44128e12
2026-10-04T02:48:02.834Z  INFO 1 --- [shortener] [           main] com.zaxxer.hikari.HikariDataSource       : HikariPool-1 - Start completed.
2026-10-04T02:48:02.836Z  WARN 1 --- [shortener] [           main] org.flywaydb.core.FlywayExecutor         : Unable to scan location: /db/migration (unsupported protocol: resource)
2026-10-04T02:48:02.836Z  WARN 1 --- [shortener] [           main] org.flywaydb.core.FlywayExecutor         : Unable to scan location: /db/migration (unsupported protocol: resource)
2026-10-04T02:48:02.836Z  INFO 1 --- [shortener] [           main] org.flywaydb.core.FlywayExecutor         : Database: jdbc:postgresql://localhost:32781/mydatabase (PostgreSQL 18.6)
2026-10-04T02:48:02.836Z  WARN 1 --- [shortener] [           main] o.f.c.i.s.classpath.ClassPathScanner     : Unable to scan location: /db/migration (unsupported protocol: resource)
2026-10-04T02:48:02.836Z  WARN 1 --- [shortener] [           main] o.f.c.i.s.classpath.ClassPathScanner     : Unable to scan location: /db/migration (unsupported protocol: resource)
[0.122s] GC(0) Pause Full GC (Collect on allocation) 48.00M->9.50M 18.268ms
2026-10-04T02:48:02.868Z  INFO 1 --- [shortener] [           main] o.f.core.internal.command.DbValidate     : Successfully validated 5 migrations (execution time 00:00.022s)
2026-10-04T02:48:02.879Z  INFO 1 --- [shortener] [           main] o.f.core.internal.command.DbMigrate      : Current version of schema "public": 5
2026-10-04T02:48:02.879Z  INFO 1 --- [shortener] [           main] o.f.core.internal.command.DbMigrate      : Schema "public" is up to date. No migration necessary.
[0.230s] GC(1) Pause Incremental GC (Collect on allocation) 66.00M->17.50M 10.456ms
2026-10-04T02:48:02.985Z  WARN 1 --- [shortener] [           main] i.m.c.i.binder.jvm.JvmGcMetrics          : GC notifications will not be available because no GarbageCollectorMXBean of the JVM provides any. GCs=[young generation scavenger, complete scavenger]
2026-10-04T02:48:03.002Z  INFO 1 --- [shortener] [           main] o.s.boot.tomcat.TomcatWebServer          : Tomcat started on port 8080 (http) with context path '/'
2026-10-04T02:48:03.005Z  INFO 1 --- [shortener] [           main] o.s.boot.tomcat.TomcatWebServer          : Tomcat initialized with port 8081 (http)
2026-10-04T02:48:03.005Z  INFO 1 --- [shortener] [           main] o.apache.catalina.core.StandardService   : Starting service [Tomcat]
2026-10-04T02:48:03.005Z  INFO 1 --- [shortener] [           main] o.apache.catalina.core.StandardEngine    : Starting Servlet engine: [Apache Tomcat/11.0.24]
2026-10-04T02:48:03.005Z  INFO 1 --- [shortener] [           main] b.w.c.s.WebApplicationContextInitializer : Root WebApplicationContext: initialization completed in 3 ms
2026-10-04T02:48:03.007Z  INFO 1 --- [shortener] [           main] o.s.b.a.e.web.EndpointLinksResolver      : Exposing 2 endpoints beneath base path '/actuator'
2026-10-04T02:48:03.011Z  INFO 1 --- [shortener] [           main] o.s.boot.tomcat.TomcatWebServer          : Tomcat started on port 8081 (http) with context path '/'
2026-10-04T02:48:03.012Z  INFO 1 --- [shortener] [           main] o.s.s.config.TaskSchedulerRouter         : No TaskScheduler/ScheduledExecutorService bean found for scheduled processing
2026-10-04T02:48:03.012Z  INFO 1 --- [shortener] [           main] uy.ct.shortener.ShortenerApplicationKt   : Started ShortenerApplicationKt in 0.266 seconds (process running for 0.27)
2026-10-04T02:48:03.058Z  INFO 1 --- [shortener] [omcat-handler-0] o.a.c.c.C.[Tomcat-1].[localhost].[/]     : Initializing Spring DispatcherServlet 'dispatcherServletRegistration'
2026-10-04T02:48:03.058Z  INFO 1 --- [shortener] [omcat-handler-0] o.s.web.servlet.DispatcherServlet        : Initializing Servlet 'dispatcherServletRegistration'
2026-10-04T02:48:03.058Z  INFO 1 --- [shortener] [omcat-handler-0] o.s.web.servlet.DispatcherServlet        : Completed initialization in 0 ms
2026-10-04T02:48:09.705Z  INFO 1 --- [shortener] [omcat-handler-0] o.a.c.c.C.[Tomcat].[localhost].[/]       : Initializing Spring DispatcherServlet 'dispatcherServlet'
2026-10-04T02:48:09.705Z  INFO 1 --- [shortener] [omcat-handler-0] o.s.web.servlet.DispatcherServlet        : Initializing Servlet 'dispatcherServlet'
2026-10-04T02:48:09.705Z  INFO 1 --- [shortener] [omcat-handler-0] o.s.web.servlet.DispatcherServlet        : Completed initialization in 0 ms
[7.178s] GC(2) Pause Full GC (Collect on allocation) 78.12M->20.12M 29.184ms
[7.605s] GC(3) Pause Incremental GC (Collect on allocation) 88.62M->20.62M 1.343ms
[7.907s] GC(4) Pause Incremental GC (Collect on allocation) 93.62M->29.62M 6.462ms
[8.216s] GC(5) Pause Incremental GC (Collect on allocation) 107.12M->30.12M 5.179ms
[8.583s] GC(6) Pause Full GC (Collect on allocation) 112.12M->28.62M 19.671ms
[8.968s] GC(7) Pause Incremental GC (Collect on allocation) 120.12M->29.12M 2.265ms
[9.364s] GC(8) Pause Incremental GC (Collect on allocation) 119.12M->29.62M 1.390ms
[9.755s] GC(9) Pause Incremental GC (Collect on allocation) 118.12M->30.12M 1.380ms
[10.071s] GC(10) Pause Incremental GC (Collect on allocation) 117.12M->30.62M 1.406ms
[10.447s] GC(11) Pause Incremental GC (Collect on allocation) 116.12M->31.12M 1.477ms
[10.820s] GC(12) Pause Incremental GC (Collect on allocation) 115.12M->31.62M 1.422ms
[11.185s] GC(13) Pause Incremental GC (Collect on allocation) 114.12M->32.12M 2.317ms
[11.540s] GC(14) Pause Incremental GC (Collect on allocation) 113.12M->32.62M 1.421ms
[11.892s] GC(15) Pause Incremental GC (Collect on allocation) 112.12M->33.12M 1.471ms
[12.237s] GC(16) Pause Incremental GC (Collect on allocation) 111.12M->33.62M 1.549ms
[12.577s] GC(17) Pause Incremental GC (Collect on allocation) 110.12M->34.12M 1.611ms
[12.907s] GC(18) Pause Incremental GC (Collect on allocation) 109.12M->34.62M 1.468ms
[13.234s] GC(19) Pause Incremental GC (Collect on allocation) 108.12M->35.12M 1.472ms
[13.552s] GC(20) Pause Incremental GC (Collect on allocation) 107.12M->35.62M 1.752ms
[13.864s] GC(21) Pause Incremental GC (Collect on allocation) 106.12M->36.12M 1.431ms
[14.168s] GC(22) Pause Incremental GC (Collect on allocation) 105.62M->36.12M 1.487ms
[14.469s] GC(23) Pause Incremental GC (Collect on allocation) 104.62M->36.12M 1.507ms
[14.757s] GC(24) Pause Incremental GC (Collect on allocation) 103.62M->36.12M 1.511ms
[14.995s] GC(25) Pause Incremental GC (Collect on allocation) 102.62M->36.12M 1.599ms
[15.282s] GC(26) Pause Incremental GC (Collect on allocation) 101.62M->36.12M 1.321ms
[15.567s] GC(27) Pause Incremental GC (Collect on allocation) 100.62M->36.12M 1.315ms
[15.863s] GC(28) Pause Full GC (Collect on allocation) 99.62M->28.62M 17.369ms
[16.114s] GC(29) Pause Incremental GC (Collect on allocation) 90.12M->29.12M 1.518ms
[16.380s] GC(30) Pause Incremental GC (Collect on allocation) 89.62M->29.62M 1.421ms
[16.640s] GC(31) Pause Incremental GC (Collect on allocation) 89.12M->30.12M 1.454ms
[16.900s] GC(32) Pause Incremental GC (Collect on allocation) 88.62M->30.62M 1.296ms
[17.156s] GC(33) Pause Incremental GC (Collect on allocation) 88.12M->31.12M 1.301ms
[17.398s] GC(34) Pause Incremental GC (Collect on allocation) 87.62M->31.62M 1.369ms
[17.641s] GC(35) Pause Incremental GC (Collect on allocation) 87.12M->32.12M 1.308ms
[17.866s] GC(36) Pause Incremental GC (Collect on allocation) 86.62M->35.12M 2.204ms
[18.094s] GC(37) Pause Incremental GC (Collect on allocation) 88.62M->36.62M 2.911ms
[18.322s] GC(38) Pause Incremental GC (Collect on allocation) 89.12M->37.12M 2.318ms
[18.550s] GC(39) Pause Incremental GC (Collect on allocation) 88.62M->37.62M 2.121ms
[18.769s] GC(40) Pause Incremental GC (Collect on allocation) 88.12M->38.12M 2.134ms
[18.985s] GC(41) Pause Incremental GC (Collect on allocation) 87.62M->38.62M 2.101ms
[19.198s] GC(42) Pause Incremental GC (Collect on allocation) 87.12M->39.12M 1.951ms
[19.408s] GC(43) Pause Incremental GC (Collect on allocation) 86.62M->39.62M 1.799ms
[19.610s] GC(44) Pause Incremental GC (Collect on allocation) 86.12M->39.62M 1.912ms
[19.775s] GC(45) Pause Full GC (Collect on allocation) 85.12M->29.12M 18.683ms
[19.932s] GC(46) Pause Incremental GC (Collect on allocation) 72.62M->29.62M 1.441ms
[20.121s] GC(47) Pause Incremental GC (Collect on allocation) 72.62M->30.12M 1.213ms
[20.309s] GC(48) Pause Incremental GC (Collect on allocation) 72.62M->30.62M 1.250ms
[20.494s] GC(49) Pause Incremental GC (Collect on allocation) 72.62M->31.12M 1.226ms
[20.677s] GC(50) Pause Incremental GC (Collect on allocation) 72.62M->31.62M 1.407ms
[20.858s] GC(51) Pause Incremental GC (Collect on allocation) 72.62M->32.12M 1.262ms
[21.037s] GC(52) Pause Incremental GC (Collect on allocation) 72.62M->32.62M 1.374ms
[21.216s] GC(53) Pause Incremental GC (Collect on allocation) 72.62M->33.12M 1.444ms
[21.390s] GC(54) Pause Incremental GC (Collect on allocation) 72.62M->33.12M 1.286ms
[21.558s] GC(55) Pause Incremental GC (Collect on allocation) 72.12M->33.62M 1.269ms
[21.727s] GC(56) Pause Incremental GC (Collect on allocation) 72.12M->34.12M 1.273ms
[21.894s] GC(57) Pause Incremental GC (Collect on allocation) 72.12M->34.62M 1.242ms
[22.057s] GC(58) Pause Incremental GC (Collect on allocation) 72.12M->35.12M 1.318ms
[22.220s] GC(59) Pause Incremental GC (Collect on allocation) 72.12M->35.62M 1.273ms
[22.383s] GC(60) Pause Incremental GC (Collect on allocation) 72.12M->36.12M 1.201ms
[22.540s] GC(61) Pause Incremental GC (Collect on allocation) 72.12M->36.12M 1.297ms
[22.696s] GC(62) Pause Incremental GC (Collect on allocation) 71.62M->36.12M 1.262ms
[22.850s] GC(63) Pause Incremental GC (Collect on allocation) 71.12M->36.12M 1.265ms
[23.001s] GC(64) Pause Incremental GC (Collect on allocation) 70.62M->36.12M 1.434ms
[23.149s] GC(65) Pause Incremental GC (Collect on allocation) 70.12M->36.12M 1.401ms
[23.296s] GC(66) Pause Incremental GC (Collect on allocation) 69.62M->36.12M 1.527ms
[23.442s] GC(67) Pause Incremental GC (Collect on allocation) 69.12M->36.12M 1.230ms
[23.583s] GC(68) Pause Incremental GC (Collect on allocation) 68.62M->36.12M 1.251ms
[23.727s] GC(69) Pause Incremental GC (Collect on allocation) 68.12M->36.12M 1.358ms
[23.866s] GC(70) Pause Incremental GC (Collect on allocation) 67.62M->35.62M 1.229ms
[24.003s] GC(71) Pause Incremental GC (Collect on allocation) 66.62M->35.62M 1.235ms
[24.152s] GC(72) Pause Full GC (Collect on allocation) 66.12M->29.12M 17.267ms
[24.267s] GC(73) Pause Incremental GC (Collect on allocation) 58.62M->29.62M 1.309ms
[24.393s] GC(74) Pause Incremental GC (Collect on allocation) 58.62M->30.12M 1.318ms
[24.517s] GC(75) Pause Incremental GC (Collect on allocation) 58.62M->30.62M 1.176ms
[24.639s] GC(76) Pause Incremental GC (Collect on allocation) 58.62M->31.12M 1.228ms
[24.756s] GC(77) Pause Incremental GC (Collect on allocation) 58.62M->31.62M 1.323ms
[24.810s] GC(78) Pause Incremental GC (Collect on allocation) 58.62M->32.12M 1.148ms
[24.926s] GC(79) Pause Incremental GC (Collect on allocation) 58.62M->32.62M 1.295ms
[25.039s] GC(80) Pause Incremental GC (Collect on allocation) 58.62M->33.12M 1.236ms
[25.151s] GC(81) Pause Incremental GC (Collect on allocation) 58.62M->33.62M 1.257ms
[25.258s] GC(82) Pause Incremental GC (Collect on allocation) 58.62M->34.12M 1.223ms
[25.364s] GC(83) Pause Incremental GC (Collect on allocation) 58.62M->34.62M 1.231ms
[25.470s] GC(84) Pause Incremental GC (Collect on allocation) 58.62M->35.12M 1.189ms
[25.574s] GC(85) Pause Incremental GC (Collect on allocation) 58.62M->35.62M 1.277ms
[25.674s] GC(86) Pause Incremental GC (Collect on allocation) 58.62M->36.12M 1.336ms
[25.774s] GC(87) Pause Incremental GC (Collect on allocation) 58.62M->36.62M 1.196ms
[25.870s] GC(88) Pause Incremental GC (Collect on allocation) 58.62M->36.62M 1.271ms
[25.964s] GC(89) Pause Incremental GC (Collect on allocation) 58.12M->35.62M 1.377ms
[26.054s] GC(90) Pause Incremental GC (Collect on allocation) 56.62M->35.12M 1.325ms
[26.144s] GC(91) Pause Incremental GC (Collect on allocation) 55.62M->35.12M 1.192ms
[26.232s] GC(92) Pause Incremental GC (Collect on allocation) 55.12M->35.12M 1.213ms
[26.317s] GC(93) Pause Incremental GC (Collect on allocation) 54.62M->34.62M 1.323ms
[26.400s] GC(94) Pause Incremental GC (Collect on allocation) 53.62M->34.62M 1.200ms
[26.479s] GC(95) Pause Incremental GC (Collect on allocation) 53.12M->34.62M 1.323ms
[26.558s] GC(96) Pause Incremental GC (Collect on allocation) 52.62M->33.62M 1.366ms
[26.632s] GC(97) Pause Incremental GC (Collect on allocation) 51.12M->33.62M 1.227ms
[26.705s] GC(98) Pause Incremental GC (Collect on allocation) 50.62M->32.62M 1.270ms
[26.776s] GC(99) Pause Incremental GC (Collect on allocation) 49.12M->33.12M 1.408ms
[26.861s] GC(100) Pause Full GC (Collect on allocation) 49.12M->29.12M 19.436ms
[26.907s] GC(101) Pause Incremental GC (Collect on allocation) 44.12M->29.62M 1.364ms
[26.970s] GC(102) Pause Incremental GC (Collect on allocation) 44.12M->30.12M 1.119ms
[27.030s] GC(103) Pause Incremental GC (Collect on allocation) 44.12M->30.12M 1.204ms
[27.088s] GC(104) Pause Incremental GC (Collect on allocation) 43.62M->30.62M 1.130ms
[27.144s] GC(105) Pause Incremental GC (Collect on allocation) 43.62M->31.12M 1.201ms
[27.197s] GC(106) Pause Incremental GC (Collect on allocation) 43.62M->30.62M 1.385ms
[27.248s] GC(107) Pause Incremental GC (Collect on allocation) 42.62M->30.62M 1.206ms
[27.297s] GC(108) Pause Incremental GC (Collect on allocation) 42.12M->30.12M 1.434ms
[27.348s] GC(109) Pause Incremental GC (Collect on allocation) 41.12M->29.62M 1.294ms
[27.389s] GC(110) Pause Incremental GC (Collect on allocation) 40.12M->29.12M 1.312ms
[27.432s] GC(111) Pause Incremental GC (Collect on allocation) 39.12M->29.12M 1.556ms
[27.472s] GC(112) Pause Incremental GC (Collect on allocation) 38.62M->29.12M 1.469ms
[27.510s] GC(113) Pause Incremental GC (Collect on allocation) 38.12M->29.12M 1.167ms
[27.546s] GC(114) Pause Incremental GC (Collect on allocation) 37.62M->29.12M 1.247ms
[27.580s] GC(115) Pause Incremental GC (Collect on allocation) 37.12M->29.12M 1.222ms
[27.612s] GC(116) Pause Incremental GC (Collect on allocation) 36.62M->29.12M 1.148ms
[27.639s] GC(117) Pause Incremental GC (Collect on allocation) 36.12M->29.12M 1.163ms
[27.667s] GC(118) Pause Incremental GC (Collect on allocation) 35.62M->29.12M 1.195ms
[27.691s] GC(119) Pause Incremental GC (Collect on allocation) 35.12M->29.12M 1.143ms
[27.714s] GC(120) Pause Incremental GC (Collect on allocation) 34.62M->29.12M 1.161ms
[27.741s] GC(121) Pause Incremental GC (Collect on allocation) 35.62M->29.12M 1.168ms
[27.772s] GC(122) Pause Incremental GC (Collect on allocation) 36.62M->29.62M 1.306ms
[27.805s] GC(123) Pause Incremental GC (Collect on allocation) 38.12M->29.62M 1.401ms
[27.840s] GC(124) Pause Incremental GC (Collect on allocation) 39.12M->31.12M 1.495ms
[27.879s] GC(125) Pause Incremental GC (Collect on allocation) 41.62M->32.12M 1.631ms
[27.947s] GC(126) Pause Full GC (Collect on allocation) 44.12M->29.12M 21.937ms
[27.992s] GC(127) Pause Incremental GC (Collect on allocation) 44.12M->29.12M 1.504ms
[28.054s] GC(128) Pause Incremental GC (Collect on allocation) 43.62M->29.12M 1.371ms
[28.114s] GC(129) Pause Incremental GC (Collect on allocation) 43.12M->29.12M 1.417ms
[28.170s] GC(130) Pause Incremental GC (Collect on allocation) 42.62M->29.12M 1.244ms
[28.226s] GC(131) Pause Incremental GC (Collect on allocation) 42.12M->29.12M 1.216ms
[28.279s] GC(132) Pause Incremental GC (Collect on allocation) 41.62M->29.12M 1.234ms
[28.331s] GC(133) Pause Incremental GC (Collect on allocation) 41.12M->29.12M 1.308ms
[28.380s] GC(134) Pause Incremental GC (Collect on allocation) 40.62M->29.12M 1.360ms
[28.427s] GC(135) Pause Incremental GC (Collect on allocation) 40.12M->29.12M 1.101ms
[28.471s] GC(136) Pause Incremental GC (Collect on allocation) 39.62M->29.12M 1.222ms
[28.513s] GC(137) Pause Incremental GC (Collect on allocation) 39.12M->29.12M 1.274ms
[28.554s] GC(138) Pause Incremental GC (Collect on allocation) 38.62M->29.12M 1.259ms
[28.591s] GC(139) Pause Incremental GC (Collect on allocation) 38.12M->29.12M 1.151ms
[28.626s] GC(140) Pause Incremental GC (Collect on allocation) 37.62M->29.12M 1.184ms
[28.659s] GC(141) Pause Incremental GC (Collect on allocation) 37.12M->29.12M 1.149ms
[28.690s] GC(142) Pause Incremental GC (Collect on allocation) 36.62M->29.12M 1.100ms
[28.718s] GC(143) Pause Incremental GC (Collect on allocation) 36.12M->29.12M 1.232ms
[28.745s] GC(144) Pause Incremental GC (Collect on allocation) 35.62M->29.12M 1.232ms
[28.769s] GC(145) Pause Incremental GC (Collect on allocation) 35.12M->29.12M 1.065ms
[28.799s] GC(146) Pause Incremental GC (Collect on allocation) 36.12M->29.12M 1.107ms
[28.833s] GC(147) Pause Incremental GC (Collect on allocation) 37.12M->29.12M 1.117ms
[28.863s] GC(148) Pause Incremental GC (Collect on allocation) 36.62M->29.62M 1.749ms
[28.898s] GC(149) Pause Incremental GC (Collect on allocation) 38.12M->29.62M 1.280ms
[28.936s] GC(150) Pause Incremental GC (Collect on allocation) 39.12M->29.62M 1.105ms
[28.982s] GC(151) Pause Incremental GC (Collect on allocation) 40.12M->29.62M 1.101ms
[29.024s] GC(152) Pause Incremental GC (Collect on allocation) 39.62M->29.62M 1.099ms
[29.064s] GC(153) Pause Incremental GC (Collect on allocation) 39.12M->29.62M 1.183ms
[29.101s] GC(154) Pause Incremental GC (Collect on allocation) 38.62M->29.62M 1.114ms
[29.138s] GC(155) Pause Incremental GC (Collect on allocation) 38.12M->29.62M 1.257ms
[29.172s] GC(156) Pause Incremental GC (Collect on allocation) 37.62M->29.62M 1.146ms
[29.202s] GC(157) Pause Incremental GC (Collect on allocation) 37.12M->29.62M 1.175ms
[29.230s] GC(158) Pause Incremental GC (Collect on allocation) 36.62M->29.62M 1.140ms
[29.257s] GC(159) Pause Incremental GC (Collect on allocation) 36.12M->29.62M 1.211ms
[29.282s] GC(160) Pause Incremental GC (Collect on allocation) 35.62M->29.62M 1.147ms
[29.331s] GC(161) Pause Full GC (Collect on allocation) 36.62M->29.12M 22.196ms
[29.349s] GC(162) Pause Incremental GC (Collect on allocation) 38.12M->29.12M 1.342ms
[29.392s] GC(163) Pause Incremental GC (Collect on allocation) 39.12M->29.12M 1.162ms
[29.430s] GC(164) Pause Incremental GC (Collect on allocation) 38.62M->29.12M 1.144ms
[29.468s] GC(165) Pause Incremental GC (Collect on allocation) 38.12M->29.12M 1.256ms
[29.504s] GC(166) Pause Incremental GC (Collect on allocation) 37.62M->29.12M 1.270ms
[29.533s] GC(167) Pause Incremental GC (Collect on allocation) 37.12M->29.12M 1.246ms
[29.565s] GC(168) Pause Incremental GC (Collect on allocation) 36.62M->29.12M 1.224ms
[29.594s] GC(169) Pause Incremental GC (Collect on allocation) 36.12M->29.12M 1.172ms
[29.622s] GC(170) Pause Incremental GC (Collect on allocation) 35.62M->29.12M 1.202ms
[29.653s] GC(171) Pause Incremental GC (Collect on allocation) 36.62M->29.12M 1.498ms
[29.688s] GC(172) Pause Incremental GC (Collect on allocation) 37.62M->29.12M 1.111ms
[29.728s] GC(173) Pause Incremental GC (Collect on allocation) 38.62M->29.12M 1.113ms
[29.757s] GC(174) Pause Incremental GC (Collect on allocation) 38.12M->29.12M 1.295ms
[29.759s] GC(175) Pause Incremental GC (Collect on allocation) 39.12M->29.62M 1.103ms
[29.782s] GC(176) Pause Incremental GC (Collect on allocation) 39.12M->29.62M 1.279ms
[29.819s] GC(177) Pause Incremental GC (Collect on allocation) 38.62M->29.62M 1.133ms
[29.854s] GC(178) Pause Incremental GC (Collect on allocation) 38.12M->29.62M 1.181ms
[29.889s] GC(179) Pause Incremental GC (Collect on allocation) 37.62M->29.62M 1.595ms
[29.920s] GC(180) Pause Incremental GC (Collect on allocation) 37.12M->29.62M 1.205ms
[29.950s] GC(181) Pause Incremental GC (Collect on allocation) 36.62M->29.62M 1.158ms
[29.976s] GC(182) Pause Incremental GC (Collect on allocation) 36.12M->29.62M 1.272ms
[30.000s] GC(183) Pause Incremental GC (Collect on allocation) 35.62M->29.62M 1.139ms
[30.023s] GC(184) Pause Incremental GC (Collect on allocation) 35.12M->29.62M 1.134ms
[30.043s] GC(185) Pause Incremental GC (Collect on allocation) 34.62M->29.62M 1.069ms
[30.060s] GC(186) Pause Incremental GC (Collect on allocation) 34.12M->29.62M 1.258ms
[30.075s] GC(187) Pause Incremental GC (Collect on allocation) 33.62M->29.62M 1.213ms
[30.091s] GC(188) Pause Incremental GC (Collect on allocation) 33.62M->29.62M 1.129ms
[30.107s] GC(189) Pause Incremental GC (Collect on allocation) 33.62M->29.62M 1.092ms
[30.123s] GC(190) Pause Incremental GC (Collect on allocation) 33.62M->29.62M 1.151ms
[30.141s] GC(191) Pause Incremental GC (Collect on allocation) 34.12M->29.62M 1.162ms
[30.157s] GC(192) Pause Incremental GC (Collect on allocation) 33.62M->29.62M 1.018ms
[30.175s] GC(193) Pause Incremental GC (Collect on allocation) 34.12M->29.62M 1.086ms
[30.190s] GC(194) Pause Incremental GC (Collect on allocation) 33.62M->29.62M 1.024ms
[30.206s] GC(195) Pause Incremental GC (Collect on allocation) 33.62M->29.62M 1.060ms
[30.224s] GC(196) Pause Incremental GC (Collect on allocation) 34.12M->30.12M 1.115ms
[30.240s] GC(197) Pause Incremental GC (Collect on allocation) 34.12M->30.12M 1.086ms
[30.258s] GC(198) Pause Incremental GC (Collect on allocation) 34.62M->30.12M 1.103ms
[30.301s] GC(199) Pause Full GC (Collect on allocation) 35.12M->29.12M 23.155ms
[30.307s] GC(200) Pause Incremental GC (Collect on allocation) 34.12M->29.12M 1.295ms
[30.321s] GC(201) Pause Incremental GC (Collect on allocation) 34.62M->29.12M 1.205ms
[30.342s] GC(202) Pause Incremental GC (Collect on allocation) 34.12M->29.12M 1.239ms
[30.360s] GC(203) Pause Incremental GC (Collect on allocation) 33.62M->29.12M 1.140ms
[30.377s] GC(204) Pause Incremental GC (Collect on allocation) 33.12M->29.12M 1.351ms
[30.394s] GC(205) Pause Incremental GC (Collect on allocation) 33.62M->29.12M 1.123ms
[30.413s] GC(206) Pause Incremental GC (Collect on allocation) 34.12M->29.12M 1.085ms
[30.437s] GC(207) Pause Incremental GC (Collect on allocation) 34.62M->29.12M 1.468ms
[30.464s] GC(208) Pause Incremental GC (Collect on allocation) 35.62M->29.12M 1.087ms
[30.495s] GC(209) Pause Incremental GC (Collect on allocation) 36.62M->29.12M 1.147ms
[30.532s] GC(210) Pause Incremental GC (Collect on allocation) 37.62M->29.12M 1.101ms
[30.570s] GC(211) Pause Incremental GC (Collect on allocation) 38.62M->29.12M 1.169ms
[30.615s] GC(212) Pause Incremental GC (Collect on allocation) 39.62M->29.12M 1.177ms
[30.666s] GC(213) Pause Incremental GC (Collect on allocation) 41.12M->29.12M 1.146ms
[30.725s] GC(214) Pause Incremental GC (Collect on allocation) 42.62M->29.12M 1.124ms
[30.781s] GC(215) Pause Incremental GC (Collect on allocation) 42.12M->29.12M 1.086ms
[30.835s] GC(216) Pause Incremental GC (Collect on allocation) 41.62M->29.12M 1.149ms
[30.887s] GC(217) Pause Incremental GC (Collect on allocation) 41.12M->29.12M 1.185ms
[30.936s] GC(218) Pause Incremental GC (Collect on allocation) 40.62M->29.12M 1.085ms
[30.984s] GC(219) Pause Incremental GC (Collect on allocation) 40.12M->29.12M 1.198ms
[31.029s] GC(220) Pause Incremental GC (Collect on allocation) 39.62M->29.62M 1.233ms
[31.069s] GC(221) Pause Incremental GC (Collect on allocation) 39.62M->29.62M 1.220ms
[31.108s] GC(222) Pause Incremental GC (Collect on allocation) 39.12M->29.62M 1.114ms
[31.147s] GC(223) Pause Incremental GC (Collect on allocation) 38.62M->29.62M 1.163ms
[31.183s] GC(224) Pause Incremental GC (Collect on allocation) 38.12M->29.62M 1.165ms
[31.216s] GC(225) Pause Incremental GC (Collect on allocation) 37.62M->29.62M 1.106ms
[31.247s] GC(226) Pause Incremental GC (Collect on allocation) 37.12M->29.62M 1.071ms
[31.277s] GC(227) Pause Incremental GC (Collect on allocation) 36.62M->29.62M 1.143ms
[31.303s] GC(228) Pause Incremental GC (Collect on allocation) 36.12M->29.62M 1.153ms
[31.334s] GC(229) Pause Incremental GC (Collect on allocation) 37.12M->29.62M 1.272ms
[31.368s] GC(230) Pause Incremental GC (Collect on allocation) 38.12M->29.62M 1.234ms
[31.408s] GC(231) Pause Incremental GC (Collect on allocation) 39.12M->29.62M 1.124ms
[31.447s] GC(232) Pause Incremental GC (Collect on allocation) 38.62M->29.62M 1.160ms
[31.483s] GC(233) Pause Incremental GC (Collect on allocation) 38.12M->29.62M 1.144ms
[31.517s] GC(234) Pause Incremental GC (Collect on allocation) 37.62M->29.62M 1.183ms
[31.548s] GC(235) Pause Incremental GC (Collect on allocation) 37.12M->29.62M 1.116ms
[31.579s] GC(236) Pause Incremental GC (Collect on allocation) 36.62M->29.62M 1.129ms
[31.605s] GC(237) Pause Incremental GC (Collect on allocation) 36.12M->29.62M 1.130ms
[31.635s] GC(238) Pause Incremental GC (Collect on allocation) 37.12M->29.62M 1.097ms
[31.692s] GC(239) Pause Full GC (Collect on allocation) 38.12M->29.12M 21.471ms
[31.715s] GC(240) Pause Incremental GC (Collect on allocation) 39.62M->29.12M 1.344ms
[31.758s] GC(241) Pause Incremental GC (Collect on allocation) 39.12M->29.12M 1.134ms
[31.798s] GC(242) Pause Incremental GC (Collect on allocation) 38.62M->29.12M 1.207ms
[31.836s] GC(243) Pause Incremental GC (Collect on allocation) 38.12M->29.12M 1.281ms
[31.872s] GC(244) Pause Incremental GC (Collect on allocation) 37.62M->29.12M 1.261ms
[31.905s] GC(245) Pause Incremental GC (Collect on allocation) 37.12M->29.12M 1.252ms
[31.935s] GC(246) Pause Incremental GC (Collect on allocation) 36.62M->29.12M 1.065ms
[31.964s] GC(247) Pause Incremental GC (Collect on allocation) 36.12M->29.12M 1.065ms
[31.990s] GC(248) Pause Incremental GC (Collect on allocation) 35.62M->29.12M 1.128ms
[32.022s] GC(249) Pause Incremental GC (Collect on allocation) 36.62M->29.12M 1.152ms
[32.058s] GC(250) Pause Incremental GC (Collect on allocation) 37.62M->29.12M 1.083ms
[32.091s] GC(251) Pause Incremental GC (Collect on allocation) 37.12M->29.12M 1.183ms
[32.121s] GC(252) Pause Incremental GC (Collect on allocation) 36.62M->29.12M 1.243ms
[32.158s] GC(253) Pause Incremental GC (Collect on allocation) 37.62M->29.12M 1.119ms
[32.196s] GC(254) Pause Incremental GC (Collect on allocation) 38.62M->29.12M 1.220ms
[32.233s] GC(255) Pause Incremental GC (Collect on allocation) 38.12M->29.12M 1.177ms
[32.269s] GC(256) Pause Incremental GC (Collect on allocation) 37.62M->29.12M 1.271ms
[32.303s] GC(257) Pause Incremental GC (Collect on allocation) 37.12M->29.12M 1.108ms
[32.335s] GC(258) Pause Incremental GC (Collect on allocation) 36.62M->29.12M 1.108ms
[32.364s] GC(259) Pause Incremental GC (Collect on allocation) 36.12M->29.12M 1.123ms
[32.389s] GC(260) Pause Incremental GC (Collect on allocation) 35.62M->29.62M 1.334ms
[32.421s] GC(261) Pause Incremental GC (Collect on allocation) 37.12M->29.62M 1.213ms
[32.457s] GC(262) Pause Incremental GC (Collect on allocation) 38.12M->29.62M 1.081ms
[32.496s] GC(263) Pause Incremental GC (Collect on allocation) 39.12M->29.62M 1.164ms
[32.533s] GC(264) Pause Incremental GC (Collect on allocation) 38.62M->29.62M 1.156ms
[32.569s] GC(265) Pause Incremental GC (Collect on allocation) 38.12M->29.62M 1.227ms
[32.603s] GC(266) Pause Incremental GC (Collect on allocation) 37.62M->29.62M 1.090ms
[32.634s] GC(267) Pause Incremental GC (Collect on allocation) 37.12M->29.62M 1.131ms
[32.662s] GC(268) Pause Incremental GC (Collect on allocation) 36.62M->29.62M 1.129ms
[32.696s] GC(269) Pause Incremental GC (Collect on allocation) 37.62M->29.62M 1.156ms
[32.728s] GC(270) Pause Incremental GC (Collect on allocation) 37.12M->29.62M 1.237ms
[32.764s] GC(271) Pause Incremental GC (Collect on allocation) 38.12M->29.62M 1.098ms
[32.797s] GC(272) Pause Incremental GC (Collect on allocation) 37.62M->29.62M 1.170ms
[32.829s] GC(273) Pause Incremental GC (Collect on allocation) 37.12M->29.62M 1.259ms
[32.862s] GC(274) Pause Incremental GC (Collect on allocation) 38.12M->29.62M 1.277ms
[32.900s] GC(275) Pause Incremental GC (Collect on allocation) 39.12M->29.62M 1.173ms
[32.966s] GC(276) Pause Full GC (Collect on allocation) 40.12M->29.12M 22.169ms
[32.985s] GC(277) Pause Incremental GC (Collect on allocation) 38.62M->29.12M 1.504ms
[33.023s] GC(278) Pause Incremental GC (Collect on allocation) 38.12M->29.12M 1.210ms
[33.059s] GC(279) Pause Incremental GC (Collect on allocation) 37.62M->29.12M 1.323ms
[33.092s] GC(280) Pause Incremental GC (Collect on allocation) 37.12M->29.12M 1.213ms
[33.131s] GC(281) Pause Incremental GC (Collect on allocation) 38.12M->29.12M 1.401ms
[33.172s] GC(282) Pause Incremental GC (Collect on allocation) 39.12M->29.12M 1.163ms
[33.214s] GC(283) Pause Incremental GC (Collect on allocation) 38.62M->29.12M 1.100ms
[33.252s] GC(284) Pause Incremental GC (Collect on allocation) 38.12M->29.12M 1.142ms
[33.287s] GC(285) Pause Incremental GC (Collect on allocation) 37.62M->29.12M 1.248ms
[33.320s] GC(286) Pause Incremental GC (Collect on allocation) 37.12M->29.12M 1.222ms
[33.351s] GC(287) Pause Incremental GC (Collect on allocation) 36.62M->29.12M 1.122ms
[33.379s] GC(288) Pause Incremental GC (Collect on allocation) 36.12M->29.12M 1.187ms
[33.412s] GC(289) Pause Incremental GC (Collect on allocation) 37.12M->29.12M 1.176ms
[33.450s] GC(290) Pause Incremental GC (Collect on allocation) 38.12M->29.62M 1.210ms
[33.493s] GC(291) Pause Incremental GC (Collect on allocation) 39.62M->29.62M 1.211ms
[33.534s] GC(292) Pause Incremental GC (Collect on allocation) 39.12M->29.62M 1.210ms
[33.572s] GC(293) Pause Incremental GC (Collect on allocation) 38.62M->29.62M 1.197ms
[33.608s] GC(294) Pause Incremental GC (Collect on allocation) 38.12M->29.62M 1.142ms
[33.640s] GC(295) Pause Incremental GC (Collect on allocation) 37.62M->29.62M 1.180ms
[33.672s] GC(296) Pause Incremental GC (Collect on allocation) 37.12M->29.62M 1.517ms
[33.709s] GC(297) Pause Incremental GC (Collect on allocation) 38.12M->29.62M 1.102ms
[33.743s] GC(298) Pause Incremental GC (Collect on allocation) 37.62M->29.62M 1.098ms
[33.773s] GC(299) Pause Incremental GC (Collect on allocation) 37.12M->29.62M 1.079ms
[33.803s] GC(300) Pause Incremental GC (Collect on allocation) 36.62M->29.62M 1.103ms
[33.837s] GC(301) Pause Incremental GC (Collect on allocation) 37.62M->29.62M 1.136ms
[33.867s] GC(302) Pause Incremental GC (Collect on allocation) 37.12M->29.62M 1.118ms
[33.903s] GC(303) Pause Incremental GC (Collect on allocation) 38.12M->29.62M 1.129ms
[33.937s] GC(304) Pause Incremental GC (Collect on allocation) 37.62M->29.62M 1.213ms
[33.967s] GC(305) Pause Incremental GC (Collect on allocation) 37.12M->29.62M 1.194ms
[34.003s] GC(306) Pause Incremental GC (Collect on allocation) 38.12M->29.62M 1.169ms
[34.037s] GC(307) Pause Incremental GC (Collect on allocation) 37.62M->29.62M 1.262ms
[34.075s] GC(308) Pause Incremental GC (Collect on allocation) 38.62M->29.62M 1.180ms
[34.111s] GC(309) Pause Incremental GC (Collect on allocation) 38.12M->29.62M 1.098ms
[34.145s] GC(310) Pause Incremental GC (Collect on allocation) 37.62M->30.12M 1.304ms
[34.176s] GC(311) Pause Incremental GC (Collect on allocation) 37.62M->30.12M 1.141ms
[34.204s] GC(312) Pause Incremental GC (Collect on allocation) 37.12M->30.12M 1.236ms
[34.238s] GC(313) Pause Incremental GC (Collect on allocation) 38.12M->30.12M 1.175ms
[34.297s] GC(314) Pause Full GC (Collect on allocation) 39.12M->29.12M 21.691ms
[34.315s] GC(315) Pause Incremental GC (Collect on allocation) 38.62M->29.12M 1.334ms
[34.353s] GC(316) Pause Incremental GC (Collect on allocation) 38.12M->29.12M 1.216ms
[34.390s] GC(317) Pause Incremental GC (Collect on allocation) 37.62M->29.12M 1.143ms
[34.423s] GC(318) Pause Incremental GC (Collect on allocation) 37.12M->29.12M 1.215ms
[34.454s] GC(319) Pause Incremental GC (Collect on allocation) 36.62M->29.12M 1.120ms
[34.483s] GC(320) Pause Incremental GC (Collect on allocation) 36.12M->29.12M 1.109ms
[34.510s] GC(321) Pause Incremental GC (Collect on allocation) 35.62M->29.12M 1.149ms
[34.540s] GC(322) Pause Incremental GC (Collect on allocation) 36.62M->29.12M 1.087ms
[34.577s] GC(323) Pause Incremental GC (Collect on allocation) 37.62M->29.12M 1.179ms
[34.617s] GC(324) Pause Incremental GC (Collect on allocation) 38.62M->29.12M 1.169ms
[34.656s] GC(325) Pause Incremental GC (Collect on allocation) 38.12M->29.12M 1.115ms
[34.693s] GC(326) Pause Incremental GC (Collect on allocation) 37.62M->29.12M 1.115ms
[34.726s] GC(327) Pause Incremental GC (Collect on allocation) 37.12M->29.12M 1.139ms
[34.755s] GC(328) Pause Incremental GC (Collect on allocation) 36.62M->29.12M 1.303ms
[34.758s] GC(329) Pause Incremental GC (Collect on allocation) 37.62M->29.12M 1.123ms
[34.760s] GC(330) Pause Incremental GC (Collect on allocation) 37.12M->29.62M 1.185ms
[34.791s] GC(331) Pause Incremental GC (Collect on allocation) 37.12M->29.62M 1.208ms
[34.820s] GC(332) Pause Incremental GC (Collect on allocation) 36.62M->29.62M 1.304ms
[34.845s] GC(333) Pause Incremental GC (Collect on allocation) 36.12M->29.62M 1.341ms
[34.870s] GC(334) Pause Incremental GC (Collect on allocation) 35.62M->29.62M 1.272ms
[34.892s] GC(335) Pause Incremental GC (Collect on allocation) 35.12M->29.62M 1.199ms
[34.913s] GC(336) Pause Incremental GC (Collect on allocation) 34.62M->29.62M 1.167ms
[34.931s] GC(337) Pause Incremental GC (Collect on allocation) 34.12M->29.62M 1.146ms
[34.945s] GC(338) Pause Incremental GC (Collect on allocation) 33.62M->29.62M 1.125ms
[34.962s] GC(339) Pause Incremental GC (Collect on allocation) 33.62M->29.62M 1.044ms
[34.976s] GC(340) Pause Incremental GC (Collect on allocation) 33.62M->29.62M 1.091ms
[34.993s] GC(341) Pause Incremental GC (Collect on allocation) 33.62M->29.62M 1.131ms
[35.008s] GC(342) Pause Incremental GC (Collect on allocation) 33.62M->29.62M 1.020ms
[35.024s] GC(343) Pause Incremental GC (Collect on allocation) 33.62M->29.62M 1.055ms
[35.040s] GC(344) Pause Incremental GC (Collect on allocation) 33.62M->29.62M 1.093ms
[35.056s] GC(345) Pause Incremental GC (Collect on allocation) 33.62M->29.62M 1.096ms
[35.072s] GC(346) Pause Incremental GC (Collect on allocation) 33.62M->30.12M 1.131ms
[35.087s] GC(347) Pause Incremental GC (Collect on allocation) 34.12M->30.12M 1.224ms
[35.103s] GC(348) Pause Incremental GC (Collect on allocation) 34.12M->30.12M 1.082ms
[35.119s] GC(349) Pause Incremental GC (Collect on allocation) 34.12M->30.12M 1.090ms
[35.138s] GC(350) Pause Incremental GC (Collect on allocation) 34.12M->30.12M 1.447ms
[35.184s] GC(351) Pause Full GC (Collect on allocation) 34.12M->29.12M 33.869ms
[35.191s] GC(352) Pause Incremental GC (Collect on allocation) 33.12M->29.12M 1.399ms
[35.198s] GC(353) Pause Incremental GC (Collect on allocation) 33.12M->29.12M 2.165ms
[35.206s] GC(354) Pause Incremental GC (Collect on allocation) 33.62M->29.12M 1.939ms
[35.221s] GC(355) Pause Incremental GC (Collect on allocation) 34.12M->29.12M 1.508ms
[35.243s] GC(356) Pause Incremental GC (Collect on allocation) 34.62M->29.12M 1.115ms
[35.269s] GC(357) Pause Incremental GC (Collect on allocation) 35.62M->29.12M 1.158ms
[35.301s] GC(358) Pause Incremental GC (Collect on allocation) 36.62M->29.12M 1.599ms
[35.335s] GC(359) Pause Incremental GC (Collect on allocation) 37.62M->29.12M 1.260ms
[35.376s] GC(360) Pause Incremental GC (Collect on allocation) 38.62M->29.12M 1.336ms
[35.421s] GC(361) Pause Incremental GC (Collect on allocation) 39.62M->29.12M 1.105ms
[35.473s] GC(362) Pause Incremental GC (Collect on allocation) 41.12M->29.12M 1.087ms
[35.531s] GC(363) Pause Incremental GC (Collect on allocation) 42.62M->29.12M 1.173ms
[35.593s] GC(364) Pause Incremental GC (Collect on allocation) 43.62M->29.12M 1.212ms
[35.659s] GC(365) Pause Incremental GC (Collect on allocation) 44.62M->29.12M 1.078ms
[35.732s] GC(366) Pause Incremental GC (Collect on allocation) 46.12M->29.62M 1.244ms
[35.804s] GC(367) Pause Incremental GC (Collect on allocation) 46.12M->29.62M 1.329ms
[35.873s] GC(368) Pause Incremental GC (Collect on allocation) 45.62M->29.62M 1.171ms
[35.938s] GC(369) Pause Incremental GC (Collect on allocation) 45.12M->29.62M 1.280ms
[36.003s] GC(370) Pause Incremental GC (Collect on allocation) 44.62M->29.62M 1.531ms
[36.066s] GC(371) Pause Incremental GC (Collect on allocation) 44.12M->29.62M 1.183ms
[36.126s] GC(372) Pause Incremental GC (Collect on allocation) 43.62M->29.62M 1.203ms
[36.183s] GC(373) Pause Incremental GC (Collect on allocation) 43.12M->29.62M 1.295ms
[36.240s] GC(374) Pause Incremental GC (Collect on allocation) 42.62M->29.62M 1.159ms
[36.293s] GC(375) Pause Incremental GC (Collect on allocation) 42.12M->29.62M 1.274ms
[36.345s] GC(376) Pause Incremental GC (Collect on allocation) 41.62M->29.62M 1.587ms
[36.394s] GC(377) Pause Incremental GC (Collect on allocation) 41.12M->29.62M 1.193ms
[36.442s] GC(378) Pause Incremental GC (Collect on allocation) 40.62M->29.62M 1.158ms
[36.486s] GC(379) Pause Incremental GC (Collect on allocation) 40.12M->29.62M 1.219ms
[36.527s] GC(380) Pause Incremental GC (Collect on allocation) 39.62M->29.62M 1.202ms
[36.567s] GC(381) Pause Incremental GC (Collect on allocation) 39.12M->29.62M 1.082ms
[36.605s] GC(382) Pause Incremental GC (Collect on allocation) 38.62M->29.62M 1.107ms
[36.640s] GC(383) Pause Incremental GC (Collect on allocation) 38.12M->29.62M 1.089ms
[36.673s] GC(384) Pause Incremental GC (Collect on allocation) 37.62M->29.62M 1.125ms
[36.705s] GC(385) Pause Incremental GC (Collect on allocation) 37.12M->29.62M 1.088ms
[36.741s] GC(386) Pause Incremental GC (Collect on allocation) 38.12M->29.62M 1.179ms
[36.782s] GC(387) Pause Incremental GC (Collect on allocation) 39.12M->29.62M 1.226ms
[36.827s] GC(388) Pause Incremental GC (Collect on allocation) 40.12M->29.62M 1.179ms
[36.876s] GC(389) Pause Incremental GC (Collect on allocation) 41.12M->29.62M 1.230ms
[36.924s] GC(390) Pause Incremental GC (Collect on allocation) 40.62M->30.12M 1.524ms
[36.968s] GC(391) Pause Incremental GC (Collect on allocation) 40.62M->30.12M 1.317ms
[37.010s] GC(392) Pause Incremental GC (Collect on allocation) 40.12M->30.12M 1.309ms
[37.055s] GC(393) Pause Incremental GC (Collect on allocation) 41.12M->30.12M 1.304ms
[37.101s] GC(394) Pause Incremental GC (Collect on allocation) 40.62M->30.12M 1.221ms
[37.165s] GC(395) Pause Full GC (Collect on allocation) 40.12M->29.12M 23.674ms
[37.181s] GC(396) Pause Incremental GC (Collect on allocation) 38.12M->29.12M 1.436ms
[37.217s] GC(397) Pause Incremental GC (Collect on allocation) 37.62M->29.12M 1.159ms
[37.251s] GC(398) Pause Incremental GC (Collect on allocation) 37.12M->29.12M 1.213ms
[37.289s] GC(399) Pause Incremental GC (Collect on allocation) 38.12M->29.12M 1.215ms
[37.331s] GC(400) Pause Incremental GC (Collect on allocation) 39.12M->29.12M 1.168ms
[37.372s] GC(401) Pause Incremental GC (Collect on allocation) 38.62M->29.12M 1.238ms
[37.411s] GC(402) Pause Incremental GC (Collect on allocation) 38.12M->29.12M 1.346ms
[37.447s] GC(403) Pause Incremental GC (Collect on allocation) 37.62M->29.12M 1.209ms
[37.487s] GC(404) Pause Incremental GC (Collect on allocation) 38.62M->29.12M 1.184ms
[37.523s] GC(405) Pause Incremental GC (Collect on allocation) 38.12M->29.12M 1.143ms
[37.558s] GC(406) Pause Incremental GC (Collect on allocation) 37.62M->29.12M 1.203ms
[37.592s] GC(407) Pause Incremental GC (Collect on allocation) 37.12M->29.12M 1.237ms
[37.630s] GC(408) Pause Incremental GC (Collect on allocation) 38.12M->29.12M 1.103ms
[37.671s] GC(409) Pause Incremental GC (Collect on allocation) 39.12M->29.12M 1.296ms
[37.712s] GC(410) Pause Incremental GC (Collect on allocation) 38.62M->29.12M 1.358ms
[37.755s] GC(411) Pause Incremental GC (Collect on allocation) 39.62M->29.62M 1.378ms
[38.313s] GC(412) Pause Incremental GC (Collect on allocation) 41.12M->29.62M 1.384ms
[38.401s] GC(413) Pause Incremental GC (Collect on allocation) 40.62M->29.62M 1.130ms
[38.465s] GC(414) Pause Incremental GC (Collect on allocation) 40.12M->29.62M 1.143ms
[38.536s] GC(415) Pause Incremental GC (Collect on allocation) 39.62M->29.62M 1.558ms
[38.619s] GC(416) Pause Incremental GC (Collect on allocation) 39.12M->29.62M 1.220ms
[38.684s] GC(417) Pause Incremental GC (Collect on allocation) 38.62M->29.62M 1.162ms
[38.735s] GC(418) Pause Incremental GC (Collect on allocation) 38.12M->30.12M 1.176ms
[38.790s] GC(419) Pause Incremental GC (Collect on allocation) 38.12M->30.12M 1.198ms
[38.841s] GC(420) Pause Incremental GC (Collect on allocation) 37.62M->30.12M 1.134ms
[38.887s] GC(421) Pause Incremental GC (Collect on allocation) 37.12M->30.12M 1.230ms
[38.927s] GC(422) Pause Incremental GC (Collect on allocation) 36.62M->30.12M 1.230ms
[38.962s] GC(423) Pause Incremental GC (Collect on allocation) 36.12M->30.12M 1.160ms
[38.993s] GC(424) Pause Incremental GC (Collect on allocation) 35.62M->30.12M 1.170ms
[39.021s] GC(425) Pause Incremental GC (Collect on allocation) 35.12M->30.12M 1.140ms
[39.051s] GC(426) Pause Incremental GC (Collect on allocation) 34.62M->30.12M 1.092ms
[39.080s] GC(427) Pause Incremental GC (Collect on allocation) 35.12M->30.62M 1.084ms
[39.106s] GC(428) Pause Incremental GC (Collect on allocation) 36.12M->31.12M 2.297ms
[39.138s] GC(429) Pause Full GC (Collect on allocation) 37.62M->27.62M 25.320ms
[39.151s] GC(430) Pause Incremental GC (Collect on allocation) 36.12M->30.12M 5.653ms
[39.165s] GC(431) Pause Incremental GC (Collect on allocation) 39.62M->34.12M 4.301ms
[39.174s] GC(432) Pause Incremental GC (Collect on allocation) 43.12M->38.62M 3.778ms
[39.183s] GC(433) Pause Incremental GC (Collect on allocation) 47.12M->42.62M 3.863ms
[39.191s] GC(434) Pause Incremental GC (Collect on allocation) 50.62M->46.12M 3.147ms
[39.199s] GC(435) Pause Incremental GC (Collect on allocation) 53.62M->49.12M 3.275ms
[39.207s] GC(436) Pause Incremental GC (Collect on allocation) 56.12M->52.62M 3.044ms
[39.217s] GC(437) Pause Incremental GC (Collect on allocation) 59.12M->54.12M 3.336ms
[39.226s] GC(438) Pause Incremental GC (Collect on allocation) 60.12M->54.62M 2.701ms
[39.235s] GC(439) Pause Incremental GC (Collect on allocation) 60.12M->55.62M 2.333ms
[39.242s] GC(440) Pause Incremental GC (Collect on allocation) 60.62M->56.12M 2.151ms
[39.249s] GC(441) Pause Incremental GC (Collect on allocation) 60.62M->56.12M 1.954ms
[39.256s] GC(442) Pause Incremental GC (Collect on allocation) 61.12M->56.62M 2.085ms
[39.265s] GC(443) Pause Incremental GC (Collect on allocation) 62.12M->57.12M 2.119ms
[39.273s] GC(444) Pause Incremental GC (Collect on allocation) 63.62M->57.12M 1.569ms
[39.283s] GC(445) Pause Incremental GC (Collect on allocation) 64.62M->57.62M 1.751ms
[39.293s] GC(446) Pause Incremental GC (Collect on allocation) 66.12M->57.62M 1.699ms
[39.307s] GC(447) Pause Incremental GC (Collect on allocation) 67.12M->58.62M 2.983ms
[39.322s] GC(448) Pause Incremental GC (Collect on allocation) 69.12M->58.62M 1.869ms
[39.337s] GC(449) Pause Incremental GC (Collect on allocation) 70.62M->59.62M 2.441ms
[39.355s] GC(450) Pause Incremental GC (Collect on allocation) 73.12M->59.62M 1.915ms
[39.380s] GC(451) Pause Incremental GC (Collect on allocation) 74.62M->59.62M 1.301ms
[39.408s] GC(452) Pause Incremental GC (Collect on allocation) 76.12M->59.62M 1.286ms
[39.439s] GC(453) Pause Incremental GC (Collect on allocation) 78.12M->59.62M 1.364ms
[39.474s] GC(454) Pause Incremental GC (Collect on allocation) 80.12M->59.62M 1.352ms
[39.516s] GC(455) Pause Incremental GC (Collect on allocation) 82.62M->59.62M 1.916ms
[39.558s] GC(456) Pause Incremental GC (Collect on allocation) 85.12M->59.62M 1.440ms
[39.607s] GC(457) Pause Incremental GC (Collect on allocation) 87.62M->60.12M 1.296ms
[39.660s] GC(458) Pause Incremental GC (Collect on allocation) 90.62M->60.12M 1.334ms
[39.718s] GC(459) Pause Incremental GC (Collect on allocation) 93.62M->60.12M 1.310ms
[39.759s] GC(460) Pause Incremental GC (Collect on allocation) 96.12M->60.12M 1.434ms
[39.824s] GC(461) Pause Incremental GC (Collect on allocation) 99.12M->60.12M 1.322ms
[39.899s] GC(462) Pause Incremental GC (Collect on allocation) 102.12M->60.12M 1.280ms
[39.973s] GC(463) Pause Incremental GC (Collect on allocation) 101.62M->60.12M 1.365ms
[40.068s] GC(464) Pause Full GC (Collect on allocation) 101.12M->42.62M 23.790ms
[40.116s] GC(465) Pause Incremental GC (Collect on allocation) 82.62M->42.62M 1.579ms
[40.186s] GC(466) Pause Incremental GC (Collect on allocation) 82.12M->43.12M 1.345ms
[40.254s] GC(467) Pause Incremental GC (Collect on allocation) 82.12M->43.12M 1.264ms
[40.323s] GC(468) Pause Incremental GC (Collect on allocation) 81.62M->43.12M 1.384ms
[40.390s] GC(469) Pause Incremental GC (Collect on allocation) 81.12M->43.12M 1.376ms
[40.455s] GC(470) Pause Incremental GC (Collect on allocation) 80.62M->43.12M 1.273ms
[40.520s] GC(471) Pause Incremental GC (Collect on allocation) 80.12M->43.12M 1.393ms
[40.583s] GC(472) Pause Incremental GC (Collect on allocation) 79.62M->43.12M 1.291ms
[40.647s] GC(473) Pause Incremental GC (Collect on allocation) 79.12M->43.12M 1.336ms
[40.711s] GC(474) Pause Incremental GC (Collect on allocation) 78.62M->43.12M 1.920ms
[40.772s] GC(475) Pause Incremental GC (Collect on allocation) 78.12M->43.12M 1.216ms
[40.833s] GC(476) Pause Incremental GC (Collect on allocation) 77.62M->43.12M 1.261ms
[40.894s] GC(477) Pause Incremental GC (Collect on allocation) 77.12M->43.12M 1.382ms
[40.953s] GC(478) Pause Incremental GC (Collect on allocation) 76.62M->43.12M 1.332ms
[41.018s] GC(479) Pause Incremental GC (Collect on allocation) 76.12M->43.12M 2.120ms
[41.070s] GC(480) Pause Incremental GC (Collect on allocation) 75.62M->43.12M 1.441ms
[41.126s] GC(481) Pause Incremental GC (Collect on allocation) 75.12M->43.12M 1.658ms
[41.183s] GC(482) Pause Incremental GC (Collect on allocation) 74.62M->43.12M 1.969ms
[41.238s] GC(483) Pause Incremental GC (Collect on allocation) 74.12M->43.62M 1.869ms
[41.292s] GC(484) Pause Incremental GC (Collect on allocation) 74.12M->43.62M 1.792ms
[41.343s] GC(485) Pause Incremental GC (Collect on allocation) 73.62M->43.62M 1.670ms
[41.401s] GC(486) Pause Incremental GC (Collect on allocation) 73.12M->43.62M 1.712ms
[41.459s] GC(487) Pause Incremental GC (Collect on allocation) 72.62M->43.62M 1.785ms
[41.496s] GC(488) Pause Incremental GC (Collect on allocation) 72.12M->43.62M 1.492ms
[41.551s] GC(489) Pause Incremental GC (Collect on allocation) 74.12M->44.12M 1.699ms
[41.610s] GC(490) Pause Incremental GC (Collect on allocation) 77.12M->44.12M 1.999ms
[41.669s] GC(491) Pause Incremental GC (Collect on allocation) 79.62M->44.12M 1.811ms
[41.729s] GC(492) Pause Incremental GC (Collect on allocation) 79.12M->44.12M 1.387ms
[41.791s] GC(493) Pause Incremental GC (Collect on allocation) 78.62M->44.12M 1.508ms
[41.853s] GC(494) Pause Incremental GC (Collect on allocation) 78.12M->44.12M 1.416ms
[41.910s] GC(495) Pause Incremental GC (Collect on allocation) 77.62M->44.12M 1.318ms
[41.968s] GC(496) Pause Incremental GC (Collect on allocation) 77.12M->44.12M 1.325ms
[42.025s] GC(497) Pause Incremental GC (Collect on allocation) 76.62M->44.12M 1.263ms
[42.083s] GC(498) Pause Incremental GC (Collect on allocation) 76.12M->44.12M 1.416ms
[42.138s] GC(499) Pause Incremental GC (Collect on allocation) 75.62M->44.12M 1.206ms
[42.193s] GC(500) Pause Incremental GC (Collect on allocation) 75.12M->44.12M 1.239ms
[42.247s] GC(501) Pause Incremental GC (Collect on allocation) 74.62M->44.12M 1.189ms
[42.300s] GC(502) Pause Incremental GC (Collect on allocation) 74.12M->44.12M 1.368ms
[42.376s] GC(503) Pause Full GC (Collect on allocation) 73.62M->42.62M 26.581ms
[42.413s] GC(504) Pause Incremental GC (Collect on allocation) 71.12M->42.62M 1.943ms
[42.451s] GC(505) Pause Incremental GC (Collect on allocation) 70.62M->43.12M 1.541ms
[42.498s] GC(506) Pause Incremental GC (Collect on allocation) 70.62M->43.12M 1.402ms
[42.544s] GC(507) Pause Incremental GC (Collect on allocation) 70.12M->43.12M 1.470ms
[42.591s] GC(508) Pause Incremental GC (Collect on allocation) 69.62M->43.12M 1.478ms
[42.636s] GC(509) Pause Incremental GC (Collect on allocation) 69.12M->43.12M 1.778ms
[42.680s] GC(510) Pause Incremental GC (Collect on allocation) 68.62M->43.12M 1.315ms
[42.724s] GC(511) Pause Incremental GC (Collect on allocation) 68.12M->43.12M 1.259ms
[42.767s] GC(512) Pause Incremental GC (Collect on allocation) 67.62M->43.12M 1.464ms
[42.809s] GC(513) Pause Incremental GC (Collect on allocation) 67.12M->43.12M 1.331ms
[42.851s] GC(514) Pause Incremental GC (Collect on allocation) 66.62M->43.12M 1.183ms
[42.891s] GC(515) Pause Incremental GC (Collect on allocation) 66.12M->43.12M 1.240ms
[42.931s] GC(516) Pause Incremental GC (Collect on allocation) 65.62M->43.12M 1.814ms
[42.974s] GC(517) Pause Incremental GC (Collect on allocation) 67.62M->43.12M 1.311ms
[43.016s] GC(518) Pause Incremental GC (Collect on allocation) 67.12M->43.12M 1.313ms
[43.057s] GC(519) Pause Incremental GC (Collect on allocation) 66.62M->43.12M 1.400ms
[43.097s] GC(520) Pause Incremental GC (Collect on allocation) 66.12M->43.12M 1.262ms
[43.136s] GC(521) Pause Incremental GC (Collect on allocation) 65.62M->43.12M 1.399ms
[43.174s] GC(522) Pause Incremental GC (Collect on allocation) 65.12M->43.62M 1.262ms
[43.212s] GC(523) Pause Incremental GC (Collect on allocation) 65.12M->43.62M 1.427ms
[43.249s] GC(524) Pause Incremental GC (Collect on allocation) 64.62M->43.62M 1.199ms
[43.285s] GC(525) Pause Incremental GC (Collect on allocation) 64.12M->43.62M 1.309ms
[43.320s] GC(526) Pause Incremental GC (Collect on allocation) 63.62M->43.62M 1.324ms
[43.357s] GC(527) Pause Incremental GC (Collect on allocation) 65.12M->43.62M 1.505ms
[43.398s] GC(528) Pause Incremental GC (Collect on allocation) 67.12M->43.62M 1.659ms
[43.442s] GC(529) Pause Incremental GC (Collect on allocation) 69.12M->43.62M 1.302ms
[43.491s] GC(530) Pause Incremental GC (Collect on allocation) 71.62M->43.62M 1.374ms
[43.538s] GC(531) Pause Incremental GC (Collect on allocation) 71.12M->44.12M 1.468ms
[43.585s] GC(532) Pause Incremental GC (Collect on allocation) 71.12M->44.12M 1.456ms
[43.630s] GC(533) Pause Incremental GC (Collect on allocation) 70.62M->45.12M 1.769ms
[43.678s] GC(534) Pause Incremental GC (Collect on allocation) 74.12M->46.62M 1.903ms
[43.751s] GC(535) Pause Full GC (Collect on allocation) 78.12M->42.62M 23.267ms
[43.797s] GC(536) Pause Incremental GC (Collect on allocation) 79.12M->43.12M 2.107ms
[43.861s] GC(537) Pause Incremental GC (Collect on allocation) 82.62M->43.12M 1.536ms
[43.929s] GC(538) Pause Incremental GC (Collect on allocation) 82.12M->43.12M 1.307ms
[43.997s] GC(539) Pause Incremental GC (Collect on allocation) 81.62M->43.12M 1.364ms
[44.064s] GC(540) Pause Incremental GC (Collect on allocation) 81.12M->43.12M 1.546ms
[44.131s] GC(541) Pause Incremental GC (Collect on allocation) 80.62M->43.12M 1.341ms
[44.196s] GC(542) Pause Incremental GC (Collect on allocation) 80.12M->43.12M 1.389ms
[44.261s] GC(543) Pause Incremental GC (Collect on allocation) 79.62M->43.12M 1.353ms
[44.324s] GC(544) Pause Incremental GC (Collect on allocation) 79.12M->43.12M 1.333ms
[44.390s] GC(545) Pause Incremental GC (Collect on allocation) 78.62M->43.12M 1.437ms
[44.450s] GC(546) Pause Incremental GC (Collect on allocation) 78.12M->43.12M 1.598ms
[44.510s] GC(547) Pause Incremental GC (Collect on allocation) 77.62M->43.12M 1.401ms
[44.570s] GC(548) Pause Incremental GC (Collect on allocation) 77.12M->43.12M 1.305ms
[44.629s] GC(549) Pause Incremental GC (Collect on allocation) 76.62M->43.12M 1.356ms
[44.688s] GC(550) Pause Incremental GC (Collect on allocation) 76.12M->43.12M 1.394ms
[44.745s] GC(551) Pause Incremental GC (Collect on allocation) 75.62M->43.12M 1.430ms
[44.775s] GC(552) Pause Incremental GC (Collect on allocation) 75.12M->43.62M 1.243ms
[44.831s] GC(553) Pause Incremental GC (Collect on allocation) 75.12M->43.62M 1.221ms
[44.885s] GC(554) Pause Incremental GC (Collect on allocation) 74.62M->43.62M 1.454ms
[44.939s] GC(555) Pause Incremental GC (Collect on allocation) 74.12M->43.62M 1.232ms
[44.992s] GC(556) Pause Incremental GC (Collect on allocation) 73.62M->43.62M 1.248ms
[45.044s] GC(557) Pause Incremental GC (Collect on allocation) 73.12M->43.62M 1.393ms
[45.095s] GC(558) Pause Incremental GC (Collect on allocation) 72.62M->43.62M 1.528ms
[45.145s] GC(559) Pause Incremental GC (Collect on allocation) 72.12M->43.62M 1.380ms
[45.194s] GC(560) Pause Incremental GC (Collect on allocation) 71.62M->43.62M 1.254ms
[45.242s] GC(561) Pause Incremental GC (Collect on allocation) 71.12M->43.62M 1.353ms
[45.289s] GC(562) Pause Incremental GC (Collect on allocation) 70.62M->43.62M 1.317ms
[45.335s] GC(563) Pause Incremental GC (Collect on allocation) 70.12M->43.62M 1.444ms
[45.380s] GC(564) Pause Incremental GC (Collect on allocation) 69.62M->43.62M 1.377ms
[45.425s] GC(565) Pause Incremental GC (Collect on allocation) 69.12M->43.62M 1.219ms
[45.469s] GC(566) Pause Incremental GC (Collect on allocation) 68.62M->43.62M 1.318ms
[45.512s] GC(567) Pause Incremental GC (Collect on allocation) 68.12M->43.62M 1.353ms
[45.554s] GC(568) Pause Incremental GC (Collect on allocation) 67.62M->43.62M 1.275ms
[45.597s] GC(569) Pause Incremental GC (Collect on allocation) 67.12M->43.62M 1.376ms
[45.635s] GC(570) Pause Incremental GC (Collect on allocation) 66.62M->43.62M 1.317ms
[45.674s] GC(571) Pause Incremental GC (Collect on allocation) 66.12M->43.62M 1.306ms
[45.713s] GC(572) Pause Incremental GC (Collect on allocation) 65.62M->43.62M 1.198ms
[45.750s] GC(573) Pause Incremental GC (Collect on allocation) 65.12M->43.62M 1.292ms
[45.787s] GC(574) Pause Incremental GC (Collect on allocation) 64.62M->43.62M 1.227ms
[45.822s] GC(575) Pause Incremental GC (Collect on allocation) 64.12M->43.62M 1.246ms
[45.881s] GC(576) Pause Full GC (Collect on allocation) 63.62M->42.62M 24.414ms
[45.901s] GC(577) Pause Incremental GC (Collect on allocation) 61.62M->42.62M 1.475ms
[45.927s] GC(578) Pause Incremental GC (Collect on allocation) 61.12M->42.62M 1.706ms
[45.958s] GC(579) Pause Incremental GC (Collect on allocation) 62.62M->42.62M 1.204ms
[45.996s] GC(580) Pause Incremental GC (Collect on allocation) 64.12M->42.62M 1.200ms
[46.037s] GC(581) Pause Incremental GC (Collect on allocation) 66.12M->42.62M 1.505ms
[46.083s] GC(582) Pause Incremental GC (Collect on allocation) 68.12M->43.12M 1.689ms
[46.132s] GC(583) Pause Incremental GC (Collect on allocation) 71.12M->43.12M 1.301ms
[46.180s] GC(584) Pause Incremental GC (Collect on allocation) 70.62M->43.12M 1.291ms
[46.227s] GC(585) Pause Incremental GC (Collect on allocation) 70.12M->43.12M 1.725ms
[46.273s] GC(586) Pause Incremental GC (Collect on allocation) 69.62M->43.12M 1.310ms
[46.318s] GC(587) Pause Incremental GC (Collect on allocation) 69.12M->43.12M 1.297ms
[46.362s] GC(588) Pause Incremental GC (Collect on allocation) 68.62M->43.12M 1.319ms
[46.406s] GC(589) Pause Incremental GC (Collect on allocation) 68.12M->43.12M 1.390ms
[46.448s] GC(590) Pause Incremental GC (Collect on allocation) 67.62M->43.12M 1.453ms
[46.491s] GC(591) Pause Incremental GC (Collect on allocation) 67.12M->43.12M 1.345ms
[46.532s] GC(592) Pause Incremental GC (Collect on allocation) 66.62M->43.12M 1.190ms
[46.573s] GC(593) Pause Incremental GC (Collect on allocation) 66.12M->43.12M 1.201ms
[46.612s] GC(594) Pause Incremental GC (Collect on allocation) 65.62M->43.12M 1.280ms
[46.650s] GC(595) Pause Incremental GC (Collect on allocation) 65.12M->43.12M 1.351ms
[46.688s] GC(596) Pause Incremental GC (Collect on allocation) 64.62M->43.12M 1.383ms
[46.725s] GC(597) Pause Incremental GC (Collect on allocation) 64.12M->43.12M 1.257ms
[46.760s] GC(598) Pause Incremental GC (Collect on allocation) 63.62M->43.12M 1.229ms
[46.795s] GC(599) Pause Incremental GC (Collect on allocation) 63.12M->43.12M 1.246ms
[46.829s] GC(600) Pause Incremental GC (Collect on allocation) 62.62M->43.62M 1.295ms
[46.862s] GC(601) Pause Incremental GC (Collect on allocation) 62.62M->43.62M 1.234ms
[46.894s] GC(602) Pause Incremental GC (Collect on allocation) 62.12M->43.62M 1.196ms
[46.926s] GC(603) Pause Incremental GC (Collect on allocation) 61.62M->43.62M 1.192ms
[46.960s] GC(604) Pause Incremental GC (Collect on allocation) 63.12M->43.62M 1.279ms
[46.996s] GC(605) Pause Incremental GC (Collect on allocation) 64.62M->43.62M 1.357ms
[47.036s] GC(606) Pause Incremental GC (Collect on allocation) 66.62M->43.62M 1.371ms
[47.080s] GC(607) Pause Incremental GC (Collect on allocation) 68.62M->43.62M 1.351ms
[47.122s] GC(608) Pause Incremental GC (Collect on allocation) 68.12M->43.62M 1.288ms
[47.164s] GC(609) Pause Incremental GC (Collect on allocation) 67.62M->43.62M 1.291ms
[47.205s] GC(610) Pause Incremental GC (Collect on allocation) 67.12M->43.62M 1.289ms
[47.246s] GC(611) Pause Incremental GC (Collect on allocation) 66.62M->43.62M 1.217ms
[47.285s] GC(612) Pause Incremental GC (Collect on allocation) 66.12M->43.62M 1.227ms
[47.324s] GC(613) Pause Incremental GC (Collect on allocation) 65.62M->43.62M 1.202ms
[47.362s] GC(614) Pause Incremental GC (Collect on allocation) 65.12M->43.62M 1.254ms
[47.399s] GC(615) Pause Incremental GC (Collect on allocation) 64.62M->43.62M 1.237ms
[47.457s] GC(616) Pause Full GC (Collect on allocation) 64.12M->42.62M 24.224ms
[47.478s] GC(617) Pause Incremental GC (Collect on allocation) 62.12M->42.62M 1.481ms
[47.502s] GC(618) Pause Incremental GC (Collect on allocation) 61.62M->42.62M 1.296ms
[47.537s] GC(619) Pause Incremental GC (Collect on allocation) 63.12M->43.12M 1.283ms
[47.575s] GC(620) Pause Incremental GC (Collect on allocation) 65.62M->43.12M 1.231ms
[47.618s] GC(621) Pause Incremental GC (Collect on allocation) 67.62M->43.12M 1.246ms
[47.661s] GC(622) Pause Incremental GC (Collect on allocation) 67.12M->43.12M 1.325ms
[47.701s] GC(623) Pause Incremental GC (Collect on allocation) 66.62M->43.12M 1.255ms
[47.742s] GC(624) Pause Incremental GC (Collect on allocation) 66.12M->43.12M 1.194ms
[47.781s] GC(625) Pause Incremental GC (Collect on allocation) 65.62M->43.12M 1.264ms
[47.820s] GC(626) Pause Incremental GC (Collect on allocation) 65.12M->43.12M 1.292ms
[47.857s] GC(627) Pause Incremental GC (Collect on allocation) 64.62M->43.12M 1.375ms
[47.893s] GC(628) Pause Incremental GC (Collect on allocation) 64.12M->43.12M 1.269ms
[47.929s] GC(629) Pause Incremental GC (Collect on allocation) 63.62M->43.12M 1.196ms
[47.964s] GC(630) Pause Incremental GC (Collect on allocation) 63.12M->43.12M 1.193ms
[47.998s] GC(631) Pause Incremental GC (Collect on allocation) 62.62M->43.12M 1.323ms
[48.031s] GC(632) Pause Incremental GC (Collect on allocation) 62.12M->43.12M 1.313ms
[48.063s] GC(633) Pause Incremental GC (Collect on allocation) 61.62M->43.62M 1.480ms
[48.096s] GC(634) Pause Incremental GC (Collect on allocation) 63.62M->44.12M 1.465ms
[48.132s] GC(635) Pause Incremental GC (Collect on allocation) 65.62M->44.62M 1.541ms
[48.172s] GC(636) Pause Incremental GC (Collect on allocation) 68.12M->45.62M 1.754ms
[48.215s] GC(637) Pause Incremental GC (Collect on allocation) 71.12M->46.62M 1.566ms
[48.264s] GC(638) Pause Incremental GC (Collect on allocation) 74.62M->47.12M 1.609ms
[48.317s] GC(639) Pause Incremental GC (Collect on allocation) 77.62M->47.62M 1.381ms
[48.371s] GC(640) Pause Incremental GC (Collect on allocation) 77.62M->47.62M 1.688ms
[48.421s] GC(641) Pause Incremental GC (Collect on allocation) 77.12M->47.62M 1.402ms
[48.472s] GC(642) Pause Incremental GC (Collect on allocation) 76.62M->47.62M 1.337ms
[48.522s] GC(643) Pause Incremental GC (Collect on allocation) 76.12M->47.62M 1.257ms
[48.571s] GC(644) Pause Incremental GC (Collect on allocation) 75.62M->47.62M 1.378ms
[48.619s] GC(645) Pause Incremental GC (Collect on allocation) 75.12M->47.62M 1.466ms
[48.666s] GC(646) Pause Incremental GC (Collect on allocation) 74.62M->47.62M 1.516ms
[48.712s] GC(647) Pause Incremental GC (Collect on allocation) 74.12M->47.62M 1.356ms
[48.758s] GC(648) Pause Incremental GC (Collect on allocation) 73.62M->47.62M 1.351ms
[48.803s] GC(649) Pause Incremental GC (Collect on allocation) 73.12M->47.62M 1.435ms
[48.872s] GC(650) Pause Full GC (Collect on allocation) 72.62M->42.62M 26.666ms
[48.898s] GC(651) Pause Incremental GC (Collect on allocation) 66.62M->42.62M 1.474ms
[48.930s] GC(652) Pause Incremental GC (Collect on allocation) 66.12M->42.62M 1.409ms
[48.970s] GC(653) Pause Incremental GC (Collect on allocation) 65.62M->42.62M 1.417ms
[49.010s] GC(654) Pause Incremental GC (Collect on allocation) 65.12M->42.62M 1.207ms
[49.049s] GC(655) Pause Incremental GC (Collect on allocation) 64.62M->43.12M 1.330ms
[49.086s] GC(656) Pause Incremental GC (Collect on allocation) 64.62M->43.12M 1.451ms
[49.122s] GC(657) Pause Incremental GC (Collect on allocation) 64.12M->43.12M 1.285ms
[49.158s] GC(658) Pause Incremental GC (Collect on allocation) 63.62M->43.12M 1.240ms
[49.195s] GC(659) Pause Incremental GC (Collect on allocation) 63.12M->43.12M 1.783ms
[49.232s] GC(660) Pause Incremental GC (Collect on allocation) 64.62M->43.12M 1.481ms
[49.273s] GC(661) Pause Incremental GC (Collect on allocation) 66.62M->43.12M 1.193ms
[49.316s] GC(662) Pause Incremental GC (Collect on allocation) 68.62M->43.12M 1.332ms
[49.361s] GC(663) Pause Incremental GC (Collect on allocation) 68.12M->43.12M 1.633ms
[49.408s] GC(664) Pause Incremental GC (Collect on allocation) 70.12M->43.12M 1.310ms
[49.459s] GC(665) Pause Incremental GC (Collect on allocation) 69.62M->43.12M 1.641ms
[49.500s] GC(666) Pause Incremental GC (Collect on allocation) 69.12M->43.12M 1.498ms
[49.546s] GC(667) Pause Incremental GC (Collect on allocation) 68.62M->43.12M 1.717ms
[49.588s] GC(668) Pause Incremental GC (Collect on allocation) 68.12M->43.12M 1.636ms
[49.635s] GC(669) Pause Incremental GC (Collect on allocation) 70.12M->43.12M 1.377ms
[49.681s] GC(670) Pause Incremental GC (Collect on allocation) 69.62M->43.62M 1.337ms
[49.727s] GC(671) Pause Incremental GC (Collect on allocation) 69.62M->43.62M 1.304ms
[49.757s] GC(672) Pause Incremental GC (Collect on allocation) 69.12M->43.62M 1.351ms
[49.789s] GC(673) Pause Incremental GC (Collect on allocation) 68.62M->43.62M 1.176ms
[49.833s] GC(674) Pause Incremental GC (Collect on allocation) 68.12M->43.62M 1.249ms
[49.876s] GC(675) Pause Incremental GC (Collect on allocation) 67.62M->43.62M 1.782ms
[49.921s] GC(676) Pause Incremental GC (Collect on allocation) 69.62M->43.62M 1.275ms
[49.966s] GC(677) Pause Incremental GC (Collect on allocation) 69.12M->43.62M 1.167ms
[50.010s] GC(678) Pause Incremental GC (Collect on allocation) 68.62M->43.62M 1.308ms
[50.052s] GC(679) Pause Incremental GC (Collect on allocation) 68.12M->43.62M 1.220ms
[50.095s] GC(680) Pause Incremental GC (Collect on allocation) 67.62M->43.62M 1.390ms
[50.136s] GC(681) Pause Incremental GC (Collect on allocation) 67.12M->43.62M 1.539ms
[50.176s] GC(682) Pause Incremental GC (Collect on allocation) 66.62M->43.62M 1.246ms
[50.215s] GC(683) Pause Incremental GC (Collect on allocation) 66.12M->43.62M 1.654ms
[50.255s] GC(684) Pause Incremental GC (Collect on allocation) 65.62M->44.12M 1.290ms
[50.291s] GC(685) Pause Incremental GC (Collect on allocation) 65.62M->44.12M 1.323ms
[50.328s] GC(686) Pause Incremental GC (Collect on allocation) 65.12M->44.12M 1.380ms
[50.364s] GC(687) Pause Incremental GC (Collect on allocation) 64.62M->44.12M 1.298ms
[50.399s] GC(688) Pause Incremental GC (Collect on allocation) 64.12M->44.12M 1.215ms
[50.433s] GC(689) Pause Incremental GC (Collect on allocation) 63.62M->44.12M 1.233ms
[50.495s] GC(690) Pause Full GC (Collect on allocation) 63.12M->42.62M 28.723ms
[50.528s] GC(691) Pause Incremental GC (Collect on allocation) 65.12M->43.12M 2.408ms
[50.557s] GC(692) Pause Incremental GC (Collect on allocation) 67.62M->43.12M 1.622ms
[50.591s] GC(693) Pause Incremental GC (Collect on allocation) 67.12M->43.12M 1.357ms
[50.632s] GC(694) Pause Incremental GC (Collect on allocation) 66.62M->43.12M 1.267ms
[50.671s] GC(695) Pause Incremental GC (Collect on allocation) 66.12M->43.12M 1.340ms
[50.711s] GC(696) Pause Incremental GC (Collect on allocation) 65.62M->43.12M 1.543ms
[50.749s] GC(697) Pause Incremental GC (Collect on allocation) 65.12M->43.12M 1.294ms
[50.788s] GC(698) Pause Incremental GC (Collect on allocation) 64.62M->43.12M 1.454ms
[50.825s] GC(699) Pause Incremental GC (Collect on allocation) 64.12M->43.12M 1.792ms
[50.864s] GC(700) Pause Incremental GC (Collect on allocation) 66.12M->43.12M 1.277ms
[50.908s] GC(701) Pause Incremental GC (Collect on allocation) 68.12M->43.12M 1.322ms
[50.956s] GC(702) Pause Incremental GC (Collect on allocation) 70.12M->43.62M 1.549ms
[51.008s] GC(703) Pause Incremental GC (Collect on allocation) 73.12M->43.62M 1.406ms
[51.059s] GC(704) Pause Incremental GC (Collect on allocation) 72.62M->43.62M 1.306ms
[51.109s] GC(705) Pause Incremental GC (Collect on allocation) 72.12M->43.62M 1.248ms
[51.158s] GC(706) Pause Incremental GC (Collect on allocation) 71.62M->43.62M 1.539ms
[51.206s] GC(707) Pause Incremental GC (Collect on allocation) 71.12M->43.62M 1.424ms
[51.253s] GC(708) Pause Incremental GC (Collect on allocation) 70.62M->43.62M 1.637ms
[51.299s] GC(709) Pause Incremental GC (Collect on allocation) 70.12M->43.62M 1.204ms
[51.344s] GC(710) Pause Incremental GC (Collect on allocation) 69.62M->43.62M 1.382ms
[51.390s] GC(711) Pause Incremental GC (Collect on allocation) 69.12M->43.62M 1.237ms
[51.433s] GC(712) Pause Incremental GC (Collect on allocation) 68.62M->43.62M 1.207ms
[51.476s] GC(713) Pause Incremental GC (Collect on allocation) 68.12M->43.62M 1.261ms
[51.519s] GC(714) Pause Incremental GC (Collect on allocation) 67.62M->43.62M 1.373ms
[51.561s] GC(715) Pause Incremental GC (Collect on allocation) 67.12M->43.62M 1.290ms
[51.601s] GC(716) Pause Incremental GC (Collect on allocation) 66.62M->43.62M 1.298ms
[51.640s] GC(717) Pause Incremental GC (Collect on allocation) 66.12M->43.62M 1.273ms
[51.679s] GC(718) Pause Incremental GC (Collect on allocation) 65.62M->43.62M 1.189ms
[51.717s] GC(719) Pause Incremental GC (Collect on allocation) 65.12M->43.62M 1.337ms
[51.754s] GC(720) Pause Incremental GC (Collect on allocation) 64.62M->43.62M 1.340ms
[51.790s] GC(721) Pause Incremental GC (Collect on allocation) 64.12M->43.62M 1.246ms
[51.825s] GC(722) Pause Incremental GC (Collect on allocation) 63.62M->43.62M 1.231ms
[51.859s] GC(723) Pause Incremental GC (Collect on allocation) 63.12M->43.62M 1.277ms
[51.892s] GC(724) Pause Incremental GC (Collect on allocation) 62.62M->43.62M 1.233ms
[51.925s] GC(725) Pause Incremental GC (Collect on allocation) 62.12M->43.62M 1.491ms
[51.960s] GC(726) Pause Incremental GC (Collect on allocation) 63.62M->43.62M 1.183ms
[51.998s] GC(727) Pause Incremental GC (Collect on allocation) 65.12M->44.12M 1.330ms
[52.039s] GC(728) Pause Incremental GC (Collect on allocation) 67.62M->44.12M 1.317ms
[52.084s] GC(729) Pause Incremental GC (Collect on allocation) 69.62M->44.12M 1.256ms
[52.128s] GC(730) Pause Incremental GC (Collect on allocation) 69.12M->44.12M 1.286ms
[52.194s] GC(731) Pause Full GC (Collect on allocation) 68.62M->42.62M 24.148ms
[52.221s] GC(732) Pause Incremental GC (Collect on allocation) 66.12M->43.12M 1.819ms
[52.252s] GC(733) Pause Incremental GC (Collect on allocation) 66.12M->43.12M 1.572ms
[52.296s] GC(734) Pause Incremental GC (Collect on allocation) 68.12M->43.12M 1.436ms
[52.343s] GC(735) Pause Incremental GC (Collect on allocation) 70.12M->43.12M 1.286ms
[52.390s] GC(736) Pause Incremental GC (Collect on allocation) 69.62M->43.12M 1.259ms
[52.436s] GC(737) Pause Incremental GC (Collect on allocation) 69.12M->43.12M 1.336ms
[52.481s] GC(738) Pause Incremental GC (Collect on allocation) 68.62M->43.12M 1.269ms
[52.525s] GC(739) Pause Incremental GC (Collect on allocation) 68.12M->43.12M 1.357ms
[52.567s] GC(740) Pause Incremental GC (Collect on allocation) 67.62M->43.62M 1.359ms
[52.608s] GC(741) Pause Incremental GC (Collect on allocation) 67.62M->44.12M 1.661ms
[52.647s] GC(742) Pause Incremental GC (Collect on allocation) 67.62M->45.12M 1.682ms
[52.690s] GC(743) Pause Incremental GC (Collect on allocation) 70.62M->46.12M 1.679ms
[52.738s] GC(744) Pause Incremental GC (Collect on allocation) 74.12M->47.12M 1.605ms
[52.791s] GC(745) Pause Incremental GC (Collect on allocation) 77.62M->47.12M 1.387ms
[52.844s] GC(746) Pause Incremental GC (Collect on allocation) 77.12M->47.12M 1.362ms
[52.896s] GC(747) Pause Incremental GC (Collect on allocation) 76.62M->47.62M 1.466ms
[52.946s] GC(748) Pause Incremental GC (Collect on allocation) 76.62M->47.62M 1.551ms
[52.996s] GC(749) Pause Incremental GC (Collect on allocation) 76.12M->47.62M 1.295ms
[53.046s] GC(750) Pause Incremental GC (Collect on allocation) 75.62M->47.62M 1.406ms
[53.094s] GC(751) Pause Incremental GC (Collect on allocation) 75.12M->47.62M 1.368ms
[53.141s] GC(752) Pause Incremental GC (Collect on allocation) 74.62M->47.62M 1.406ms
[53.186s] GC(753) Pause Incremental GC (Collect on allocation) 74.12M->47.62M 1.418ms
[53.232s] GC(754) Pause Incremental GC (Collect on allocation) 73.62M->47.62M 1.280ms
[53.276s] GC(755) Pause Incremental GC (Collect on allocation) 73.12M->47.62M 1.354ms
[53.320s] GC(756) Pause Incremental GC (Collect on allocation) 72.62M->47.62M 1.270ms
[53.363s] GC(757) Pause Incremental GC (Collect on allocation) 72.12M->47.62M 1.285ms
[53.406s] GC(758) Pause Incremental GC (Collect on allocation) 71.62M->47.62M 1.390ms
[53.446s] GC(759) Pause Incremental GC (Collect on allocation) 71.12M->47.62M 1.390ms
[53.486s] GC(760) Pause Incremental GC (Collect on allocation) 70.62M->47.62M 1.387ms
[53.526s] GC(761) Pause Incremental GC (Collect on allocation) 70.12M->47.62M 1.276ms
[53.564s] GC(762) Pause Incremental GC (Collect on allocation) 69.62M->47.62M 1.186ms
[53.603s] GC(763) Pause Incremental GC (Collect on allocation) 69.12M->47.62M 1.256ms
[53.639s] GC(764) Pause Incremental GC (Collect on allocation) 68.62M->47.62M 1.328ms
[53.675s] GC(765) Pause Incremental GC (Collect on allocation) 68.12M->47.62M 1.494ms
[53.710s] GC(766) Pause Incremental GC (Collect on allocation) 67.62M->47.62M 1.328ms
[53.743s] GC(767) Pause Incremental GC (Collect on allocation) 67.12M->47.62M 1.219ms
[53.780s] GC(768) Pause Incremental GC (Collect on allocation) 68.62M->47.62M 1.262ms
[53.815s] GC(769) Pause Incremental GC (Collect on allocation) 68.12M->48.12M 1.358ms
[53.855s] GC(770) Pause Incremental GC (Collect on allocation) 70.62M->48.12M 1.269ms
[53.893s] GC(771) Pause Incremental GC (Collect on allocation) 70.12M->48.12M 1.225ms
[53.954s] GC(772) Pause Full GC (Collect on allocation) 69.62M->42.62M 24.552ms
[53.978s] GC(773) Pause Incremental GC (Collect on allocation) 63.12M->42.62M 2.265ms
[54.006s] GC(774) Pause Incremental GC (Collect on allocation) 65.12M->43.12M 1.590ms
[54.047s] GC(775) Pause Incremental GC (Collect on allocation) 67.62M->43.12M 1.371ms
[54.092s] GC(776) Pause Incremental GC (Collect on allocation) 69.62M->43.12M 1.316ms
[54.144s] GC(777) Pause Incremental GC (Collect on allocation) 72.12M->43.12M 1.408ms
[54.194s] GC(778) Pause Incremental GC (Collect on allocation) 71.62M->43.12M 1.247ms
[54.243s] GC(779) Pause Incremental GC (Collect on allocation) 71.12M->43.12M 1.232ms
[54.292s] GC(780) Pause Incremental GC (Collect on allocation) 70.62M->43.12M 1.419ms
[54.338s] GC(781) Pause Incremental GC (Collect on allocation) 70.12M->43.12M 1.346ms
[54.384s] GC(782) Pause Incremental GC (Collect on allocation) 69.62M->43.12M 1.282ms
[54.430s] GC(783) Pause Incremental GC (Collect on allocation) 69.12M->43.12M 1.345ms
[54.475s] GC(784) Pause Incremental GC (Collect on allocation) 68.62M->43.12M 1.197ms
[54.519s] GC(785) Pause Incremental GC (Collect on allocation) 68.12M->43.12M 1.274ms
[54.562s] GC(786) Pause Incremental GC (Collect on allocation) 67.62M->43.62M 1.526ms
[54.604s] GC(787) Pause Incremental GC (Collect on allocation) 67.62M->43.62M 1.245ms
[54.644s] GC(788) Pause Incremental GC (Collect on allocation) 67.12M->43.62M 1.355ms
[54.685s] GC(789) Pause Incremental GC (Collect on allocation) 66.62M->43.62M 1.421ms
[54.724s] GC(790) Pause Incremental GC (Collect on allocation) 66.12M->43.62M 1.314ms
[54.757s] GC(791) Pause Incremental GC (Collect on allocation) 65.62M->43.62M 1.479ms
[54.773s] GC(792) Pause Incremental GC (Collect on allocation) 65.12M->43.62M 1.141ms
[54.815s] GC(793) Pause Incremental GC (Collect on allocation) 67.12M->43.62M 1.178ms
[54.860s] GC(794) Pause Incremental GC (Collect on allocation) 69.12M->43.62M 1.177ms
[54.909s] GC(795) Pause Incremental GC (Collect on allocation) 71.62M->43.62M 1.194ms
[54.958s] GC(796) Pause Incremental GC (Collect on allocation) 71.12M->43.62M 1.785ms
[55.005s] GC(797) Pause Incremental GC (Collect on allocation) 70.62M->43.62M 1.246ms
[55.051s] GC(798) Pause Incremental GC (Collect on allocation) 70.12M->43.62M 1.365ms
[55.096s] GC(799) Pause Incremental GC (Collect on allocation) 69.62M->43.62M 1.333ms
[55.141s] GC(800) Pause Incremental GC (Collect on allocation) 69.12M->43.62M 1.238ms
[55.186s] GC(801) Pause Incremental GC (Collect on allocation) 68.62M->44.12M 1.418ms
[55.228s] GC(802) Pause Incremental GC (Collect on allocation) 68.62M->44.12M 1.396ms
[55.270s] GC(803) Pause Incremental GC (Collect on allocation) 68.12M->44.12M 1.659ms
[55.311s] GC(804) Pause Incremental GC (Collect on allocation) 67.62M->44.12M 1.327ms
[55.352s] GC(805) Pause Incremental GC (Collect on allocation) 67.12M->44.12M 1.276ms
[55.391s] GC(806) Pause Incremental GC (Collect on allocation) 66.62M->44.12M 1.306ms
[55.430s] GC(807) Pause Incremental GC (Collect on allocation) 66.12M->44.12M 1.360ms
[55.467s] GC(808) Pause Incremental GC (Collect on allocation) 65.62M->44.12M 1.371ms
[55.503s] GC(809) Pause Incremental GC (Collect on allocation) 65.12M->44.12M 1.294ms
[55.539s] GC(810) Pause Incremental GC (Collect on allocation) 64.62M->44.12M 1.298ms
[55.574s] GC(811) Pause Incremental GC (Collect on allocation) 64.12M->44.12M 1.279ms
[55.633s] GC(812) Pause Full GC (Collect on allocation) 63.62M->42.62M 25.533ms
[55.668s] GC(813) Pause Incremental GC (Collect on allocation) 61.12M->43.12M 1.606ms
[55.692s] GC(814) Pause Incremental GC (Collect on allocation) 61.12M->43.12M 2.216ms
[55.723s] GC(815) Pause Incremental GC (Collect on allocation) 63.12M->43.12M 2.180ms
[55.753s] GC(816) Pause Incremental GC (Collect on allocation) 65.12M->43.62M 1.503ms
[55.786s] GC(817) Pause Incremental GC (Collect on allocation) 67.62M->43.62M 1.598ms
[55.830s] GC(818) Pause Incremental GC (Collect on allocation) 69.62M->43.62M 1.474ms
[55.880s] GC(819) Pause Incremental GC (Collect on allocation) 72.12M->43.62M 1.295ms
[55.935s] GC(820) Pause Incremental GC (Collect on allocation) 74.62M->43.62M 1.231ms
[55.998s] GC(821) Pause Incremental GC (Collect on allocation) 77.12M->43.62M 1.822ms
[56.053s] GC(822) Pause Incremental GC (Collect on allocation) 76.62M->43.62M 1.471ms
[56.110s] GC(823) Pause Incremental GC (Collect on allocation) 76.12M->43.62M 1.342ms
[56.165s] GC(824) Pause Incremental GC (Collect on allocation) 75.62M->43.62M 1.270ms
[56.220s] GC(825) Pause Incremental GC (Collect on allocation) 75.12M->43.62M 1.273ms
[56.275s] GC(826) Pause Incremental GC (Collect on allocation) 74.62M->43.62M 1.348ms
[56.328s] GC(827) Pause Incremental GC (Collect on allocation) 74.12M->43.62M 1.341ms
[56.381s] GC(828) Pause Incremental GC (Collect on allocation) 73.62M->43.62M 1.190ms
[56.433s] GC(829) Pause Incremental GC (Collect on allocation) 73.12M->43.62M 1.239ms
[56.484s] GC(830) Pause Incremental GC (Collect on allocation) 72.62M->43.62M 1.177ms
[56.533s] GC(831) Pause Incremental GC (Collect on allocation) 72.12M->43.62M 1.288ms
[56.582s] GC(832) Pause Incremental GC (Collect on allocation) 71.62M->43.62M 1.355ms
[56.630s] GC(833) Pause Incremental GC (Collect on allocation) 71.12M->43.62M 1.298ms
[56.678s] GC(834) Pause Incremental GC (Collect on allocation) 70.62M->43.62M 1.600ms
[56.732s] GC(835) Pause Incremental GC (Collect on allocation) 70.12M->43.62M 1.312ms
[56.770s] GC(836) Pause Incremental GC (Collect on allocation) 69.62M->44.12M 1.440ms
[56.815s] GC(837) Pause Incremental GC (Collect on allocation) 69.62M->44.12M 1.351ms
[56.859s] GC(838) Pause Incremental GC (Collect on allocation) 69.12M->44.12M 1.231ms
[56.901s] GC(839) Pause Incremental GC (Collect on allocation) 68.62M->44.12M 1.386ms
[56.943s] GC(840) Pause Incremental GC (Collect on allocation) 68.12M->44.12M 1.285ms
[56.984s] GC(841) Pause Incremental GC (Collect on allocation) 67.62M->44.12M 1.236ms
[57.024s] GC(842) Pause Incremental GC (Collect on allocation) 67.12M->44.12M 1.278ms
[57.064s] GC(843) Pause Incremental GC (Collect on allocation) 66.62M->44.62M 1.525ms
[57.101s] GC(844) Pause Incremental GC (Collect on allocation) 66.62M->45.12M 1.636ms
[57.138s] GC(845) Pause Incremental GC (Collect on allocation) 66.62M->46.12M 1.602ms
[57.200s] GC(846) Pause Full GC (Collect on allocation) 69.62M->42.12M 24.665ms
[57.232s] GC(847) Pause Incremental GC (Collect on allocation) 70.12M->43.12M 1.939ms
[57.277s] GC(848) Pause Incremental GC (Collect on allocation) 73.62M->43.12M 1.578ms
[57.335s] GC(849) Pause Incremental GC (Collect on allocation) 76.12M->43.62M 1.250ms
[57.393s] GC(850) Pause Incremental GC (Collect on allocation) 76.12M->43.62M 1.226ms
[57.449s] GC(851) Pause Incremental GC (Collect on allocation) 75.62M->43.62M 1.398ms
[57.504s] GC(852) Pause Incremental GC (Collect on allocation) 75.12M->43.62M 1.358ms
[57.558s] GC(853) Pause Incremental GC (Collect on allocation) 74.62M->43.62M 1.283ms
[57.612s] GC(854) Pause Incremental GC (Collect on allocation) 74.12M->43.62M 1.246ms
[57.665s] GC(855) Pause Incremental GC (Collect on allocation) 73.62M->43.62M 1.208ms
[57.717s] GC(856) Pause Incremental GC (Collect on allocation) 73.12M->43.62M 1.284ms
[57.768s] GC(857) Pause Incremental GC (Collect on allocation) 72.62M->43.62M 1.339ms
[57.817s] GC(858) Pause Incremental GC (Collect on allocation) 72.12M->43.62M 1.288ms
[57.866s] GC(859) Pause Incremental GC (Collect on allocation) 71.62M->43.62M 1.417ms
[57.914s] GC(860) Pause Incremental GC (Collect on allocation) 71.12M->43.62M 1.368ms
[57.962s] GC(861) Pause Incremental GC (Collect on allocation) 70.62M->43.62M 1.287ms
[58.009s] GC(862) Pause Incremental GC (Collect on allocation) 70.12M->43.62M 1.260ms
[58.054s] GC(863) Pause Incremental GC (Collect on allocation) 69.62M->43.62M 1.283ms
[58.097s] GC(864) Pause Incremental GC (Collect on allocation) 69.12M->43.62M 1.268ms
[58.143s] GC(865) Pause Incremental GC (Collect on allocation) 68.62M->43.62M 1.830ms
[58.183s] GC(866) Pause Incremental GC (Collect on allocation) 68.12M->44.12M 1.289ms
[58.226s] GC(867) Pause Incremental GC (Collect on allocation) 68.12M->44.12M 1.227ms
[58.267s] GC(868) Pause Incremental GC (Collect on allocation) 67.62M->44.12M 1.262ms
[58.308s] GC(869) Pause Incremental GC (Collect on allocation) 67.12M->44.12M 1.290ms
[58.347s] GC(870) Pause Incremental GC (Collect on allocation) 66.62M->44.12M 1.258ms
[58.386s] GC(871) Pause Incremental GC (Collect on allocation) 66.12M->44.12M 1.331ms
[58.424s] GC(872) Pause Incremental GC (Collect on allocation) 65.62M->44.12M 1.310ms
[58.461s] GC(873) Pause Incremental GC (Collect on allocation) 65.12M->44.12M 1.251ms
[58.497s] GC(874) Pause Incremental GC (Collect on allocation) 64.62M->44.12M 1.737ms
[58.532s] GC(875) Pause Incremental GC (Collect on allocation) 64.12M->44.12M 1.205ms
[58.566s] GC(876) Pause Incremental GC (Collect on allocation) 63.62M->44.12M 1.291ms
[58.598s] GC(877) Pause Incremental GC (Collect on allocation) 63.12M->44.12M 1.201ms
[58.634s] GC(878) Pause Incremental GC (Collect on allocation) 64.62M->44.12M 1.168ms
[58.669s] GC(879) Pause Incremental GC (Collect on allocation) 64.12M->44.12M 1.216ms
[58.703s] GC(880) Pause Incremental GC (Collect on allocation) 63.62M->44.12M 1.205ms
[58.737s] GC(881) Pause Incremental GC (Collect on allocation) 63.12M->44.12M 1.222ms
[58.769s] GC(882) Pause Incremental GC (Collect on allocation) 62.62M->44.12M 1.187ms
[58.799s] GC(883) Pause Incremental GC (Collect on allocation) 62.12M->44.12M 1.190ms
[58.833s] GC(884) Pause Incremental GC (Collect on allocation) 63.62M->44.12M 1.177ms
[58.867s] GC(885) Pause Incremental GC (Collect on allocation) 63.12M->44.12M 1.187ms
[58.900s] GC(886) Pause Incremental GC (Collect on allocation) 62.62M->44.12M 1.239ms
[58.934s] GC(887) Pause Incremental GC (Collect on allocation) 64.12M->44.12M 1.230ms
[58.995s] GC(888) Pause Full GC (Collect on allocation) 65.62M->42.62M 24.447ms
[59.016s] GC(889) Pause Incremental GC (Collect on allocation) 63.12M->42.62M 1.521ms
[59.042s] GC(890) Pause Incremental GC (Collect on allocation) 62.62M->42.62M 1.227ms
[59.081s] GC(891) Pause Incremental GC (Collect on allocation) 64.12M->43.12M 1.330ms
[59.122s] GC(892) Pause Incremental GC (Collect on allocation) 66.62M->43.12M 1.384ms
[59.166s] GC(893) Pause Incremental GC (Collect on allocation) 68.62M->43.12M 1.581ms
[59.213s] GC(894) Pause Incremental GC (Collect on allocation) 68.12M->43.12M 1.507ms
[59.252s] GC(895) Pause Incremental GC (Collect on allocation) 67.62M->43.12M 1.344ms
[59.294s] GC(896) Pause Incremental GC (Collect on allocation) 67.12M->43.12M 1.306ms
[59.335s] GC(897) Pause Incremental GC (Collect on allocation) 66.62M->43.12M 1.308ms
[59.376s] GC(898) Pause Incremental GC (Collect on allocation) 66.12M->43.12M 1.310ms
[59.415s] GC(899) Pause Incremental GC (Collect on allocation) 65.62M->43.12M 1.611ms
[59.454s] GC(900) Pause Incremental GC (Collect on allocation) 65.12M->43.12M 1.387ms
[59.491s] GC(901) Pause Incremental GC (Collect on allocation) 64.62M->43.12M 1.159ms
[59.528s] GC(902) Pause Incremental GC (Collect on allocation) 64.12M->43.62M 1.350ms
[59.563s] GC(903) Pause Incremental GC (Collect on allocation) 64.12M->43.62M 1.466ms
[59.598s] GC(904) Pause Incremental GC (Collect on allocation) 63.62M->43.62M 1.226ms
[59.633s] GC(905) Pause Incremental GC (Collect on allocation) 63.12M->43.62M 1.269ms
[59.669s] GC(906) Pause Incremental GC (Collect on allocation) 62.62M->43.62M 1.463ms
[59.702s] GC(907) Pause Incremental GC (Collect on allocation) 64.12M->43.62M 1.346ms
[59.741s] GC(908) Pause Incremental GC (Collect on allocation) 66.12M->43.62M 1.209ms
[59.757s] GC(909) Pause Incremental GC (Collect on allocation) 65.62M->43.62M 1.424ms
[59.795s] GC(910) Pause Incremental GC (Collect on allocation) 67.62M->43.62M 1.407ms
[59.840s] GC(911) Pause Incremental GC (Collect on allocation) 69.62M->43.62M 1.277ms
[59.890s] GC(912) Pause Incremental GC (Collect on allocation) 72.12M->43.62M 1.177ms
[59.945s] GC(913) Pause Incremental GC (Collect on allocation) 74.62M->43.62M 1.352ms
[59.998s] GC(914) Pause Incremental GC (Collect on allocation) 74.12M->43.62M 1.283ms
[60.051s] GC(915) Pause Incremental GC (Collect on allocation) 73.62M->44.12M 1.230ms
[60.104s] GC(916) Pause Incremental GC (Collect on allocation) 73.62M->44.12M 1.344ms
[60.155s] GC(917) Pause Incremental GC (Collect on allocation) 73.12M->44.12M 1.449ms
[60.205s] GC(918) Pause Incremental GC (Collect on allocation) 72.62M->44.12M 1.288ms
[60.253s] GC(919) Pause Incremental GC (Collect on allocation) 72.12M->44.12M 1.327ms
[60.301s] GC(920) Pause Incremental GC (Collect on allocation) 71.62M->44.12M 1.277ms
[60.349s] GC(921) Pause Incremental GC (Collect on allocation) 71.12M->44.12M 1.320ms
[60.396s] GC(922) Pause Incremental GC (Collect on allocation) 70.62M->44.12M 1.258ms
[60.441s] GC(923) Pause Incremental GC (Collect on allocation) 70.12M->44.12M 1.295ms
[60.513s] GC(924) Pause Full GC (Collect on allocation) 69.62M->42.62M 24.521ms
[60.540s] GC(925) Pause Incremental GC (Collect on allocation) 67.12M->42.62M 1.502ms
[60.571s] GC(926) Pause Incremental GC (Collect on allocation) 66.62M->42.62M 1.508ms
[60.613s] GC(927) Pause Incremental GC (Collect on allocation) 66.12M->43.12M 1.348ms
[60.653s] GC(928) Pause Incremental GC (Collect on allocation) 66.12M->43.12M 1.444ms
[60.692s] GC(929) Pause Incremental GC (Collect on allocation) 65.62M->43.12M 1.300ms
[60.731s] GC(930) Pause Incremental GC (Collect on allocation) 65.12M->43.12M 1.208ms
[60.769s] GC(931) Pause Incremental GC (Collect on allocation) 64.62M->43.12M 1.274ms
[60.805s] GC(932) Pause Incremental GC (Collect on allocation) 64.12M->43.12M 1.304ms
[60.841s] GC(933) Pause Incremental GC (Collect on allocation) 63.62M->43.12M 1.269ms
[60.877s] GC(934) Pause Incremental GC (Collect on allocation) 63.12M->43.12M 1.698ms
[60.914s] GC(935) Pause Incremental GC (Collect on allocation) 64.62M->43.12M 1.259ms
[60.955s] GC(936) Pause Incremental GC (Collect on allocation) 66.62M->43.12M 1.370ms
[60.995s] GC(937) Pause Incremental GC (Collect on allocation) 66.12M->43.12M 1.231ms
[61.035s] GC(938) Pause Incremental GC (Collect on allocation) 65.62M->43.12M 1.312ms
[61.074s] GC(939) Pause Incremental GC (Collect on allocation) 65.12M->43.12M 1.274ms
[61.111s] GC(940) Pause Incremental GC (Collect on allocation) 64.62M->43.12M 1.302ms
[61.148s] GC(941) Pause Incremental GC (Collect on allocation) 64.12M->43.12M 1.282ms
[61.184s] GC(942) Pause Incremental GC (Collect on allocation) 63.62M->43.12M 1.248ms
[61.220s] GC(943) Pause Incremental GC (Collect on allocation) 63.12M->43.12M 1.833ms
[61.257s] GC(944) Pause Incremental GC (Collect on allocation) 64.62M->43.12M 1.222ms
[61.297s] GC(945) Pause Incremental GC (Collect on allocation) 66.62M->43.62M 1.357ms
[61.337s] GC(946) Pause Incremental GC (Collect on allocation) 66.62M->43.62M 1.365ms
[61.376s] GC(947) Pause Incremental GC (Collect on allocation) 66.12M->43.62M 1.287ms
[61.415s] GC(948) Pause Incremental GC (Collect on allocation) 65.62M->43.62M 1.275ms
[61.453s] GC(949) Pause Incremental GC (Collect on allocation) 65.12M->43.62M 1.430ms
[61.490s] GC(950) Pause Incremental GC (Collect on allocation) 64.62M->43.62M 1.270ms
[61.526s] GC(951) Pause Incremental GC (Collect on allocation) 64.12M->43.62M 1.302ms
[61.561s] GC(952) Pause Incremental GC (Collect on allocation) 63.62M->44.12M 1.461ms
[61.597s] GC(953) Pause Incremental GC (Collect on allocation) 65.62M->44.62M 1.607ms
[61.639s] GC(954) Pause Incremental GC (Collect on allocation) 68.12M->45.62M 1.848ms
[61.703s] GC(955) Pause Full GC (Collect on allocation) 71.12M->41.62M 24.127ms
[61.736s] GC(956) Pause Incremental GC (Collect on allocation) 72.12M->43.12M 2.020ms
[61.784s] GC(957) Pause Incremental GC (Collect on allocation) 73.12M->43.12M 1.309ms
[61.841s] GC(958) Pause Incremental GC (Collect on allocation) 75.62M->43.12M 1.333ms
[61.897s] GC(959) Pause Incremental GC (Collect on allocation) 75.12M->43.62M 1.298ms
[61.952s] GC(960) Pause Incremental GC (Collect on allocation) 75.12M->43.62M 1.307ms
[62.007s] GC(961) Pause Incremental GC (Collect on allocation) 74.62M->43.62M 1.303ms
[62.060s] GC(962) Pause Incremental GC (Collect on allocation) 74.12M->43.62M 1.302ms
[62.112s] GC(963) Pause Incremental GC (Collect on allocation) 73.62M->43.62M 1.291ms
[62.165s] GC(964) Pause Incremental GC (Collect on allocation) 73.12M->43.62M 1.184ms
[62.215s] GC(965) Pause Incremental GC (Collect on allocation) 72.62M->43.62M 1.233ms
[62.265s] GC(966) Pause Incremental GC (Collect on allocation) 72.12M->43.62M 1.277ms
[62.314s] GC(967) Pause Incremental GC (Collect on allocation) 71.62M->43.62M 1.308ms
[62.363s] GC(968) Pause Incremental GC (Collect on allocation) 71.12M->43.62M 1.280ms
[62.410s] GC(969) Pause Incremental GC (Collect on allocation) 70.62M->43.62M 1.346ms
[62.457s] GC(970) Pause Incremental GC (Collect on allocation) 70.12M->43.62M 1.273ms
[62.502s] GC(971) Pause Incremental GC (Collect on allocation) 69.62M->43.62M 1.350ms
[62.547s] GC(972) Pause Incremental GC (Collect on allocation) 69.12M->43.62M 1.308ms
[62.591s] GC(973) Pause Incremental GC (Collect on allocation) 68.62M->43.62M 1.272ms
[62.633s] GC(974) Pause Incremental GC (Collect on allocation) 68.12M->43.62M 1.290ms
[62.675s] GC(975) Pause Incremental GC (Collect on allocation) 67.62M->43.62M 1.330ms
[62.716s] GC(976) Pause Incremental GC (Collect on allocation) 67.12M->43.62M 1.291ms
[62.756s] GC(977) Pause Incremental GC (Collect on allocation) 66.62M->43.62M 1.352ms
[62.796s] GC(978) Pause Incremental GC (Collect on allocation) 66.12M->43.62M 1.322ms
[62.835s] GC(979) Pause Incremental GC (Collect on allocation) 65.62M->43.62M 1.177ms
[62.873s] GC(980) Pause Incremental GC (Collect on allocation) 65.12M->43.62M 1.274ms
[62.909s] GC(981) Pause Incremental GC (Collect on allocation) 64.62M->43.62M 1.291ms
[62.944s] GC(982) Pause Incremental GC (Collect on allocation) 64.12M->43.62M 1.266ms
[62.979s] GC(983) Pause Incremental GC (Collect on allocation) 63.62M->43.62M 1.217ms
[63.013s] GC(984) Pause Incremental GC (Collect on allocation) 63.12M->44.12M 1.309ms
[63.047s] GC(985) Pause Incremental GC (Collect on allocation) 63.12M->44.12M 1.735ms
[63.082s] GC(986) Pause Incremental GC (Collect on allocation) 64.62M->44.12M 1.166ms
[63.121s] GC(987) Pause Incremental GC (Collect on allocation) 66.62M->44.12M 1.240ms
[63.165s] GC(988) Pause Incremental GC (Collect on allocation) 68.62M->44.12M 1.223ms
[63.207s] GC(989) Pause Incremental GC (Collect on allocation) 68.12M->44.12M 1.190ms
[63.249s] GC(990) Pause Incremental GC (Collect on allocation) 67.62M->44.12M 1.223ms
[63.288s] GC(991) Pause Incremental GC (Collect on allocation) 67.12M->44.12M 1.324ms
[63.328s] GC(992) Pause Incremental GC (Collect on allocation) 66.62M->44.12M 1.369ms
[63.390s] GC(993) Pause Full GC (Collect on allocation) 66.12M->42.62M 24.963ms
[63.415s] GC(994) Pause Incremental GC (Collect on allocation) 63.62M->43.12M 1.684ms
[63.439s] GC(995) Pause Incremental GC (Collect on allocation) 63.62M->43.12M 1.285ms
[63.478s] GC(996) Pause Incremental GC (Collect on allocation) 65.62M->43.12M 1.247ms
[63.521s] GC(997) Pause Incremental GC (Collect on allocation) 67.62M->43.12M 1.168ms
[63.563s] GC(998) Pause Incremental GC (Collect on allocation) 67.12M->43.12M 1.224ms
[63.605s] GC(999) Pause Incremental GC (Collect on allocation) 66.62M->43.12M 1.338ms
[63.644s] GC(1000) Pause Incremental GC (Collect on allocation) 66.12M->43.12M 1.250ms
[63.684s] GC(1001) Pause Incremental GC (Collect on allocation) 65.62M->43.12M 1.261ms
[63.722s] GC(1002) Pause Incremental GC (Collect on allocation) 65.12M->43.12M 1.377ms
[63.760s] GC(1003) Pause Incremental GC (Collect on allocation) 64.62M->43.12M 1.212ms
[63.796s] GC(1004) Pause Incremental GC (Collect on allocation) 64.12M->43.12M 1.206ms
[63.832s] GC(1005) Pause Incremental GC (Collect on allocation) 63.62M->43.12M 1.197ms
[63.867s] GC(1006) Pause Incremental GC (Collect on allocation) 63.12M->43.12M 1.222ms
[63.901s] GC(1007) Pause Incremental GC (Collect on allocation) 62.62M->43.12M 1.189ms
[63.934s] GC(1008) Pause Incremental GC (Collect on allocation) 62.12M->43.12M 1.245ms
[63.966s] GC(1009) Pause Incremental GC (Collect on allocation) 61.62M->43.12M 1.250ms
[63.998s] GC(1010) Pause Incremental GC (Collect on allocation) 61.12M->43.12M 1.169ms
[64.028s] GC(1011) Pause Incremental GC (Collect on allocation) 60.62M->43.12M 1.122ms
[64.057s] GC(1012) Pause Incremental GC (Collect on allocation) 60.12M->43.12M 1.140ms
[64.090s] GC(1013) Pause Incremental GC (Collect on allocation) 61.62M->43.12M 1.167ms
[64.125s] GC(1014) Pause Incremental GC (Collect on allocation) 63.12M->43.12M 1.194ms
[64.160s] GC(1015) Pause Incremental GC (Collect on allocation) 62.62M->43.12M 1.233ms
[64.193s] GC(1016) Pause Incremental GC (Collect on allocation) 62.12M->43.12M 1.208ms
[64.228s] GC(1017) Pause Incremental GC (Collect on allocation) 63.62M->43.12M 1.228ms
[64.269s] GC(1018) Pause Incremental GC (Collect on allocation) 65.62M->43.62M 1.355ms
[64.306s] GC(1019) Pause Incremental GC (Collect on allocation) 65.62M->43.62M 1.397ms
[64.348s] GC(1020) Pause Incremental GC (Collect on allocation) 67.62M->43.62M 1.209ms
[64.389s] GC(1021) Pause Incremental GC (Collect on allocation) 67.12M->43.62M 1.269ms
[64.429s] GC(1022) Pause Incremental GC (Collect on allocation) 66.62M->43.62M 1.358ms
[64.468s] GC(1023) Pause Incremental GC (Collect on allocation) 66.12M->43.62M 1.283ms
[64.506s] GC(1024) Pause Incremental GC (Collect on allocation) 65.62M->43.62M 1.227ms
[64.549s] GC(1025) Pause Incremental GC (Collect on allocation) 65.12M->43.62M 1.234ms
[64.581s] GC(1026) Pause Incremental GC (Collect on allocation) 64.62M->43.62M 1.422ms
[64.619s] GC(1027) Pause Incremental GC (Collect on allocation) 64.12M->43.62M 1.378ms
[64.651s] GC(1028) Pause Incremental GC (Collect on allocation) 63.62M->43.62M 1.293ms
[64.690s] GC(1029) Pause Incremental GC (Collect on allocation) 65.12M->43.62M 1.334ms
[64.755s] GC(1030) Pause Full GC (Collect on allocation) 67.12M->42.62M 25.465ms
[64.782s] GC(1031) Pause Incremental GC (Collect on allocation) 67.62M->42.62M 1.478ms
[64.797s] GC(1032) Pause Incremental GC (Collect on allocation) 69.62M->43.12M 1.394ms
[64.841s] GC(1033) Pause Incremental GC (Collect on allocation) 69.62M->43.12M 1.358ms
[64.887s] GC(1034) Pause Incremental GC (Collect on allocation) 69.12M->43.12M 1.186ms
[64.932s] GC(1035) Pause Incremental GC (Collect on allocation) 68.62M->43.12M 1.187ms
[64.976s] GC(1036) Pause Incremental GC (Collect on allocation) 68.12M->43.12M 1.248ms
[65.019s] GC(1037) Pause Incremental GC (Collect on allocation) 67.62M->43.12M 1.498ms
[65.061s] GC(1038) Pause Incremental GC (Collect on allocation) 67.12M->43.12M 1.394ms
[65.103s] GC(1039) Pause Incremental GC (Collect on allocation) 66.62M->43.12M 1.310ms
[65.147s] GC(1040) Pause Incremental GC (Collect on allocation) 66.12M->43.12M 1.388ms
[65.182s] GC(1041) Pause Incremental GC (Collect on allocation) 65.62M->43.12M 1.369ms
[65.221s] GC(1042) Pause Incremental GC (Collect on allocation) 65.12M->43.12M 1.364ms
[65.258s] GC(1043) Pause Incremental GC (Collect on allocation) 64.62M->43.12M 1.244ms
[65.296s] GC(1044) Pause Incremental GC (Collect on allocation) 64.12M->43.12M 1.469ms
[65.331s] GC(1045) Pause Incremental GC (Collect on allocation) 63.62M->43.62M 1.337ms
[65.366s] GC(1046) Pause Incremental GC (Collect on allocation) 63.62M->43.62M 1.310ms
[65.400s] GC(1047) Pause Incremental GC (Collect on allocation) 63.12M->43.62M 1.247ms
[65.433s] GC(1048) Pause Incremental GC (Collect on allocation) 62.62M->43.62M 1.235ms
[65.465s] GC(1049) Pause Incremental GC (Collect on allocation) 62.12M->43.62M 1.229ms
[65.496s] GC(1050) Pause Incremental GC (Collect on allocation) 61.62M->43.62M 1.282ms
[65.531s] GC(1051) Pause Incremental GC (Collect on allocation) 63.12M->43.62M 1.659ms
[65.567s] GC(1052) Pause Incremental GC (Collect on allocation) 64.62M->43.62M 1.224ms
[65.608s] GC(1053) Pause Incremental GC (Collect on allocation) 66.62M->43.62M 1.215ms
[65.651s] GC(1054) Pause Incremental GC (Collect on allocation) 68.62M->43.62M 1.301ms
[65.699s] GC(1055) Pause Incremental GC (Collect on allocation) 70.62M->43.62M 1.209ms
[65.745s] GC(1056) Pause Incremental GC (Collect on allocation) 70.12M->43.62M 1.496ms
[65.791s] GC(1057) Pause Incremental GC (Collect on allocation) 69.62M->43.62M 1.520ms
[65.835s] GC(1058) Pause Incremental GC (Collect on allocation) 69.12M->43.62M 1.300ms
[65.879s] GC(1059) Pause Incremental GC (Collect on allocation) 68.62M->43.62M 1.547ms
[65.925s] GC(1060) Pause Incremental GC (Collect on allocation) 68.12M->43.62M 1.946ms
[65.965s] GC(1061) Pause Incremental GC (Collect on allocation) 67.62M->44.12M 1.471ms
[66.034s] GC(1062) Pause Full GC (Collect on allocation) 67.62M->42.62M 30.163ms
[66.067s] GC(1063) Pause Incremental GC (Collect on allocation) 70.62M->43.12M 1.706ms
[66.107s] GC(1064) Pause Incremental GC (Collect on allocation) 73.12M->43.62M 1.690ms
[66.156s] GC(1065) Pause Incremental GC (Collect on allocation) 73.12M->44.62M 1.942ms
[66.204s] GC(1066) Pause Incremental GC (Collect on allocation) 73.62M->45.62M 1.987ms
[66.253s] GC(1067) Pause Incremental GC (Collect on allocation) 74.12M->46.62M 1.766ms
[66.302s] GC(1068) Pause Incremental GC (Collect on allocation) 74.62M->46.62M 2.038ms
[66.350s] GC(1069) Pause Incremental GC (Collect on allocation) 74.12M->46.62M 1.517ms
[66.397s] GC(1070) Pause Incremental GC (Collect on allocation) 73.62M->46.62M 1.390ms
[66.443s] GC(1071) Pause Incremental GC (Collect on allocation) 73.12M->46.62M 1.262ms
[66.490s] GC(1072) Pause Incremental GC (Collect on allocation) 72.62M->46.62M 1.345ms
[66.534s] GC(1073) Pause Incremental GC (Collect on allocation) 72.12M->46.62M 1.209ms
[66.578s] GC(1074) Pause Incremental GC (Collect on allocation) 71.62M->46.62M 1.310ms
[66.622s] GC(1075) Pause Incremental GC (Collect on allocation) 71.12M->46.62M 1.332ms
[66.666s] GC(1076) Pause Incremental GC (Collect on allocation) 70.62M->46.62M 1.332ms
[66.706s] GC(1077) Pause Incremental GC (Collect on allocation) 70.12M->47.12M 1.372ms
[66.748s] GC(1078) Pause Incremental GC (Collect on allocation) 70.12M->47.12M 2.630ms
[66.791s] GC(1079) Pause Incremental GC (Collect on allocation) 72.12M->47.12M 1.410ms
[66.837s] GC(1080) Pause Incremental GC (Collect on allocation) 74.12M->47.12M 1.298ms
[66.888s] GC(1081) Pause Incremental GC (Collect on allocation) 76.12M->47.12M 1.428ms
[66.942s] GC(1082) Pause Incremental GC (Collect on allocation) 78.12M->47.12M 1.347ms
[66.996s] GC(1083) Pause Incremental GC (Collect on allocation) 77.62M->47.12M 1.222ms
[67.049s] GC(1084) Pause Incremental GC (Collect on allocation) 77.12M->47.12M 1.309ms
[67.100s] GC(1085) Pause Incremental GC (Collect on allocation) 76.62M->47.12M 1.288ms
[67.151s] GC(1086) Pause Incremental GC (Collect on allocation) 76.12M->47.12M 1.326ms
[67.201s] GC(1087) Pause Incremental GC (Collect on allocation) 75.62M->47.12M 1.307ms
[67.250s] GC(1088) Pause Incremental GC (Collect on allocation) 75.12M->47.12M 1.260ms
[67.298s] GC(1089) Pause Incremental GC (Collect on allocation) 74.62M->47.12M 1.337ms
[67.348s] GC(1090) Pause Incremental GC (Collect on allocation) 74.12M->47.12M 1.432ms
[67.397s] GC(1091) Pause Incremental GC (Collect on allocation) 73.62M->47.12M 1.343ms
[67.437s] GC(1092) Pause Incremental GC (Collect on allocation) 73.12M->47.12M 1.322ms
[67.482s] GC(1093) Pause Incremental GC (Collect on allocation) 72.62M->47.12M 1.349ms
[67.527s] GC(1094) Pause Incremental GC (Collect on allocation) 72.12M->47.62M 1.465ms
[67.569s] GC(1095) Pause Incremental GC (Collect on allocation) 72.12M->47.62M 1.238ms
[67.611s] GC(1096) Pause Incremental GC (Collect on allocation) 71.62M->47.62M 1.364ms
[67.652s] GC(1097) Pause Incremental GC (Collect on allocation) 71.12M->47.62M 1.433ms
[67.695s] GC(1098) Pause Incremental GC (Collect on allocation) 70.62M->47.62M 1.534ms
[67.730s] GC(1099) Pause Incremental GC (Collect on allocation) 70.12M->47.62M 1.400ms
[67.773s] GC(1100) Pause Incremental GC (Collect on allocation) 72.12M->47.62M 1.262ms
[67.816s] GC(1101) Pause Incremental GC (Collect on allocation) 71.62M->47.62M 1.191ms
[67.857s] GC(1102) Pause Incremental GC (Collect on allocation) 71.12M->47.62M 1.308ms
[67.898s] GC(1103) Pause Incremental GC (Collect on allocation) 70.62M->47.62M 1.199ms
[67.937s] GC(1104) Pause Incremental GC (Collect on allocation) 70.12M->47.62M 1.196ms
[67.976s] GC(1105) Pause Incremental GC (Collect on allocation) 69.62M->47.62M 1.189ms
[68.037s] GC(1106) Pause Full GC (Collect on allocation) 69.12M->42.62M 24.787ms
[68.059s] GC(1107) Pause Incremental GC (Collect on allocation) 63.12M->42.62M 1.483ms
[68.085s] GC(1108) Pause Incremental GC (Collect on allocation) 62.62M->42.62M 1.264ms
[68.121s] GC(1109) Pause Incremental GC (Collect on allocation) 64.12M->43.12M 1.227ms
[68.162s] GC(1110) Pause Incremental GC (Collect on allocation) 66.62M->43.12M 1.269ms
[68.203s] GC(1111) Pause Incremental GC (Collect on allocation) 66.12M->43.12M 1.201ms
[68.243s] GC(1112) Pause Incremental GC (Collect on allocation) 65.62M->43.12M 1.583ms
[68.280s] GC(1113) Pause Incremental GC (Collect on allocation) 65.12M->43.12M 1.427ms
[68.323s] GC(1114) Pause Incremental GC (Collect on allocation) 67.12M->43.12M 1.333ms
[68.365s] GC(1115) Pause Incremental GC (Collect on allocation) 66.62M->43.12M 1.832ms
[68.408s] GC(1116) Pause Incremental GC (Collect on allocation) 68.62M->43.12M 1.336ms
[68.458s] GC(1117) Pause Incremental GC (Collect on allocation) 71.12M->43.12M 1.337ms
[68.506s] GC(1118) Pause Incremental GC (Collect on allocation) 70.62M->43.12M 1.373ms
[68.552s] GC(1119) Pause Incremental GC (Collect on allocation) 70.12M->43.12M 1.350ms
[68.599s] GC(1120) Pause Incremental GC (Collect on allocation) 69.62M->43.12M 1.577ms
[68.645s] GC(1121) Pause Incremental GC (Collect on allocation) 69.12M->43.12M 1.460ms
[68.690s] GC(1122) Pause Incremental GC (Collect on allocation) 68.62M->43.12M 1.601ms
[68.732s] GC(1123) Pause Incremental GC (Collect on allocation) 68.12M->43.12M 1.368ms
[68.775s] GC(1124) Pause Incremental GC (Collect on allocation) 67.62M->43.12M 1.235ms
[68.819s] GC(1125) Pause Incremental GC (Collect on allocation) 67.12M->43.12M 1.723ms
[68.859s] GC(1126) Pause Incremental GC (Collect on allocation) 66.62M->43.12M 1.309ms
[68.899s] GC(1127) Pause Incremental GC (Collect on allocation) 66.12M->43.12M 1.370ms
[68.939s] GC(1128) Pause Incremental GC (Collect on allocation) 65.62M->43.12M 1.373ms
[68.977s] GC(1129) Pause Incremental GC (Collect on allocation) 65.12M->43.12M 1.308ms
[69.015s] GC(1130) Pause Incremental GC (Collect on allocation) 64.62M->43.62M 1.341ms
[69.052s] GC(1131) Pause Incremental GC (Collect on allocation) 64.62M->43.62M 1.332ms
[69.088s] GC(1132) Pause Incremental GC (Collect on allocation) 64.12M->43.62M 1.293ms
[69.123s] GC(1133) Pause Incremental GC (Collect on allocation) 63.62M->43.62M 1.283ms
[69.160s] GC(1134) Pause Incremental GC (Collect on allocation) 65.12M->43.62M 1.274ms
[69.200s] GC(1135) Pause Incremental GC (Collect on allocation) 67.12M->43.62M 1.234ms
[69.240s] GC(1136) Pause Incremental GC (Collect on allocation) 66.62M->43.62M 1.297ms
[69.279s] GC(1137) Pause Incremental GC (Collect on allocation) 66.12M->43.62M 1.600ms
[69.321s] GC(1138) Pause Incremental GC (Collect on allocation) 68.12M->43.62M 1.271ms
[69.363s] GC(1139) Pause Incremental GC (Collect on allocation) 67.62M->43.62M 1.389ms
[69.403s] GC(1140) Pause Incremental GC (Collect on allocation) 67.12M->43.62M 1.456ms
[69.442s] GC(1141) Pause Incremental GC (Collect on allocation) 66.62M->43.62M 1.488ms
[69.511s] GC(1142) Pause Full GC (Collect on allocation) 68.62M->42.62M 26.976ms
[69.546s] GC(1143) Pause Incremental GC (Collect on allocation) 72.12M->43.62M 2.631ms
[69.585s] GC(1144) Pause Incremental GC (Collect on allocation) 72.62M->43.62M 1.733ms
[69.634s] GC(1145) Pause Incremental GC (Collect on allocation) 72.12M->43.62M 1.355ms
[69.682s] GC(1146) Pause Incremental GC (Collect on allocation) 71.62M->43.62M 1.323ms
[69.730s] GC(1147) Pause Incremental GC (Collect on allocation) 71.12M->43.62M 1.973ms
[69.761s] GC(1148) Pause Incremental GC (Collect on allocation) 70.62M->44.12M 1.508ms
[69.797s] GC(1149) Pause Incremental GC (Collect on allocation) 70.62M->44.12M 1.341ms
[69.842s] GC(1150) Pause Incremental GC (Collect on allocation) 70.12M->44.12M 1.363ms
[69.887s] GC(1151) Pause Incremental GC (Collect on allocation) 69.62M->44.12M 1.366ms
[69.930s] GC(1152) Pause Incremental GC (Collect on allocation) 69.12M->44.12M 1.328ms
[69.972s] GC(1153) Pause Incremental GC (Collect on allocation) 68.62M->44.12M 1.371ms
[70.014s] GC(1154) Pause Incremental GC (Collect on allocation) 68.12M->44.12M 1.345ms
[70.054s] GC(1155) Pause Incremental GC (Collect on allocation) 67.62M->44.12M 1.395ms
[70.094s] GC(1156) Pause Incremental GC (Collect on allocation) 67.12M->44.12M 1.341ms
[70.133s] GC(1157) Pause Incremental GC (Collect on allocation) 66.62M->44.12M 1.396ms
[70.171s] GC(1158) Pause Incremental GC (Collect on allocation) 66.12M->44.62M 1.324ms
[70.209s] GC(1159) Pause Incremental GC (Collect on allocation) 66.12M->44.62M 1.220ms
[70.246s] GC(1160) Pause Incremental GC (Collect on allocation) 65.62M->44.62M 1.348ms
[70.282s] GC(1161) Pause Incremental GC (Collect on allocation) 65.12M->44.62M 1.249ms
[70.317s] GC(1162) Pause Incremental GC (Collect on allocation) 64.62M->44.62M 1.450ms
[70.353s] GC(1163) Pause Incremental GC (Collect on allocation) 66.12M->44.62M 1.278ms
[70.390s] GC(1164) Pause Incremental GC (Collect on allocation) 65.62M->44.62M 1.273ms
[70.426s] GC(1165) Pause Incremental GC (Collect on allocation) 65.12M->44.62M 1.324ms
[70.460s] GC(1166) Pause Incremental GC (Collect on allocation) 64.62M->44.62M 1.359ms
[70.498s] GC(1167) Pause Incremental GC (Collect on allocation) 66.12M->44.62M 1.254ms
[70.538s] GC(1168) Pause Incremental GC (Collect on allocation) 68.12M->45.12M 1.452ms
[70.583s] GC(1169) Pause Incremental GC (Collect on allocation) 70.62M->45.62M 1.563ms
[70.625s] GC(1170) Pause Incremental GC (Collect on allocation) 70.62M->46.62M 1.728ms
[70.666s] GC(1171) Pause Incremental GC (Collect on allocation) 71.12M->47.12M 1.651ms
[70.707s] GC(1172) Pause Incremental GC (Collect on allocation) 71.12M->48.12M 1.574ms
[70.750s] GC(1173) Pause Incremental GC (Collect on allocation) 71.62M->48.62M 1.651ms
[70.786s] GC(1174) Pause Incremental GC (Collect on allocation) 71.62M->49.12M 1.567ms
[70.826s] GC(1175) Pause Incremental GC (Collect on allocation) 71.62M->49.12M 1.252ms
[70.864s] GC(1176) Pause Incremental GC (Collect on allocation) 71.12M->49.12M 1.249ms
[70.902s] GC(1177) Pause Incremental GC (Collect on allocation) 70.62M->49.12M 1.350ms
[70.939s] GC(1178) Pause Incremental GC (Collect on allocation) 70.12M->49.12M 1.294ms
[70.974s] GC(1179) Pause Incremental GC (Collect on allocation) 69.62M->49.12M 1.244ms
[71.009s] GC(1180) Pause Incremental GC (Collect on allocation) 69.12M->49.12M 1.242ms
[71.042s] GC(1181) Pause Incremental GC (Collect on allocation) 68.62M->49.12M 1.279ms
[71.099s] GC(1182) Pause Full GC (Collect on allocation) 68.12M->37.12M 24.352ms
[71.125s] GC(1183) Pause Incremental GC (Collect on allocation) 59.62M->37.12M 1.825ms
[71.160s] GC(1184) Pause Incremental GC (Collect on allocation) 61.62M->37.12M 1.436ms
[71.200s] GC(1185) Pause Incremental GC (Collect on allocation) 61.12M->37.12M 1.281ms
[71.247s] GC(1186) Pause Incremental GC (Collect on allocation) 63.12M->37.12M 1.309ms
[71.296s] GC(1187) Pause Incremental GC (Collect on allocation) 65.62M->37.12M 1.415ms
[71.345s] GC(1188) Pause Incremental GC (Collect on allocation) 65.12M->37.12M 1.285ms
[71.392s] GC(1189) Pause Incremental GC (Collect on allocation) 64.62M->37.12M 1.283ms
[71.440s] GC(1190) Pause Incremental GC (Collect on allocation) 64.12M->37.12M 1.277ms
[71.485s] GC(1191) Pause Incremental GC (Collect on allocation) 63.62M->37.12M 1.367ms
[71.531s] GC(1192) Pause Incremental GC (Collect on allocation) 63.12M->37.12M 1.304ms
[71.575s] GC(1193) Pause Incremental GC (Collect on allocation) 62.62M->37.12M 1.200ms
[71.619s] GC(1194) Pause Incremental GC (Collect on allocation) 62.12M->37.12M 1.268ms
[71.662s] GC(1195) Pause Incremental GC (Collect on allocation) 61.62M->37.12M 1.247ms
[71.704s] GC(1196) Pause Incremental GC (Collect on allocation) 61.12M->37.12M 1.204ms
[71.746s] GC(1197) Pause Incremental GC (Collect on allocation) 60.62M->37.12M 1.521ms
[71.786s] GC(1198) Pause Incremental GC (Collect on allocation) 60.12M->37.62M 1.797ms
[71.825s] GC(1199) Pause Incremental GC (Collect on allocation) 60.12M->37.62M 1.418ms
[71.864s] GC(1200) Pause Incremental GC (Collect on allocation) 59.62M->37.62M 1.282ms
[71.902s] GC(1201) Pause Incremental GC (Collect on allocation) 59.12M->37.62M 1.445ms
[71.939s] GC(1202) Pause Incremental GC (Collect on allocation) 58.62M->37.62M 1.328ms
[71.976s] GC(1203) Pause Incremental GC (Collect on allocation) 58.12M->37.62M 1.662ms
[72.015s] GC(1204) Pause Incremental GC (Collect on allocation) 60.12M->37.62M 1.220ms
[72.058s] GC(1205) Pause Incremental GC (Collect on allocation) 62.12M->37.62M 1.334ms
[72.100s] GC(1206) Pause Incremental GC (Collect on allocation) 61.62M->37.62M 1.404ms
[72.140s] GC(1207) Pause Incremental GC (Collect on allocation) 61.12M->37.62M 1.321ms
[72.180s] GC(1208) Pause Incremental GC (Collect on allocation) 60.62M->37.62M 1.289ms
[72.220s] GC(1209) Pause Incremental GC (Collect on allocation) 60.12M->37.62M 1.389ms
[72.259s] GC(1210) Pause Incremental GC (Collect on allocation) 59.62M->37.62M 1.250ms
[72.297s] GC(1211) Pause Incremental GC (Collect on allocation) 59.12M->37.62M 1.369ms
[72.333s] GC(1212) Pause Incremental GC (Collect on allocation) 58.62M->37.62M 1.202ms
[72.369s] GC(1213) Pause Incremental GC (Collect on allocation) 58.12M->38.12M 1.454ms
[72.408s] GC(1214) Pause Incremental GC (Collect on allocation) 60.62M->38.12M 1.214ms
[72.446s] GC(1215) Pause Incremental GC (Collect on allocation) 60.12M->38.12M 1.281ms
[72.484s] GC(1216) Pause Incremental GC (Collect on allocation) 59.62M->38.12M 1.274ms
[72.520s] GC(1217) Pause Incremental GC (Collect on allocation) 59.12M->38.12M 1.371ms
[72.556s] GC(1218) Pause Incremental GC (Collect on allocation) 58.62M->38.12M 1.396ms
[72.596s] GC(1219) Pause Incremental GC (Collect on allocation) 60.62M->38.12M 1.347ms
[72.639s] GC(1220) Pause Incremental GC (Collect on allocation) 62.62M->38.12M 1.245ms
[72.699s] GC(1221) Pause Full GC (Collect on allocation) 62.12M->37.12M 19.917ms
[72.724s] GC(1222) Pause Incremental GC (Collect on allocation) 60.12M->37.12M 1.524ms
[72.760s] GC(1223) Pause Incremental GC (Collect on allocation) 59.62M->37.12M 1.305ms
[72.799s] GC(1224) Pause Incremental GC (Collect on allocation) 59.12M->37.12M 1.358ms
[72.837s] GC(1225) Pause Incremental GC (Collect on allocation) 58.62M->37.12M 1.379ms
[72.873s] GC(1226) Pause Incremental GC (Collect on allocation) 58.12M->37.12M 1.279ms
[72.909s] GC(1227) Pause Incremental GC (Collect on allocation) 57.62M->37.12M 1.332ms
[72.945s] GC(1228) Pause Incremental GC (Collect on allocation) 57.12M->37.12M 1.259ms
[72.979s] GC(1229) Pause Incremental GC (Collect on allocation) 56.62M->37.12M 1.585ms
[73.016s] GC(1230) Pause Incremental GC (Collect on allocation) 58.12M->37.12M 1.215ms
[73.056s] GC(1231) Pause Incremental GC (Collect on allocation) 60.12M->37.12M 1.253ms
[73.096s] GC(1232) Pause Incremental GC (Collect on allocation) 59.62M->37.12M 1.311ms
[73.136s] GC(1233) Pause Incremental GC (Collect on allocation) 59.12M->37.62M 1.713ms
[73.180s] GC(1234) Pause Incremental GC (Collect on allocation) 61.62M->37.62M 1.667ms
[73.224s] GC(1235) Pause Incremental GC (Collect on allocation) 63.62M->37.62M 1.722ms
[73.278s] GC(1236) Pause Incremental GC (Collect on allocation) 66.12M->37.62M 3.456ms
[73.325s] GC(1237) Pause Incremental GC (Collect on allocation) 65.62M->37.62M 2.356ms
[73.375s] GC(1238) Pause Incremental GC (Collect on allocation) 65.12M->37.62M 2.107ms
[73.417s] GC(1239) Pause Incremental GC (Collect on allocation) 64.62M->37.62M 1.368ms
[73.464s] GC(1240) Pause Incremental GC (Collect on allocation) 64.12M->37.62M 1.397ms
[73.509s] GC(1241) Pause Incremental GC (Collect on allocation) 63.62M->37.62M 1.414ms
[73.554s] GC(1242) Pause Incremental GC (Collect on allocation) 63.12M->37.62M 1.290ms
[73.599s] GC(1243) Pause Incremental GC (Collect on allocation) 62.62M->37.62M 1.292ms
[73.642s] GC(1244) Pause Incremental GC (Collect on allocation) 62.12M->38.12M 1.383ms
[73.683s] GC(1245) Pause Incremental GC (Collect on allocation) 62.12M->38.12M 1.385ms
[73.724s] GC(1246) Pause Incremental GC (Collect on allocation) 61.62M->38.12M 1.372ms
[73.765s] GC(1247) Pause Incremental GC (Collect on allocation) 61.12M->38.12M 1.564ms
[73.804s] GC(1248) Pause Incremental GC (Collect on allocation) 60.62M->38.12M 1.859ms
[73.841s] GC(1249) Pause Incremental GC (Collect on allocation) 60.12M->38.12M 1.376ms
[73.879s] GC(1250) Pause Incremental GC (Collect on allocation) 59.62M->38.12M 1.251ms
[73.916s] GC(1251) Pause Incremental GC (Collect on allocation) 59.12M->38.12M 1.306ms
[73.952s] GC(1252) Pause Incremental GC (Collect on allocation) 58.62M->38.12M 1.216ms
[73.987s] GC(1253) Pause Incremental GC (Collect on allocation) 58.12M->38.12M 1.179ms
[74.023s] GC(1254) Pause Incremental GC (Collect on allocation) 57.62M->38.12M 1.458ms
[74.054s] GC(1255) Pause Incremental GC (Collect on allocation) 57.12M->38.12M 1.329ms
[74.087s] GC(1256) Pause Incremental GC (Collect on allocation) 56.62M->38.12M 1.250ms
[74.122s] GC(1257) Pause Incremental GC (Collect on allocation) 58.12M->38.12M 1.283ms
[74.156s] GC(1258) Pause Incremental GC (Collect on allocation) 57.62M->38.12M 1.266ms
[74.192s] GC(1259) Pause Incremental GC (Collect on allocation) 59.12M->38.12M 1.297ms
[74.227s] GC(1260) Pause Incremental GC (Collect on allocation) 58.62M->38.62M 1.283ms
[74.283s] GC(1261) Pause Full GC (Collect on allocation) 58.62M->37.12M 21.544ms
[74.305s] GC(1262) Pause Incremental GC (Collect on allocation) 58.12M->37.12M 1.533ms
[74.334s] GC(1263) Pause Incremental GC (Collect on allocation) 57.62M->37.12M 1.266ms
[74.374s] GC(1264) Pause Incremental GC (Collect on allocation) 59.62M->37.12M 1.404ms
[74.417s] GC(1265) Pause Incremental GC (Collect on allocation) 61.62M->37.12M 1.244ms
[74.460s] GC(1266) Pause Incremental GC (Collect on allocation) 61.12M->37.12M 1.713ms
[74.506s] GC(1267) Pause Incremental GC (Collect on allocation) 63.12M->37.12M 1.434ms
[74.550s] GC(1268) Pause Incremental GC (Collect on allocation) 62.62M->37.12M 1.277ms
[74.594s] GC(1269) Pause Incremental GC (Collect on allocation) 62.12M->37.12M 1.275ms
[74.636s] GC(1270) Pause Incremental GC (Collect on allocation) 61.62M->37.12M 1.248ms
[74.678s] GC(1271) Pause Incremental GC (Collect on allocation) 61.12M->37.12M 1.264ms
[74.718s] GC(1272) Pause Incremental GC (Collect on allocation) 60.62M->37.12M 1.313ms
[74.757s] GC(1273) Pause Incremental GC (Collect on allocation) 60.12M->37.62M 1.582ms
[74.771s] GC(1274) Pause Incremental GC (Collect on allocation) 60.12M->37.62M 1.149ms
[74.815s] GC(1275) Pause Incremental GC (Collect on allocation) 62.12M->37.62M 1.290ms
[74.861s] GC(1276) Pause Incremental GC (Collect on allocation) 64.12M->37.62M 1.299ms
[74.913s] GC(1277) Pause Incremental GC (Collect on allocation) 66.62M->37.62M 1.309ms
[74.962s] GC(1278) Pause Incremental GC (Collect on allocation) 66.12M->37.62M 1.298ms
[75.010s] GC(1279) Pause Incremental GC (Collect on allocation) 65.62M->37.62M 1.520ms
[75.057s] GC(1280) Pause Incremental GC (Collect on allocation) 65.12M->38.12M 1.598ms
[75.104s] GC(1281) Pause Incremental GC (Collect on allocation) 65.12M->39.12M 1.536ms
[75.148s] GC(1282) Pause Incremental GC (Collect on allocation) 65.62M->39.62M 1.746ms
[75.192s] GC(1283) Pause Incremental GC (Collect on allocation) 65.62M->40.62M 1.671ms
[75.236s] GC(1284) Pause Incremental GC (Collect on allocation) 66.12M->41.62M 1.786ms
[75.289s] GC(1285) Pause Incremental GC (Collect on allocation) 69.62M->42.12M 2.196ms
[75.337s] GC(1286) Pause Incremental GC (Collect on allocation) 72.62M->42.12M 1.325ms
[75.389s] GC(1287) Pause Incremental GC (Collect on allocation) 72.12M->42.12M 1.411ms
[75.441s] GC(1288) Pause Incremental GC (Collect on allocation) 71.62M->42.12M 1.187ms
[75.492s] GC(1289) Pause Incremental GC (Collect on allocation) 71.12M->42.12M 1.212ms
[75.543s] GC(1290) Pause Incremental GC (Collect on allocation) 70.62M->42.12M 1.372ms
[75.591s] GC(1291) Pause Incremental GC (Collect on allocation) 70.12M->42.12M 1.335ms
[75.639s] GC(1292) Pause Incremental GC (Collect on allocation) 69.62M->42.12M 1.422ms
[75.686s] GC(1293) Pause Incremental GC (Collect on allocation) 69.12M->42.12M 1.419ms
[75.733s] GC(1294) Pause Incremental GC (Collect on allocation) 68.62M->42.12M 1.278ms
[75.778s] GC(1295) Pause Incremental GC (Collect on allocation) 68.12M->42.12M 1.345ms
[75.822s] GC(1296) Pause Incremental GC (Collect on allocation) 67.62M->42.12M 1.343ms
[75.866s] GC(1297) Pause Incremental GC (Collect on allocation) 67.12M->42.12M 1.276ms
[75.909s] GC(1298) Pause Incremental GC (Collect on allocation) 66.62M->42.12M 1.242ms
[75.970s] GC(1299) Pause Full GC (Collect on allocation) 66.12M->37.12M 19.776ms
[75.995s] GC(1300) Pause Incremental GC (Collect on allocation) 60.12M->37.12M 1.475ms
[76.031s] GC(1301) Pause Incremental GC (Collect on allocation) 59.62M->37.12M 1.309ms
[76.069s] GC(1302) Pause Incremental GC (Collect on allocation) 59.12M->37.12M 1.273ms
[76.106s] GC(1303) Pause Incremental GC (Collect on allocation) 58.62M->37.12M 1.305ms
[76.143s] GC(1304) Pause Incremental GC (Collect on allocation) 58.12M->37.12M 1.305ms
[76.178s] GC(1305) Pause Incremental GC (Collect on allocation) 57.62M->37.12M 1.313ms
[76.214s] GC(1306) Pause Incremental GC (Collect on allocation) 57.12M->37.12M 1.527ms
[76.246s] GC(1307) Pause Incremental GC (Collect on allocation) 56.62M->37.12M 1.328ms
[76.279s] GC(1308) Pause Incremental GC (Collect on allocation) 56.12M->37.12M 1.234ms
[76.311s] GC(1309) Pause Incremental GC (Collect on allocation) 55.62M->37.12M 1.250ms
[76.346s] GC(1310) Pause Incremental GC (Collect on allocation) 57.12M->37.12M 1.259ms
[76.380s] GC(1311) Pause Incremental GC (Collect on allocation) 56.62M->37.62M 1.335ms
[76.417s] GC(1312) Pause Incremental GC (Collect on allocation) 58.62M->37.62M 1.222ms
[76.453s] GC(1313) Pause Incremental GC (Collect on allocation) 58.12M->37.62M 1.260ms
[76.488s] GC(1314) Pause Incremental GC (Collect on allocation) 57.62M->37.62M 1.225ms
[76.523s] GC(1315) Pause Incremental GC (Collect on allocation) 57.12M->37.62M 1.740ms
[76.559s] GC(1316) Pause Incremental GC (Collect on allocation) 58.62M->37.62M 1.190ms
[76.600s] GC(1317) Pause Incremental GC (Collect on allocation) 60.62M->37.62M 1.371ms
[76.639s] GC(1318) Pause Incremental GC (Collect on allocation) 60.12M->37.62M 1.402ms
[76.677s] GC(1319) Pause Incremental GC (Collect on allocation) 59.62M->37.62M 1.306ms
[76.715s] GC(1320) Pause Incremental GC (Collect on allocation) 59.12M->37.62M 1.305ms
[76.752s] GC(1321) Pause Incremental GC (Collect on allocation) 58.62M->37.62M 1.252ms
[76.788s] GC(1322) Pause Incremental GC (Collect on allocation) 58.12M->37.62M 1.328ms
[76.822s] GC(1323) Pause Incremental GC (Collect on allocation) 57.62M->37.62M 1.373ms
[76.856s] GC(1324) Pause Incremental GC (Collect on allocation) 57.12M->37.62M 1.363ms
[76.890s] GC(1325) Pause Incremental GC (Collect on allocation) 56.62M->37.62M 1.305ms
[76.925s] GC(1326) Pause Incremental GC (Collect on allocation) 58.12M->37.62M 1.224ms
[76.960s] GC(1327) Pause Incremental GC (Collect on allocation) 57.62M->37.62M 1.203ms
[76.994s] GC(1328) Pause Incremental GC (Collect on allocation) 57.12M->37.62M 1.505ms
[77.031s] GC(1329) Pause Incremental GC (Collect on allocation) 58.62M->37.62M 1.274ms
[77.066s] GC(1330) Pause Incremental GC (Collect on allocation) 58.12M->38.12M 1.300ms
[77.101s] GC(1331) Pause Incremental GC (Collect on allocation) 58.12M->38.12M 1.201ms
[77.136s] GC(1332) Pause Incremental GC (Collect on allocation) 57.62M->38.12M 1.216ms
[77.169s] GC(1333) Pause Incremental GC (Collect on allocation) 57.12M->38.12M 1.260ms
[77.201s] GC(1334) Pause Incremental GC (Collect on allocation) 56.62M->38.12M 1.167ms
[77.232s] GC(1335) Pause Incremental GC (Collect on allocation) 56.12M->38.12M 1.230ms
[77.262s] GC(1336) Pause Incremental GC (Collect on allocation) 55.62M->38.12M 1.262ms
[77.295s] GC(1337) Pause Incremental GC (Collect on allocation) 57.12M->38.12M 1.142ms
[77.330s] GC(1338) Pause Incremental GC (Collect on allocation) 58.62M->38.12M 1.236ms
[77.385s] GC(1339) Pause Full GC (Collect on allocation) 58.12M->37.12M 20.380ms
[77.408s] GC(1340) Pause Incremental GC (Collect on allocation) 56.12M->37.12M 1.512ms
[77.431s] GC(1341) Pause Incremental GC (Collect on allocation) 55.62M->37.12M 1.262ms
[77.466s] GC(1342) Pause Incremental GC (Collect on allocation) 57.12M->37.12M 1.179ms
[77.503s] GC(1343) Pause Incremental GC (Collect on allocation) 58.62M->37.12M 1.284ms
[77.544s] GC(1344) Pause Incremental GC (Collect on allocation) 60.62M->37.12M 1.299ms
[77.584s] GC(1345) Pause Incremental GC (Collect on allocation) 60.12M->37.12M 1.232ms
[77.624s] GC(1346) Pause Incremental GC (Collect on allocation) 59.62M->37.12M 1.752ms
[77.662s] GC(1347) Pause Incremental GC (Collect on allocation) 59.12M->37.12M 1.244ms
[77.699s] GC(1348) Pause Incremental GC (Collect on allocation) 58.62M->37.12M 1.250ms
[77.736s] GC(1349) Pause Incremental GC (Collect on allocation) 58.12M->37.12M 1.217ms
[77.772s] GC(1350) Pause Incremental GC (Collect on allocation) 57.62M->37.12M 1.257ms
[77.807s] GC(1351) Pause Incremental GC (Collect on allocation) 57.12M->37.12M 1.213ms
[77.841s] GC(1352) Pause Incremental GC (Collect on allocation) 56.62M->37.12M 1.294ms
[77.874s] GC(1353) Pause Incremental GC (Collect on allocation) 56.12M->37.62M 1.313ms
[77.906s] GC(1354) Pause Incremental GC (Collect on allocation) 56.12M->37.62M 1.298ms
[77.937s] GC(1355) Pause Incremental GC (Collect on allocation) 55.62M->37.62M 1.163ms
[77.972s] GC(1356) Pause Incremental GC (Collect on allocation) 57.12M->37.62M 1.754ms
[78.012s] GC(1357) Pause Incremental GC (Collect on allocation) 58.62M->37.62M 1.270ms
[78.049s] GC(1358) Pause Incremental GC (Collect on allocation) 60.62M->37.62M 1.207ms
[78.094s] GC(1359) Pause Incremental GC (Collect on allocation) 62.62M->37.62M 1.331ms
[78.136s] GC(1360) Pause Incremental GC (Collect on allocation) 62.12M->37.62M 1.352ms
[78.178s] GC(1361) Pause Incremental GC (Collect on allocation) 61.62M->37.62M 1.315ms
[78.219s] GC(1362) Pause Incremental GC (Collect on allocation) 61.12M->37.62M 1.279ms
[78.259s] GC(1363) Pause Incremental GC (Collect on allocation) 60.62M->37.62M 1.292ms
[78.298s] GC(1364) Pause Incremental GC (Collect on allocation) 60.12M->37.62M 1.371ms
[78.337s] GC(1365) Pause Incremental GC (Collect on allocation) 59.62M->37.62M 1.250ms
[78.374s] GC(1366) Pause Incremental GC (Collect on allocation) 59.12M->37.62M 1.180ms
[78.411s] GC(1367) Pause Incremental GC (Collect on allocation) 58.62M->37.62M 1.264ms
[78.447s] GC(1368) Pause Incremental GC (Collect on allocation) 58.12M->37.62M 1.363ms
[78.482s] GC(1369) Pause Incremental GC (Collect on allocation) 57.62M->37.62M 1.274ms
[78.516s] GC(1370) Pause Incremental GC (Collect on allocation) 57.12M->37.62M 1.228ms
[78.550s] GC(1371) Pause Incremental GC (Collect on allocation) 56.62M->37.62M 1.225ms
[78.582s] GC(1372) Pause Incremental GC (Collect on allocation) 56.12M->37.62M 1.366ms
[78.613s] GC(1373) Pause Incremental GC (Collect on allocation) 55.62M->37.62M 1.242ms
[78.643s] GC(1374) Pause Incremental GC (Collect on allocation) 55.12M->37.62M 1.390ms
[78.677s] GC(1375) Pause Incremental GC (Collect on allocation) 56.62M->37.62M 1.220ms
[78.732s] GC(1376) Pause Full GC (Collect on allocation) 58.12M->37.12M 19.909ms
[78.761s] GC(1377) Pause Incremental GC (Collect on allocation) 61.62M->37.12M 1.472ms
[78.798s] GC(1378) Pause Incremental GC (Collect on allocation) 61.12M->37.12M 1.355ms
[78.839s] GC(1379) Pause Incremental GC (Collect on allocation) 60.62M->37.12M 1.262ms
[78.880s] GC(1380) Pause Incremental GC (Collect on allocation) 60.12M->37.12M 1.261ms
[78.920s] GC(1381) Pause Incremental GC (Collect on allocation) 59.62M->37.12M 1.246ms
[78.959s] GC(1382) Pause Incremental GC (Collect on allocation) 59.12M->37.12M 1.824ms
[78.996s] GC(1383) Pause Incremental GC (Collect on allocation) 58.62M->37.12M 1.205ms
[79.033s] GC(1384) Pause Incremental GC (Collect on allocation) 58.12M->37.12M 1.227ms
[79.068s] GC(1385) Pause Incremental GC (Collect on allocation) 57.62M->37.12M 1.342ms
[79.103s] GC(1386) Pause Incremental GC (Collect on allocation) 57.12M->37.12M 1.301ms
[79.136s] GC(1387) Pause Incremental GC (Collect on allocation) 56.62M->37.12M 1.389ms
[79.168s] GC(1388) Pause Incremental GC (Collect on allocation) 56.12M->37.12M 1.235ms
[79.204s] GC(1389) Pause Incremental GC (Collect on allocation) 57.62M->37.12M 1.229ms
[79.239s] GC(1390) Pause Incremental GC (Collect on allocation) 57.12M->37.12M 1.265ms
[79.273s] GC(1391) Pause Incremental GC (Collect on allocation) 56.62M->37.12M 1.286ms
[79.306s] GC(1392) Pause Incremental GC (Collect on allocation) 56.12M->37.12M 1.306ms
[79.339s] GC(1393) Pause Incremental GC (Collect on allocation) 55.62M->37.62M 1.307ms
[79.373s] GC(1394) Pause Incremental GC (Collect on allocation) 57.62M->37.62M 1.274ms
[79.411s] GC(1395) Pause Incremental GC (Collect on allocation) 59.12M->37.62M 1.283ms
[79.449s] GC(1396) Pause Incremental GC (Collect on allocation) 58.62M->37.62M 1.751ms
[79.488s] GC(1397) Pause Incremental GC (Collect on allocation) 60.62M->37.62M 1.314ms
[79.532s] GC(1398) Pause Incremental GC (Collect on allocation) 62.62M->38.12M 1.320ms
[79.573s] GC(1399) Pause Incremental GC (Collect on allocation) 62.62M->38.62M 1.564ms
[79.614s] GC(1400) Pause Incremental GC (Collect on allocation) 62.62M->39.12M 1.680ms
[79.659s] GC(1401) Pause Incremental GC (Collect on allocation) 65.12M->40.12M 1.611ms
[79.707s] GC(1402) Pause Incremental GC (Collect on allocation) 68.62M->40.62M 1.825ms
[79.755s] GC(1403) Pause Incremental GC (Collect on allocation) 68.62M->41.62M 1.543ms
[79.776s] GC(1404) Pause Incremental GC (Collect on allocation) 69.12M->41.62M 1.240ms
[79.823s] GC(1405) Pause Incremental GC (Collect on allocation) 68.62M->42.12M 1.658ms
[79.870s] GC(1406) Pause Incremental GC (Collect on allocation) 68.62M->42.12M 1.275ms
[79.934s] GC(1407) Pause Full GC (Collect on allocation) 68.12M->37.12M 19.922ms
[79.963s] GC(1408) Pause Incremental GC (Collect on allocation) 62.12M->37.12M 1.567ms
[80.003s] GC(1409) Pause Incremental GC (Collect on allocation) 61.62M->37.12M 1.283ms
[80.045s] GC(1410) Pause Incremental GC (Collect on allocation) 61.12M->37.12M 1.221ms
[80.087s] GC(1411) Pause Incremental GC (Collect on allocation) 60.62M->37.12M 1.192ms
[80.127s] GC(1412) Pause Incremental GC (Collect on allocation) 60.12M->37.12M 1.409ms
[80.166s] GC(1413) Pause Incremental GC (Collect on allocation) 59.62M->37.12M 1.272ms
[80.205s] GC(1414) Pause Incremental GC (Collect on allocation) 59.12M->37.12M 1.402ms
[80.243s] GC(1415) Pause Incremental GC (Collect on allocation) 58.62M->37.12M 1.293ms
[80.280s] GC(1416) Pause Incremental GC (Collect on allocation) 58.12M->37.12M 1.226ms
[80.316s] GC(1417) Pause Incremental GC (Collect on allocation) 57.62M->37.12M 1.155ms
[80.351s] GC(1418) Pause Incremental GC (Collect on allocation) 57.12M->37.12M 1.222ms
[80.385s] GC(1419) Pause Incremental GC (Collect on allocation) 56.62M->37.12M 1.220ms
[80.418s] GC(1420) Pause Incremental GC (Collect on allocation) 56.12M->37.12M 1.256ms
[80.450s] GC(1421) Pause Incremental GC (Collect on allocation) 55.62M->37.12M 1.328ms
[80.482s] GC(1422) Pause Incremental GC (Collect on allocation) 55.12M->37.12M 1.517ms
[80.515s] GC(1423) Pause Incremental GC (Collect on allocation) 56.62M->37.12M 1.276ms
[80.552s] GC(1424) Pause Incremental GC (Collect on allocation) 58.12M->37.12M 1.181ms
[80.593s] GC(1425) Pause Incremental GC (Collect on allocation) 60.12M->37.12M 1.218ms
[80.631s] GC(1426) Pause Incremental GC (Collect on allocation) 59.62M->37.12M 1.396ms
[80.670s] GC(1427) Pause Incremental GC (Collect on allocation) 59.12M->37.62M 1.335ms
[80.707s] GC(1428) Pause Incremental GC (Collect on allocation) 59.12M->37.62M 1.208ms
[80.744s] GC(1429) Pause Incremental GC (Collect on allocation) 58.62M->37.62M 1.245ms
[80.780s] GC(1430) Pause Incremental GC (Collect on allocation) 58.12M->37.62M 1.255ms
[80.815s] GC(1431) Pause Incremental GC (Collect on allocation) 57.62M->37.62M 1.429ms
[80.848s] GC(1432) Pause Incremental GC (Collect on allocation) 57.12M->37.62M 1.297ms
[80.882s] GC(1433) Pause Incremental GC (Collect on allocation) 56.62M->37.62M 1.718ms
[80.917s] GC(1434) Pause Incremental GC (Collect on allocation) 58.12M->37.62M 1.192ms
[80.957s] GC(1435) Pause Incremental GC (Collect on allocation) 60.12M->37.62M 1.294ms
[81.000s] GC(1436) Pause Incremental GC (Collect on allocation) 62.12M->37.62M 1.186ms
[81.042s] GC(1437) Pause Incremental GC (Collect on allocation) 61.62M->37.62M 1.190ms
[81.084s] GC(1438) Pause Incremental GC (Collect on allocation) 61.12M->37.62M 1.207ms
[81.124s] GC(1439) Pause Incremental GC (Collect on allocation) 60.62M->37.62M 1.197ms
[81.163s] GC(1440) Pause Incremental GC (Collect on allocation) 60.12M->37.62M 1.334ms
[81.202s] GC(1441) Pause Incremental GC (Collect on allocation) 59.62M->37.62M 1.283ms
[81.238s] GC(1442) Pause Incremental GC (Collect on allocation) 59.12M->37.62M 1.275ms
[81.294s] GC(1443) Pause Full GC (Collect on allocation) 58.62M->37.12M 19.949ms
[81.316s] GC(1444) Pause Incremental GC (Collect on allocation) 57.12M->37.12M 1.500ms
[81.343s] GC(1445) Pause Incremental GC (Collect on allocation) 56.62M->37.12M 1.300ms
[81.376s] GC(1446) Pause Incremental GC (Collect on allocation) 56.12M->37.12M 1.284ms
[81.412s] GC(1447) Pause Incremental GC (Collect on allocation) 57.62M->37.12M 1.246ms
[81.447s] GC(1448) Pause Incremental GC (Collect on allocation) 57.12M->37.12M 1.408ms
[81.484s] GC(1449) Pause Incremental GC (Collect on allocation) 58.62M->37.12M 1.291ms
[81.525s] GC(1450) Pause Incremental GC (Collect on allocation) 60.62M->37.12M 1.205ms
[81.566s] GC(1451) Pause Incremental GC (Collect on allocation) 60.12M->37.12M 1.174ms
[81.605s] GC(1452) Pause Incremental GC (Collect on allocation) 59.62M->37.12M 1.211ms
[81.644s] GC(1453) Pause Incremental GC (Collect on allocation) 59.12M->37.12M 1.250ms
[81.681s] GC(1454) Pause Incremental GC (Collect on allocation) 58.62M->37.12M 1.323ms
[81.718s] GC(1455) Pause Incremental GC (Collect on allocation) 58.12M->37.12M 1.176ms
[81.754s] GC(1456) Pause Incremental GC (Collect on allocation) 57.62M->37.12M 1.173ms
[81.788s] GC(1457) Pause Incremental GC (Collect on allocation) 57.12M->37.12M 1.344ms
[81.822s] GC(1458) Pause Incremental GC (Collect on allocation) 56.62M->37.62M 1.380ms
[81.856s] GC(1459) Pause Incremental GC (Collect on allocation) 56.62M->37.62M 1.281ms
[81.888s] GC(1460) Pause Incremental GC (Collect on allocation) 56.12M->37.62M 1.226ms
[81.919s] GC(1461) Pause Incremental GC (Collect on allocation) 55.62M->37.62M 1.282ms
[81.953s] GC(1462) Pause Incremental GC (Collect on allocation) 57.12M->37.62M 1.312ms
[81.989s] GC(1463) Pause Incremental GC (Collect on allocation) 58.62M->37.62M 1.360ms
[82.031s] GC(1464) Pause Incremental GC (Collect on allocation) 60.62M->37.62M 1.377ms
[82.069s] GC(1465) Pause Incremental GC (Collect on allocation) 60.12M->37.62M 1.256ms
[82.108s] GC(1466) Pause Incremental GC (Collect on allocation) 59.62M->37.62M 1.269ms
[82.145s] GC(1467) Pause Incremental GC (Collect on allocation) 59.12M->37.62M 1.276ms
[82.182s] GC(1468) Pause Incremental GC (Collect on allocation) 58.62M->37.62M 1.285ms
[82.218s] GC(1469) Pause Incremental GC (Collect on allocation) 58.12M->37.62M 1.182ms
[82.253s] GC(1470) Pause Incremental GC (Collect on allocation) 57.62M->37.62M 1.191ms
[82.287s] GC(1471) Pause Incremental GC (Collect on allocation) 57.12M->37.62M 1.285ms
[82.321s] GC(1472) Pause Incremental GC (Collect on allocation) 56.62M->37.62M 1.251ms
[82.354s] GC(1473) Pause Incremental GC (Collect on allocation) 56.12M->37.62M 1.759ms
[82.388s] GC(1474) Pause Incremental GC (Collect on allocation) 57.62M->38.12M 1.157ms
[82.425s] GC(1475) Pause Incremental GC (Collect on allocation) 59.62M->38.12M 1.199ms
[82.463s] GC(1476) Pause Incremental GC (Collect on allocation) 59.12M->38.12M 1.227ms
[82.499s] GC(1477) Pause Incremental GC (Collect on allocation) 58.62M->38.12M 1.210ms
[82.552s] GC(1478) Pause Full GC (Collect on allocation) 58.12M->37.12M 20.148ms
[82.573s] GC(1479) Pause Incremental GC (Collect on allocation) 56.12M->37.12M 1.532ms
[82.603s] GC(1480) Pause Incremental GC (Collect on allocation) 57.62M->37.12M 1.315ms
[82.642s] GC(1481) Pause Incremental GC (Collect on allocation) 59.62M->37.12M 1.381ms
[82.687s] GC(1482) Pause Incremental GC (Collect on allocation) 61.62M->37.12M 1.922ms
[82.734s] GC(1483) Pause Incremental GC (Collect on allocation) 63.62M->37.12M 1.667ms
[82.783s] GC(1484) Pause Incremental GC (Collect on allocation) 66.12M->37.12M 1.333ms
[82.834s] GC(1485) Pause Incremental GC (Collect on allocation) 65.62M->37.12M 1.492ms
[82.882s] GC(1486) Pause Incremental GC (Collect on allocation) 65.12M->37.12M 1.340ms
[82.931s] GC(1487) Pause Incremental GC (Collect on allocation) 64.62M->37.12M 1.277ms
[82.978s] GC(1488) Pause Incremental GC (Collect on allocation) 64.12M->37.62M 1.480ms
[83.023s] GC(1489) Pause Incremental GC (Collect on allocation) 64.12M->37.62M 1.473ms
[83.068s] GC(1490) Pause Incremental GC (Collect on allocation) 63.62M->37.62M 1.286ms
[83.113s] GC(1491) Pause Incremental GC (Collect on allocation) 63.12M->37.62M 1.272ms
[83.158s] GC(1492) Pause Incremental GC (Collect on allocation) 62.62M->37.62M 1.577ms
[83.200s] GC(1493) Pause Incremental GC (Collect on allocation) 62.12M->37.62M 1.275ms
[83.243s] GC(1494) Pause Incremental GC (Collect on allocation) 61.62M->37.62M 1.224ms
[83.284s] GC(1495) Pause Incremental GC (Collect on allocation) 61.12M->37.62M 1.283ms
[83.325s] GC(1496) Pause Incremental GC (Collect on allocation) 60.62M->37.62M 1.299ms
[83.365s] GC(1497) Pause Incremental GC (Collect on allocation) 60.12M->37.62M 1.318ms
[83.403s] GC(1498) Pause Incremental GC (Collect on allocation) 59.62M->37.62M 1.290ms
[83.445s] GC(1499) Pause Incremental GC (Collect on allocation) 59.12M->37.62M 1.864ms
[83.478s] GC(1500) Pause Incremental GC (Collect on allocation) 58.62M->37.62M 1.564ms
[83.518s] GC(1501) Pause Incremental GC (Collect on allocation) 60.62M->37.62M 1.410ms
[83.562s] GC(1502) Pause Incremental GC (Collect on allocation) 62.62M->37.62M 1.294ms
[83.616s] GC(1503) Pause Incremental GC (Collect on allocation) 62.12M->38.12M 1.570ms
[83.647s] GC(1504) Pause Incremental GC (Collect on allocation) 62.12M->38.12M 1.493ms
[83.693s] GC(1505) Pause Incremental GC (Collect on allocation) 64.12M->38.12M 1.251ms
[83.737s] GC(1506) Pause Incremental GC (Collect on allocation) 63.62M->38.12M 1.344ms
[83.787s] GC(1507) Pause Incremental GC (Collect on allocation) 63.12M->38.12M 1.500ms
[83.824s] GC(1508) Pause Incremental GC (Collect on allocation) 62.62M->38.12M 1.339ms
[83.865s] GC(1509) Pause Incremental GC (Collect on allocation) 62.12M->38.12M 1.245ms
[83.924s] GC(1510) Pause Full GC (Collect on allocation) 61.62M->37.12M 19.094ms
[83.948s] GC(1511) Pause Incremental GC (Collect on allocation) 59.62M->37.12M 1.443ms
[83.984s] GC(1512) Pause Incremental GC (Collect on allocation) 59.12M->37.12M 1.387ms
[84.021s] GC(1513) Pause Incremental GC (Collect on allocation) 58.62M->37.62M 1.466ms
[84.057s] GC(1514) Pause Incremental GC (Collect on allocation) 58.62M->37.62M 1.466ms
[84.092s] GC(1515) Pause Incremental GC (Collect on allocation) 58.12M->38.12M 1.458ms
[84.130s] GC(1516) Pause Incremental GC (Collect on allocation) 60.62M->39.12M 1.620ms
[84.171s] GC(1517) Pause Incremental GC (Collect on allocation) 63.62M->39.62M 1.658ms
[84.216s] GC(1518) Pause Incremental GC (Collect on allocation) 66.12M->40.62M 1.644ms
[84.266s] GC(1519) Pause Incremental GC (Collect on allocation) 69.62M->41.12M 2.079ms
[84.320s] GC(1520) Pause Incremental GC (Collect on allocation) 72.62M->41.62M 1.513ms
[84.375s] GC(1521) Pause Incremental GC (Collect on allocation) 72.62M->41.62M 1.755ms
[84.428s] GC(1522) Pause Incremental GC (Collect on allocation) 72.12M->41.62M 1.347ms
[84.480s] GC(1523) Pause Incremental GC (Collect on allocation) 71.62M->41.62M 1.255ms
[84.533s] GC(1524) Pause Incremental GC (Collect on allocation) 71.12M->41.62M 1.187ms
[84.584s] GC(1525) Pause Incremental GC (Collect on allocation) 70.62M->41.62M 1.214ms
[84.634s] GC(1526) Pause Incremental GC (Collect on allocation) 70.12M->41.62M 1.243ms
[84.684s] GC(1527) Pause Incremental GC (Collect on allocation) 69.62M->41.62M 1.247ms
[84.732s] GC(1528) Pause Incremental GC (Collect on allocation) 69.12M->41.62M 1.217ms
[84.758s] GC(1529) Pause Incremental GC (Collect on allocation) 68.62M->41.62M 1.364ms
[84.800s] GC(1530) Pause Incremental GC (Collect on allocation) 68.12M->42.12M 1.508ms
[84.846s] GC(1531) Pause Incremental GC (Collect on allocation) 68.12M->42.12M 1.307ms
[84.891s] GC(1532) Pause Incremental GC (Collect on allocation) 67.62M->42.12M 1.245ms
[84.934s] GC(1533) Pause Incremental GC (Collect on allocation) 67.12M->42.12M 1.309ms
[84.977s] GC(1534) Pause Incremental GC (Collect on allocation) 66.62M->42.12M 1.314ms
[85.019s] GC(1535) Pause Incremental GC (Collect on allocation) 66.12M->42.12M 1.390ms
[85.059s] GC(1536) Pause Incremental GC (Collect on allocation) 65.62M->42.12M 1.290ms
[85.099s] GC(1537) Pause Incremental GC (Collect on allocation) 65.12M->42.12M 1.277ms
[85.138s] GC(1538) Pause Incremental GC (Collect on allocation) 64.62M->42.12M 1.333ms
[85.177s] GC(1539) Pause Incremental GC (Collect on allocation) 64.12M->42.12M 1.208ms
[85.215s] GC(1540) Pause Incremental GC (Collect on allocation) 63.62M->42.12M 1.251ms
[85.252s] GC(1541) Pause Incremental GC (Collect on allocation) 63.12M->42.12M 1.260ms
[85.288s] GC(1542) Pause Incremental GC (Collect on allocation) 62.62M->42.12M 1.320ms
[85.323s] GC(1543) Pause Incremental GC (Collect on allocation) 62.12M->42.12M 1.174ms
[85.357s] GC(1544) Pause Incremental GC (Collect on allocation) 61.62M->42.12M 1.141ms
[85.409s] GC(1545) Pause Full GC (Collect on allocation) 61.12M->36.62M 20.296ms
[85.429s] GC(1546) Pause Incremental GC (Collect on allocation) 54.62M->37.12M 1.679ms
[85.450s] GC(1547) Pause Incremental GC (Collect on allocation) 54.62M->37.12M 1.297ms
[85.484s] GC(1548) Pause Incremental GC (Collect on allocation) 56.62M->37.12M 1.377ms
[85.521s] GC(1549) Pause Incremental GC (Collect on allocation) 58.62M->37.12M 1.327ms
[85.562s] GC(1550) Pause Incremental GC (Collect on allocation) 60.62M->37.12M 1.431ms
[85.607s] GC(1551) Pause Incremental GC (Collect on allocation) 62.62M->37.12M 1.407ms
[85.656s] GC(1552) Pause Incremental GC (Collect on allocation) 65.12M->37.12M 1.288ms
[85.705s] GC(1553) Pause Incremental GC (Collect on allocation) 64.62M->37.12M 1.264ms
[85.752s] GC(1554) Pause Incremental GC (Collect on allocation) 64.12M->37.12M 1.260ms
[85.798s] GC(1555) Pause Incremental GC (Collect on allocation) 63.62M->37.12M 1.302ms
[85.844s] GC(1556) Pause Incremental GC (Collect on allocation) 63.12M->37.12M 1.308ms
[85.889s] GC(1557) Pause Incremental GC (Collect on allocation) 62.62M->37.12M 1.378ms
[85.932s] GC(1558) Pause Incremental GC (Collect on allocation) 62.12M->37.62M 1.288ms
[85.975s] GC(1559) Pause Incremental GC (Collect on allocation) 62.12M->37.62M 1.269ms
[86.018s] GC(1560) Pause Incremental GC (Collect on allocation) 61.62M->37.62M 1.219ms
[86.059s] GC(1561) Pause Incremental GC (Collect on allocation) 61.12M->37.62M 1.260ms
[86.099s] GC(1562) Pause Incremental GC (Collect on allocation) 60.62M->37.62M 1.299ms
[86.139s] GC(1563) Pause Incremental GC (Collect on allocation) 60.12M->37.62M 1.267ms
[86.178s] GC(1564) Pause Incremental GC (Collect on allocation) 59.62M->37.62M 1.278ms
[86.216s] GC(1565) Pause Incremental GC (Collect on allocation) 59.12M->37.62M 1.373ms
[86.253s] GC(1566) Pause Incremental GC (Collect on allocation) 58.62M->37.62M 1.955ms
[86.289s] GC(1567) Pause Incremental GC (Collect on allocation) 58.12M->37.62M 1.350ms
[86.323s] GC(1568) Pause Incremental GC (Collect on allocation) 57.62M->37.62M 1.317ms
[86.360s] GC(1569) Pause Incremental GC (Collect on allocation) 59.12M->37.62M 1.243ms
[86.396s] GC(1570) Pause Incremental GC (Collect on allocation) 58.62M->37.62M 1.272ms
[86.432s] GC(1571) Pause Incremental GC (Collect on allocation) 58.12M->37.62M 1.275ms
[86.468s] GC(1572) Pause Incremental GC (Collect on allocation) 57.62M->37.62M 1.301ms
[86.502s] GC(1573) Pause Incremental GC (Collect on allocation) 57.12M->37.62M 1.251ms
[86.535s] GC(1574) Pause Incremental GC (Collect on allocation) 56.62M->38.12M 1.286ms
[86.567s] GC(1575) Pause Incremental GC (Collect on allocation) 56.62M->38.12M 1.233ms
[86.598s] GC(1576) Pause Incremental GC (Collect on allocation) 56.12M->38.12M 1.216ms
[86.650s] GC(1577) Pause Full GC (Collect on allocation) 55.62M->36.62M 22.263ms
[86.673s] GC(1578) Pause Incremental GC (Collect on allocation) 57.12M->37.12M 1.623ms
[86.703s] GC(1579) Pause Incremental GC (Collect on allocation) 59.62M->37.12M 1.234ms
[86.747s] GC(1580) Pause Incremental GC (Collect on allocation) 61.62M->37.12M 1.181ms
[86.794s] GC(1581) Pause Incremental GC (Collect on allocation) 63.62M->37.12M 1.321ms
[86.839s] GC(1582) Pause Incremental GC (Collect on allocation) 63.12M->37.12M 1.341ms
[86.884s] GC(1583) Pause Incremental GC (Collect on allocation) 62.62M->37.12M 1.261ms
[86.928s] GC(1584) Pause Incremental GC (Collect on allocation) 62.12M->37.12M 1.287ms
[86.972s] GC(1585) Pause Incremental GC (Collect on allocation) 61.62M->37.12M 1.400ms
[87.013s] GC(1586) Pause Incremental GC (Collect on allocation) 61.12M->37.12M 1.364ms
[87.054s] GC(1587) Pause Incremental GC (Collect on allocation) 60.62M->37.12M 1.256ms
[87.095s] GC(1588) Pause Incremental GC (Collect on allocation) 60.12M->37.12M 1.268ms
[87.134s] GC(1589) Pause Incremental GC (Collect on allocation) 59.62M->37.12M 1.231ms
[87.174s] GC(1590) Pause Incremental GC (Collect on allocation) 59.12M->37.12M 1.299ms
[87.211s] GC(1591) Pause Incremental GC (Collect on allocation) 58.62M->37.12M 1.296ms
[87.248s] GC(1592) Pause Incremental GC (Collect on allocation) 58.12M->37.12M 1.260ms
[87.284s] GC(1593) Pause Incremental GC (Collect on allocation) 57.62M->37.12M 1.273ms
[87.319s] GC(1594) Pause Incremental GC (Collect on allocation) 57.12M->37.12M 1.260ms
[87.353s] GC(1595) Pause Incremental GC (Collect on allocation) 56.62M->37.12M 1.218ms
[87.386s] GC(1596) Pause Incremental GC (Collect on allocation) 56.12M->37.12M 1.320ms
[87.418s] GC(1597) Pause Incremental GC (Collect on allocation) 55.62M->37.12M 1.237ms
[87.449s] GC(1598) Pause Incremental GC (Collect on allocation) 55.12M->37.62M 1.233ms
[87.483s] GC(1599) Pause Incremental GC (Collect on allocation) 57.12M->37.62M 1.260ms
[87.520s] GC(1600) Pause Incremental GC (Collect on allocation) 58.62M->37.62M 1.243ms
[87.560s] GC(1601) Pause Incremental GC (Collect on allocation) 60.62M->37.62M 1.247ms
[87.600s] GC(1602) Pause Incremental GC (Collect on allocation) 60.12M->37.62M 1.279ms
[87.638s] GC(1603) Pause Incremental GC (Collect on allocation) 59.62M->37.62M 1.398ms
[87.677s] GC(1604) Pause Incremental GC (Collect on allocation) 59.12M->37.62M 1.365ms
[87.717s] GC(1605) Pause Incremental GC (Collect on allocation) 58.62M->37.62M 1.463ms
[87.748s] GC(1606) Pause Incremental GC (Collect on allocation) 58.12M->37.62M 1.335ms
[87.787s] GC(1607) Pause Incremental GC (Collect on allocation) 60.12M->37.62M 1.451ms
[87.830s] GC(1608) Pause Incremental GC (Collect on allocation) 62.12M->37.62M 1.278ms
[87.888s] GC(1609) Pause Full GC (Collect on allocation) 61.62M->36.62M 18.761ms
[87.913s] GC(1610) Pause Incremental GC (Collect on allocation) 59.62M->36.62M 1.491ms
[87.951s] GC(1611) Pause Incremental GC (Collect on allocation) 59.12M->37.12M 1.233ms
[87.990s] GC(1612) Pause Incremental GC (Collect on allocation) 59.12M->37.12M 1.504ms
[88.027s] GC(1613) Pause Incremental GC (Collect on allocation) 58.62M->37.12M 1.226ms
[88.064s] GC(1614) Pause Incremental GC (Collect on allocation) 58.12M->37.12M 1.469ms
[88.100s] GC(1615) Pause Incremental GC (Collect on allocation) 57.62M->37.12M 1.290ms
[88.134s] GC(1616) Pause Incremental GC (Collect on allocation) 57.12M->37.12M 1.281ms
[88.168s] GC(1617) Pause Incremental GC (Collect on allocation) 56.62M->37.12M 1.176ms
[88.203s] GC(1618) Pause Incremental GC (Collect on allocation) 56.12M->37.12M 1.309ms
[88.234s] GC(1619) Pause Incremental GC (Collect on allocation) 55.62M->37.12M 1.294ms
[88.270s] GC(1620) Pause Incremental GC (Collect on allocation) 57.12M->37.12M 1.632ms
[88.308s] GC(1621) Pause Incremental GC (Collect on allocation) 58.62M->37.12M 1.806ms
[88.348s] GC(1622) Pause Incremental GC (Collect on allocation) 60.62M->37.12M 1.291ms
[88.394s] GC(1623) Pause Incremental GC (Collect on allocation) 62.62M->37.12M 1.412ms
[88.442s] GC(1624) Pause Incremental GC (Collect on allocation) 65.12M->37.12M 1.335ms
[88.491s] GC(1625) Pause Incremental GC (Collect on allocation) 64.62M->37.62M 1.504ms
[88.536s] GC(1626) Pause Incremental GC (Collect on allocation) 64.62M->37.62M 1.421ms
[88.582s] GC(1627) Pause Incremental GC (Collect on allocation) 64.12M->38.12M 1.535ms
[88.626s] GC(1628) Pause Incremental GC (Collect on allocation) 64.12M->39.12M 1.565ms
[88.670s] GC(1629) Pause Incremental GC (Collect on allocation) 64.62M->40.12M 1.801ms
[88.712s] GC(1630) Pause Incremental GC (Collect on allocation) 65.12M->40.62M 1.684ms
[88.760s] GC(1631) Pause Incremental GC (Collect on allocation) 67.62M->41.12M 1.590ms
[88.805s] GC(1632) Pause Incremental GC (Collect on allocation) 67.62M->41.62M 2.047ms
[88.855s] GC(1633) Pause Incremental GC (Collect on allocation) 70.62M->41.62M 1.400ms
[88.905s] GC(1634) Pause Incremental GC (Collect on allocation) 70.12M->41.62M 1.288ms
[88.954s] GC(1635) Pause Incremental GC (Collect on allocation) 69.62M->41.62M 1.255ms
[89.002s] GC(1636) Pause Incremental GC (Collect on allocation) 69.12M->41.62M 1.297ms
[89.050s] GC(1637) Pause Incremental GC (Collect on allocation) 68.62M->41.62M 1.202ms
[89.096s] GC(1638) Pause Incremental GC (Collect on allocation) 68.12M->41.62M 1.281ms
[89.142s] GC(1639) Pause Incremental GC (Collect on allocation) 67.62M->41.62M 1.186ms
[89.186s] GC(1640) Pause Incremental GC (Collect on allocation) 67.12M->41.62M 1.261ms
[89.250s] GC(1641) Pause Full GC (Collect on allocation) 66.62M->36.62M 19.856ms
[89.277s] GC(1642) Pause Incremental GC (Collect on allocation) 60.62M->37.12M 1.586ms
[89.313s] GC(1643) Pause Incremental GC (Collect on allocation) 60.62M->37.12M 1.357ms
[89.354s] GC(1644) Pause Incremental GC (Collect on allocation) 60.12M->37.12M 1.221ms
[89.393s] GC(1645) Pause Incremental GC (Collect on allocation) 59.62M->37.12M 1.220ms
[89.431s] GC(1646) Pause Incremental GC (Collect on allocation) 59.12M->37.12M 1.295ms
[89.469s] GC(1647) Pause Incremental GC (Collect on allocation) 58.62M->37.12M 1.296ms
[89.505s] GC(1648) Pause Incremental GC (Collect on allocation) 58.12M->37.12M 1.321ms
[89.541s] GC(1649) Pause Incremental GC (Collect on allocation) 57.62M->37.12M 1.166ms
[89.575s] GC(1650) Pause Incremental GC (Collect on allocation) 57.12M->37.12M 1.220ms
[89.609s] GC(1651) Pause Incremental GC (Collect on allocation) 56.62M->37.12M 1.224ms
[89.642s] GC(1652) Pause Incremental GC (Collect on allocation) 56.12M->37.12M 1.807ms
[89.678s] GC(1653) Pause Incremental GC (Collect on allocation) 57.62M->37.12M 1.363ms
[89.716s] GC(1654) Pause Incremental GC (Collect on allocation) 59.62M->37.12M 1.400ms
[89.759s] GC(1655) Pause Incremental GC (Collect on allocation) 61.62M->37.62M 1.633ms
[89.785s] GC(1656) Pause Incremental GC (Collect on allocation) 64.12M->37.62M 1.970ms
[89.827s] GC(1657) Pause Incremental GC (Collect on allocation) 63.62M->37.62M 1.895ms
[89.872s] GC(1658) Pause Incremental GC (Collect on allocation) 63.12M->37.62M 1.368ms
[89.915s] GC(1659) Pause Incremental GC (Collect on allocation) 62.62M->37.62M 1.269ms
[89.959s] GC(1660) Pause Incremental GC (Collect on allocation) 62.12M->37.62M 1.857ms
[90.001s] GC(1661) Pause Incremental GC (Collect on allocation) 61.62M->37.62M 1.377ms
[90.042s] GC(1662) Pause Incremental GC (Collect on allocation) 61.12M->37.62M 1.213ms
[90.083s] GC(1663) Pause Incremental GC (Collect on allocation) 60.62M->37.62M 1.304ms
[90.122s] GC(1664) Pause Incremental GC (Collect on allocation) 60.12M->37.62M 1.448ms
[90.160s] GC(1665) Pause Incremental GC (Collect on allocation) 59.62M->37.62M 1.260ms
[90.199s] GC(1666) Pause Incremental GC (Collect on allocation) 59.12M->37.62M 1.328ms
[90.235s] GC(1667) Pause Incremental GC (Collect on allocation) 58.62M->37.62M 1.227ms
[90.272s] GC(1668) Pause Incremental GC (Collect on allocation) 58.12M->37.62M 1.638ms
[90.305s] GC(1669) Pause Incremental GC (Collect on allocation) 57.62M->37.62M 1.268ms
[90.343s] GC(1670) Pause Incremental GC (Collect on allocation) 59.12M->37.62M 1.238ms
[90.379s] GC(1671) Pause Incremental GC (Collect on allocation) 58.62M->37.62M 1.315ms
[90.434s] GC(1672) Pause Full GC (Collect on allocation) 58.12M->36.62M 20.045ms
[90.455s] GC(1673) Pause Incremental GC (Collect on allocation) 56.12M->36.62M 1.461ms
[90.486s] GC(1674) Pause Incremental GC (Collect on allocation) 55.62M->37.12M 1.664ms
[90.518s] GC(1675) Pause Incremental GC (Collect on allocation) 57.62M->37.12M 1.242ms
[90.557s] GC(1676) Pause Incremental GC (Collect on allocation) 59.62M->37.12M 1.354ms
[90.600s] GC(1677) Pause Incremental GC (Collect on allocation) 61.62M->37.12M 1.224ms
[90.646s] GC(1678) Pause Incremental GC (Collect on allocation) 63.62M->37.12M 1.399ms
[90.691s] GC(1679) Pause Incremental GC (Collect on allocation) 63.12M->37.12M 1.240ms
[90.736s] GC(1680) Pause Incremental GC (Collect on allocation) 62.62M->37.12M 1.359ms
[90.782s] GC(1681) Pause Incremental GC (Collect on allocation) 62.12M->37.12M 1.277ms
[90.824s] GC(1682) Pause Incremental GC (Collect on allocation) 61.62M->37.12M 1.238ms
[90.866s] GC(1683) Pause Incremental GC (Collect on allocation) 61.12M->37.12M 1.250ms
[90.907s] GC(1684) Pause Incremental GC (Collect on allocation) 60.62M->37.12M 1.280ms
[90.947s] GC(1685) Pause Incremental GC (Collect on allocation) 60.12M->37.12M 1.280ms
[90.986s] GC(1686) Pause Incremental GC (Collect on allocation) 59.62M->37.12M 1.353ms
[91.024s] GC(1687) Pause Incremental GC (Collect on allocation) 59.12M->37.12M 1.273ms
[91.062s] GC(1688) Pause Incremental GC (Collect on allocation) 58.62M->37.12M 1.249ms
[91.100s] GC(1689) Pause Incremental GC (Collect on allocation) 58.12M->37.12M 1.317ms
[91.135s] GC(1690) Pause Incremental GC (Collect on allocation) 57.62M->37.12M 1.251ms
[91.170s] GC(1691) Pause Incremental GC (Collect on allocation) 57.12M->37.12M 1.251ms
[91.204s] GC(1692) Pause Incremental GC (Collect on allocation) 56.62M->37.12M 1.203ms
[91.239s] GC(1693) Pause Incremental GC (Collect on allocation) 56.12M->37.12M 1.382ms
[91.270s] GC(1694) Pause Incremental GC (Collect on allocation) 55.62M->37.12M 1.262ms
[91.306s] GC(1695) Pause Incremental GC (Collect on allocation) 57.12M->37.12M 1.207ms
[91.339s] GC(1696) Pause Incremental GC (Collect on allocation) 56.62M->37.62M 1.278ms
[91.375s] GC(1697) Pause Incremental GC (Collect on allocation) 58.62M->37.62M 1.292ms
[91.410s] GC(1698) Pause Incremental GC (Collect on allocation) 58.12M->37.62M 1.266ms
[91.445s] GC(1699) Pause Incremental GC (Collect on allocation) 57.62M->37.62M 1.402ms
[91.483s] GC(1700) Pause Incremental GC (Collect on allocation) 59.12M->37.62M 1.264ms
[91.542s] GC(1701) Pause Full GC (Collect on allocation) 61.12M->36.62M 19.851ms
[91.573s] GC(1702) Pause Incremental GC (Collect on allocation) 64.62M->37.12M 1.716ms
[91.625s] GC(1703) Pause Incremental GC (Collect on allocation) 67.62M->37.12M 1.348ms
[91.677s] GC(1704) Pause Incremental GC (Collect on allocation) 67.12M->37.12M 1.249ms
[91.728s] GC(1705) Pause Incremental GC (Collect on allocation) 66.62M->37.12M 1.366ms
[91.779s] GC(1706) Pause Incremental GC (Collect on allocation) 66.12M->37.12M 1.434ms
[91.829s] GC(1707) Pause Incremental GC (Collect on allocation) 65.62M->37.12M 1.343ms
[91.878s] GC(1708) Pause Incremental GC (Collect on allocation) 65.12M->37.12M 1.251ms
[91.927s] GC(1709) Pause Incremental GC (Collect on allocation) 64.62M->37.12M 1.290ms
[91.974s] GC(1710) Pause Incremental GC (Collect on allocation) 64.12M->37.12M 1.346ms
[92.022s] GC(1711) Pause Incremental GC (Collect on allocation) 63.62M->37.12M 1.727ms
[92.067s] GC(1712) Pause Incremental GC (Collect on allocation) 63.12M->37.12M 1.273ms
[92.112s] GC(1713) Pause Incremental GC (Collect on allocation) 62.62M->37.12M 1.320ms
[92.156s] GC(1714) Pause Incremental GC (Collect on allocation) 62.12M->37.12M 1.290ms
[92.200s] GC(1715) Pause Incremental GC (Collect on allocation) 61.62M->37.12M 1.285ms
[92.242s] GC(1716) Pause Incremental GC (Collect on allocation) 61.12M->37.12M 1.281ms
[92.284s] GC(1717) Pause Incremental GC (Collect on allocation) 60.62M->37.62M 1.403ms
[92.324s] GC(1718) Pause Incremental GC (Collect on allocation) 60.62M->37.62M 1.321ms
[92.363s] GC(1719) Pause Incremental GC (Collect on allocation) 60.12M->37.62M 1.359ms
[92.402s] GC(1720) Pause Incremental GC (Collect on allocation) 59.62M->37.62M 1.217ms
[92.441s] GC(1721) Pause Incremental GC (Collect on allocation) 59.12M->37.62M 1.281ms
[92.477s] GC(1722) Pause Incremental GC (Collect on allocation) 58.62M->37.62M 1.204ms
[92.513s] GC(1723) Pause Incremental GC (Collect on allocation) 58.12M->37.62M 1.302ms
[92.548s] GC(1724) Pause Incremental GC (Collect on allocation) 57.62M->37.62M 1.253ms
[92.582s] GC(1725) Pause Incremental GC (Collect on allocation) 57.12M->37.62M 1.348ms
[92.615s] GC(1726) Pause Incremental GC (Collect on allocation) 56.62M->37.62M 1.491ms
[92.651s] GC(1727) Pause Incremental GC (Collect on allocation) 58.12M->37.62M 1.172ms
[92.690s] GC(1728) Pause Incremental GC (Collect on allocation) 60.12M->37.62M 1.338ms
[92.733s] GC(1729) Pause Incremental GC (Collect on allocation) 62.12M->37.62M 1.270ms
[92.776s] GC(1730) Pause Incremental GC (Collect on allocation) 61.62M->37.62M 1.276ms
[92.817s] GC(1731) Pause Incremental GC (Collect on allocation) 61.12M->37.62M 1.339ms
[92.874s] GC(1732) Pause Full GC (Collect on allocation) 60.62M->36.62M 19.420ms
[92.915s] GC(1733) Pause Incremental GC (Collect on allocation) 58.62M->37.12M 1.490ms
[92.938s] GC(1734) Pause Incremental GC (Collect on allocation) 58.62M->37.12M 1.286ms
[92.974s] GC(1735) Pause Incremental GC (Collect on allocation) 60.62M->37.12M 1.317ms
[93.019s] GC(1736) Pause Incremental GC (Collect on allocation) 62.62M->37.12M 1.405ms
[93.062s] GC(1737) Pause Incremental GC (Collect on allocation) 62.12M->37.62M 1.621ms
[93.103s] GC(1738) Pause Incremental GC (Collect on allocation) 62.12M->38.62M 1.552ms
[93.148s] GC(1739) Pause Incremental GC (Collect on allocation) 65.12M->39.12M 1.536ms
[93.198s] GC(1740) Pause Incremental GC (Collect on allocation) 68.12M->40.12M 1.756ms
[93.245s] GC(1741) Pause Incremental GC (Collect on allocation) 68.62M->41.12M 1.635ms
[93.293s] GC(1742) Pause Incremental GC (Collect on allocation) 69.12M->41.12M 1.368ms
[93.342s] GC(1743) Pause Incremental GC (Collect on allocation) 68.62M->41.12M 1.276ms
[93.389s] GC(1744) Pause Incremental GC (Collect on allocation) 68.12M->41.62M 1.276ms
[93.437s] GC(1745) Pause Incremental GC (Collect on allocation) 68.12M->41.62M 1.370ms
[93.480s] GC(1746) Pause Incremental GC (Collect on allocation) 67.62M->41.62M 1.268ms
[93.526s] GC(1747) Pause Incremental GC (Collect on allocation) 67.12M->41.62M 1.191ms
[93.569s] GC(1748) Pause Incremental GC (Collect on allocation) 66.62M->41.62M 1.288ms
[93.614s] GC(1749) Pause Incremental GC (Collect on allocation) 66.12M->41.62M 1.314ms
[93.658s] GC(1750) Pause Incremental GC (Collect on allocation) 65.62M->41.62M 1.282ms
[93.696s] GC(1751) Pause Incremental GC (Collect on allocation) 65.12M->41.62M 1.318ms
[93.737s] GC(1752) Pause Incremental GC (Collect on allocation) 64.62M->41.62M 1.285ms
[93.777s] GC(1753) Pause Incremental GC (Collect on allocation) 64.12M->41.62M 1.304ms
[93.815s] GC(1754) Pause Incremental GC (Collect on allocation) 63.62M->41.62M 1.250ms
[93.852s] GC(1755) Pause Incremental GC (Collect on allocation) 63.12M->41.62M 1.305ms
[93.889s] GC(1756) Pause Incremental GC (Collect on allocation) 62.62M->41.62M 1.291ms
[93.924s] GC(1757) Pause Incremental GC (Collect on allocation) 62.12M->41.62M 1.248ms
[93.959s] GC(1758) Pause Incremental GC (Collect on allocation) 61.62M->41.62M 1.286ms
[93.993s] GC(1759) Pause Incremental GC (Collect on allocation) 61.12M->41.62M 1.265ms
[94.046s] GC(1760) Pause Full GC (Collect on allocation) 60.62M->36.62M 20.902ms
[94.070s] GC(1761) Pause Incremental GC (Collect on allocation) 59.12M->37.12M 1.480ms
[94.109s] GC(1762) Pause Incremental GC (Collect on allocation) 61.62M->37.12M 1.209ms
[94.156s] GC(1763) Pause Incremental GC (Collect on allocation) 63.62M->37.12M 1.181ms
[94.202s] GC(1764) Pause Incremental GC (Collect on allocation) 63.12M->37.12M 1.262ms
[94.246s] GC(1765) Pause Incremental GC (Collect on allocation) 62.62M->37.12M 1.186ms
[94.291s] GC(1766) Pause Incremental GC (Collect on allocation) 62.12M->37.12M 1.168ms
[94.333s] GC(1767) Pause Incremental GC (Collect on allocation) 61.62M->37.12M 1.275ms
[94.375s] GC(1768) Pause Incremental GC (Collect on allocation) 61.12M->37.12M 1.396ms
[94.416s] GC(1769) Pause Incremental GC (Collect on allocation) 60.62M->37.12M 1.269ms
[94.456s] GC(1770) Pause Incremental GC (Collect on allocation) 60.12M->37.12M 1.230ms
[94.496s] GC(1771) Pause Incremental GC (Collect on allocation) 59.62M->37.12M 1.270ms
[94.534s] GC(1772) Pause Incremental GC (Collect on allocation) 59.12M->37.12M 1.299ms
[94.572s] GC(1773) Pause Incremental GC (Collect on allocation) 58.62M->37.12M 1.293ms
[94.608s] GC(1774) Pause Incremental GC (Collect on allocation) 58.12M->37.12M 1.195ms
[94.645s] GC(1775) Pause Incremental GC (Collect on allocation) 57.62M->37.12M 1.396ms
[94.679s] GC(1776) Pause Incremental GC (Collect on allocation) 57.12M->37.12M 1.373ms
[94.715s] GC(1777) Pause Incremental GC (Collect on allocation) 56.62M->37.12M 1.278ms
[94.747s] GC(1778) Pause Incremental GC (Collect on allocation) 56.12M->37.12M 1.229ms
[94.758s] GC(1779) Pause Incremental GC (Collect on allocation) 55.62M->37.12M 1.395ms
[94.789s] GC(1780) Pause Incremental GC (Collect on allocation) 57.62M->37.62M 1.239ms
[94.828s] GC(1781) Pause Incremental GC (Collect on allocation) 60.12M->37.62M 1.274ms
[94.873s] GC(1782) Pause Incremental GC (Collect on allocation) 62.12M->37.62M 1.350ms
[94.917s] GC(1783) Pause Incremental GC (Collect on allocation) 64.12M->37.62M 1.240ms
[94.970s] GC(1784) Pause Incremental GC (Collect on allocation) 66.62M->37.62M 1.484ms
[95.025s] GC(1785) Pause Incremental GC (Collect on allocation) 69.12M->37.62M 1.354ms
[95.078s] GC(1786) Pause Incremental GC (Collect on allocation) 68.62M->37.62M 1.417ms
[95.131s] GC(1787) Pause Incremental GC (Collect on allocation) 68.12M->37.62M 1.273ms
[95.184s] GC(1788) Pause Incremental GC (Collect on allocation) 67.62M->37.62M 1.234ms
[95.236s] GC(1789) Pause Incremental GC (Collect on allocation) 67.12M->37.62M 1.357ms
[95.304s] GC(1790) Pause Full GC (Collect on allocation) 66.62M->36.62M 18.651ms
[95.336s] GC(1791) Pause Incremental GC (Collect on allocation) 64.62M->36.62M 1.484ms
[95.384s] GC(1792) Pause Incremental GC (Collect on allocation) 64.12M->36.62M 1.214ms
[95.431s] GC(1793) Pause Incremental GC (Collect on allocation) 63.62M->37.12M 1.353ms
[95.478s] GC(1794) Pause Incremental GC (Collect on allocation) 63.62M->37.12M 1.256ms
[95.524s] GC(1795) Pause Incremental GC (Collect on allocation) 63.12M->37.12M 1.219ms
[95.568s] GC(1796) Pause Incremental GC (Collect on allocation) 62.62M->37.12M 1.238ms
[95.612s] GC(1797) Pause Incremental GC (Collect on allocation) 62.12M->37.12M 1.193ms
[95.654s] GC(1798) Pause Incremental GC (Collect on allocation) 61.62M->37.12M 1.223ms
[95.697s] GC(1799) Pause Incremental GC (Collect on allocation) 61.12M->37.12M 1.241ms
[95.738s] GC(1800) Pause Incremental GC (Collect on allocation) 60.62M->37.12M 1.279ms
[95.778s] GC(1801) Pause Incremental GC (Collect on allocation) 60.12M->37.12M 1.238ms
[95.817s] GC(1802) Pause Incremental GC (Collect on allocation) 59.62M->37.12M 1.220ms
[95.856s] GC(1803) Pause Incremental GC (Collect on allocation) 59.12M->37.12M 1.192ms
[95.894s] GC(1804) Pause Incremental GC (Collect on allocation) 58.62M->37.12M 1.179ms
[95.931s] GC(1805) Pause Incremental GC (Collect on allocation) 58.12M->37.12M 1.265ms
[95.966s] GC(1806) Pause Incremental GC (Collect on allocation) 57.62M->37.12M 1.205ms
[96.002s] GC(1807) Pause Incremental GC (Collect on allocation) 57.12M->37.12M 1.254ms
[96.036s] GC(1808) Pause Incremental GC (Collect on allocation) 56.62M->37.12M 1.226ms
[96.069s] GC(1809) Pause Incremental GC (Collect on allocation) 56.12M->37.12M 1.285ms
[96.100s] GC(1810) Pause Incremental GC (Collect on allocation) 55.62M->37.12M 1.216ms
[96.132s] GC(1811) Pause Incremental GC (Collect on allocation) 55.12M->37.12M 1.229ms
[96.166s] GC(1812) Pause Incremental GC (Collect on allocation) 54.62M->37.12M 1.727ms
[96.196s] GC(1813) Pause Incremental GC (Collect on allocation) 56.12M->37.12M 1.174ms
[96.232s] GC(1814) Pause Incremental GC (Collect on allocation) 57.62M->37.12M 1.145ms
[96.272s] GC(1815) Pause Incremental GC (Collect on allocation) 59.62M->37.12M 1.648ms
[96.315s] GC(1816) Pause Incremental GC (Collect on allocation) 61.62M->37.12M 1.303ms
[96.362s] GC(1817) Pause Incremental GC (Collect on allocation) 63.62M->37.12M 1.348ms
[96.406s] GC(1818) Pause Incremental GC (Collect on allocation) 63.12M->37.12M 1.267ms
[96.452s] GC(1819) Pause Incremental GC (Collect on allocation) 62.62M->37.62M 1.243ms
[96.496s] GC(1820) Pause Incremental GC (Collect on allocation) 62.62M->37.62M 1.260ms
[96.556s] GC(1821) Pause Full GC (Collect on allocation) 62.12M->36.62M 17.977ms
[96.581s] GC(1822) Pause Incremental GC (Collect on allocation) 60.12M->36.62M 1.396ms
[96.621s] GC(1823) Pause Incremental GC (Collect on allocation) 59.62M->36.62M 1.246ms
[96.660s] GC(1824) Pause Incremental GC (Collect on allocation) 59.12M->37.12M 1.272ms
[96.699s] GC(1825) Pause Incremental GC (Collect on allocation) 59.12M->37.12M 1.245ms
[96.742s] GC(1826) Pause Incremental GC (Collect on allocation) 58.62M->37.12M 1.923ms
[96.781s] GC(1827) Pause Incremental GC (Collect on allocation) 58.12M->37.12M 1.673ms
[96.813s] GC(1828) Pause Incremental GC (Collect on allocation) 60.12M->37.12M 1.505ms
[96.857s] GC(1829) Pause Incremental GC (Collect on allocation) 62.12M->37.12M 1.309ms
[96.905s] GC(1830) Pause Incremental GC (Collect on allocation) 64.12M->37.12M 1.335ms
[96.952s] GC(1831) Pause Incremental GC (Collect on allocation) 63.62M->37.12M 1.226ms
[96.998s] GC(1832) Pause Incremental GC (Collect on allocation) 63.12M->37.12M 1.647ms
[97.042s] GC(1833) Pause Incremental GC (Collect on allocation) 62.62M->37.12M 1.231ms
[97.086s] GC(1834) Pause Incremental GC (Collect on allocation) 62.12M->37.12M 1.315ms
[97.130s] GC(1835) Pause Incremental GC (Collect on allocation) 61.62M->37.12M 1.257ms
[97.172s] GC(1836) Pause Incremental GC (Collect on allocation) 61.12M->37.12M 1.338ms
[97.213s] GC(1837) Pause Incremental GC (Collect on allocation) 60.62M->37.12M 1.338ms
[97.253s] GC(1838) Pause Incremental GC (Collect on allocation) 60.12M->37.12M 1.322ms
[97.292s] GC(1839) Pause Incremental GC (Collect on allocation) 59.62M->37.12M 1.171ms
[97.338s] GC(1840) Pause Incremental GC (Collect on allocation) 59.12M->37.62M 1.309ms
[97.369s] GC(1841) Pause Incremental GC (Collect on allocation) 59.12M->37.62M 1.268ms
[97.406s] GC(1842) Pause Incremental GC (Collect on allocation) 58.62M->37.62M 1.365ms
[97.442s] GC(1843) Pause Incremental GC (Collect on allocation) 58.12M->37.62M 1.498ms
[97.477s] GC(1844) Pause Incremental GC (Collect on allocation) 57.62M->37.62M 1.376ms
[97.510s] GC(1845) Pause Incremental GC (Collect on allocation) 57.12M->37.62M 1.286ms
[97.547s] GC(1846) Pause Incremental GC (Collect on allocation) 58.62M->38.12M 1.401ms
[97.587s] GC(1847) Pause Incremental GC (Collect on allocation) 61.12M->38.62M 1.531ms
[97.646s] GC(1848) Pause Full GC (Collect on allocation) 63.62M->36.12M 18.489ms
[97.691s] GC(1849) Pause Incremental GC (Collect on allocation) 65.62M->37.62M 2.249ms
[97.734s] GC(1850) Pause Incremental GC (Collect on allocation) 69.62M->38.12M 1.656ms
[97.790s] GC(1851) Pause Incremental GC (Collect on allocation) 69.62M->38.62M 1.701ms
[97.842s] GC(1852) Pause Incremental GC (Collect on allocation) 69.62M->38.62M 1.321ms
[97.897s] GC(1853) Pause Incremental GC (Collect on allocation) 69.12M->38.62M 1.281ms
[97.949s] GC(1854) Pause Incremental GC (Collect on allocation) 68.62M->38.62M 1.363ms
[98.001s] GC(1855) Pause Incremental GC (Collect on allocation) 68.12M->38.62M 1.401ms
[98.051s] GC(1856) Pause Incremental GC (Collect on allocation) 67.62M->38.62M 1.391ms
[98.101s] GC(1857) Pause Incremental GC (Collect on allocation) 67.12M->38.62M 1.192ms
[98.150s] GC(1858) Pause Incremental GC (Collect on allocation) 66.62M->38.62M 1.267ms
[98.199s] GC(1859) Pause Incremental GC (Collect on allocation) 66.12M->38.62M 1.227ms
[98.246s] GC(1860) Pause Incremental GC (Collect on allocation) 65.62M->38.62M 1.413ms
[98.293s] GC(1861) Pause Incremental GC (Collect on allocation) 65.12M->38.62M 1.209ms
[98.339s] GC(1862) Pause Incremental GC (Collect on allocation) 64.62M->39.12M 1.228ms
[98.384s] GC(1863) Pause Incremental GC (Collect on allocation) 64.62M->39.12M 1.254ms
[98.428s] GC(1864) Pause Incremental GC (Collect on allocation) 64.12M->39.12M 1.291ms
[98.471s] GC(1865) Pause Incremental GC (Collect on allocation) 63.62M->39.12M 1.317ms
[98.512s] GC(1866) Pause Incremental GC (Collect on allocation) 63.12M->39.12M 1.329ms
[98.553s] GC(1867) Pause Incremental GC (Collect on allocation) 62.62M->39.12M 1.295ms
[98.593s] GC(1868) Pause Incremental GC (Collect on allocation) 62.12M->39.12M 1.233ms
[98.633s] GC(1869) Pause Incremental GC (Collect on allocation) 61.62M->39.12M 1.456ms
[98.672s] GC(1870) Pause Incremental GC (Collect on allocation) 61.12M->39.12M 1.451ms
[98.709s] GC(1871) Pause Incremental GC (Collect on allocation) 60.62M->39.12M 1.336ms
[98.746s] GC(1872) Pause Incremental GC (Collect on allocation) 60.12M->39.12M 1.231ms
[98.783s] GC(1873) Pause Incremental GC (Collect on allocation) 59.62M->39.12M 1.314ms
[98.816s] GC(1874) Pause Incremental GC (Collect on allocation) 59.12M->39.12M 1.349ms
[98.851s] GC(1875) Pause Incremental GC (Collect on allocation) 58.62M->39.12M 1.233ms
[98.883s] GC(1876) Pause Incremental GC (Collect on allocation) 58.12M->39.12M 1.267ms
[98.916s] GC(1877) Pause Incremental GC (Collect on allocation) 57.62M->39.12M 1.253ms
[98.950s] GC(1878) Pause Incremental GC (Collect on allocation) 59.12M->39.12M 1.197ms
[99.005s] GC(1879) Pause Full GC (Collect on allocation) 60.62M->36.62M 18.958ms
[99.030s] GC(1880) Pause Incremental GC (Collect on allocation) 57.12M->37.12M 2.038ms
[99.063s] GC(1881) Pause Incremental GC (Collect on allocation) 59.62M->37.12M 1.318ms
[99.758s] GC(1882) Pause Incremental GC (Collect on allocation) 61.62M->37.12M 1.617ms
[104.758s] GC(1883) Pause Incremental GC (Collect on allocation) 61.12M->37.12M 1.234ms
