
  .   ____          _            __ _ _
 /\\ / ___'_ __ _ _(_)_ __  __ _ \ \ \ \
( ( )\___ | '_ | '_| | '_ \/ _` | \ \ \ \
 \\/  ___)| |_)| | | | | || (_| |  ) ) ) )
  '  |____| .__|_| |_|_| |_\__, | / / / /
 =========|_|==============|___/=/_/_/_/

 :: Spring Boot ::                (v4.1.1)

2026-10-04T02:53:28.501Z  INFO 1 --- [shortener] [           main] uy.ct.shortener.ShortenerApplicationKt   : Starting AOT-processed ShortenerApplicationKt using Java 25.0.4.1 with PID 1 (/workspace/uy.ct.shortener.ShortenerApplicationKt started by cnb in /workspace)
2026-10-04T02:53:28.501Z  INFO 1 --- [shortener] [           main] uy.ct.shortener.ShortenerApplicationKt   : No active profile set, falling back to 1 default profile: "default"
2026-10-04T02:53:28.529Z  INFO 1 --- [shortener] [           main] o.s.boot.tomcat.TomcatWebServer          : Tomcat initialized with port 8080 (http)
2026-10-04T02:53:28.530Z  INFO 1 --- [shortener] [           main] o.apache.catalina.core.StandardService   : Starting service [Tomcat]
2026-10-04T02:53:28.530Z  INFO 1 --- [shortener] [           main] o.apache.catalina.core.StandardEngine    : Starting Servlet engine: [Apache Tomcat/11.0.24]
2026-10-04T02:53:28.535Z  INFO 1 --- [shortener] [           main] b.w.c.s.WebApplicationContextInitializer : Root WebApplicationContext: initialization completed in 34 ms
2026-10-04T02:53:28.570Z  INFO 1 --- [shortener] [           main] com.zaxxer.hikari.HikariDataSource       : HikariPool-1 - Starting...
2026-10-04T02:53:28.581Z  INFO 1 --- [shortener] [           main] com.zaxxer.hikari.pool.HikariPool        : HikariPool-1 - Added connection org.postgresql.jdbc.PgConnection@3ff50234
2026-10-04T02:53:28.581Z  INFO 1 --- [shortener] [           main] com.zaxxer.hikari.HikariDataSource       : HikariPool-1 - Start completed.
2026-10-04T02:53:28.582Z  WARN 1 --- [shortener] [           main] org.flywaydb.core.FlywayExecutor         : Unable to scan location: /db/migration (unsupported protocol: resource)
2026-10-04T02:53:28.582Z  WARN 1 --- [shortener] [           main] org.flywaydb.core.FlywayExecutor         : Unable to scan location: /db/migration (unsupported protocol: resource)
2026-10-04T02:53:28.582Z  INFO 1 --- [shortener] [           main] org.flywaydb.core.FlywayExecutor         : Database: jdbc:postgresql://localhost:32781/mydatabase (PostgreSQL 18.6)
2026-10-04T02:53:28.582Z  WARN 1 --- [shortener] [           main] o.f.c.i.s.classpath.ClassPathScanner     : Unable to scan location: /db/migration (unsupported protocol: resource)
2026-10-04T02:53:28.582Z  WARN 1 --- [shortener] [           main] o.f.c.i.s.classpath.ClassPathScanner     : Unable to scan location: /db/migration (unsupported protocol: resource)
[0.129s] GC(0) Pause Full GC (Collect on allocation) 48.00M->9.50M 19.545ms
2026-10-04T02:53:28.606Z  INFO 1 --- [shortener] [           main] o.f.core.internal.command.DbValidate     : Successfully validated 5 migrations (execution time 00:00.021s)
2026-10-04T02:53:28.617Z  INFO 1 --- [shortener] [           main] o.f.core.internal.command.DbMigrate      : Current version of schema "public": 5
2026-10-04T02:53:28.617Z  INFO 1 --- [shortener] [           main] o.f.core.internal.command.DbMigrate      : Schema "public" is up to date. No migration necessary.
[0.242s] GC(1) Pause Incremental GC (Collect on allocation) 66.50M->17.50M 10.963ms
2026-10-04T02:53:28.733Z  WARN 1 --- [shortener] [           main] i.m.c.i.binder.jvm.JvmGcMetrics          : GC notifications will not be available because no GarbageCollectorMXBean of the JVM provides any. GCs=[young generation scavenger, complete scavenger]
2026-10-04T02:53:28.748Z  INFO 1 --- [shortener] [           main] o.s.boot.tomcat.TomcatWebServer          : Tomcat started on port 8080 (http) with context path '/'
2026-10-04T02:53:28.750Z  INFO 1 --- [shortener] [           main] o.s.boot.tomcat.TomcatWebServer          : Tomcat initialized with port 8081 (http)
2026-10-04T02:53:28.750Z  INFO 1 --- [shortener] [           main] o.apache.catalina.core.StandardService   : Starting service [Tomcat]
2026-10-04T02:53:28.750Z  INFO 1 --- [shortener] [           main] o.apache.catalina.core.StandardEngine    : Starting Servlet engine: [Apache Tomcat/11.0.24]
2026-10-04T02:53:28.751Z  INFO 1 --- [shortener] [           main] b.w.c.s.WebApplicationContextInitializer : Root WebApplicationContext: initialization completed in 3 ms
2026-10-04T02:53:28.752Z  INFO 1 --- [shortener] [           main] o.s.b.a.e.web.EndpointLinksResolver      : Exposing 2 endpoints beneath base path '/actuator'
2026-10-04T02:53:28.757Z  INFO 1 --- [shortener] [           main] o.s.boot.tomcat.TomcatWebServer          : Tomcat started on port 8081 (http) with context path '/'
2026-10-04T02:53:28.758Z  INFO 1 --- [shortener] [           main] o.s.s.config.TaskSchedulerRouter         : No TaskScheduler/ScheduledExecutorService bean found for scheduled processing
2026-10-04T02:53:28.758Z  INFO 1 --- [shortener] [           main] uy.ct.shortener.ShortenerApplicationKt   : Started ShortenerApplicationKt in 0.269 seconds (process running for 0.283)
2026-10-04T02:53:28.785Z  INFO 1 --- [shortener] [omcat-handler-0] o.a.c.c.C.[Tomcat-1].[localhost].[/]     : Initializing Spring DispatcherServlet 'dispatcherServletRegistration'
2026-10-04T02:53:28.785Z  INFO 1 --- [shortener] [omcat-handler-0] o.s.web.servlet.DispatcherServlet        : Initializing Servlet 'dispatcherServletRegistration'
2026-10-04T02:53:28.785Z  INFO 1 --- [shortener] [omcat-handler-0] o.s.web.servlet.DispatcherServlet        : Completed initialization in 0 ms
2026-10-04T02:53:35.076Z  INFO 1 --- [shortener] [omcat-handler-0] o.a.c.c.C.[Tomcat].[localhost].[/]       : Initializing Spring DispatcherServlet 'dispatcherServlet'
2026-10-04T02:53:35.076Z  INFO 1 --- [shortener] [omcat-handler-0] o.s.web.servlet.DispatcherServlet        : Initializing Servlet 'dispatcherServlet'
2026-10-04T02:53:35.076Z  INFO 1 --- [shortener] [omcat-handler-0] o.s.web.servlet.DispatcherServlet        : Completed initialization in 0 ms
[6.794s] GC(2) Pause Full GC (Collect on allocation) 78.62M->20.12M 28.411ms
[7.243s] GC(3) Pause Incremental GC (Collect on allocation) 90.12M->20.62M 1.406ms
[7.574s] GC(4) Pause Incremental GC (Collect on allocation) 95.62M->26.62M 3.875ms
[7.919s] GC(5) Pause Incremental GC (Collect on allocation) 106.12M->27.12M 3.632ms
[8.303s] GC(6) Pause Full GC (Collect on allocation) 111.12M->26.12M 18.310ms
[8.669s] GC(7) Pause Incremental GC (Collect on allocation) 113.12M->26.62M 1.608ms
[9.024s] GC(8) Pause Incremental GC (Collect on allocation) 112.12M->27.12M 1.489ms
[9.351s] GC(9) Pause Incremental GC (Collect on allocation) 111.12M->27.62M 1.457ms
[9.715s] GC(10) Pause Incremental GC (Collect on allocation) 110.12M->28.12M 1.337ms
[10.070s] GC(11) Pause Incremental GC (Collect on allocation) 109.12M->28.62M 1.387ms
[10.422s] GC(12) Pause Incremental GC (Collect on allocation) 108.12M->29.12M 1.389ms
[10.770s] GC(13) Pause Incremental GC (Collect on allocation) 107.12M->29.62M 1.410ms
[11.105s] GC(14) Pause Incremental GC (Collect on allocation) 106.12M->30.12M 1.562ms
[11.437s] GC(15) Pause Incremental GC (Collect on allocation) 105.12M->30.62M 1.396ms
[11.758s] GC(16) Pause Incremental GC (Collect on allocation) 104.12M->31.12M 1.383ms
[12.078s] GC(17) Pause Incremental GC (Collect on allocation) 103.12M->31.62M 1.479ms
[12.388s] GC(18) Pause Incremental GC (Collect on allocation) 102.12M->32.12M 1.544ms
[12.692s] GC(19) Pause Incremental GC (Collect on allocation) 101.12M->32.62M 1.410ms
[12.995s] GC(20) Pause Incremental GC (Collect on allocation) 100.62M->33.12M 1.516ms
[13.291s] GC(21) Pause Incremental GC (Collect on allocation) 100.12M->33.62M 1.405ms
[13.582s] GC(22) Pause Incremental GC (Collect on allocation) 99.62M->33.62M 1.865ms
[13.869s] GC(23) Pause Incremental GC (Collect on allocation) 98.62M->33.62M 1.364ms
[14.090s] GC(24) Pause Incremental GC (Collect on allocation) 97.62M->33.62M 1.390ms
[14.369s] GC(25) Pause Incremental GC (Collect on allocation) 96.62M->33.62M 1.425ms
[14.641s] GC(26) Pause Incremental GC (Collect on allocation) 95.62M->33.62M 1.317ms
[14.929s] GC(27) Pause Full GC (Collect on allocation) 94.62M->26.12M 17.535ms
[15.177s] GC(28) Pause Incremental GC (Collect on allocation) 85.12M->26.62M 1.401ms
[15.431s] GC(29) Pause Incremental GC (Collect on allocation) 84.62M->27.12M 1.823ms
[15.684s] GC(30) Pause Incremental GC (Collect on allocation) 84.12M->27.62M 1.343ms
[15.926s] GC(31) Pause Incremental GC (Collect on allocation) 83.62M->28.12M 1.282ms
[16.166s] GC(32) Pause Incremental GC (Collect on allocation) 83.12M->28.62M 1.277ms
[16.401s] GC(33) Pause Incremental GC (Collect on allocation) 82.62M->29.12M 1.343ms
[16.633s] GC(34) Pause Incremental GC (Collect on allocation) 82.12M->29.62M 1.279ms
[16.859s] GC(35) Pause Incremental GC (Collect on allocation) 81.62M->30.12M 1.330ms
[17.082s] GC(36) Pause Incremental GC (Collect on allocation) 81.12M->30.62M 1.280ms
[17.303s] GC(37) Pause Incremental GC (Collect on allocation) 80.62M->31.12M 1.366ms
[17.504s] GC(38) Pause Incremental GC (Collect on allocation) 80.12M->35.12M 2.865ms
[17.715s] GC(39) Pause Incremental GC (Collect on allocation) 83.12M->35.62M 2.551ms
[17.923s] GC(40) Pause Incremental GC (Collect on allocation) 82.62M->36.12M 2.158ms
[18.142s] GC(41) Pause Full GC (Collect on allocation) 82.12M->26.12M 19.070ms
[18.319s] GC(42) Pause Incremental GC (Collect on allocation) 70.12M->26.62M 1.517ms
[18.509s] GC(43) Pause Incremental GC (Collect on allocation) 69.62M->27.12M 1.300ms
[18.695s] GC(44) Pause Incremental GC (Collect on allocation) 69.12M->27.62M 1.275ms
[18.880s] GC(45) Pause Incremental GC (Collect on allocation) 69.12M->28.12M 1.768ms
[19.026s] GC(46) Pause Incremental GC (Collect on allocation) 69.12M->28.62M 1.621ms
[19.172s] GC(47) Pause Incremental GC (Collect on allocation) 69.12M->29.12M 1.347ms
[19.348s] GC(48) Pause Incremental GC (Collect on allocation) 69.12M->29.62M 1.239ms
[19.523s] GC(49) Pause Incremental GC (Collect on allocation) 69.12M->30.12M 1.214ms
[19.694s] GC(50) Pause Incremental GC (Collect on allocation) 69.12M->30.62M 1.192ms
[19.863s] GC(51) Pause Incremental GC (Collect on allocation) 69.12M->31.12M 1.359ms
[20.034s] GC(52) Pause Incremental GC (Collect on allocation) 69.12M->31.62M 1.236ms
[20.198s] GC(53) Pause Incremental GC (Collect on allocation) 69.12M->32.12M 1.185ms
[20.362s] GC(54) Pause Incremental GC (Collect on allocation) 69.12M->32.62M 1.283ms
[20.522s] GC(55) Pause Incremental GC (Collect on allocation) 69.12M->33.12M 1.226ms
[20.679s] GC(56) Pause Incremental GC (Collect on allocation) 69.12M->33.62M 1.294ms
[20.835s] GC(57) Pause Incremental GC (Collect on allocation) 69.12M->33.12M 1.316ms
[20.986s] GC(58) Pause Incremental GC (Collect on allocation) 68.12M->33.12M 1.217ms
[21.137s] GC(59) Pause Incremental GC (Collect on allocation) 67.62M->33.12M 1.258ms
[21.286s] GC(60) Pause Incremental GC (Collect on allocation) 67.12M->33.12M 1.208ms
[21.435s] GC(61) Pause Incremental GC (Collect on allocation) 66.62M->33.12M 1.356ms
[21.580s] GC(62) Pause Incremental GC (Collect on allocation) 66.12M->33.12M 1.346ms
[21.718s] GC(63) Pause Incremental GC (Collect on allocation) 65.62M->32.62M 1.339ms
[21.859s] GC(64) Pause Incremental GC (Collect on allocation) 64.62M->32.62M 1.275ms
[22.000s] GC(65) Pause Incremental GC (Collect on allocation) 64.12M->32.62M 1.215ms
[22.138s] GC(66) Pause Incremental GC (Collect on allocation) 63.62M->32.62M 1.436ms
[22.288s] GC(67) Pause Full GC (Collect on allocation) 63.12M->26.12M 16.560ms
[22.402s] GC(68) Pause Incremental GC (Collect on allocation) 55.62M->26.62M 1.576ms
[22.527s] GC(69) Pause Incremental GC (Collect on allocation) 55.62M->27.12M 1.351ms
[22.653s] GC(70) Pause Incremental GC (Collect on allocation) 55.62M->27.62M 1.209ms
[22.774s] GC(71) Pause Incremental GC (Collect on allocation) 55.62M->27.62M 1.203ms
[22.891s] GC(72) Pause Incremental GC (Collect on allocation) 55.12M->28.12M 1.228ms
[23.007s] GC(73) Pause Incremental GC (Collect on allocation) 55.12M->28.62M 1.265ms
[23.124s] GC(74) Pause Incremental GC (Collect on allocation) 55.12M->29.12M 1.218ms
[23.238s] GC(75) Pause Incremental GC (Collect on allocation) 55.12M->29.12M 1.201ms
[23.349s] GC(76) Pause Incremental GC (Collect on allocation) 54.62M->29.62M 1.239ms
[23.459s] GC(77) Pause Incremental GC (Collect on allocation) 54.62M->30.12M 1.251ms
[23.568s] GC(78) Pause Incremental GC (Collect on allocation) 54.62M->30.62M 1.308ms
[23.674s] GC(79) Pause Incremental GC (Collect on allocation) 54.62M->31.12M 1.243ms
[23.776s] GC(80) Pause Incremental GC (Collect on allocation) 54.62M->31.12M 1.275ms
[23.876s] GC(81) Pause Incremental GC (Collect on allocation) 54.12M->31.62M 1.273ms
[23.973s] GC(82) Pause Incremental GC (Collect on allocation) 54.12M->32.12M 1.195ms
[24.024s] GC(83) Pause Incremental GC (Collect on allocation) 54.12M->32.12M 1.286ms
[24.097s] GC(84) Pause Incremental GC (Collect on allocation) 53.62M->32.12M 1.292ms
[24.190s] GC(85) Pause Incremental GC (Collect on allocation) 53.12M->31.62M 1.285ms
[24.281s] GC(86) Pause Incremental GC (Collect on allocation) 52.12M->31.62M 1.234ms
[24.369s] GC(87) Pause Incremental GC (Collect on allocation) 51.62M->31.12M 1.437ms
[24.452s] GC(88) Pause Incremental GC (Collect on allocation) 50.62M->30.62M 1.224ms
[24.535s] GC(89) Pause Incremental GC (Collect on allocation) 49.62M->30.62M 1.207ms
[24.617s] GC(90) Pause Incremental GC (Collect on allocation) 49.12M->30.12M 1.245ms
[24.694s] GC(91) Pause Incremental GC (Collect on allocation) 48.12M->29.12M 1.409ms
[24.767s] GC(92) Pause Incremental GC (Collect on allocation) 46.62M->28.62M 1.319ms
[24.841s] GC(93) Pause Incremental GC (Collect on allocation) 45.62M->28.12M 1.234ms
[24.910s] GC(94) Pause Incremental GC (Collect on allocation) 44.62M->28.12M 1.270ms
[24.997s] GC(95) Pause Full GC (Collect on allocation) 44.12M->26.12M 18.709ms
[25.045s] GC(96) Pause Incremental GC (Collect on allocation) 41.12M->26.62M 1.349ms
[25.108s] GC(97) Pause Incremental GC (Collect on allocation) 41.12M->26.62M 1.165ms
[25.170s] GC(98) Pause Incremental GC (Collect on allocation) 40.62M->26.12M 1.145ms
[25.228s] GC(99) Pause Incremental GC (Collect on allocation) 39.62M->26.12M 1.186ms
[25.283s] GC(100) Pause Incremental GC (Collect on allocation) 39.12M->26.62M 1.261ms
[25.336s] GC(101) Pause Incremental GC (Collect on allocation) 39.12M->26.62M 1.677ms
[25.387s] GC(102) Pause Incremental GC (Collect on allocation) 38.62M->26.62M 1.240ms
[25.435s] GC(103) Pause Incremental GC (Collect on allocation) 38.12M->26.62M 1.169ms
[25.481s] GC(104) Pause Incremental GC (Collect on allocation) 37.62M->26.62M 1.240ms
[25.525s] GC(105) Pause Incremental GC (Collect on allocation) 37.12M->26.62M 1.109ms
[25.568s] GC(106) Pause Incremental GC (Collect on allocation) 36.62M->26.62M 1.213ms
[25.609s] GC(107) Pause Incremental GC (Collect on allocation) 36.12M->26.62M 1.140ms
[25.646s] GC(108) Pause Incremental GC (Collect on allocation) 35.62M->26.62M 1.256ms
[25.681s] GC(109) Pause Incremental GC (Collect on allocation) 35.12M->26.62M 1.159ms
[25.715s] GC(110) Pause Incremental GC (Collect on allocation) 34.62M->26.62M 1.174ms
[25.747s] GC(111) Pause Incremental GC (Collect on allocation) 34.12M->26.62M 1.101ms
[25.776s] GC(112) Pause Incremental GC (Collect on allocation) 33.62M->26.62M 1.121ms
[25.803s] GC(113) Pause Incremental GC (Collect on allocation) 33.12M->26.62M 1.194ms
[25.827s] GC(114) Pause Incremental GC (Collect on allocation) 32.62M->26.62M 1.199ms
[25.849s] GC(115) Pause Incremental GC (Collect on allocation) 32.12M->26.62M 1.049ms
[25.876s] GC(116) Pause Incremental GC (Collect on allocation) 33.12M->26.62M 1.094ms
[25.908s] GC(117) Pause Incremental GC (Collect on allocation) 34.12M->26.62M 1.135ms
[25.938s] GC(118) Pause Incremental GC (Collect on allocation) 33.62M->26.62M 1.153ms
[25.966s] GC(119) Pause Incremental GC (Collect on allocation) 33.12M->27.12M 1.185ms
[25.990s] GC(120) Pause Incremental GC (Collect on allocation) 33.12M->27.12M 1.055ms
[26.018s] GC(121) Pause Incremental GC (Collect on allocation) 34.12M->27.12M 1.111ms
[26.052s] GC(122) Pause Incremental GC (Collect on allocation) 35.12M->27.12M 1.146ms
[26.083s] GC(123) Pause Incremental GC (Collect on allocation) 34.62M->27.12M 1.071ms
[26.112s] GC(124) Pause Incremental GC (Collect on allocation) 34.12M->27.12M 1.214ms
[26.138s] GC(125) Pause Incremental GC (Collect on allocation) 33.62M->27.12M 1.220ms
[26.184s] GC(126) Pause Full GC (Collect on allocation) 33.12M->26.12M 21.220ms
[26.197s] GC(127) Pause Incremental GC (Collect on allocation) 34.12M->26.62M 1.410ms
[26.233s] GC(128) Pause Incremental GC (Collect on allocation) 35.62M->26.62M 1.120ms
[26.275s] GC(129) Pause Incremental GC (Collect on allocation) 36.62M->26.62M 1.260ms
[26.313s] GC(130) Pause Incremental GC (Collect on allocation) 36.12M->26.62M 1.308ms
[26.352s] GC(131) Pause Incremental GC (Collect on allocation) 35.62M->26.62M 1.223ms
[26.389s] GC(132) Pause Incremental GC (Collect on allocation) 35.12M->26.62M 1.395ms
[26.421s] GC(133) Pause Incremental GC (Collect on allocation) 34.62M->26.62M 1.181ms
[26.452s] GC(134) Pause Incremental GC (Collect on allocation) 34.12M->26.62M 1.088ms
[26.481s] GC(135) Pause Incremental GC (Collect on allocation) 33.62M->26.62M 1.092ms
[26.508s] GC(136) Pause Incremental GC (Collect on allocation) 33.12M->26.62M 1.133ms
[26.533s] GC(137) Pause Incremental GC (Collect on allocation) 32.62M->26.62M 1.088ms
[26.556s] GC(138) Pause Incremental GC (Collect on allocation) 32.12M->26.62M 1.122ms
[26.583s] GC(139) Pause Incremental GC (Collect on allocation) 33.12M->26.62M 1.140ms
[26.613s] GC(140) Pause Incremental GC (Collect on allocation) 34.12M->26.62M 1.259ms
[26.647s] GC(141) Pause Incremental GC (Collect on allocation) 35.12M->26.62M 1.222ms
[26.687s] GC(142) Pause Incremental GC (Collect on allocation) 36.12M->26.62M 1.170ms
[26.725s] GC(143) Pause Incremental GC (Collect on allocation) 35.62M->26.62M 1.120ms
[26.761s] GC(144) Pause Incremental GC (Collect on allocation) 35.12M->26.62M 1.139ms
[26.793s] GC(145) Pause Incremental GC (Collect on allocation) 34.62M->27.12M 1.192ms
[26.825s] GC(146) Pause Incremental GC (Collect on allocation) 34.62M->27.12M 1.162ms
[26.854s] GC(147) Pause Incremental GC (Collect on allocation) 34.12M->27.12M 1.174ms
[26.880s] GC(148) Pause Incremental GC (Collect on allocation) 33.62M->27.12M 1.222ms
[26.904s] GC(149) Pause Incremental GC (Collect on allocation) 33.12M->27.12M 1.094ms
[26.933s] GC(150) Pause Incremental GC (Collect on allocation) 34.12M->27.12M 1.064ms
[26.966s] GC(151) Pause Incremental GC (Collect on allocation) 35.12M->27.12M 1.091ms
[26.999s] GC(152) Pause Incremental GC (Collect on allocation) 34.62M->27.12M 1.167ms
[27.028s] GC(153) Pause Incremental GC (Collect on allocation) 34.12M->27.12M 1.087ms
[27.055s] GC(154) Pause Incremental GC (Collect on allocation) 33.62M->27.12M 1.102ms
[27.080s] GC(155) Pause Incremental GC (Collect on allocation) 33.12M->27.12M 1.096ms
[27.107s] GC(156) Pause Incremental GC (Collect on allocation) 34.12M->27.12M 1.088ms
[27.138s] GC(157) Pause Incremental GC (Collect on allocation) 35.12M->27.12M 1.247ms
[27.177s] GC(158) Pause Incremental GC (Collect on allocation) 36.12M->27.12M 1.103ms
[27.213s] GC(159) Pause Incremental GC (Collect on allocation) 35.62M->27.12M 1.214ms
[27.247s] GC(160) Pause Incremental GC (Collect on allocation) 35.12M->27.12M 1.122ms
[27.299s] GC(161) Pause Full GC (Collect on allocation) 34.62M->26.12M 21.108ms
[27.307s] GC(162) Pause Incremental GC (Collect on allocation) 32.62M->26.12M 1.403ms
[27.335s] GC(163) Pause Incremental GC (Collect on allocation) 33.62M->26.12M 1.308ms
[27.371s] GC(164) Pause Incremental GC (Collect on allocation) 34.62M->26.12M 1.241ms
[27.407s] GC(165) Pause Incremental GC (Collect on allocation) 35.62M->27.12M 1.504ms
[27.446s] GC(166) Pause Incremental GC (Collect on allocation) 37.62M->28.62M 1.712ms
[27.491s] GC(167) Pause Incremental GC (Collect on allocation) 40.62M->29.62M 1.514ms
[27.549s] GC(168) Pause Incremental GC (Collect on allocation) 43.12M->30.12M 1.191ms
[27.604s] GC(169) Pause Incremental GC (Collect on allocation) 43.12M->30.12M 1.262ms
[27.659s] GC(170) Pause Incremental GC (Collect on allocation) 42.62M->30.12M 1.176ms
[27.711s] GC(171) Pause Incremental GC (Collect on allocation) 42.12M->30.12M 1.296ms
[27.759s] GC(172) Pause Incremental GC (Collect on allocation) 41.62M->30.12M 1.113ms
[27.807s] GC(173) Pause Incremental GC (Collect on allocation) 41.12M->30.12M 1.139ms
[27.852s] GC(174) Pause Incremental GC (Collect on allocation) 40.62M->30.12M 1.140ms
[27.893s] GC(175) Pause Incremental GC (Collect on allocation) 40.12M->30.12M 1.166ms
[27.933s] GC(176) Pause Incremental GC (Collect on allocation) 39.62M->30.12M 1.109ms
[27.971s] GC(177) Pause Incremental GC (Collect on allocation) 39.12M->30.12M 1.149ms
[28.007s] GC(178) Pause Incremental GC (Collect on allocation) 38.62M->30.12M 1.146ms
[28.041s] GC(179) Pause Incremental GC (Collect on allocation) 38.12M->30.12M 1.139ms
[28.072s] GC(180) Pause Incremental GC (Collect on allocation) 37.62M->30.12M 1.113ms
[28.102s] GC(181) Pause Incremental GC (Collect on allocation) 37.12M->30.12M 1.085ms
[28.128s] GC(182) Pause Incremental GC (Collect on allocation) 36.62M->30.12M 1.192ms
[28.153s] GC(183) Pause Incremental GC (Collect on allocation) 36.12M->30.12M 1.080ms
[28.175s] GC(184) Pause Incremental GC (Collect on allocation) 35.62M->30.12M 0.987ms
[28.202s] GC(185) Pause Incremental GC (Collect on allocation) 36.62M->30.12M 1.057ms
[28.232s] GC(186) Pause Incremental GC (Collect on allocation) 37.62M->30.12M 1.108ms
[28.269s] GC(187) Pause Incremental GC (Collect on allocation) 38.62M->30.12M 1.181ms
[28.303s] GC(188) Pause Incremental GC (Collect on allocation) 38.12M->30.12M 1.169ms
[28.334s] GC(189) Pause Incremental GC (Collect on allocation) 37.62M->30.12M 1.193ms
[28.364s] GC(190) Pause Incremental GC (Collect on allocation) 37.12M->30.12M 1.143ms
[28.391s] GC(191) Pause Incremental GC (Collect on allocation) 36.62M->30.12M 1.070ms
[28.415s] GC(192) Pause Incremental GC (Collect on allocation) 36.12M->30.12M 1.024ms
[28.444s] GC(193) Pause Incremental GC (Collect on allocation) 37.12M->30.12M 1.067ms
[28.478s] GC(194) Pause Incremental GC (Collect on allocation) 38.12M->30.62M 1.159ms
[28.516s] GC(195) Pause Incremental GC (Collect on allocation) 39.62M->30.62M 1.200ms
[28.552s] GC(196) Pause Incremental GC (Collect on allocation) 39.12M->30.62M 1.111ms
[28.605s] GC(197) Pause Full GC (Collect on allocation) 38.62M->26.12M 21.870ms
[28.613s] GC(198) Pause Incremental GC (Collect on allocation) 33.12M->26.12M 1.359ms
[28.646s] GC(199) Pause Incremental GC (Collect on allocation) 34.12M->26.62M 1.243ms
[28.682s] GC(200) Pause Incremental GC (Collect on allocation) 35.62M->26.62M 1.161ms
[28.718s] GC(201) Pause Incremental GC (Collect on allocation) 35.12M->26.62M 1.105ms
[28.753s] GC(202) Pause Incremental GC (Collect on allocation) 34.62M->26.62M 1.085ms
[28.783s] GC(203) Pause Incremental GC (Collect on allocation) 34.12M->26.62M 1.121ms
[28.812s] GC(204) Pause Incremental GC (Collect on allocation) 33.62M->26.62M 1.167ms
[28.838s] GC(205) Pause Incremental GC (Collect on allocation) 33.12M->26.62M 1.115ms
[28.870s] GC(206) Pause Incremental GC (Collect on allocation) 34.12M->26.62M 1.105ms
[28.905s] GC(207) Pause Incremental GC (Collect on allocation) 35.12M->26.62M 1.262ms
[28.944s] GC(208) Pause Incremental GC (Collect on allocation) 36.12M->26.62M 1.205ms
[28.982s] GC(209) Pause Incremental GC (Collect on allocation) 35.62M->26.62M 1.075ms
[29.018s] GC(210) Pause Incremental GC (Collect on allocation) 35.12M->26.62M 1.194ms
[29.024s] GC(211) Pause Incremental GC (Collect on allocation) 34.62M->26.62M 1.186ms
[29.025s] GC(212) Pause Incremental GC (Collect on allocation) 35.62M->27.12M 0.989ms
[29.059s] GC(213) Pause Incremental GC (Collect on allocation) 35.62M->27.12M 1.178ms
[29.093s] GC(214) Pause Incremental GC (Collect on allocation) 35.12M->27.12M 1.150ms
[29.124s] GC(215) Pause Incremental GC (Collect on allocation) 34.62M->27.12M 1.076ms
[29.154s] GC(216) Pause Incremental GC (Collect on allocation) 34.12M->27.12M 1.221ms
[29.181s] GC(217) Pause Incremental GC (Collect on allocation) 33.62M->27.12M 1.117ms
[29.205s] GC(218) Pause Incremental GC (Collect on allocation) 33.12M->27.12M 1.272ms
[29.227s] GC(219) Pause Incremental GC (Collect on allocation) 32.62M->27.12M 1.269ms
[29.247s] GC(220) Pause Incremental GC (Collect on allocation) 32.12M->27.12M 1.138ms
[29.265s] GC(221) Pause Incremental GC (Collect on allocation) 31.62M->27.12M 1.318ms
[29.281s] GC(222) Pause Incremental GC (Collect on allocation) 31.12M->27.12M 1.063ms
[29.297s] GC(223) Pause Incremental GC (Collect on allocation) 31.12M->27.12M 1.066ms
[29.313s] GC(224) Pause Incremental GC (Collect on allocation) 31.12M->27.12M 1.139ms
[29.329s] GC(225) Pause Incremental GC (Collect on allocation) 31.12M->27.12M 1.054ms
[29.344s] GC(226) Pause Incremental GC (Collect on allocation) 31.12M->27.12M 1.093ms
[29.360s] GC(227) Pause Incremental GC (Collect on allocation) 31.12M->27.12M 1.073ms
[29.376s] GC(228) Pause Incremental GC (Collect on allocation) 31.12M->27.12M 1.169ms
[29.392s] GC(229) Pause Incremental GC (Collect on allocation) 31.12M->27.12M 1.196ms
[29.406s] GC(230) Pause Incremental GC (Collect on allocation) 31.12M->27.62M 1.025ms
[29.423s] GC(231) Pause Incremental GC (Collect on allocation) 31.62M->27.62M 1.075ms
[29.439s] GC(232) Pause Incremental GC (Collect on allocation) 31.62M->27.62M 1.079ms
[29.454s] GC(233) Pause Incremental GC (Collect on allocation) 31.62M->27.62M 1.133ms
[29.469s] GC(234) Pause Incremental GC (Collect on allocation) 31.62M->27.62M 1.111ms
[29.506s] GC(235) Pause Full GC (Collect on allocation) 31.62M->26.12M 22.249ms
[29.512s] GC(236) Pause Incremental GC (Collect on allocation) 30.12M->26.62M 1.297ms
[29.517s] GC(237) Pause Incremental GC (Collect on allocation) 30.62M->26.62M 1.075ms
[29.534s] GC(238) Pause Incremental GC (Collect on allocation) 31.12M->26.62M 1.139ms
[29.555s] GC(239) Pause Incremental GC (Collect on allocation) 31.62M->26.62M 1.013ms
[29.577s] GC(240) Pause Incremental GC (Collect on allocation) 32.12M->26.62M 1.099ms
[29.604s] GC(241) Pause Incremental GC (Collect on allocation) 33.12M->26.62M 1.040ms
[29.635s] GC(242) Pause Incremental GC (Collect on allocation) 34.12M->26.62M 1.106ms
[29.668s] GC(243) Pause Incremental GC (Collect on allocation) 35.12M->26.62M 1.230ms
[29.708s] GC(244) Pause Incremental GC (Collect on allocation) 36.12M->26.62M 1.113ms
[29.754s] GC(245) Pause Incremental GC (Collect on allocation) 37.12M->26.62M 1.119ms
[29.804s] GC(246) Pause Incremental GC (Collect on allocation) 38.62M->26.62M 1.126ms
[29.863s] GC(247) Pause Incremental GC (Collect on allocation) 40.12M->26.62M 1.197ms
[29.919s] GC(248) Pause Incremental GC (Collect on allocation) 39.62M->26.62M 1.137ms
[29.973s] GC(249) Pause Incremental GC (Collect on allocation) 39.12M->26.62M 1.254ms
[30.024s] GC(250) Pause Incremental GC (Collect on allocation) 38.62M->26.62M 1.212ms
[30.074s] GC(251) Pause Incremental GC (Collect on allocation) 38.12M->26.62M 1.124ms
[30.122s] GC(252) Pause Incremental GC (Collect on allocation) 37.62M->26.62M 1.074ms
[30.167s] GC(253) Pause Incremental GC (Collect on allocation) 37.12M->26.62M 1.096ms
[30.209s] GC(254) Pause Incremental GC (Collect on allocation) 36.62M->26.62M 1.130ms
[30.250s] GC(255) Pause Incremental GC (Collect on allocation) 36.12M->26.62M 1.052ms
[30.287s] GC(256) Pause Incremental GC (Collect on allocation) 35.62M->26.62M 1.182ms
[30.323s] GC(257) Pause Incremental GC (Collect on allocation) 35.12M->27.12M 1.127ms
[30.355s] GC(258) Pause Incremental GC (Collect on allocation) 35.12M->27.12M 1.178ms
[30.387s] GC(259) Pause Incremental GC (Collect on allocation) 34.62M->27.12M 1.340ms
[30.416s] GC(260) Pause Incremental GC (Collect on allocation) 34.12M->27.12M 1.141ms
[30.444s] GC(261) Pause Incremental GC (Collect on allocation) 33.62M->27.12M 1.086ms
[30.475s] GC(262) Pause Incremental GC (Collect on allocation) 34.62M->27.12M 0.984ms
[30.511s] GC(263) Pause Incremental GC (Collect on allocation) 35.62M->27.12M 1.132ms
[30.543s] GC(264) Pause Incremental GC (Collect on allocation) 35.12M->27.12M 1.133ms
[30.575s] GC(265) Pause Incremental GC (Collect on allocation) 34.62M->27.12M 1.047ms
[30.603s] GC(266) Pause Incremental GC (Collect on allocation) 34.12M->27.12M 1.210ms
[30.636s] GC(267) Pause Incremental GC (Collect on allocation) 35.12M->27.12M 1.107ms
[30.674s] GC(268) Pause Incremental GC (Collect on allocation) 36.12M->27.12M 1.123ms
[30.709s] GC(269) Pause Incremental GC (Collect on allocation) 35.62M->27.12M 1.079ms
[30.743s] GC(270) Pause Incremental GC (Collect on allocation) 35.12M->27.12M 1.183ms
[30.773s] GC(271) Pause Incremental GC (Collect on allocation) 34.62M->27.12M 1.129ms
[30.809s] GC(272) Pause Incremental GC (Collect on allocation) 35.62M->27.12M 1.051ms
[30.844s] GC(273) Pause Incremental GC (Collect on allocation) 35.12M->27.12M 1.186ms
[30.875s] GC(274) Pause Incremental GC (Collect on allocation) 34.62M->27.12M 1.148ms
[30.923s] GC(275) Pause Full GC (Collect on allocation) 34.12M->26.12M 21.033ms
[30.942s] GC(276) Pause Incremental GC (Collect on allocation) 35.12M->26.12M 1.281ms
[30.978s] GC(277) Pause Incremental GC (Collect on allocation) 34.62M->26.62M 1.198ms
[31.011s] GC(278) Pause Incremental GC (Collect on allocation) 34.62M->26.62M 1.216ms
[31.048s] GC(279) Pause Incremental GC (Collect on allocation) 35.62M->26.62M 1.199ms
[31.084s] GC(280) Pause Incremental GC (Collect on allocation) 35.12M->26.62M 1.127ms
[31.118s] GC(281) Pause Incremental GC (Collect on allocation) 34.62M->26.62M 1.077ms
[31.150s] GC(282) Pause Incremental GC (Collect on allocation) 34.12M->26.62M 1.050ms
[31.179s] GC(283) Pause Incremental GC (Collect on allocation) 33.62M->26.62M 1.182ms
[31.206s] GC(284) Pause Incremental GC (Collect on allocation) 33.12M->26.62M 1.108ms
[31.237s] GC(285) Pause Incremental GC (Collect on allocation) 34.12M->26.62M 1.100ms
[31.274s] GC(286) Pause Incremental GC (Collect on allocation) 35.12M->26.62M 1.135ms
[31.307s] GC(287) Pause Incremental GC (Collect on allocation) 34.62M->26.62M 1.219ms
[31.345s] GC(288) Pause Incremental GC (Collect on allocation) 35.62M->26.62M 1.262ms
[31.379s] GC(289) Pause Incremental GC (Collect on allocation) 35.12M->26.62M 1.285ms
[31.417s] GC(290) Pause Incremental GC (Collect on allocation) 36.12M->26.62M 1.162ms
[31.455s] GC(291) Pause Incremental GC (Collect on allocation) 35.62M->26.62M 1.097ms
[31.490s] GC(292) Pause Incremental GC (Collect on allocation) 35.12M->26.62M 1.152ms
[31.524s] GC(293) Pause Incremental GC (Collect on allocation) 34.62M->26.62M 1.160ms
[31.556s] GC(294) Pause Incremental GC (Collect on allocation) 34.12M->26.62M 1.188ms
[31.585s] GC(295) Pause Incremental GC (Collect on allocation) 33.62M->26.62M 1.472ms
[31.617s] GC(296) Pause Incremental GC (Collect on allocation) 34.62M->27.12M 1.133ms
[31.655s] GC(297) Pause Incremental GC (Collect on allocation) 36.12M->27.12M 1.045ms
[31.697s] GC(298) Pause Incremental GC (Collect on allocation) 37.12M->27.12M 1.156ms
[31.737s] GC(299) Pause Incremental GC (Collect on allocation) 36.62M->27.12M 1.208ms
[31.775s] GC(300) Pause Incremental GC (Collect on allocation) 36.12M->27.12M 1.178ms
[31.811s] GC(301) Pause Incremental GC (Collect on allocation) 35.62M->27.12M 1.172ms
[31.844s] GC(302) Pause Incremental GC (Collect on allocation) 35.12M->27.12M 1.154ms
[31.874s] GC(303) Pause Incremental GC (Collect on allocation) 34.62M->27.12M 1.180ms
[31.904s] GC(304) Pause Incremental GC (Collect on allocation) 34.12M->27.12M 1.137ms
[31.937s] GC(305) Pause Incremental GC (Collect on allocation) 35.12M->27.12M 1.154ms
[31.969s] GC(306) Pause Incremental GC (Collect on allocation) 34.62M->27.12M 1.195ms
[32.004s] GC(307) Pause Incremental GC (Collect on allocation) 35.62M->27.12M 1.285ms
[32.044s] GC(308) Pause Incremental GC (Collect on allocation) 36.62M->27.12M 1.241ms
[32.089s] GC(309) Pause Incremental GC (Collect on allocation) 37.62M->27.12M 1.095ms
[32.133s] GC(310) Pause Incremental GC (Collect on allocation) 37.12M->27.12M 1.115ms
[32.173s] GC(311) Pause Incremental GC (Collect on allocation) 36.62M->27.12M 1.151ms
[32.212s] GC(312) Pause Incremental GC (Collect on allocation) 36.12M->27.12M 1.109ms
[32.266s] GC(313) Pause Full GC (Collect on allocation) 35.62M->26.12M 20.678ms
[32.279s] GC(314) Pause Incremental GC (Collect on allocation) 33.62M->26.12M 1.288ms
[32.307s] GC(315) Pause Incremental GC (Collect on allocation) 33.12M->26.62M 1.179ms
[32.334s] GC(316) Pause Incremental GC (Collect on allocation) 33.12M->26.62M 1.107ms
[32.367s] GC(317) Pause Incremental GC (Collect on allocation) 34.12M->26.62M 1.167ms
[32.403s] GC(318) Pause Incremental GC (Collect on allocation) 35.12M->26.62M 1.210ms
[32.440s] GC(319) Pause Incremental GC (Collect on allocation) 36.12M->26.62M 1.260ms
[32.477s] GC(320) Pause Incremental GC (Collect on allocation) 35.62M->26.62M 1.250ms
[32.513s] GC(321) Pause Incremental GC (Collect on allocation) 35.12M->26.62M 1.800ms
[32.553s] GC(322) Pause Incremental GC (Collect on allocation) 36.12M->26.62M 1.158ms
[32.598s] GC(323) Pause Incremental GC (Collect on allocation) 37.12M->26.62M 1.198ms
[32.639s] GC(324) Pause Incremental GC (Collect on allocation) 36.62M->26.62M 1.251ms
[32.679s] GC(325) Pause Incremental GC (Collect on allocation) 36.12M->26.62M 1.184ms
[32.716s] GC(326) Pause Incremental GC (Collect on allocation) 35.62M->26.62M 1.207ms
[32.751s] GC(327) Pause Incremental GC (Collect on allocation) 35.12M->26.62M 1.182ms
[32.785s] GC(328) Pause Incremental GC (Collect on allocation) 34.62M->26.62M 1.203ms
[32.816s] GC(329) Pause Incremental GC (Collect on allocation) 34.12M->26.62M 1.141ms
[32.845s] GC(330) Pause Incremental GC (Collect on allocation) 33.62M->26.62M 1.176ms
[32.877s] GC(331) Pause Incremental GC (Collect on allocation) 34.62M->27.12M 1.152ms
[32.914s] GC(332) Pause Incremental GC (Collect on allocation) 36.12M->27.12M 1.107ms
[32.952s] GC(333) Pause Incremental GC (Collect on allocation) 35.62M->27.12M 1.156ms
[32.985s] GC(334) Pause Incremental GC (Collect on allocation) 35.12M->27.12M 1.156ms
[33.016s] GC(335) Pause Incremental GC (Collect on allocation) 34.62M->27.12M 1.175ms
[33.045s] GC(336) Pause Incremental GC (Collect on allocation) 34.12M->27.12M 1.045ms
[33.070s] GC(337) Pause Incremental GC (Collect on allocation) 33.62M->27.12M 1.088ms
[33.102s] GC(338) Pause Incremental GC (Collect on allocation) 34.62M->27.12M 1.061ms
[33.139s] GC(339) Pause Incremental GC (Collect on allocation) 35.62M->27.12M 1.116ms
[33.171s] GC(340) Pause Incremental GC (Collect on allocation) 35.12M->27.12M 1.228ms
[33.209s] GC(341) Pause Incremental GC (Collect on allocation) 36.12M->27.12M 1.171ms
[33.246s] GC(342) Pause Incremental GC (Collect on allocation) 35.62M->27.12M 1.178ms
[33.280s] GC(343) Pause Incremental GC (Collect on allocation) 35.12M->27.12M 1.183ms
[33.311s] GC(344) Pause Incremental GC (Collect on allocation) 34.62M->27.12M 1.117ms
[33.340s] GC(345) Pause Incremental GC (Collect on allocation) 34.12M->27.12M 1.112ms
[33.367s] GC(346) Pause Incremental GC (Collect on allocation) 33.62M->27.12M 1.016ms
[33.399s] GC(347) Pause Incremental GC (Collect on allocation) 34.62M->27.12M 1.107ms
[33.435s] GC(348) Pause Incremental GC (Collect on allocation) 35.62M->27.12M 1.113ms
[33.469s] GC(349) Pause Incremental GC (Collect on allocation) 35.12M->27.12M 1.159ms
[33.501s] GC(350) Pause Incremental GC (Collect on allocation) 34.62M->27.12M 1.230ms
[33.549s] GC(351) Pause Full GC (Collect on allocation) 34.12M->26.12M 21.064ms
[33.568s] GC(352) Pause Incremental GC (Collect on allocation) 35.12M->26.12M 1.436ms
[33.610s] GC(353) Pause Incremental GC (Collect on allocation) 36.12M->26.12M 1.307ms
[33.650s] GC(354) Pause Incremental GC (Collect on allocation) 35.62M->26.62M 1.141ms
[33.688s] GC(355) Pause Incremental GC (Collect on allocation) 35.62M->26.62M 1.182ms
[33.724s] GC(356) Pause Incremental GC (Collect on allocation) 35.12M->26.62M 1.133ms
[33.757s] GC(357) Pause Incremental GC (Collect on allocation) 34.62M->26.62M 1.069ms
[33.790s] GC(358) Pause Incremental GC (Collect on allocation) 34.12M->26.62M 1.105ms
[33.818s] GC(359) Pause Incremental GC (Collect on allocation) 33.62M->26.62M 1.224ms
[33.845s] GC(360) Pause Incremental GC (Collect on allocation) 33.12M->26.62M 1.148ms
[33.879s] GC(361) Pause Incremental GC (Collect on allocation) 34.12M->26.62M 1.453ms
[33.912s] GC(362) Pause Incremental GC (Collect on allocation) 35.12M->26.62M 1.334ms
[33.952s] GC(363) Pause Incremental GC (Collect on allocation) 36.12M->26.62M 1.118ms
[33.996s] GC(364) Pause Incremental GC (Collect on allocation) 37.12M->26.62M 1.375ms
[34.024s] GC(365) Pause Incremental GC (Collect on allocation) 36.62M->26.62M 1.395ms
[34.027s] GC(366) Pause Incremental GC (Collect on allocation) 37.62M->26.62M 1.083ms
[34.061s] GC(367) Pause Incremental GC (Collect on allocation) 37.12M->26.62M 1.163ms
[34.103s] GC(368) Pause Incremental GC (Collect on allocation) 36.62M->26.62M 1.181ms
[34.143s] GC(369) Pause Incremental GC (Collect on allocation) 36.12M->26.62M 1.327ms
[34.181s] GC(370) Pause Incremental GC (Collect on allocation) 35.62M->27.12M 1.184ms
[34.217s] GC(371) Pause Incremental GC (Collect on allocation) 35.62M->27.12M 1.188ms
[34.250s] GC(372) Pause Incremental GC (Collect on allocation) 35.12M->27.12M 1.207ms
[34.282s] GC(373) Pause Incremental GC (Collect on allocation) 34.62M->27.12M 1.119ms
[34.311s] GC(374) Pause Incremental GC (Collect on allocation) 34.12M->27.12M 1.065ms
[34.337s] GC(375) Pause Incremental GC (Collect on allocation) 33.62M->27.12M 1.182ms
[34.361s] GC(376) Pause Incremental GC (Collect on allocation) 33.12M->27.12M 1.121ms
[34.384s] GC(377) Pause Incremental GC (Collect on allocation) 32.62M->27.12M 1.214ms
[34.404s] GC(378) Pause Incremental GC (Collect on allocation) 32.12M->27.12M 1.236ms
[34.423s] GC(379) Pause Incremental GC (Collect on allocation) 31.62M->27.12M 1.138ms
[34.438s] GC(380) Pause Incremental GC (Collect on allocation) 31.12M->27.12M 1.199ms
[34.456s] GC(381) Pause Incremental GC (Collect on allocation) 31.62M->27.12M 1.076ms
[34.477s] GC(382) Pause Incremental GC (Collect on allocation) 32.12M->27.12M 1.093ms
[34.500s] GC(383) Pause Incremental GC (Collect on allocation) 32.62M->27.12M 1.117ms
[34.527s] GC(384) Pause Incremental GC (Collect on allocation) 33.62M->27.12M 1.136ms
[34.558s] GC(385) Pause Incremental GC (Collect on allocation) 34.62M->27.12M 1.097ms
[34.593s] GC(386) Pause Incremental GC (Collect on allocation) 35.62M->27.12M 1.184ms
[34.634s] GC(387) Pause Incremental GC (Collect on allocation) 36.62M->27.62M 1.216ms
[34.696s] GC(388) Pause Full GC (Collect on allocation) 38.12M->26.12M 20.134ms
[34.734s] GC(389) Pause Incremental GC (Collect on allocation) 39.62M->26.62M 1.414ms
[34.789s] GC(390) Pause Incremental GC (Collect on allocation) 39.62M->26.62M 1.414ms
[34.843s] GC(391) Pause Incremental GC (Collect on allocation) 39.12M->26.62M 1.310ms
[34.892s] GC(392) Pause Incremental GC (Collect on allocation) 38.62M->26.62M 1.232ms
[34.941s] GC(393) Pause Incremental GC (Collect on allocation) 38.12M->26.62M 1.173ms
[34.989s] GC(394) Pause Incremental GC (Collect on allocation) 37.62M->26.62M 1.283ms
[35.033s] GC(395) Pause Incremental GC (Collect on allocation) 37.12M->26.62M 1.185ms
[35.075s] GC(396) Pause Incremental GC (Collect on allocation) 36.62M->26.62M 1.197ms
[35.113s] GC(397) Pause Incremental GC (Collect on allocation) 36.12M->26.62M 1.261ms
[35.151s] GC(398) Pause Incremental GC (Collect on allocation) 35.62M->26.62M 1.193ms
[35.186s] GC(399) Pause Incremental GC (Collect on allocation) 35.12M->26.62M 1.178ms
[35.219s] GC(400) Pause Incremental GC (Collect on allocation) 34.62M->26.62M 1.158ms
[35.249s] GC(401) Pause Incremental GC (Collect on allocation) 34.12M->26.62M 1.127ms
[35.279s] GC(402) Pause Incremental GC (Collect on allocation) 33.62M->26.62M 1.206ms
[35.306s] GC(403) Pause Incremental GC (Collect on allocation) 33.12M->26.62M 1.146ms
[35.337s] GC(404) Pause Incremental GC (Collect on allocation) 34.12M->26.62M 1.084ms
[35.373s] GC(405) Pause Incremental GC (Collect on allocation) 35.12M->26.62M 1.190ms
[35.412s] GC(406) Pause Incremental GC (Collect on allocation) 36.12M->27.12M 1.184ms
[35.450s] GC(407) Pause Incremental GC (Collect on allocation) 36.12M->27.12M 1.103ms
[35.486s] GC(408) Pause Incremental GC (Collect on allocation) 35.62M->27.12M 1.194ms
[35.518s] GC(409) Pause Incremental GC (Collect on allocation) 35.12M->27.12M 1.300ms
[35.549s] GC(410) Pause Incremental GC (Collect on allocation) 34.62M->27.12M 1.075ms
[35.578s] GC(411) Pause Incremental GC (Collect on allocation) 34.12M->27.12M 1.086ms
[35.606s] GC(412) Pause Incremental GC (Collect on allocation) 33.62M->27.12M 1.114ms
[35.637s] GC(413) Pause Incremental GC (Collect on allocation) 34.62M->27.12M 1.054ms
[35.674s] GC(414) Pause Incremental GC (Collect on allocation) 35.62M->27.12M 1.162ms
[35.705s] GC(415) Pause Incremental GC (Collect on allocation) 35.12M->27.12M 1.242ms
[35.743s] GC(416) Pause Incremental GC (Collect on allocation) 36.12M->27.12M 1.204ms
[35.779s] GC(417) Pause Incremental GC (Collect on allocation) 35.62M->27.12M 1.179ms
[35.813s] GC(418) Pause Incremental GC (Collect on allocation) 35.12M->27.12M 1.196ms
[35.845s] GC(419) Pause Incremental GC (Collect on allocation) 34.62M->27.12M 1.150ms
[35.873s] GC(420) Pause Incremental GC (Collect on allocation) 34.12M->27.12M 1.142ms
[35.906s] GC(421) Pause Incremental GC (Collect on allocation) 35.12M->27.12M 1.199ms
[35.944s] GC(422) Pause Incremental GC (Collect on allocation) 36.12M->27.12M 1.067ms
[35.979s] GC(423) Pause Incremental GC (Collect on allocation) 35.62M->27.12M 1.176ms
[36.012s] GC(424) Pause Incremental GC (Collect on allocation) 35.12M->27.12M 1.151ms
[36.062s] GC(425) Pause Full GC (Collect on allocation) 34.62M->26.62M 20.994ms
[36.076s] GC(426) Pause Incremental GC (Collect on allocation) 34.62M->26.62M 1.295ms
[36.114s] GC(427) Pause Incremental GC (Collect on allocation) 35.62M->26.62M 1.264ms
[36.149s] GC(428) Pause Incremental GC (Collect on allocation) 35.12M->26.62M 1.133ms
[36.183s] GC(429) Pause Incremental GC (Collect on allocation) 34.62M->26.62M 1.142ms
[36.215s] GC(430) Pause Incremental GC (Collect on allocation) 34.12M->26.62M 1.171ms
[36.245s] GC(431) Pause Incremental GC (Collect on allocation) 33.62M->26.62M 1.136ms
[36.272s] GC(432) Pause Incremental GC (Collect on allocation) 33.12M->26.62M 1.187ms
[36.303s] GC(433) Pause Incremental GC (Collect on allocation) 34.12M->26.62M 1.041ms
[36.340s] GC(434) Pause Incremental GC (Collect on allocation) 35.12M->26.62M 1.093ms
[36.372s] GC(435) Pause Incremental GC (Collect on allocation) 34.62M->26.62M 1.255ms
[36.409s] GC(436) Pause Incremental GC (Collect on allocation) 35.62M->26.62M 1.246ms
[36.446s] GC(437) Pause Incremental GC (Collect on allocation) 35.12M->26.62M 1.255ms
[36.480s] GC(438) Pause Incremental GC (Collect on allocation) 34.62M->26.62M 1.174ms
[36.511s] GC(439) Pause Incremental GC (Collect on allocation) 34.12M->26.62M 1.150ms
[36.539s] GC(440) Pause Incremental GC (Collect on allocation) 33.62M->26.62M 1.117ms
[36.571s] GC(441) Pause Incremental GC (Collect on allocation) 34.62M->26.62M 1.125ms
[36.609s] GC(442) Pause Incremental GC (Collect on allocation) 35.62M->26.62M 1.221ms
[36.645s] GC(443) Pause Incremental GC (Collect on allocation) 35.12M->27.12M 1.205ms
[36.678s] GC(444) Pause Incremental GC (Collect on allocation) 35.12M->27.12M 1.225ms
[36.717s] GC(445) Pause Incremental GC (Collect on allocation) 36.12M->27.12M 1.203ms
[36.752s] GC(446) Pause Incremental GC (Collect on allocation) 35.62M->27.12M 1.202ms
[36.787s] GC(447) Pause Incremental GC (Collect on allocation) 35.12M->27.12M 1.159ms
[36.817s] GC(448) Pause Incremental GC (Collect on allocation) 34.62M->27.12M 1.567ms
[36.852s] GC(449) Pause Incremental GC (Collect on allocation) 35.62M->27.12M 1.236ms
[36.893s] GC(450) Pause Incremental GC (Collect on allocation) 36.62M->27.12M 1.447ms
[36.937s] GC(451) Pause Incremental GC (Collect on allocation) 37.62M->27.12M 1.178ms
[36.979s] GC(452) Pause Incremental GC (Collect on allocation) 37.12M->27.12M 1.132ms
[37.019s] GC(453) Pause Incremental GC (Collect on allocation) 36.62M->27.12M 1.180ms
[37.057s] GC(454) Pause Incremental GC (Collect on allocation) 36.12M->27.12M 1.154ms
[37.091s] GC(455) Pause Incremental GC (Collect on allocation) 35.62M->27.12M 1.161ms
[37.126s] GC(456) Pause Incremental GC (Collect on allocation) 35.12M->27.12M 1.235ms
[37.157s] GC(457) Pause Incremental GC (Collect on allocation) 34.62M->27.12M 1.139ms
[37.187s] GC(458) Pause Incremental GC (Collect on allocation) 34.12M->27.12M 1.092ms
[37.214s] GC(459) Pause Incremental GC (Collect on allocation) 33.62M->27.12M 1.131ms
[37.244s] GC(460) Pause Incremental GC (Collect on allocation) 34.62M->27.62M 1.289ms
[37.300s] GC(461) Pause Full GC (Collect on allocation) 36.12M->26.12M 21.830ms
[37.323s] GC(462) Pause Incremental GC (Collect on allocation) 36.62M->26.12M 1.492ms
[37.374s] GC(463) Pause Incremental GC (Collect on allocation) 38.12M->26.12M 1.295ms
[37.883s] GC(464) Pause Incremental GC (Collect on allocation) 37.62M->26.62M 1.221ms
[37.950s] GC(465) Pause Incremental GC (Collect on allocation) 37.62M->26.62M 1.143ms
[38.013s] GC(466) Pause Incremental GC (Collect on allocation) 37.12M->26.62M 1.211ms
[38.073s] GC(467) Pause Incremental GC (Collect on allocation) 36.62M->26.62M 1.147ms
[38.132s] GC(468) Pause Incremental GC (Collect on allocation) 36.12M->26.62M 1.186ms
[38.187s] GC(469) Pause Incremental GC (Collect on allocation) 35.62M->26.62M 1.157ms
[38.239s] GC(470) Pause Incremental GC (Collect on allocation) 35.12M->26.62M 1.177ms
[38.285s] GC(471) Pause Incremental GC (Collect on allocation) 34.62M->26.62M 1.171ms
[38.332s] GC(472) Pause Incremental GC (Collect on allocation) 34.12M->27.12M 1.157ms
[38.375s] GC(473) Pause Incremental GC (Collect on allocation) 34.12M->27.12M 1.165ms
[38.421s] GC(474) Pause Incremental GC (Collect on allocation) 33.62M->27.12M 1.284ms
[38.457s] GC(475) Pause Incremental GC (Collect on allocation) 33.12M->27.12M 1.068ms
[38.489s] GC(476) Pause Incremental GC (Collect on allocation) 32.62M->27.12M 1.147ms
[38.521s] GC(477) Pause Incremental GC (Collect on allocation) 32.12M->27.12M 1.306ms
[38.546s] GC(478) Pause Incremental GC (Collect on allocation) 31.62M->27.62M 1.799ms
[38.553s] GC(479) Pause Incremental GC (Collect on allocation) 32.62M->28.62M 1.824ms
[38.572s] GC(480) Pause Incremental GC (Collect on allocation) 34.12M->29.62M 2.248ms
[38.633s] GC(481) Pause Full GC (Collect on allocation) 36.12M->26.12M 28.470ms
[38.644s] GC(482) Pause Incremental GC (Collect on allocation) 34.62M->28.12M 2.873ms
[38.656s] GC(483) Pause Incremental GC (Collect on allocation) 37.62M->30.62M 3.142ms
[38.669s] GC(484) Pause Incremental GC (Collect on allocation) 41.12M->33.62M 4.307ms
[38.682s] GC(485) Pause Incremental GC (Collect on allocation) 43.62M->36.62M 4.017ms
[38.693s] GC(486) Pause Incremental GC (Collect on allocation) 46.12M->39.12M 2.965ms
[38.703s] GC(487) Pause Incremental GC (Collect on allocation) 48.12M->41.62M 2.579ms
[38.712s] GC(488) Pause Incremental GC (Collect on allocation) 50.12M->43.62M 2.610ms
[38.721s] GC(489) Pause Incremental GC (Collect on allocation) 51.62M->45.62M 2.463ms
[38.729s] GC(490) Pause Incremental GC (Collect on allocation) 53.12M->48.62M 2.969ms
[38.737s] GC(491) Pause Incremental GC (Collect on allocation) 55.62M->50.62M 2.524ms
[38.744s] GC(492) Pause Incremental GC (Collect on allocation) 57.12M->52.62M 2.529ms
[38.753s] GC(493) Pause Incremental GC (Collect on allocation) 58.62M->54.12M 2.993ms
[38.764s] GC(494) Pause Incremental GC (Collect on allocation) 59.62M->54.62M 4.761ms
[38.776s] GC(495) Pause Incremental GC (Collect on allocation) 61.12M->55.12M 2.813ms
[38.786s] GC(496) Pause Incremental GC (Collect on allocation) 62.62M->56.12M 1.965ms
[38.797s] GC(497) Pause Incremental GC (Collect on allocation) 64.62M->56.12M 1.841ms
[38.809s] GC(498) Pause Incremental GC (Collect on allocation) 65.62M->56.62M 2.045ms
[38.822s] GC(499) Pause Incremental GC (Collect on allocation) 67.12M->57.12M 1.968ms
[38.836s] GC(500) Pause Incremental GC (Collect on allocation) 69.12M->57.62M 1.775ms
[38.881s] GC(501) Pause Full GC (Collect on allocation) 71.12M->44.12M 31.002ms
[38.901s] GC(502) Pause Incremental GC (Collect on allocation) 60.62M->44.62M 2.442ms
[38.923s] GC(503) Pause Incremental GC (Collect on allocation) 63.12M->45.62M 2.249ms
[38.946s] GC(504) Pause Incremental GC (Collect on allocation) 66.12M->46.12M 2.036ms
[38.980s] GC(505) Pause Incremental GC (Collect on allocation) 68.62M->46.12M 1.898ms
[39.021s] GC(506) Pause Incremental GC (Collect on allocation) 70.62M->46.12M 1.432ms
[39.041s] GC(507) Pause Incremental GC (Collect on allocation) 72.62M->46.12M 1.165ms
[39.091s] GC(508) Pause Incremental GC (Collect on allocation) 75.12M->46.12M 1.252ms
[39.146s] GC(509) Pause Incremental GC (Collect on allocation) 77.12M->46.12M 1.353ms
[39.206s] GC(510) Pause Incremental GC (Collect on allocation) 79.62M->46.62M 1.401ms
[39.270s] GC(511) Pause Incremental GC (Collect on allocation) 82.12M->46.62M 1.507ms
[39.334s] GC(512) Pause Incremental GC (Collect on allocation) 84.62M->46.62M 1.336ms
[39.404s] GC(513) Pause Incremental GC (Collect on allocation) 86.62M->47.12M 1.340ms
[39.479s] GC(514) Pause Incremental GC (Collect on allocation) 89.12M->47.62M 1.927ms
[39.556s] GC(515) Pause Incremental GC (Collect on allocation) 91.62M->48.12M 1.284ms
[39.638s] GC(516) Pause Incremental GC (Collect on allocation) 94.12M->48.62M 1.329ms
[39.724s] GC(517) Pause Incremental GC (Collect on allocation) 96.62M->49.12M 1.685ms
[39.811s] GC(518) Pause Incremental GC (Collect on allocation) 99.12M->49.62M 1.401ms
[39.903s] GC(519) Pause Incremental GC (Collect on allocation) 101.62M->50.12M 1.310ms
[39.999s] GC(520) Pause Incremental GC (Collect on allocation) 104.12M->50.62M 1.311ms
[40.098s] GC(521) Pause Incremental GC (Collect on allocation) 106.62M->51.12M 1.390ms
[40.200s] GC(522) Pause Incremental GC (Collect on allocation) 109.12M->51.62M 1.423ms
[40.306s] GC(523) Pause Incremental GC (Collect on allocation) 111.62M->52.12M 1.421ms
[40.416s] GC(524) Pause Incremental GC (Collect on allocation) 114.12M->52.62M 1.374ms
[40.529s] GC(525) Pause Incremental GC (Collect on allocation) 116.62M->53.12M 1.392ms
[40.646s] GC(526) Pause Incremental GC (Collect on allocation) 119.12M->53.62M 1.388ms
[40.768s] GC(527) Pause Incremental GC (Collect on allocation) 121.62M->54.12M 1.452ms
[40.893s] GC(528) Pause Incremental GC (Collect on allocation) 124.12M->54.12M 1.414ms
[41.021s] GC(529) Pause Incremental GC (Collect on allocation) 126.12M->53.62M 1.554ms
[41.153s] GC(530) Pause Incremental GC (Collect on allocation) 127.62M->53.62M 1.395ms
[41.286s] GC(531) Pause Incremental GC (Collect on allocation) 129.62M->53.62M 1.419ms
[41.423s] GC(532) Pause Incremental GC (Collect on allocation) 131.62M->53.62M 1.404ms
[41.566s] GC(533) Pause Incremental GC (Collect on allocation) 133.62M->53.62M 1.391ms
[41.713s] GC(534) Pause Incremental GC (Collect on allocation) 135.62M->53.62M 1.426ms
[41.863s] GC(535) Pause Incremental GC (Collect on allocation) 137.62M->53.62M 1.403ms
[42.016s] GC(536) Pause Incremental GC (Collect on allocation) 139.62M->53.62M 1.323ms
[42.191s] GC(537) Pause Full GC (Collect on allocation) 141.62M->43.12M 20.315ms
[42.335s] GC(538) Pause Incremental GC (Collect on allocation) 131.62M->43.62M 1.635ms
[42.485s] GC(539) Pause Incremental GC (Collect on allocation) 130.62M->44.12M 1.542ms
[42.638s] GC(540) Pause Incremental GC (Collect on allocation) 129.62M->44.62M 1.371ms
[42.788s] GC(541) Pause Incremental GC (Collect on allocation) 128.62M->45.12M 1.410ms
[42.936s] GC(542) Pause Incremental GC (Collect on allocation) 127.62M->45.62M 1.411ms
[43.081s] GC(543) Pause Incremental GC (Collect on allocation) 126.62M->46.12M 1.418ms
[43.222s] GC(544) Pause Incremental GC (Collect on allocation) 125.62M->46.62M 1.538ms
[43.359s] GC(545) Pause Incremental GC (Collect on allocation) 124.62M->47.62M 1.714ms
[43.491s] GC(546) Pause Incremental GC (Collect on allocation) 124.12M->49.62M 2.331ms
[43.620s] GC(547) Pause Incremental GC (Collect on allocation) 124.62M->51.62M 2.640ms
[43.751s] GC(548) Pause Incremental GC (Collect on allocation) 125.12M->52.12M 2.300ms
[43.879s] GC(549) Pause Incremental GC (Collect on allocation) 124.12M->52.62M 2.325ms
[44.010s] GC(550) Pause Incremental GC (Collect on allocation) 123.12M->53.12M 3.105ms
[44.102s] GC(551) Pause Incremental GC (Collect on allocation) 122.12M->53.62M 2.245ms
[44.230s] GC(552) Pause Incremental GC (Collect on allocation) 125.62M->54.12M 3.068ms
[44.361s] GC(553) Pause Incremental GC (Collect on allocation) 129.12M->54.12M 2.667ms
[44.500s] GC(554) Pause Incremental GC (Collect on allocation) 132.12M->54.12M 2.402ms
[44.646s] GC(555) Pause Incremental GC (Collect on allocation) 135.62M->54.12M 2.748ms
[44.799s] GC(556) Pause Incremental GC (Collect on allocation) 139.12M->54.12M 2.617ms
[44.975s] GC(557) Pause Full GC (Collect on allocation) 142.62M->43.12M 21.111ms
[45.118s] GC(558) Pause Incremental GC (Collect on allocation) 133.62M->43.62M 1.538ms
[45.276s] GC(559) Pause Incremental GC (Collect on allocation) 132.62M->44.12M 1.383ms
[45.431s] GC(560) Pause Incremental GC (Collect on allocation) 131.62M->44.62M 1.353ms
[45.586s] GC(561) Pause Incremental GC (Collect on allocation) 130.62M->45.12M 1.355ms
[45.736s] GC(562) Pause Incremental GC (Collect on allocation) 129.62M->45.62M 1.409ms
[45.884s] GC(563) Pause Incremental GC (Collect on allocation) 128.62M->46.12M 1.471ms
[46.029s] GC(564) Pause Incremental GC (Collect on allocation) 127.62M->46.62M 1.413ms
[46.170s] GC(565) Pause Incremental GC (Collect on allocation) 126.62M->47.12M 1.340ms
[46.311s] GC(566) Pause Incremental GC (Collect on allocation) 125.62M->47.62M 1.458ms
[46.447s] GC(567) Pause Incremental GC (Collect on allocation) 124.62M->48.12M 1.350ms
[46.582s] GC(568) Pause Incremental GC (Collect on allocation) 123.62M->48.62M 1.379ms
[46.713s] GC(569) Pause Incremental GC (Collect on allocation) 122.62M->49.12M 1.337ms
[46.843s] GC(570) Pause Incremental GC (Collect on allocation) 121.62M->49.62M 1.544ms
[46.968s] GC(571) Pause Incremental GC (Collect on allocation) 120.62M->50.12M 1.538ms
[47.092s] GC(572) Pause Incremental GC (Collect on allocation) 119.62M->50.62M 1.458ms
[47.212s] GC(573) Pause Incremental GC (Collect on allocation) 118.62M->50.62M 1.602ms
[47.334s] GC(574) Pause Incremental GC (Collect on allocation) 117.62M->50.62M 1.429ms
[47.448s] GC(575) Pause Incremental GC (Collect on allocation) 116.62M->50.62M 1.302ms
[47.563s] GC(576) Pause Incremental GC (Collect on allocation) 115.62M->50.62M 1.447ms
[47.677s] GC(577) Pause Incremental GC (Collect on allocation) 114.62M->50.62M 1.453ms
[47.789s] GC(578) Pause Incremental GC (Collect on allocation) 113.62M->50.62M 1.446ms
[47.903s] GC(579) Pause Incremental GC (Collect on allocation) 112.62M->50.62M 1.977ms
[48.009s] GC(580) Pause Incremental GC (Collect on allocation) 111.62M->50.62M 1.420ms
[48.111s] GC(581) Pause Incremental GC (Collect on allocation) 110.62M->50.62M 1.527ms
[48.214s] GC(582) Pause Incremental GC (Collect on allocation) 109.62M->51.12M 1.580ms
[48.313s] GC(583) Pause Incremental GC (Collect on allocation) 109.12M->52.62M 2.137ms
[48.433s] GC(584) Pause Full GC (Collect on allocation) 109.62M->42.62M 23.249ms
[48.507s] GC(585) Pause Incremental GC (Collect on allocation) 97.62M->43.62M 1.696ms
[48.609s] GC(586) Pause Incremental GC (Collect on allocation) 97.62M->44.12M 1.931ms
[48.697s] GC(587) Pause Incremental GC (Collect on allocation) 97.12M->44.62M 1.658ms
[48.790s] GC(588) Pause Incremental GC (Collect on allocation) 96.62M->45.12M 1.751ms
[48.881s] GC(589) Pause Incremental GC (Collect on allocation) 96.12M->45.62M 1.544ms
[48.968s] GC(590) Pause Incremental GC (Collect on allocation) 95.62M->46.12M 1.579ms
[49.030s] GC(591) Pause Incremental GC (Collect on allocation) 95.12M->46.62M 2.050ms
[49.116s] GC(592) Pause Incremental GC (Collect on allocation) 94.62M->47.12M 1.841ms
[49.197s] GC(593) Pause Incremental GC (Collect on allocation) 94.12M->47.62M 1.454ms
[49.278s] GC(594) Pause Incremental GC (Collect on allocation) 93.62M->47.62M 1.485ms
[49.360s] GC(595) Pause Incremental GC (Collect on allocation) 92.62M->48.12M 1.784ms
[49.437s] GC(596) Pause Incremental GC (Collect on allocation) 92.12M->48.62M 1.548ms
[49.512s] GC(597) Pause Incremental GC (Collect on allocation) 91.62M->49.12M 1.413ms
[49.588s] GC(598) Pause Incremental GC (Collect on allocation) 91.62M->49.62M 1.552ms
[49.662s] GC(599) Pause Incremental GC (Collect on allocation) 91.62M->50.12M 1.421ms
[49.734s] GC(600) Pause Incremental GC (Collect on allocation) 91.62M->50.12M 1.427ms
[49.807s] GC(601) Pause Incremental GC (Collect on allocation) 91.12M->50.12M 1.298ms
[49.879s] GC(602) Pause Incremental GC (Collect on allocation) 90.62M->50.12M 1.417ms
[49.949s] GC(603) Pause Incremental GC (Collect on allocation) 90.12M->50.12M 1.351ms
[50.018s] GC(604) Pause Incremental GC (Collect on allocation) 89.62M->50.12M 1.314ms
[50.087s] GC(605) Pause Incremental GC (Collect on allocation) 89.12M->50.12M 1.328ms
[50.155s] GC(606) Pause Incremental GC (Collect on allocation) 88.62M->50.12M 1.277ms
[50.223s] GC(607) Pause Incremental GC (Collect on allocation) 88.12M->50.62M 1.314ms
[50.290s] GC(608) Pause Incremental GC (Collect on allocation) 88.12M->50.12M 1.410ms
[50.355s] GC(609) Pause Incremental GC (Collect on allocation) 87.12M->50.12M 1.274ms
[50.420s] GC(610) Pause Incremental GC (Collect on allocation) 86.62M->50.12M 1.344ms
[50.486s] GC(611) Pause Incremental GC (Collect on allocation) 86.12M->50.12M 1.885ms
[50.547s] GC(612) Pause Incremental GC (Collect on allocation) 85.62M->49.62M 1.419ms
[50.609s] GC(613) Pause Incremental GC (Collect on allocation) 84.62M->49.62M 1.312ms
[50.669s] GC(614) Pause Incremental GC (Collect on allocation) 84.12M->49.62M 1.523ms
[50.729s] GC(615) Pause Incremental GC (Collect on allocation) 83.62M->49.62M 1.347ms
[50.788s] GC(616) Pause Incremental GC (Collect on allocation) 83.12M->49.62M 1.320ms
[50.847s] GC(617) Pause Incremental GC (Collect on allocation) 82.62M->49.62M 1.309ms
[50.904s] GC(618) Pause Incremental GC (Collect on allocation) 82.12M->48.62M 1.546ms
[50.981s] GC(619) Pause Full GC (Collect on allocation) 80.62M->43.12M 21.313ms
[51.016s] GC(620) Pause Incremental GC (Collect on allocation) 74.12M->43.62M 1.407ms
[51.069s] GC(621) Pause Incremental GC (Collect on allocation) 74.12M->44.12M 1.274ms
[51.122s] GC(622) Pause Incremental GC (Collect on allocation) 74.12M->44.62M 1.196ms
[51.173s] GC(623) Pause Incremental GC (Collect on allocation) 74.12M->44.62M 1.260ms
[51.224s] GC(624) Pause Incremental GC (Collect on allocation) 73.62M->45.12M 1.263ms
[51.275s] GC(625) Pause Incremental GC (Collect on allocation) 73.62M->45.62M 1.210ms
[51.324s] GC(626) Pause Incremental GC (Collect on allocation) 73.62M->46.12M 1.247ms
[51.373s] GC(627) Pause Incremental GC (Collect on allocation) 73.62M->46.62M 1.269ms
[51.420s] GC(628) Pause Incremental GC (Collect on allocation) 73.62M->46.12M 1.328ms
[51.467s] GC(629) Pause Incremental GC (Collect on allocation) 72.62M->45.62M 1.285ms
[51.514s] GC(630) Pause Incremental GC (Collect on allocation) 71.62M->44.62M 1.910ms
[51.558s] GC(631) Pause Incremental GC (Collect on allocation) 70.12M->43.62M 1.507ms
[51.600s] GC(632) Pause Incremental GC (Collect on allocation) 68.62M->44.12M 1.246ms
[51.643s] GC(633) Pause Incremental GC (Collect on allocation) 68.62M->44.12M 1.292ms
[51.685s] GC(634) Pause Incremental GC (Collect on allocation) 68.12M->43.62M 1.319ms
[51.726s] GC(635) Pause Incremental GC (Collect on allocation) 67.12M->43.12M 1.276ms
[51.767s] GC(636) Pause Incremental GC (Collect on allocation) 66.12M->43.12M 1.285ms
[51.806s] GC(637) Pause Incremental GC (Collect on allocation) 65.62M->43.12M 1.293ms
[51.845s] GC(638) Pause Incremental GC (Collect on allocation) 65.12M->43.12M 1.196ms
[51.883s] GC(639) Pause Incremental GC (Collect on allocation) 64.62M->43.12M 1.676ms
[51.924s] GC(640) Pause Incremental GC (Collect on allocation) 66.62M->43.12M 1.253ms
[51.969s] GC(641) Pause Incremental GC (Collect on allocation) 68.62M->43.12M 1.325ms
[52.013s] GC(642) Pause Incremental GC (Collect on allocation) 68.12M->43.12M 1.677ms
[52.060s] GC(643) Pause Incremental GC (Collect on allocation) 70.12M->43.12M 1.408ms
[52.106s] GC(644) Pause Incremental GC (Collect on allocation) 69.62M->43.12M 1.313ms
[52.150s] GC(645) Pause Incremental GC (Collect on allocation) 69.12M->43.12M 1.318ms
[52.194s] GC(646) Pause Incremental GC (Collect on allocation) 68.62M->43.12M 1.520ms
[52.238s] GC(647) Pause Incremental GC (Collect on allocation) 68.12M->43.12M 1.443ms
[52.282s] GC(648) Pause Incremental GC (Collect on allocation) 67.62M->43.12M 1.362ms
[52.323s] GC(649) Pause Incremental GC (Collect on allocation) 67.12M->43.62M 1.323ms
[52.364s] GC(650) Pause Incremental GC (Collect on allocation) 67.12M->43.62M 1.307ms
[52.405s] GC(651) Pause Incremental GC (Collect on allocation) 66.62M->43.62M 1.378ms
[52.445s] GC(652) Pause Incremental GC (Collect on allocation) 66.12M->43.62M 1.339ms
[52.484s] GC(653) Pause Incremental GC (Collect on allocation) 65.62M->43.62M 1.222ms
[52.545s] GC(654) Pause Full GC (Collect on allocation) 65.12M->43.12M 25.021ms
[52.567s] GC(655) Pause Incremental GC (Collect on allocation) 63.62M->43.12M 1.598ms
[52.593s] GC(656) Pause Incremental GC (Collect on allocation) 63.12M->43.12M 1.851ms
[52.629s] GC(657) Pause Incremental GC (Collect on allocation) 64.62M->43.12M 1.307ms
[52.670s] GC(658) Pause Incremental GC (Collect on allocation) 66.62M->43.12M 1.264ms
[52.714s] GC(659) Pause Incremental GC (Collect on allocation) 68.62M->43.12M 1.369ms
[52.764s] GC(660) Pause Incremental GC (Collect on allocation) 71.12M->43.12M 1.350ms
[52.818s] GC(661) Pause Incremental GC (Collect on allocation) 73.62M->43.12M 1.272ms
[52.870s] GC(662) Pause Incremental GC (Collect on allocation) 73.12M->43.62M 1.783ms
[52.921s] GC(663) Pause Incremental GC (Collect on allocation) 73.12M->43.62M 1.349ms
[52.972s] GC(664) Pause Incremental GC (Collect on allocation) 72.62M->43.62M 1.444ms
[53.021s] GC(665) Pause Incremental GC (Collect on allocation) 72.12M->44.12M 1.623ms
[53.069s] GC(666) Pause Incremental GC (Collect on allocation) 72.12M->44.62M 1.627ms
[53.116s] GC(667) Pause Incremental GC (Collect on allocation) 72.12M->45.62M 1.610ms
[53.162s] GC(668) Pause Incremental GC (Collect on allocation) 72.62M->46.12M 1.707ms
[53.207s] GC(669) Pause Incremental GC (Collect on allocation) 72.62M->47.12M 1.532ms
[53.252s] GC(670) Pause Incremental GC (Collect on allocation) 73.12M->47.62M 1.619ms
[53.301s] GC(671) Pause Incremental GC (Collect on allocation) 75.62M->48.12M 1.467ms
[53.349s] GC(672) Pause Incremental GC (Collect on allocation) 75.62M->48.12M 1.288ms
[53.396s] GC(673) Pause Incremental GC (Collect on allocation) 75.12M->48.12M 1.286ms
[53.443s] GC(674) Pause Incremental GC (Collect on allocation) 74.62M->48.12M 1.240ms
[53.488s] GC(675) Pause Incremental GC (Collect on allocation) 74.12M->48.12M 1.300ms
[53.532s] GC(676) Pause Incremental GC (Collect on allocation) 73.62M->48.12M 1.223ms
[53.576s] GC(677) Pause Incremental GC (Collect on allocation) 73.12M->48.12M 1.254ms
[53.618s] GC(678) Pause Incremental GC (Collect on allocation) 72.62M->48.12M 1.331ms
[53.660s] GC(679) Pause Incremental GC (Collect on allocation) 72.12M->48.12M 1.267ms
[53.702s] GC(680) Pause Incremental GC (Collect on allocation) 71.62M->48.12M 1.643ms
[53.741s] GC(681) Pause Incremental GC (Collect on allocation) 71.12M->48.12M 1.353ms
[53.782s] GC(682) Pause Incremental GC (Collect on allocation) 70.62M->48.12M 1.332ms
[53.820s] GC(683) Pause Incremental GC (Collect on allocation) 70.12M->48.12M 1.478ms
[53.858s] GC(684) Pause Incremental GC (Collect on allocation) 69.62M->48.62M 1.411ms
[53.899s] GC(685) Pause Incremental GC (Collect on allocation) 72.12M->48.62M 1.835ms
[53.943s] GC(686) Pause Incremental GC (Collect on allocation) 74.12M->48.62M 1.229ms
[54.018s] GC(687) Pause Full GC (Collect on allocation) 76.62M->43.12M 26.151ms
[54.052s] GC(688) Pause Incremental GC (Collect on allocation) 75.62M->43.12M 1.507ms
[54.080s] GC(689) Pause Incremental GC (Collect on allocation) 75.12M->43.12M 1.387ms
[54.136s] GC(690) Pause Incremental GC (Collect on allocation) 74.62M->43.12M 1.281ms
[54.190s] GC(691) Pause Incremental GC (Collect on allocation) 74.12M->43.12M 1.244ms
[54.244s] GC(692) Pause Incremental GC (Collect on allocation) 73.62M->43.12M 1.239ms
[54.297s] GC(693) Pause Incremental GC (Collect on allocation) 73.12M->43.12M 1.333ms
[54.350s] GC(694) Pause Incremental GC (Collect on allocation) 72.62M->43.12M 1.438ms
[54.400s] GC(695) Pause Incremental GC (Collect on allocation) 72.12M->43.12M 1.463ms
[54.450s] GC(696) Pause Incremental GC (Collect on allocation) 71.62M->43.12M 1.324ms
[54.499s] GC(697) Pause Incremental GC (Collect on allocation) 71.12M->43.12M 1.229ms
[54.547s] GC(698) Pause Incremental GC (Collect on allocation) 70.62M->43.12M 1.277ms
[54.595s] GC(699) Pause Incremental GC (Collect on allocation) 70.12M->43.12M 1.406ms
[54.642s] GC(700) Pause Incremental GC (Collect on allocation) 69.62M->43.62M 1.422ms
[54.686s] GC(701) Pause Incremental GC (Collect on allocation) 69.62M->43.62M 1.636ms
[54.730s] GC(702) Pause Incremental GC (Collect on allocation) 69.12M->43.62M 1.432ms
[54.773s] GC(703) Pause Incremental GC (Collect on allocation) 68.62M->43.62M 1.295ms
[54.816s] GC(704) Pause Incremental GC (Collect on allocation) 68.12M->43.62M 1.228ms
[54.860s] GC(705) Pause Incremental GC (Collect on allocation) 67.62M->43.62M 1.784ms
[54.901s] GC(706) Pause Incremental GC (Collect on allocation) 67.12M->43.62M 1.391ms
[54.941s] GC(707) Pause Incremental GC (Collect on allocation) 66.62M->43.62M 1.433ms
[54.980s] GC(708) Pause Incremental GC (Collect on allocation) 66.12M->43.62M 1.231ms
[55.019s] GC(709) Pause Incremental GC (Collect on allocation) 65.62M->43.62M 1.317ms
[55.057s] GC(710) Pause Incremental GC (Collect on allocation) 65.12M->43.62M 1.231ms
[55.094s] GC(711) Pause Incremental GC (Collect on allocation) 64.62M->43.62M 1.170ms
[55.130s] GC(712) Pause Incremental GC (Collect on allocation) 64.12M->43.62M 1.181ms
[55.165s] GC(713) Pause Incremental GC (Collect on allocation) 63.62M->43.62M 1.184ms
[55.198s] GC(714) Pause Incremental GC (Collect on allocation) 63.12M->43.62M 1.369ms
[55.235s] GC(715) Pause Incremental GC (Collect on allocation) 64.62M->43.62M 1.291ms
[55.275s] GC(716) Pause Incremental GC (Collect on allocation) 66.62M->43.62M 1.329ms
[55.319s] GC(717) Pause Incremental GC (Collect on allocation) 68.62M->43.62M 1.298ms
[55.362s] GC(718) Pause Incremental GC (Collect on allocation) 68.12M->43.62M 1.430ms
[55.404s] GC(719) Pause Incremental GC (Collect on allocation) 67.62M->43.62M 1.249ms
[55.446s] GC(720) Pause Incremental GC (Collect on allocation) 67.12M->43.62M 1.498ms
[55.486s] GC(721) Pause Incremental GC (Collect on allocation) 66.62M->43.62M 1.357ms
[55.525s] GC(722) Pause Incremental GC (Collect on allocation) 66.12M->44.12M 1.301ms
[55.563s] GC(723) Pause Incremental GC (Collect on allocation) 66.12M->44.12M 1.250ms
[55.600s] GC(724) Pause Incremental GC (Collect on allocation) 65.62M->44.12M 1.244ms
[55.638s] GC(725) Pause Incremental GC (Collect on allocation) 65.12M->44.12M 1.295ms
[55.697s] GC(726) Pause Full GC (Collect on allocation) 64.62M->43.12M 24.622ms
[55.718s] GC(727) Pause Incremental GC (Collect on allocation) 62.62M->43.12M 1.390ms
[55.741s] GC(728) Pause Incremental GC (Collect on allocation) 62.12M->43.12M 1.227ms
[55.777s] GC(729) Pause Incremental GC (Collect on allocation) 63.62M->43.12M 1.224ms
[55.816s] GC(730) Pause Incremental GC (Collect on allocation) 65.62M->43.12M 1.266ms
[55.859s] GC(731) Pause Incremental GC (Collect on allocation) 67.62M->43.12M 1.237ms
[55.902s] GC(732) Pause Incremental GC (Collect on allocation) 67.12M->43.12M 1.196ms
[55.943s] GC(733) Pause Incremental GC (Collect on allocation) 66.62M->43.12M 1.185ms
[55.984s] GC(734) Pause Incremental GC (Collect on allocation) 66.12M->43.12M 1.241ms
[56.023s] GC(735) Pause Incremental GC (Collect on allocation) 65.62M->43.12M 1.303ms
[56.061s] GC(736) Pause Incremental GC (Collect on allocation) 65.12M->43.12M 1.263ms
[56.099s] GC(737) Pause Incremental GC (Collect on allocation) 64.62M->43.12M 1.260ms
[56.136s] GC(738) Pause Incremental GC (Collect on allocation) 64.12M->43.12M 1.175ms
[56.171s] GC(739) Pause Incremental GC (Collect on allocation) 63.62M->43.12M 1.123ms
[56.206s] GC(740) Pause Incremental GC (Collect on allocation) 63.12M->43.62M 1.261ms
[56.240s] GC(741) Pause Incremental GC (Collect on allocation) 63.12M->43.62M 1.301ms
[56.274s] GC(742) Pause Incremental GC (Collect on allocation) 62.62M->43.62M 1.252ms
[56.308s] GC(743) Pause Incremental GC (Collect on allocation) 62.12M->43.62M 1.348ms
[56.346s] GC(744) Pause Incremental GC (Collect on allocation) 63.62M->43.62M 1.329ms
[56.379s] GC(745) Pause Incremental GC (Collect on allocation) 65.12M->43.62M 1.309ms
[56.421s] GC(746) Pause Incremental GC (Collect on allocation) 67.12M->43.62M 1.167ms
[56.465s] GC(747) Pause Incremental GC (Collect on allocation) 69.12M->43.62M 1.130ms
[56.510s] GC(748) Pause Incremental GC (Collect on allocation) 68.62M->43.62M 1.165ms
[56.553s] GC(749) Pause Incremental GC (Collect on allocation) 68.12M->43.62M 1.353ms
[56.595s] GC(750) Pause Incremental GC (Collect on allocation) 67.62M->43.62M 1.276ms
[56.636s] GC(751) Pause Incremental GC (Collect on allocation) 67.12M->43.62M 1.264ms
[56.677s] GC(752) Pause Incremental GC (Collect on allocation) 66.62M->43.62M 1.212ms
[56.716s] GC(753) Pause Incremental GC (Collect on allocation) 66.12M->43.62M 1.180ms
[56.755s] GC(754) Pause Incremental GC (Collect on allocation) 65.62M->43.62M 1.219ms
[56.792s] GC(755) Pause Incremental GC (Collect on allocation) 65.12M->43.62M 1.373ms
[56.829s] GC(756) Pause Incremental GC (Collect on allocation) 64.62M->43.62M 1.369ms
[56.865s] GC(757) Pause Incremental GC (Collect on allocation) 64.12M->43.62M 1.213ms
[56.901s] GC(758) Pause Incremental GC (Collect on allocation) 63.62M->43.62M 1.246ms
[56.934s] GC(759) Pause Incremental GC (Collect on allocation) 63.12M->43.62M 1.218ms
[56.967s] GC(760) Pause Incremental GC (Collect on allocation) 62.62M->43.62M 1.285ms
[57.003s] GC(761) Pause Incremental GC (Collect on allocation) 64.12M->43.62M 1.300ms
[57.044s] GC(762) Pause Incremental GC (Collect on allocation) 66.12M->44.12M 1.286ms
[57.086s] GC(763) Pause Incremental GC (Collect on allocation) 68.62M->44.12M 1.333ms
[57.129s] GC(764) Pause Incremental GC (Collect on allocation) 68.12M->44.12M 1.199ms
[57.170s] GC(765) Pause Incremental GC (Collect on allocation) 67.62M->44.12M 1.194ms
[57.234s] GC(766) Pause Full GC (Collect on allocation) 67.12M->43.12M 24.444ms
[57.257s] GC(767) Pause Incremental GC (Collect on allocation) 65.12M->43.12M 1.447ms
[57.288s] GC(768) Pause Incremental GC (Collect on allocation) 64.62M->43.12M 1.283ms
[57.324s] GC(769) Pause Incremental GC (Collect on allocation) 64.12M->43.12M 1.576ms
[57.364s] GC(770) Pause Incremental GC (Collect on allocation) 66.12M->43.12M 1.350ms
[57.410s] GC(771) Pause Incremental GC (Collect on allocation) 68.12M->43.12M 1.369ms
[57.451s] GC(772) Pause Incremental GC (Collect on allocation) 67.62M->43.12M 1.281ms
[57.493s] GC(773) Pause Incremental GC (Collect on allocation) 67.12M->43.12M 1.216ms
[57.534s] GC(774) Pause Incremental GC (Collect on allocation) 66.62M->43.12M 1.405ms
[57.579s] GC(775) Pause Incremental GC (Collect on allocation) 66.12M->43.12M 1.339ms
[57.614s] GC(776) Pause Incremental GC (Collect on allocation) 65.62M->43.62M 1.361ms
[57.653s] GC(777) Pause Incremental GC (Collect on allocation) 65.62M->43.62M 1.306ms
[57.691s] GC(778) Pause Incremental GC (Collect on allocation) 65.12M->43.62M 1.234ms
[57.727s] GC(779) Pause Incremental GC (Collect on allocation) 64.62M->43.62M 1.303ms
[57.762s] GC(780) Pause Incremental GC (Collect on allocation) 64.12M->43.62M 1.337ms
[57.798s] GC(781) Pause Incremental GC (Collect on allocation) 63.62M->43.62M 1.299ms
[57.838s] GC(782) Pause Incremental GC (Collect on allocation) 65.12M->44.12M 1.554ms
[57.875s] GC(783) Pause Incremental GC (Collect on allocation) 67.62M->44.62M 1.442ms
[57.919s] GC(784) Pause Incremental GC (Collect on allocation) 70.12M->45.12M 1.505ms
[57.967s] GC(785) Pause Incremental GC (Collect on allocation) 73.12M->45.62M 1.647ms
[58.021s] GC(786) Pause Incremental GC (Collect on allocation) 76.12M->46.62M 2.515ms
[58.071s] GC(787) Pause Incremental GC (Collect on allocation) 76.62M->47.62M 1.637ms
[58.122s] GC(788) Pause Incremental GC (Collect on allocation) 77.12M->48.12M 1.471ms
[58.172s] GC(789) Pause Incremental GC (Collect on allocation) 77.12M->48.12M 1.459ms
[58.222s] GC(790) Pause Incremental GC (Collect on allocation) 76.62M->48.12M 1.211ms
[58.272s] GC(791) Pause Incremental GC (Collect on allocation) 76.12M->48.12M 1.221ms
[58.321s] GC(792) Pause Incremental GC (Collect on allocation) 75.62M->48.12M 1.636ms
[58.367s] GC(793) Pause Incremental GC (Collect on allocation) 75.12M->48.12M 1.349ms
[58.414s] GC(794) Pause Incremental GC (Collect on allocation) 74.62M->48.12M 1.232ms
[58.459s] GC(795) Pause Incremental GC (Collect on allocation) 74.12M->48.12M 1.262ms
[58.504s] GC(796) Pause Incremental GC (Collect on allocation) 73.62M->48.62M 1.262ms
[58.548s] GC(797) Pause Incremental GC (Collect on allocation) 73.62M->48.62M 1.248ms
[58.591s] GC(798) Pause Incremental GC (Collect on allocation) 73.12M->48.62M 1.247ms
[58.633s] GC(799) Pause Incremental GC (Collect on allocation) 72.62M->48.62M 1.328ms
[58.674s] GC(800) Pause Incremental GC (Collect on allocation) 72.12M->48.62M 1.242ms
[58.715s] GC(801) Pause Incremental GC (Collect on allocation) 71.62M->48.62M 1.287ms
[58.754s] GC(802) Pause Incremental GC (Collect on allocation) 71.12M->48.62M 1.328ms
[58.793s] GC(803) Pause Incremental GC (Collect on allocation) 70.62M->48.62M 1.203ms
[58.857s] GC(804) Pause Full GC (Collect on allocation) 70.12M->43.12M 27.396ms
[58.881s] GC(805) Pause Incremental GC (Collect on allocation) 63.62M->43.12M 1.755ms
[58.908s] GC(806) Pause Incremental GC (Collect on allocation) 63.12M->43.12M 1.871ms
[58.938s] GC(807) Pause Incremental GC (Collect on allocation) 64.62M->43.12M 1.565ms
[58.979s] GC(808) Pause Incremental GC (Collect on allocation) 66.62M->43.12M 1.516ms
[59.025s] GC(809) Pause Incremental GC (Collect on allocation) 68.62M->43.62M 1.295ms
[59.047s] GC(810) Pause Incremental GC (Collect on allocation) 71.62M->43.62M 1.215ms
[59.102s] GC(811) Pause Incremental GC (Collect on allocation) 74.12M->43.62M 1.254ms
[59.159s] GC(812) Pause Incremental GC (Collect on allocation) 76.62M->43.62M 1.281ms
[59.217s] GC(813) Pause Incremental GC (Collect on allocation) 76.12M->43.62M 1.219ms
[59.274s] GC(814) Pause Incremental GC (Collect on allocation) 75.62M->43.62M 1.257ms
[59.330s] GC(815) Pause Incremental GC (Collect on allocation) 75.12M->43.62M 1.636ms
[59.385s] GC(816) Pause Incremental GC (Collect on allocation) 74.62M->43.62M 1.363ms
[59.438s] GC(817) Pause Incremental GC (Collect on allocation) 74.12M->43.62M 1.354ms
[59.491s] GC(818) Pause Incremental GC (Collect on allocation) 73.62M->43.62M 1.333ms
[59.543s] GC(819) Pause Incremental GC (Collect on allocation) 73.12M->43.62M 1.282ms
[59.593s] GC(820) Pause Incremental GC (Collect on allocation) 72.62M->43.62M 1.344ms
[59.643s] GC(821) Pause Incremental GC (Collect on allocation) 72.12M->43.62M 1.335ms
[59.693s] GC(822) Pause Incremental GC (Collect on allocation) 71.62M->43.62M 1.279ms
[59.741s] GC(823) Pause Incremental GC (Collect on allocation) 71.12M->43.62M 1.303ms
[59.788s] GC(824) Pause Incremental GC (Collect on allocation) 70.62M->44.12M 1.319ms
[59.835s] GC(825) Pause Incremental GC (Collect on allocation) 70.62M->44.12M 1.217ms
[59.880s] GC(826) Pause Incremental GC (Collect on allocation) 70.12M->44.12M 1.413ms
[59.925s] GC(827) Pause Incremental GC (Collect on allocation) 69.62M->44.12M 1.290ms
[59.968s] GC(828) Pause Incremental GC (Collect on allocation) 69.12M->44.12M 1.328ms
[60.011s] GC(829) Pause Incremental GC (Collect on allocation) 68.62M->44.12M 1.801ms
[60.053s] GC(830) Pause Incremental GC (Collect on allocation) 68.12M->44.12M 1.347ms
[60.094s] GC(831) Pause Incremental GC (Collect on allocation) 67.62M->44.12M 1.348ms
[60.134s] GC(832) Pause Incremental GC (Collect on allocation) 67.12M->44.12M 1.319ms
[60.173s] GC(833) Pause Incremental GC (Collect on allocation) 66.62M->44.12M 1.246ms
[60.212s] GC(834) Pause Incremental GC (Collect on allocation) 66.12M->44.12M 1.363ms
[60.249s] GC(835) Pause Incremental GC (Collect on allocation) 65.62M->44.12M 1.308ms
[60.286s] GC(836) Pause Incremental GC (Collect on allocation) 65.12M->44.12M 1.504ms
[60.322s] GC(837) Pause Incremental GC (Collect on allocation) 64.62M->44.12M 1.246ms
[60.358s] GC(838) Pause Incremental GC (Collect on allocation) 64.12M->44.12M 1.213ms
[60.391s] GC(839) Pause Incremental GC (Collect on allocation) 63.62M->44.12M 1.244ms
[60.428s] GC(840) Pause Incremental GC (Collect on allocation) 65.12M->44.12M 1.287ms
[60.464s] GC(841) Pause Incremental GC (Collect on allocation) 64.62M->44.12M 1.281ms
[60.528s] GC(842) Pause Full GC (Collect on allocation) 66.62M->43.12M 25.628ms
[60.557s] GC(843) Pause Incremental GC (Collect on allocation) 69.62M->43.12M 1.599ms
[60.601s] GC(844) Pause Incremental GC (Collect on allocation) 72.12M->43.12M 1.331ms
[60.652s] GC(845) Pause Incremental GC (Collect on allocation) 71.62M->43.12M 1.327ms
[60.702s] GC(846) Pause Incremental GC (Collect on allocation) 71.12M->43.12M 1.259ms
[60.749s] GC(847) Pause Incremental GC (Collect on allocation) 70.62M->43.12M 1.291ms
[60.796s] GC(848) Pause Incremental GC (Collect on allocation) 70.12M->43.12M 1.300ms
[60.842s] GC(849) Pause Incremental GC (Collect on allocation) 69.62M->43.12M 1.375ms
[60.887s] GC(850) Pause Incremental GC (Collect on allocation) 69.12M->43.12M 1.430ms
[60.932s] GC(851) Pause Incremental GC (Collect on allocation) 68.62M->43.12M 1.256ms
[60.975s] GC(852) Pause Incremental GC (Collect on allocation) 68.12M->43.12M 1.301ms
[61.019s] GC(853) Pause Incremental GC (Collect on allocation) 67.62M->43.12M 1.315ms
[61.061s] GC(854) Pause Incremental GC (Collect on allocation) 67.12M->43.12M 1.260ms
[61.102s] GC(855) Pause Incremental GC (Collect on allocation) 66.62M->43.12M 1.213ms
[61.143s] GC(856) Pause Incremental GC (Collect on allocation) 66.12M->43.12M 1.239ms
[61.182s] GC(857) Pause Incremental GC (Collect on allocation) 65.62M->43.12M 1.251ms
[61.221s] GC(858) Pause Incremental GC (Collect on allocation) 65.12M->43.12M 1.150ms
[61.258s] GC(859) Pause Incremental GC (Collect on allocation) 64.62M->43.12M 1.275ms
[61.295s] GC(860) Pause Incremental GC (Collect on allocation) 64.12M->43.62M 1.212ms
[61.331s] GC(861) Pause Incremental GC (Collect on allocation) 64.12M->43.62M 1.387ms
[61.366s] GC(862) Pause Incremental GC (Collect on allocation) 63.62M->43.62M 1.216ms
[61.400s] GC(863) Pause Incremental GC (Collect on allocation) 63.12M->43.62M 1.232ms
[61.433s] GC(864) Pause Incremental GC (Collect on allocation) 62.62M->43.62M 1.214ms
[61.466s] GC(865) Pause Incremental GC (Collect on allocation) 62.12M->43.62M 1.205ms
[61.497s] GC(866) Pause Incremental GC (Collect on allocation) 61.62M->43.62M 1.194ms
[61.528s] GC(867) Pause Incremental GC (Collect on allocation) 61.12M->43.62M 1.249ms
[61.560s] GC(868) Pause Incremental GC (Collect on allocation) 62.62M->43.62M 1.230ms
[61.596s] GC(869) Pause Incremental GC (Collect on allocation) 64.12M->43.62M 1.361ms
[61.636s] GC(870) Pause Incremental GC (Collect on allocation) 66.12M->43.62M 1.293ms
[61.678s] GC(871) Pause Incremental GC (Collect on allocation) 68.12M->43.62M 1.248ms
[61.721s] GC(872) Pause Incremental GC (Collect on allocation) 67.62M->43.62M 1.315ms
[61.762s] GC(873) Pause Incremental GC (Collect on allocation) 67.12M->43.62M 1.200ms
[61.802s] GC(874) Pause Incremental GC (Collect on allocation) 66.62M->43.62M 1.282ms
[61.842s] GC(875) Pause Incremental GC (Collect on allocation) 66.12M->43.62M 1.288ms
[61.880s] GC(876) Pause Incremental GC (Collect on allocation) 65.62M->43.62M 1.239ms
[61.918s] GC(877) Pause Incremental GC (Collect on allocation) 65.12M->43.62M 1.307ms
[61.956s] GC(878) Pause Incremental GC (Collect on allocation) 64.62M->43.62M 1.246ms
[61.991s] GC(879) Pause Incremental GC (Collect on allocation) 64.12M->43.62M 1.431ms
[62.026s] GC(880) Pause Incremental GC (Collect on allocation) 63.62M->43.62M 1.215ms
[62.060s] GC(881) Pause Incremental GC (Collect on allocation) 63.12M->43.62M 1.199ms
[62.122s] GC(882) Pause Full GC (Collect on allocation) 62.62M->43.12M 29.466ms
[62.147s] GC(883) Pause Incremental GC (Collect on allocation) 65.62M->43.12M 1.429ms
[62.177s] GC(884) Pause Incremental GC (Collect on allocation) 67.62M->43.12M 1.218ms
[62.224s] GC(885) Pause Incremental GC (Collect on allocation) 69.62M->43.12M 1.307ms
[62.269s] GC(886) Pause Incremental GC (Collect on allocation) 69.12M->43.12M 1.290ms
[62.314s] GC(887) Pause Incremental GC (Collect on allocation) 68.62M->43.12M 1.245ms
[62.359s] GC(888) Pause Incremental GC (Collect on allocation) 68.12M->43.12M 1.259ms
[62.403s] GC(889) Pause Incremental GC (Collect on allocation) 67.62M->43.12M 1.295ms
[62.444s] GC(890) Pause Incremental GC (Collect on allocation) 67.12M->43.12M 1.249ms
[62.485s] GC(891) Pause Incremental GC (Collect on allocation) 66.62M->43.12M 1.331ms
[62.526s] GC(892) Pause Incremental GC (Collect on allocation) 66.12M->43.12M 1.871ms
[62.564s] GC(893) Pause Incremental GC (Collect on allocation) 65.62M->43.62M 1.405ms
[62.607s] GC(894) Pause Incremental GC (Collect on allocation) 68.12M->43.62M 1.288ms
[62.648s] GC(895) Pause Incremental GC (Collect on allocation) 67.62M->43.62M 1.377ms
[62.689s] GC(896) Pause Incremental GC (Collect on allocation) 67.12M->44.12M 1.444ms
[62.729s] GC(897) Pause Incremental GC (Collect on allocation) 67.12M->44.62M 1.420ms
[62.768s] GC(898) Pause Incremental GC (Collect on allocation) 67.12M->45.12M 1.510ms
[62.809s] GC(899) Pause Incremental GC (Collect on allocation) 69.62M->45.62M 1.624ms
[62.855s] GC(900) Pause Incremental GC (Collect on allocation) 72.12M->46.62M 1.707ms
[62.907s] GC(901) Pause Incremental GC (Collect on allocation) 75.62M->47.12M 2.187ms
[62.956s] GC(902) Pause Incremental GC (Collect on allocation) 75.62M->47.62M 2.195ms
[63.002s] GC(903) Pause Incremental GC (Collect on allocation) 75.62M->48.12M 1.448ms
[63.051s] GC(904) Pause Incremental GC (Collect on allocation) 75.62M->48.12M 1.264ms
[63.098s] GC(905) Pause Incremental GC (Collect on allocation) 75.12M->48.12M 1.440ms
[63.145s] GC(906) Pause Incremental GC (Collect on allocation) 74.62M->48.12M 1.734ms
[63.190s] GC(907) Pause Incremental GC (Collect on allocation) 74.12M->48.12M 1.330ms
[63.235s] GC(908) Pause Incremental GC (Collect on allocation) 73.62M->48.12M 1.438ms
[63.279s] GC(909) Pause Incremental GC (Collect on allocation) 73.12M->48.12M 1.809ms
[63.322s] GC(910) Pause Incremental GC (Collect on allocation) 72.62M->48.62M 1.678ms
[63.368s] GC(911) Pause Incremental GC (Collect on allocation) 75.12M->48.62M 1.639ms
[63.414s] GC(912) Pause Incremental GC (Collect on allocation) 74.62M->48.62M 1.324ms
[63.461s] GC(913) Pause Incremental GC (Collect on allocation) 74.12M->48.62M 1.861ms
[63.507s] GC(914) Pause Incremental GC (Collect on allocation) 76.62M->48.62M 1.442ms
[63.556s] GC(915) Pause Incremental GC (Collect on allocation) 76.12M->48.62M 1.383ms
[63.603s] GC(916) Pause Incremental GC (Collect on allocation) 75.62M->48.62M 1.214ms
[63.650s] GC(917) Pause Incremental GC (Collect on allocation) 75.12M->48.62M 1.370ms
[63.695s] GC(918) Pause Incremental GC (Collect on allocation) 74.62M->48.62M 1.290ms
[63.740s] GC(919) Pause Incremental GC (Collect on allocation) 74.12M->48.62M 1.231ms
[63.784s] GC(920) Pause Incremental GC (Collect on allocation) 73.62M->48.62M 1.273ms
[63.827s] GC(921) Pause Incremental GC (Collect on allocation) 73.12M->48.62M 1.298ms
[63.869s] GC(922) Pause Incremental GC (Collect on allocation) 72.62M->48.62M 1.236ms
[63.939s] GC(923) Pause Full GC (Collect on allocation) 72.12M->43.12M 30.004ms
[63.966s] GC(924) Pause Incremental GC (Collect on allocation) 65.62M->43.12M 1.623ms
[63.994s] GC(925) Pause Incremental GC (Collect on allocation) 65.12M->43.12M 1.723ms
[64.025s] GC(926) Pause Incremental GC (Collect on allocation) 67.12M->43.12M 1.636ms
[64.049s] GC(927) Pause Incremental GC (Collect on allocation) 69.12M->43.62M 1.236ms
[64.099s] GC(928) Pause Incremental GC (Collect on allocation) 72.12M->43.62M 1.270ms
[64.155s] GC(929) Pause Incremental GC (Collect on allocation) 74.62M->43.62M 1.310ms
[64.213s] GC(930) Pause Incremental GC (Collect on allocation) 77.12M->43.62M 1.288ms
[64.272s] GC(931) Pause Incremental GC (Collect on allocation) 76.62M->43.62M 1.867ms
[64.328s] GC(932) Pause Incremental GC (Collect on allocation) 76.12M->43.62M 1.298ms
[64.385s] GC(933) Pause Incremental GC (Collect on allocation) 75.62M->43.62M 1.461ms
[64.439s] GC(934) Pause Incremental GC (Collect on allocation) 75.12M->43.62M 1.643ms
[64.494s] GC(935) Pause Incremental GC (Collect on allocation) 74.62M->43.62M 1.280ms
[64.547s] GC(936) Pause Incremental GC (Collect on allocation) 74.12M->43.62M 1.383ms
[64.604s] GC(937) Pause Incremental GC (Collect on allocation) 73.62M->43.62M 1.343ms
[64.651s] GC(938) Pause Incremental GC (Collect on allocation) 73.12M->43.62M 1.507ms
[64.702s] GC(939) Pause Incremental GC (Collect on allocation) 72.62M->43.62M 1.627ms
[64.751s] GC(940) Pause Incremental GC (Collect on allocation) 72.12M->43.62M 1.316ms
[64.800s] GC(941) Pause Incremental GC (Collect on allocation) 71.62M->43.62M 1.243ms
[64.848s] GC(942) Pause Incremental GC (Collect on allocation) 71.12M->43.62M 1.246ms
[64.896s] GC(943) Pause Incremental GC (Collect on allocation) 70.62M->43.62M 1.288ms
[64.943s] GC(944) Pause Incremental GC (Collect on allocation) 70.12M->43.62M 1.246ms
[64.988s] GC(945) Pause Incremental GC (Collect on allocation) 69.62M->44.12M 1.456ms
[65.032s] GC(946) Pause Incremental GC (Collect on allocation) 69.62M->44.12M 1.299ms
[65.075s] GC(947) Pause Incremental GC (Collect on allocation) 69.12M->44.12M 1.288ms
[65.122s] GC(948) Pause Incremental GC (Collect on allocation) 68.62M->44.12M 1.751ms
[65.160s] GC(949) Pause Incremental GC (Collect on allocation) 68.12M->44.12M 1.402ms
[65.202s] GC(950) Pause Incremental GC (Collect on allocation) 67.62M->44.12M 1.299ms
[65.241s] GC(951) Pause Incremental GC (Collect on allocation) 67.12M->44.12M 1.268ms
[65.281s] GC(952) Pause Incremental GC (Collect on allocation) 66.62M->44.12M 1.417ms
[65.319s] GC(953) Pause Incremental GC (Collect on allocation) 66.12M->44.12M 1.358ms
[65.356s] GC(954) Pause Incremental GC (Collect on allocation) 65.62M->44.12M 1.298ms
[65.393s] GC(955) Pause Incremental GC (Collect on allocation) 65.12M->44.12M 1.199ms
[65.429s] GC(956) Pause Incremental GC (Collect on allocation) 64.62M->44.12M 1.313ms
[65.464s] GC(957) Pause Incremental GC (Collect on allocation) 64.12M->44.12M 1.260ms
[65.498s] GC(958) Pause Incremental GC (Collect on allocation) 63.62M->44.12M 1.169ms
[65.531s] GC(959) Pause Incremental GC (Collect on allocation) 63.12M->44.12M 1.398ms
[65.567s] GC(960) Pause Incremental GC (Collect on allocation) 64.62M->44.12M 1.204ms
[65.606s] GC(961) Pause Incremental GC (Collect on allocation) 66.62M->44.12M 1.269ms
[65.645s] GC(962) Pause Incremental GC (Collect on allocation) 66.12M->44.12M 1.282ms
[65.682s] GC(963) Pause Incremental GC (Collect on allocation) 65.62M->44.12M 1.251ms
[65.719s] GC(964) Pause Incremental GC (Collect on allocation) 65.12M->44.12M 1.245ms
[65.755s] GC(965) Pause Incremental GC (Collect on allocation) 64.62M->44.12M 1.281ms
[65.789s] GC(966) Pause Incremental GC (Collect on allocation) 64.12M->44.12M 1.196ms
[65.824s] GC(967) Pause Incremental GC (Collect on allocation) 63.62M->44.12M 1.218ms
[65.857s] GC(968) Pause Incremental GC (Collect on allocation) 63.12M->44.12M 1.209ms
[65.893s] GC(969) Pause Incremental GC (Collect on allocation) 64.62M->44.12M 1.223ms
[65.953s] GC(970) Pause Full GC (Collect on allocation) 64.12M->43.12M 26.789ms
[65.977s] GC(971) Pause Incremental GC (Collect on allocation) 64.12M->43.12M 1.585ms
[66.003s] GC(972) Pause Incremental GC (Collect on allocation) 63.62M->43.12M 1.930ms
[66.040s] GC(973) Pause Incremental GC (Collect on allocation) 65.62M->43.12M 1.327ms
[66.083s] GC(974) Pause Incremental GC (Collect on allocation) 67.62M->43.12M 1.234ms
[66.130s] GC(975) Pause Incremental GC (Collect on allocation) 69.62M->43.12M 1.272ms
[66.182s] GC(976) Pause Incremental GC (Collect on allocation) 72.12M->43.12M 1.406ms
[66.231s] GC(977) Pause Incremental GC (Collect on allocation) 71.62M->43.12M 1.352ms
[66.280s] GC(978) Pause Incremental GC (Collect on allocation) 71.12M->43.12M 1.449ms
[66.326s] GC(979) Pause Incremental GC (Collect on allocation) 70.62M->43.12M 1.315ms
[66.373s] GC(980) Pause Incremental GC (Collect on allocation) 70.12M->43.62M 1.318ms
[66.420s] GC(981) Pause Incremental GC (Collect on allocation) 70.12M->43.62M 1.560ms
[66.466s] GC(982) Pause Incremental GC (Collect on allocation) 69.62M->43.62M 1.321ms
[66.510s] GC(983) Pause Incremental GC (Collect on allocation) 69.12M->43.62M 1.321ms
[66.553s] GC(984) Pause Incremental GC (Collect on allocation) 68.62M->43.62M 1.375ms
[66.596s] GC(985) Pause Incremental GC (Collect on allocation) 68.12M->43.62M 1.227ms
[66.638s] GC(986) Pause Incremental GC (Collect on allocation) 67.62M->43.62M 1.224ms
[66.680s] GC(987) Pause Incremental GC (Collect on allocation) 67.12M->43.62M 1.263ms
[66.720s] GC(988) Pause Incremental GC (Collect on allocation) 66.62M->43.62M 1.509ms
[66.759s] GC(989) Pause Incremental GC (Collect on allocation) 66.12M->43.62M 1.339ms
[66.798s] GC(990) Pause Incremental GC (Collect on allocation) 65.62M->43.62M 1.182ms
[66.835s] GC(991) Pause Incremental GC (Collect on allocation) 65.12M->43.62M 1.233ms
[66.872s] GC(992) Pause Incremental GC (Collect on allocation) 64.62M->43.62M 1.286ms
[66.908s] GC(993) Pause Incremental GC (Collect on allocation) 64.12M->43.62M 1.226ms
[66.943s] GC(994) Pause Incremental GC (Collect on allocation) 63.62M->43.62M 1.256ms
[66.977s] GC(995) Pause Incremental GC (Collect on allocation) 63.12M->43.62M 1.209ms
[67.010s] GC(996) Pause Incremental GC (Collect on allocation) 62.62M->43.62M 1.158ms
[67.043s] GC(997) Pause Incremental GC (Collect on allocation) 62.12M->43.62M 1.216ms
[67.074s] GC(998) Pause Incremental GC (Collect on allocation) 61.62M->43.62M 1.340ms
[67.108s] GC(999) Pause Incremental GC (Collect on allocation) 63.12M->43.62M 1.233ms
[67.145s] GC(1000) Pause Incremental GC (Collect on allocation) 64.62M->43.62M 1.220ms
[67.181s] GC(1001) Pause Incremental GC (Collect on allocation) 64.12M->43.62M 1.721ms
[67.220s] GC(1002) Pause Incremental GC (Collect on allocation) 66.12M->43.62M 1.167ms
[67.263s] GC(1003) Pause Incremental GC (Collect on allocation) 68.12M->43.62M 1.303ms
[67.305s] GC(1004) Pause Incremental GC (Collect on allocation) 67.62M->43.62M 1.268ms
[67.346s] GC(1005) Pause Incremental GC (Collect on allocation) 67.12M->43.62M 1.289ms
[67.388s] GC(1006) Pause Incremental GC (Collect on allocation) 66.62M->43.62M 1.323ms
[67.426s] GC(1007) Pause Incremental GC (Collect on allocation) 66.12M->44.12M 1.487ms
[67.464s] GC(1008) Pause Incremental GC (Collect on allocation) 66.12M->44.12M 1.526ms
[67.501s] GC(1009) Pause Incremental GC (Collect on allocation) 65.62M->44.62M 1.469ms
[67.568s] GC(1010) Pause Full GC (Collect on allocation) 68.12M->42.62M 27.219ms
[67.600s] GC(1011) Pause Incremental GC (Collect on allocation) 70.62M->43.12M 1.671ms
[67.638s] GC(1012) Pause Incremental GC (Collect on allocation) 70.62M->43.62M 1.577ms
[67.690s] GC(1013) Pause Incremental GC (Collect on allocation) 73.62M->44.62M 1.610ms
[67.740s] GC(1014) Pause Incremental GC (Collect on allocation) 74.12M->45.62M 1.671ms
[67.790s] GC(1015) Pause Incremental GC (Collect on allocation) 74.62M->46.12M 1.564ms
[67.838s] GC(1016) Pause Incremental GC (Collect on allocation) 74.62M->46.12M 1.523ms
[67.887s] GC(1017) Pause Incremental GC (Collect on allocation) 74.12M->46.62M 1.306ms
[67.936s] GC(1018) Pause Incremental GC (Collect on allocation) 74.12M->46.62M 1.308ms
[67.982s] GC(1019) Pause Incremental GC (Collect on allocation) 73.62M->46.62M 1.259ms
[68.028s] GC(1020) Pause Incremental GC (Collect on allocation) 73.12M->46.62M 1.330ms
[68.073s] GC(1021) Pause Incremental GC (Collect on allocation) 72.62M->46.62M 1.387ms
[68.118s] GC(1022) Pause Incremental GC (Collect on allocation) 72.12M->46.62M 1.346ms
[68.162s] GC(1023) Pause Incremental GC (Collect on allocation) 71.62M->46.62M 1.279ms
[68.206s] GC(1024) Pause Incremental GC (Collect on allocation) 71.12M->46.62M 1.299ms
[68.248s] GC(1025) Pause Incremental GC (Collect on allocation) 70.62M->46.62M 1.355ms
[68.289s] GC(1026) Pause Incremental GC (Collect on allocation) 70.12M->46.62M 1.449ms
[68.329s] GC(1027) Pause Incremental GC (Collect on allocation) 69.62M->46.62M 1.338ms
[68.369s] GC(1028) Pause Incremental GC (Collect on allocation) 69.12M->46.62M 1.350ms
[68.407s] GC(1029) Pause Incremental GC (Collect on allocation) 68.62M->46.62M 1.234ms
[68.445s] GC(1030) Pause Incremental GC (Collect on allocation) 68.12M->46.62M 1.241ms
[68.481s] GC(1031) Pause Incremental GC (Collect on allocation) 67.62M->46.62M 1.368ms
[68.517s] GC(1032) Pause Incremental GC (Collect on allocation) 67.12M->46.62M 1.211ms
[68.552s] GC(1033) Pause Incremental GC (Collect on allocation) 66.62M->47.12M 1.394ms
[68.585s] GC(1034) Pause Incremental GC (Collect on allocation) 66.62M->47.12M 1.326ms
[68.621s] GC(1035) Pause Incremental GC (Collect on allocation) 68.12M->47.12M 1.215ms
[68.662s] GC(1036) Pause Incremental GC (Collect on allocation) 70.12M->47.12M 1.332ms
[68.701s] GC(1037) Pause Incremental GC (Collect on allocation) 69.62M->47.12M 1.305ms
[68.740s] GC(1038) Pause Incremental GC (Collect on allocation) 69.12M->47.12M 1.773ms
[68.782s] GC(1039) Pause Incremental GC (Collect on allocation) 71.12M->47.12M 1.308ms
[68.827s] GC(1040) Pause Incremental GC (Collect on allocation) 73.12M->47.12M 1.327ms
[68.871s] GC(1041) Pause Incremental GC (Collect on allocation) 72.62M->47.12M 1.447ms
[68.914s] GC(1042) Pause Incremental GC (Collect on allocation) 72.12M->47.12M 1.414ms
[68.956s] GC(1043) Pause Incremental GC (Collect on allocation) 71.62M->47.12M 1.532ms
[69.000s] GC(1044) Pause Incremental GC (Collect on allocation) 71.12M->47.62M 1.639ms
[69.025s] GC(1045) Pause Incremental GC (Collect on allocation) 71.12M->47.62M 1.662ms
[69.079s] GC(1046) Pause Full GC (Collect on allocation) 73.12M->43.12M 24.484ms
[69.113s] GC(1047) Pause Incremental GC (Collect on allocation) 67.62M->43.62M 2.920ms
[69.139s] GC(1048) Pause Incremental GC (Collect on allocation) 67.62M->43.62M 1.650ms
[69.179s] GC(1049) Pause Incremental GC (Collect on allocation) 67.12M->43.62M 1.308ms
[69.219s] GC(1050) Pause Incremental GC (Collect on allocation) 66.62M->43.62M 1.288ms
[69.259s] GC(1051) Pause Incremental GC (Collect on allocation) 66.12M->43.62M 1.413ms
[69.302s] GC(1052) Pause Incremental GC (Collect on allocation) 65.62M->43.62M 2.016ms
[69.335s] GC(1053) Pause Incremental GC (Collect on allocation) 65.12M->43.62M 1.773ms
[69.377s] GC(1054) Pause Incremental GC (Collect on allocation) 67.12M->43.62M 1.807ms
[69.420s] GC(1055) Pause Incremental GC (Collect on allocation) 69.12M->44.12M 2.033ms
[69.467s] GC(1056) Pause Incremental GC (Collect on allocation) 69.12M->44.12M 1.815ms
[69.509s] GC(1057) Pause Incremental GC (Collect on allocation) 68.62M->44.12M 1.963ms
[69.551s] GC(1058) Pause Incremental GC (Collect on allocation) 68.12M->44.62M 1.631ms
[69.590s] GC(1059) Pause Incremental GC (Collect on allocation) 68.12M->44.62M 1.512ms
[69.629s] GC(1060) Pause Incremental GC (Collect on allocation) 67.62M->44.62M 1.275ms
[69.668s] GC(1061) Pause Incremental GC (Collect on allocation) 67.12M->44.62M 1.401ms
[69.707s] GC(1062) Pause Incremental GC (Collect on allocation) 66.62M->44.62M 1.388ms
[69.744s] GC(1063) Pause Incremental GC (Collect on allocation) 66.12M->44.62M 1.423ms
[69.780s] GC(1064) Pause Incremental GC (Collect on allocation) 65.62M->44.62M 1.364ms
[69.815s] GC(1065) Pause Incremental GC (Collect on allocation) 65.12M->44.62M 1.392ms
[69.850s] GC(1066) Pause Incremental GC (Collect on allocation) 64.62M->44.62M 1.228ms
[69.884s] GC(1067) Pause Incremental GC (Collect on allocation) 64.12M->44.62M 1.332ms
[69.917s] GC(1068) Pause Incremental GC (Collect on allocation) 63.62M->44.62M 1.270ms
[69.950s] GC(1069) Pause Incremental GC (Collect on allocation) 63.12M->44.62M 1.239ms
[69.981s] GC(1070) Pause Incremental GC (Collect on allocation) 62.62M->44.62M 1.213ms
[70.012s] GC(1071) Pause Incremental GC (Collect on allocation) 62.12M->44.62M 1.227ms
[70.042s] GC(1072) Pause Incremental GC (Collect on allocation) 61.62M->44.62M 1.336ms
[70.071s] GC(1073) Pause Incremental GC (Collect on allocation) 61.12M->45.12M 1.307ms
[70.099s] GC(1074) Pause Incremental GC (Collect on allocation) 61.12M->45.12M 1.286ms
[70.129s] GC(1075) Pause Incremental GC (Collect on allocation) 62.62M->45.12M 1.222ms
[70.165s] GC(1076) Pause Incremental GC (Collect on allocation) 64.12M->45.12M 1.734ms
[70.197s] GC(1077) Pause Incremental GC (Collect on allocation) 65.62M->45.12M 1.336ms
[70.236s] GC(1078) Pause Incremental GC (Collect on allocation) 67.62M->45.12M 1.282ms
[70.279s] GC(1079) Pause Incremental GC (Collect on allocation) 69.62M->45.12M 1.215ms
[70.326s] GC(1080) Pause Incremental GC (Collect on allocation) 71.62M->45.12M 1.249ms
[70.372s] GC(1081) Pause Incremental GC (Collect on allocation) 71.12M->45.12M 1.482ms
[70.417s] GC(1082) Pause Incremental GC (Collect on allocation) 70.62M->45.12M 1.553ms
[70.461s] GC(1083) Pause Incremental GC (Collect on allocation) 70.12M->45.12M 1.304ms
[70.504s] GC(1084) Pause Incremental GC (Collect on allocation) 69.62M->45.12M 1.250ms
[70.546s] GC(1085) Pause Incremental GC (Collect on allocation) 69.12M->45.12M 1.232ms
[70.588s] GC(1086) Pause Incremental GC (Collect on allocation) 68.62M->45.12M 1.435ms
[70.651s] GC(1087) Pause Full GC (Collect on allocation) 68.12M->43.12M 24.677ms
[70.679s] GC(1088) Pause Incremental GC (Collect on allocation) 65.12M->43.12M 1.459ms
[70.704s] GC(1089) Pause Incremental GC (Collect on allocation) 64.62M->43.12M 1.254ms
[70.746s] GC(1090) Pause Incremental GC (Collect on allocation) 66.62M->43.12M 1.289ms
[70.786s] GC(1091) Pause Incremental GC (Collect on allocation) 66.12M->43.12M 1.238ms
[70.826s] GC(1092) Pause Incremental GC (Collect on allocation) 65.62M->43.12M 1.155ms
[70.864s] GC(1093) Pause Incremental GC (Collect on allocation) 65.12M->43.12M 1.382ms
[70.902s] GC(1094) Pause Incremental GC (Collect on allocation) 64.62M->43.12M 1.354ms
[70.938s] GC(1095) Pause Incremental GC (Collect on allocation) 64.12M->43.12M 1.283ms
[70.974s] GC(1096) Pause Incremental GC (Collect on allocation) 63.62M->43.12M 1.252ms
[71.009s] GC(1097) Pause Incremental GC (Collect on allocation) 63.12M->43.62M 1.346ms
[71.043s] GC(1098) Pause Incremental GC (Collect on allocation) 63.12M->43.62M 1.286ms
[71.077s] GC(1099) Pause Incremental GC (Collect on allocation) 62.62M->43.62M 1.261ms
[71.113s] GC(1100) Pause Incremental GC (Collect on allocation) 64.12M->43.62M 1.230ms
[71.153s] GC(1101) Pause Incremental GC (Collect on allocation) 66.12M->43.62M 1.834ms
[71.195s] GC(1102) Pause Incremental GC (Collect on allocation) 68.12M->43.62M 1.265ms
[71.241s] GC(1103) Pause Incremental GC (Collect on allocation) 70.12M->43.62M 1.287ms
[71.286s] GC(1104) Pause Incremental GC (Collect on allocation) 69.62M->43.62M 1.321ms
[71.331s] GC(1105) Pause Incremental GC (Collect on allocation) 69.12M->43.62M 1.258ms
[71.375s] GC(1106) Pause Incremental GC (Collect on allocation) 68.62M->43.62M 1.319ms
[71.418s] GC(1107) Pause Incremental GC (Collect on allocation) 68.12M->43.62M 1.337ms
[71.460s] GC(1108) Pause Incremental GC (Collect on allocation) 67.62M->43.62M 1.280ms
[71.501s] GC(1109) Pause Incremental GC (Collect on allocation) 67.12M->43.62M 1.267ms
[71.541s] GC(1110) Pause Incremental GC (Collect on allocation) 66.62M->43.62M 1.375ms
[71.580s] GC(1111) Pause Incremental GC (Collect on allocation) 66.12M->43.62M 1.264ms
[71.622s] GC(1112) Pause Incremental GC (Collect on allocation) 65.62M->43.62M 1.683ms
[71.670s] GC(1113) Pause Incremental GC (Collect on allocation) 65.12M->43.62M 1.311ms
[71.694s] GC(1114) Pause Incremental GC (Collect on allocation) 64.62M->43.62M 1.272ms
[71.734s] GC(1115) Pause Incremental GC (Collect on allocation) 66.62M->44.12M 1.242ms
[71.777s] GC(1116) Pause Incremental GC (Collect on allocation) 69.12M->44.12M 1.388ms
[71.821s] GC(1117) Pause Incremental GC (Collect on allocation) 68.62M->44.12M 1.250ms
[71.863s] GC(1118) Pause Incremental GC (Collect on allocation) 68.12M->44.12M 1.207ms
[71.903s] GC(1119) Pause Incremental GC (Collect on allocation) 67.62M->44.12M 1.249ms
[71.943s] GC(1120) Pause Incremental GC (Collect on allocation) 67.12M->44.12M 1.319ms
[71.982s] GC(1121) Pause Incremental GC (Collect on allocation) 66.62M->44.12M 1.286ms
[72.021s] GC(1122) Pause Incremental GC (Collect on allocation) 66.12M->44.12M 1.276ms
[72.059s] GC(1123) Pause Incremental GC (Collect on allocation) 65.62M->44.12M 1.417ms
[72.096s] GC(1124) Pause Incremental GC (Collect on allocation) 65.12M->44.12M 1.743ms
[72.137s] GC(1125) Pause Incremental GC (Collect on allocation) 67.12M->44.12M 1.320ms
[72.202s] GC(1126) Pause Full GC (Collect on allocation) 66.62M->43.12M 24.072ms
[72.226s] GC(1127) Pause Incremental GC (Collect on allocation) 64.62M->43.12M 1.507ms
[72.250s] GC(1128) Pause Incremental GC (Collect on allocation) 64.12M->43.12M 1.479ms
[72.288s] GC(1129) Pause Incremental GC (Collect on allocation) 66.12M->43.62M 1.377ms
[72.333s] GC(1130) Pause Incremental GC (Collect on allocation) 68.62M->43.62M 1.386ms
[72.379s] GC(1131) Pause Incremental GC (Collect on allocation) 70.62M->44.12M 1.609ms
[72.435s] GC(1132) Pause Incremental GC (Collect on allocation) 73.62M->44.62M 1.658ms
[72.480s] GC(1133) Pause Incremental GC (Collect on allocation) 73.62M->45.12M 1.566ms
[72.531s] GC(1134) Pause Incremental GC (Collect on allocation) 73.62M->46.12M 1.622ms
[72.577s] GC(1135) Pause Incremental GC (Collect on allocation) 74.12M->47.12M 1.694ms
[72.624s] GC(1136) Pause Incremental GC (Collect on allocation) 74.62M->47.62M 1.631ms
[72.672s] GC(1137) Pause Incremental GC (Collect on allocation) 74.62M->47.62M 1.462ms
[72.718s] GC(1138) Pause Incremental GC (Collect on allocation) 74.12M->48.12M 1.333ms
[72.763s] GC(1139) Pause Incremental GC (Collect on allocation) 74.12M->48.12M 1.338ms
[72.808s] GC(1140) Pause Incremental GC (Collect on allocation) 73.62M->48.12M 1.339ms
[72.852s] GC(1141) Pause Incremental GC (Collect on allocation) 73.12M->48.12M 1.352ms
[72.895s] GC(1142) Pause Incremental GC (Collect on allocation) 72.62M->48.12M 1.234ms
[72.937s] GC(1143) Pause Incremental GC (Collect on allocation) 72.12M->48.12M 1.430ms
[72.978s] GC(1144) Pause Incremental GC (Collect on allocation) 71.62M->48.12M 1.258ms
[73.019s] GC(1145) Pause Incremental GC (Collect on allocation) 71.12M->48.12M 1.308ms
[73.059s] GC(1146) Pause Incremental GC (Collect on allocation) 70.62M->48.12M 1.252ms
[73.097s] GC(1147) Pause Incremental GC (Collect on allocation) 70.12M->48.12M 1.291ms
[73.138s] GC(1148) Pause Incremental GC (Collect on allocation) 69.62M->48.12M 1.322ms
[73.172s] GC(1149) Pause Incremental GC (Collect on allocation) 69.12M->48.12M 1.390ms
[73.208s] GC(1150) Pause Incremental GC (Collect on allocation) 68.62M->48.12M 1.220ms
[73.243s] GC(1151) Pause Incremental GC (Collect on allocation) 68.12M->48.12M 1.264ms
[73.277s] GC(1152) Pause Incremental GC (Collect on allocation) 67.62M->48.12M 1.231ms
[73.311s] GC(1153) Pause Incremental GC (Collect on allocation) 67.12M->48.12M 1.265ms
[73.345s] GC(1154) Pause Incremental GC (Collect on allocation) 66.62M->48.62M 1.278ms
[73.378s] GC(1155) Pause Incremental GC (Collect on allocation) 66.62M->48.62M 1.248ms
[73.412s] GC(1156) Pause Incremental GC (Collect on allocation) 68.12M->48.62M 1.420ms
[73.445s] GC(1157) Pause Incremental GC (Collect on allocation) 69.62M->48.62M 1.260ms
[73.486s] GC(1158) Pause Incremental GC (Collect on allocation) 71.62M->48.62M 1.278ms
[73.530s] GC(1159) Pause Incremental GC (Collect on allocation) 73.62M->48.62M 1.323ms
[73.573s] GC(1160) Pause Incremental GC (Collect on allocation) 73.12M->48.62M 1.458ms
[73.615s] GC(1161) Pause Incremental GC (Collect on allocation) 72.62M->48.62M 1.384ms
[73.656s] GC(1162) Pause Incremental GC (Collect on allocation) 72.12M->48.62M 1.451ms
[73.695s] GC(1163) Pause Incremental GC (Collect on allocation) 71.62M->48.62M 1.452ms
[73.735s] GC(1164) Pause Incremental GC (Collect on allocation) 71.12M->48.62M 1.214ms
[73.793s] GC(1165) Pause Full GC (Collect on allocation) 70.62M->37.12M 21.129ms
[73.819s] GC(1166) Pause Incremental GC (Collect on allocation) 58.12M->37.12M 2.509ms
[73.850s] GC(1167) Pause Incremental GC (Collect on allocation) 60.12M->37.12M 1.231ms
[73.896s] GC(1168) Pause Incremental GC (Collect on allocation) 62.12M->37.12M 1.431ms
[73.944s] GC(1169) Pause Incremental GC (Collect on allocation) 64.12M->37.62M 1.489ms
[73.990s] GC(1170) Pause Incremental GC (Collect on allocation) 64.12M->37.62M 1.286ms
[74.035s] GC(1171) Pause Incremental GC (Collect on allocation) 63.62M->37.62M 1.348ms
[74.054s] GC(1172) Pause Incremental GC (Collect on allocation) 63.12M->37.62M 1.400ms
[74.096s] GC(1173) Pause Incremental GC (Collect on allocation) 62.62M->37.62M 1.231ms
[74.143s] GC(1174) Pause Incremental GC (Collect on allocation) 64.62M->37.62M 1.305ms
[74.195s] GC(1175) Pause Incremental GC (Collect on allocation) 67.12M->37.62M 1.282ms
[74.246s] GC(1176) Pause Incremental GC (Collect on allocation) 66.62M->37.62M 1.253ms
[74.296s] GC(1177) Pause Incremental GC (Collect on allocation) 66.12M->37.62M 1.325ms
[74.345s] GC(1178) Pause Incremental GC (Collect on allocation) 65.62M->37.62M 1.341ms
[74.393s] GC(1179) Pause Incremental GC (Collect on allocation) 65.12M->37.62M 1.524ms
[74.439s] GC(1180) Pause Incremental GC (Collect on allocation) 64.62M->37.62M 1.283ms
[74.486s] GC(1181) Pause Incremental GC (Collect on allocation) 64.12M->37.62M 1.236ms
[74.532s] GC(1182) Pause Incremental GC (Collect on allocation) 63.62M->37.62M 1.293ms
[74.577s] GC(1183) Pause Incremental GC (Collect on allocation) 63.12M->37.62M 1.263ms
[74.621s] GC(1184) Pause Incremental GC (Collect on allocation) 62.62M->37.62M 1.458ms
[74.664s] GC(1185) Pause Incremental GC (Collect on allocation) 62.12M->38.12M 1.421ms
[74.706s] GC(1186) Pause Incremental GC (Collect on allocation) 62.12M->38.12M 1.284ms
[74.747s] GC(1187) Pause Incremental GC (Collect on allocation) 61.62M->38.12M 1.312ms
[74.787s] GC(1188) Pause Incremental GC (Collect on allocation) 61.12M->38.12M 1.295ms
[74.827s] GC(1189) Pause Incremental GC (Collect on allocation) 60.62M->38.12M 1.888ms
[74.865s] GC(1190) Pause Incremental GC (Collect on allocation) 60.12M->38.12M 1.250ms
[74.903s] GC(1191) Pause Incremental GC (Collect on allocation) 59.62M->38.12M 1.270ms
[74.939s] GC(1192) Pause Incremental GC (Collect on allocation) 59.12M->38.12M 1.315ms
[74.975s] GC(1193) Pause Incremental GC (Collect on allocation) 58.62M->38.12M 1.297ms
[75.010s] GC(1194) Pause Incremental GC (Collect on allocation) 58.12M->38.12M 1.252ms
[75.044s] GC(1195) Pause Incremental GC (Collect on allocation) 57.62M->38.12M 1.209ms
[75.077s] GC(1196) Pause Incremental GC (Collect on allocation) 57.12M->38.12M 1.212ms
[75.109s] GC(1197) Pause Incremental GC (Collect on allocation) 56.62M->38.12M 1.195ms
[75.140s] GC(1198) Pause Incremental GC (Collect on allocation) 56.12M->38.12M 1.274ms
[75.171s] GC(1199) Pause Incremental GC (Collect on allocation) 55.62M->38.12M 1.372ms
[75.204s] GC(1200) Pause Incremental GC (Collect on allocation) 57.12M->38.12M 1.274ms
[75.239s] GC(1201) Pause Incremental GC (Collect on allocation) 58.62M->38.12M 1.126ms
[75.280s] GC(1202) Pause Incremental GC (Collect on allocation) 60.62M->38.12M 1.266ms
[75.318s] GC(1203) Pause Incremental GC (Collect on allocation) 60.12M->38.12M 1.182ms
[75.355s] GC(1204) Pause Incremental GC (Collect on allocation) 59.62M->38.12M 1.249ms
[75.391s] GC(1205) Pause Incremental GC (Collect on allocation) 59.12M->38.12M 1.293ms
[75.446s] GC(1206) Pause Full GC (Collect on allocation) 58.62M->37.12M 20.453ms
[75.469s] GC(1207) Pause Incremental GC (Collect on allocation) 56.62M->37.62M 1.641ms
[75.493s] GC(1208) Pause Incremental GC (Collect on allocation) 56.62M->37.62M 1.340ms
[75.528s] GC(1209) Pause Incremental GC (Collect on allocation) 58.12M->37.62M 1.249ms
[75.568s] GC(1210) Pause Incremental GC (Collect on allocation) 60.12M->37.62M 1.183ms
[75.610s] GC(1211) Pause Incremental GC (Collect on allocation) 62.12M->37.62M 1.313ms
[75.653s] GC(1212) Pause Incremental GC (Collect on allocation) 61.62M->37.62M 1.262ms
[75.693s] GC(1213) Pause Incremental GC (Collect on allocation) 61.12M->37.62M 1.320ms
[75.733s] GC(1214) Pause Incremental GC (Collect on allocation) 60.62M->37.62M 1.240ms
[75.773s] GC(1215) Pause Incremental GC (Collect on allocation) 60.12M->37.62M 1.236ms
[75.811s] GC(1216) Pause Incremental GC (Collect on allocation) 59.62M->37.62M 1.284ms
[75.849s] GC(1217) Pause Incremental GC (Collect on allocation) 59.12M->37.62M 1.672ms
[75.886s] GC(1218) Pause Incremental GC (Collect on allocation) 58.62M->37.62M 1.268ms
[75.923s] GC(1219) Pause Incremental GC (Collect on allocation) 58.12M->37.62M 1.262ms
[75.958s] GC(1220) Pause Incremental GC (Collect on allocation) 57.62M->37.62M 1.210ms
[75.990s] GC(1221) Pause Incremental GC (Collect on allocation) 57.12M->37.62M 1.261ms
[76.024s] GC(1222) Pause Incremental GC (Collect on allocation) 56.62M->37.62M 1.167ms
[76.056s] GC(1223) Pause Incremental GC (Collect on allocation) 56.12M->37.62M 1.252ms
[76.087s] GC(1224) Pause Incremental GC (Collect on allocation) 55.62M->37.62M 1.245ms
[76.117s] GC(1225) Pause Incremental GC (Collect on allocation) 55.12M->37.62M 1.256ms
[76.150s] GC(1226) Pause Incremental GC (Collect on allocation) 56.62M->37.62M 1.237ms
[76.186s] GC(1227) Pause Incremental GC (Collect on allocation) 58.12M->37.62M 1.307ms
[76.226s] GC(1228) Pause Incremental GC (Collect on allocation) 60.12M->38.12M 1.273ms
[76.264s] GC(1229) Pause Incremental GC (Collect on allocation) 60.12M->38.12M 1.226ms
[76.302s] GC(1230) Pause Incremental GC (Collect on allocation) 59.62M->38.12M 1.170ms
[76.338s] GC(1231) Pause Incremental GC (Collect on allocation) 59.12M->38.12M 1.190ms
[76.379s] GC(1232) Pause Incremental GC (Collect on allocation) 58.62M->38.12M 1.302ms
[76.409s] GC(1233) Pause Incremental GC (Collect on allocation) 58.12M->38.12M 1.236ms
[76.444s] GC(1234) Pause Incremental GC (Collect on allocation) 57.62M->38.12M 1.264ms
[76.477s] GC(1235) Pause Incremental GC (Collect on allocation) 57.12M->38.12M 1.361ms
[76.510s] GC(1236) Pause Incremental GC (Collect on allocation) 56.62M->38.12M 1.187ms
[76.541s] GC(1237) Pause Incremental GC (Collect on allocation) 56.12M->38.12M 1.218ms
[76.571s] GC(1238) Pause Incremental GC (Collect on allocation) 55.62M->38.12M 1.196ms
[76.605s] GC(1239) Pause Incremental GC (Collect on allocation) 57.12M->38.12M 1.196ms
[76.637s] GC(1240) Pause Incremental GC (Collect on allocation) 56.62M->38.12M 1.235ms
[76.669s] GC(1241) Pause Incremental GC (Collect on allocation) 56.12M->38.12M 1.301ms
[76.702s] GC(1242) Pause Incremental GC (Collect on allocation) 57.62M->38.12M 1.318ms
[76.740s] GC(1243) Pause Incremental GC (Collect on allocation) 59.12M->38.12M 1.261ms
[76.779s] GC(1244) Pause Incremental GC (Collect on allocation) 61.12M->38.12M 1.379ms
[76.837s] GC(1245) Pause Full GC (Collect on allocation) 60.62M->37.12M 19.440ms
[76.861s] GC(1246) Pause Incremental GC (Collect on allocation) 58.62M->37.12M 1.544ms
[76.894s] GC(1247) Pause Incremental GC (Collect on allocation) 58.12M->37.62M 1.301ms
[76.929s] GC(1248) Pause Incremental GC (Collect on allocation) 58.12M->37.62M 1.294ms
[76.964s] GC(1249) Pause Incremental GC (Collect on allocation) 57.62M->37.62M 1.377ms
[76.998s] GC(1250) Pause Incremental GC (Collect on allocation) 57.12M->37.62M 1.247ms
[77.032s] GC(1251) Pause Incremental GC (Collect on allocation) 56.62M->37.62M 1.184ms
[77.064s] GC(1252) Pause Incremental GC (Collect on allocation) 56.12M->37.62M 1.302ms
[77.095s] GC(1253) Pause Incremental GC (Collect on allocation) 55.62M->37.62M 1.374ms
[77.130s] GC(1254) Pause Incremental GC (Collect on allocation) 57.12M->37.62M 1.396ms
[77.166s] GC(1255) Pause Incremental GC (Collect on allocation) 58.62M->38.12M 1.328ms
[77.205s] GC(1256) Pause Incremental GC (Collect on allocation) 61.12M->38.12M 1.320ms
[77.249s] GC(1257) Pause Incremental GC (Collect on allocation) 63.12M->38.62M 1.386ms
[77.291s] GC(1258) Pause Incremental GC (Collect on allocation) 63.12M->39.12M 1.579ms
[77.332s] GC(1259) Pause Incremental GC (Collect on allocation) 63.12M->40.12M 1.765ms
[77.377s] GC(1260) Pause Incremental GC (Collect on allocation) 66.12M->40.62M 2.268ms
[77.420s] GC(1261) Pause Incremental GC (Collect on allocation) 66.12M->41.12M 1.811ms
[77.463s] GC(1262) Pause Incremental GC (Collect on allocation) 66.12M->41.62M 1.496ms
[77.505s] GC(1263) Pause Incremental GC (Collect on allocation) 66.12M->42.12M 1.328ms
[77.547s] GC(1264) Pause Incremental GC (Collect on allocation) 66.12M->42.12M 1.274ms
[77.588s] GC(1265) Pause Incremental GC (Collect on allocation) 65.62M->42.12M 1.313ms
[77.629s] GC(1266) Pause Incremental GC (Collect on allocation) 65.12M->42.12M 1.330ms
[77.669s] GC(1267) Pause Incremental GC (Collect on allocation) 64.62M->42.12M 1.203ms
[77.707s] GC(1268) Pause Incremental GC (Collect on allocation) 64.12M->42.12M 1.238ms
[77.744s] GC(1269) Pause Incremental GC (Collect on allocation) 63.62M->42.12M 1.319ms
[77.781s] GC(1270) Pause Incremental GC (Collect on allocation) 63.12M->42.12M 1.264ms
[77.817s] GC(1271) Pause Incremental GC (Collect on allocation) 62.62M->42.12M 1.182ms
[77.851s] GC(1272) Pause Incremental GC (Collect on allocation) 62.12M->42.62M 1.273ms
[77.886s] GC(1273) Pause Incremental GC (Collect on allocation) 62.12M->42.62M 1.556ms
[77.918s] GC(1274) Pause Incremental GC (Collect on allocation) 61.62M->42.62M 1.257ms
[77.950s] GC(1275) Pause Incremental GC (Collect on allocation) 61.12M->42.62M 1.224ms
[77.985s] GC(1276) Pause Incremental GC (Collect on allocation) 62.62M->42.62M 1.194ms
[78.020s] GC(1277) Pause Incremental GC (Collect on allocation) 62.12M->42.62M 1.319ms
[78.052s] GC(1278) Pause Incremental GC (Collect on allocation) 61.62M->42.62M 1.263ms
[78.084s] GC(1279) Pause Incremental GC (Collect on allocation) 61.12M->42.62M 1.213ms
[78.120s] GC(1280) Pause Incremental GC (Collect on allocation) 62.62M->42.62M 1.301ms
[78.157s] GC(1281) Pause Incremental GC (Collect on allocation) 64.12M->42.62M 1.237ms
[78.194s] GC(1282) Pause Incremental GC (Collect on allocation) 63.62M->42.62M 1.228ms
[78.230s] GC(1283) Pause Incremental GC (Collect on allocation) 63.12M->42.62M 1.303ms
[78.284s] GC(1284) Pause Full GC (Collect on allocation) 62.62M->37.12M 20.676ms
[78.305s] GC(1285) Pause Incremental GC (Collect on allocation) 56.12M->37.12M 1.592ms
[78.330s] GC(1286) Pause Incremental GC (Collect on allocation) 55.62M->37.12M 1.298ms
[78.365s] GC(1287) Pause Incremental GC (Collect on allocation) 57.12M->37.12M 1.286ms
[78.403s] GC(1288) Pause Incremental GC (Collect on allocation) 58.62M->37.62M 1.503ms
[78.442s] GC(1289) Pause Incremental GC (Collect on allocation) 61.12M->37.62M 1.286ms
[78.487s] GC(1290) Pause Incremental GC (Collect on allocation) 63.12M->37.62M 1.398ms
[78.531s] GC(1291) Pause Incremental GC (Collect on allocation) 62.62M->37.62M 1.240ms
[78.574s] GC(1292) Pause Incremental GC (Collect on allocation) 62.12M->37.62M 1.580ms
[78.616s] GC(1293) Pause Incremental GC (Collect on allocation) 61.62M->37.62M 1.341ms
[78.658s] GC(1294) Pause Incremental GC (Collect on allocation) 61.12M->37.62M 1.249ms
[78.699s] GC(1295) Pause Incremental GC (Collect on allocation) 60.62M->37.62M 1.342ms
[78.738s] GC(1296) Pause Incremental GC (Collect on allocation) 60.12M->37.62M 1.414ms
[78.776s] GC(1297) Pause Incremental GC (Collect on allocation) 59.62M->37.62M 1.344ms
[78.815s] GC(1298) Pause Incremental GC (Collect on allocation) 59.12M->37.62M 1.359ms
[78.850s] GC(1299) Pause Incremental GC (Collect on allocation) 58.62M->37.62M 1.246ms
[78.887s] GC(1300) Pause Incremental GC (Collect on allocation) 58.12M->37.62M 1.419ms
[78.924s] GC(1301) Pause Incremental GC (Collect on allocation) 57.62M->38.12M 2.200ms
[78.957s] GC(1302) Pause Incremental GC (Collect on allocation) 59.62M->38.12M 1.242ms
[78.999s] GC(1303) Pause Incremental GC (Collect on allocation) 61.62M->38.12M 1.417ms
[79.024s] GC(1304) Pause Incremental GC (Collect on allocation) 63.62M->38.12M 1.358ms
[79.066s] GC(1305) Pause Incremental GC (Collect on allocation) 66.12M->38.12M 1.248ms
[79.120s] GC(1306) Pause Incremental GC (Collect on allocation) 68.62M->38.12M 1.473ms
[79.173s] GC(1307) Pause Incremental GC (Collect on allocation) 68.12M->38.12M 1.458ms
[79.224s] GC(1308) Pause Incremental GC (Collect on allocation) 67.62M->38.62M 1.375ms
[79.274s] GC(1309) Pause Incremental GC (Collect on allocation) 67.62M->38.62M 1.306ms
[79.325s] GC(1310) Pause Incremental GC (Collect on allocation) 67.12M->38.62M 1.439ms
[79.374s] GC(1311) Pause Incremental GC (Collect on allocation) 66.62M->38.62M 1.453ms
[79.421s] GC(1312) Pause Incremental GC (Collect on allocation) 66.12M->38.62M 1.902ms
[79.469s] GC(1313) Pause Incremental GC (Collect on allocation) 65.62M->38.62M 1.303ms
[79.515s] GC(1314) Pause Incremental GC (Collect on allocation) 65.12M->38.62M 1.380ms
[79.561s] GC(1315) Pause Incremental GC (Collect on allocation) 64.62M->38.62M 1.353ms
[79.636s] GC(1316) Pause Full GC (Collect on allocation) 64.12M->37.12M 30.644ms
[79.668s] GC(1317) Pause Incremental GC (Collect on allocation) 61.62M->37.12M 1.641ms
[79.696s] GC(1318) Pause Incremental GC (Collect on allocation) 61.12M->37.62M 1.571ms
[79.740s] GC(1319) Pause Incremental GC (Collect on allocation) 63.62M->37.62M 1.451ms
[79.795s] GC(1320) Pause Incremental GC (Collect on allocation) 66.12M->37.62M 1.977ms
[79.840s] GC(1321) Pause Incremental GC (Collect on allocation) 68.62M->37.62M 1.337ms
[79.894s] GC(1322) Pause Incremental GC (Collect on allocation) 68.12M->37.62M 1.215ms
[79.946s] GC(1323) Pause Incremental GC (Collect on allocation) 67.62M->37.62M 1.359ms
[79.998s] GC(1324) Pause Incremental GC (Collect on allocation) 67.12M->37.62M 1.349ms
[80.048s] GC(1325) Pause Incremental GC (Collect on allocation) 66.62M->37.62M 1.294ms
[80.098s] GC(1326) Pause Incremental GC (Collect on allocation) 66.12M->37.62M 1.384ms
[80.148s] GC(1327) Pause Incremental GC (Collect on allocation) 65.62M->37.62M 1.387ms
[80.196s] GC(1328) Pause Incremental GC (Collect on allocation) 65.12M->37.62M 1.307ms
[80.243s] GC(1329) Pause Incremental GC (Collect on allocation) 64.62M->37.62M 1.334ms
[80.289s] GC(1330) Pause Incremental GC (Collect on allocation) 64.12M->37.62M 1.317ms
[80.335s] GC(1331) Pause Incremental GC (Collect on allocation) 63.62M->38.12M 1.230ms
[80.380s] GC(1332) Pause Incremental GC (Collect on allocation) 63.62M->38.12M 1.274ms
[80.424s] GC(1333) Pause Incremental GC (Collect on allocation) 63.12M->38.12M 1.540ms
[80.467s] GC(1334) Pause Incremental GC (Collect on allocation) 62.62M->38.12M 1.574ms
[80.509s] GC(1335) Pause Incremental GC (Collect on allocation) 62.12M->38.12M 1.259ms
[80.550s] GC(1336) Pause Incremental GC (Collect on allocation) 61.62M->38.12M 1.223ms
[80.591s] GC(1337) Pause Incremental GC (Collect on allocation) 61.12M->38.12M 1.266ms
[80.631s] GC(1338) Pause Incremental GC (Collect on allocation) 60.62M->38.12M 1.321ms
[80.670s] GC(1339) Pause Incremental GC (Collect on allocation) 60.12M->38.12M 1.251ms
[80.707s] GC(1340) Pause Incremental GC (Collect on allocation) 59.62M->38.12M 1.239ms
[80.744s] GC(1341) Pause Incremental GC (Collect on allocation) 59.12M->38.12M 1.397ms
[80.780s] GC(1342) Pause Incremental GC (Collect on allocation) 58.62M->38.12M 1.320ms
[80.815s] GC(1343) Pause Incremental GC (Collect on allocation) 58.12M->38.12M 1.331ms
[80.849s] GC(1344) Pause Incremental GC (Collect on allocation) 57.62M->38.12M 1.292ms
[80.883s] GC(1345) Pause Incremental GC (Collect on allocation) 57.12M->38.12M 1.207ms
[80.915s] GC(1346) Pause Incremental GC (Collect on allocation) 56.62M->38.12M 1.284ms
[80.950s] GC(1347) Pause Incremental GC (Collect on allocation) 58.12M->38.12M 1.141ms
[80.988s] GC(1348) Pause Incremental GC (Collect on allocation) 59.62M->38.12M 1.278ms
[81.024s] GC(1349) Pause Incremental GC (Collect on allocation) 59.12M->38.12M 1.236ms
[81.060s] GC(1350) Pause Incremental GC (Collect on allocation) 58.62M->38.12M 1.234ms
[81.095s] GC(1351) Pause Incremental GC (Collect on allocation) 58.12M->38.12M 1.340ms
[81.132s] GC(1352) Pause Incremental GC (Collect on allocation) 59.62M->38.12M 1.256ms
[81.169s] GC(1353) Pause Incremental GC (Collect on allocation) 59.12M->38.12M 1.219ms
[81.204s] GC(1354) Pause Incremental GC (Collect on allocation) 58.62M->38.12M 1.228ms
[81.240s] GC(1355) Pause Incremental GC (Collect on allocation) 58.12M->38.12M 1.245ms
[81.274s] GC(1356) Pause Incremental GC (Collect on allocation) 57.62M->38.12M 1.221ms
[81.307s] GC(1357) Pause Incremental GC (Collect on allocation) 57.12M->38.12M 1.185ms
[81.339s] GC(1358) Pause Incremental GC (Collect on allocation) 56.62M->38.12M 1.239ms
[81.392s] GC(1359) Pause Full GC (Collect on allocation) 58.12M->37.12M 19.999ms
[81.416s] GC(1360) Pause Incremental GC (Collect on allocation) 58.12M->37.12M 1.591ms
[81.445s] GC(1361) Pause Incremental GC (Collect on allocation) 57.62M->37.12M 1.232ms
[81.484s] GC(1362) Pause Incremental GC (Collect on allocation) 59.62M->37.12M 1.269ms
[81.523s] GC(1363) Pause Incremental GC (Collect on allocation) 59.12M->37.12M 1.298ms
[81.560s] GC(1364) Pause Incremental GC (Collect on allocation) 58.62M->37.12M 1.247ms
[81.598s] GC(1365) Pause Incremental GC (Collect on allocation) 58.12M->37.12M 1.278ms
[81.633s] GC(1366) Pause Incremental GC (Collect on allocation) 57.62M->37.12M 1.245ms
[81.669s] GC(1367) Pause Incremental GC (Collect on allocation) 57.12M->37.12M 1.246ms
[81.703s] GC(1368) Pause Incremental GC (Collect on allocation) 56.62M->37.12M 1.216ms
[81.736s] GC(1369) Pause Incremental GC (Collect on allocation) 56.12M->37.12M 1.235ms
[81.769s] GC(1370) Pause Incremental GC (Collect on allocation) 55.62M->37.62M 1.261ms
[81.800s] GC(1371) Pause Incremental GC (Collect on allocation) 55.62M->37.62M 1.480ms
[81.834s] GC(1372) Pause Incremental GC (Collect on allocation) 57.12M->37.62M 1.261ms
[81.871s] GC(1373) Pause Incremental GC (Collect on allocation) 58.62M->37.62M 1.212ms
[81.911s] GC(1374) Pause Incremental GC (Collect on allocation) 60.62M->37.62M 1.329ms
[81.950s] GC(1375) Pause Incremental GC (Collect on allocation) 60.12M->37.62M 1.280ms
[81.989s] GC(1376) Pause Incremental GC (Collect on allocation) 59.62M->37.62M 1.387ms
[82.025s] GC(1377) Pause Incremental GC (Collect on allocation) 59.12M->38.12M 1.330ms
[82.062s] GC(1378) Pause Incremental GC (Collect on allocation) 59.12M->38.12M 1.349ms
[82.099s] GC(1379) Pause Incremental GC (Collect on allocation) 58.62M->38.62M 1.489ms
[82.136s] GC(1380) Pause Incremental GC (Collect on allocation) 61.12M->39.12M 1.468ms
[82.181s] GC(1381) Pause Incremental GC (Collect on allocation) 63.62M->40.12M 1.687ms
[82.229s] GC(1382) Pause Incremental GC (Collect on allocation) 66.62M->40.62M 1.720ms
[82.268s] GC(1383) Pause Incremental GC (Collect on allocation) 66.62M->41.62M 1.698ms
[82.316s] GC(1384) Pause Incremental GC (Collect on allocation) 67.12M->42.12M 1.869ms
[82.356s] GC(1385) Pause Incremental GC (Collect on allocation) 67.12M->42.12M 1.508ms
[82.400s] GC(1386) Pause Incremental GC (Collect on allocation) 66.62M->42.12M 1.723ms
[82.441s] GC(1387) Pause Incremental GC (Collect on allocation) 66.12M->42.12M 1.398ms
[82.482s] GC(1388) Pause Incremental GC (Collect on allocation) 65.62M->42.62M 1.352ms
[82.523s] GC(1389) Pause Incremental GC (Collect on allocation) 65.62M->42.62M 1.357ms
[82.563s] GC(1390) Pause Incremental GC (Collect on allocation) 65.12M->42.62M 1.224ms
[82.600s] GC(1391) Pause Incremental GC (Collect on allocation) 64.62M->42.62M 1.301ms
[82.637s] GC(1392) Pause Incremental GC (Collect on allocation) 64.12M->42.62M 1.388ms
[82.673s] GC(1393) Pause Incremental GC (Collect on allocation) 63.62M->42.62M 1.254ms
[82.713s] GC(1394) Pause Incremental GC (Collect on allocation) 63.12M->42.62M 1.313ms
[82.765s] GC(1395) Pause Full GC (Collect on allocation) 62.62M->37.12M 21.860ms
[82.791s] GC(1396) Pause Incremental GC (Collect on allocation) 60.62M->37.12M 1.546ms
[82.830s] GC(1397) Pause Incremental GC (Collect on allocation) 62.62M->37.62M 1.356ms
[82.879s] GC(1398) Pause Incremental GC (Collect on allocation) 65.62M->37.62M 1.197ms
[82.927s] GC(1399) Pause Incremental GC (Collect on allocation) 65.12M->37.62M 1.178ms
[82.976s] GC(1400) Pause Incremental GC (Collect on allocation) 64.62M->37.62M 1.263ms
[83.022s] GC(1401) Pause Incremental GC (Collect on allocation) 64.12M->37.62M 1.279ms
[83.067s] GC(1402) Pause Incremental GC (Collect on allocation) 63.62M->37.62M 1.246ms
[83.110s] GC(1403) Pause Incremental GC (Collect on allocation) 63.12M->37.62M 1.284ms
[83.154s] GC(1404) Pause Incremental GC (Collect on allocation) 62.62M->37.62M 1.279ms
[83.197s] GC(1405) Pause Incremental GC (Collect on allocation) 62.12M->37.62M 1.414ms
[83.239s] GC(1406) Pause Incremental GC (Collect on allocation) 61.62M->37.62M 1.242ms
[83.281s] GC(1407) Pause Incremental GC (Collect on allocation) 61.12M->37.62M 1.250ms
[83.321s] GC(1408) Pause Incremental GC (Collect on allocation) 60.62M->37.62M 1.241ms
[83.360s] GC(1409) Pause Incremental GC (Collect on allocation) 60.12M->37.62M 1.188ms
[83.399s] GC(1410) Pause Incremental GC (Collect on allocation) 59.62M->37.62M 1.305ms
[83.437s] GC(1411) Pause Incremental GC (Collect on allocation) 59.12M->37.62M 1.605ms
[83.473s] GC(1412) Pause Incremental GC (Collect on allocation) 58.62M->37.62M 1.342ms
[83.509s] GC(1413) Pause Incremental GC (Collect on allocation) 58.12M->37.62M 1.209ms
[83.543s] GC(1414) Pause Incremental GC (Collect on allocation) 57.62M->37.62M 1.232ms
[83.577s] GC(1415) Pause Incremental GC (Collect on allocation) 57.12M->37.62M 1.206ms
[83.615s] GC(1416) Pause Incremental GC (Collect on allocation) 56.62M->37.62M 1.372ms
[83.646s] GC(1417) Pause Incremental GC (Collect on allocation) 56.12M->37.62M 1.342ms
[83.677s] GC(1418) Pause Incremental GC (Collect on allocation) 57.62M->37.62M 1.274ms
[83.715s] GC(1419) Pause Incremental GC (Collect on allocation) 59.12M->37.62M 1.330ms
[83.757s] GC(1420) Pause Incremental GC (Collect on allocation) 61.12M->37.62M 1.275ms
[83.797s] GC(1421) Pause Incremental GC (Collect on allocation) 60.62M->38.12M 1.575ms
[83.841s] GC(1422) Pause Incremental GC (Collect on allocation) 63.12M->38.12M 1.211ms
[83.884s] GC(1423) Pause Incremental GC (Collect on allocation) 62.62M->38.12M 1.455ms
[83.927s] GC(1424) Pause Incremental GC (Collect on allocation) 62.12M->38.12M 1.532ms
[83.966s] GC(1425) Pause Incremental GC (Collect on allocation) 61.62M->38.12M 1.219ms
[84.007s] GC(1426) Pause Incremental GC (Collect on allocation) 61.12M->38.12M 1.202ms
[84.026s] GC(1427) Pause Incremental GC (Collect on allocation) 60.62M->38.12M 1.969ms
[84.063s] GC(1428) Pause Incremental GC (Collect on allocation) 62.62M->38.12M 1.255ms
[84.110s] GC(1429) Pause Incremental GC (Collect on allocation) 64.62M->38.12M 1.256ms
[84.162s] GC(1430) Pause Incremental GC (Collect on allocation) 67.12M->38.12M 1.381ms
[84.233s] GC(1431) Pause Full GC (Collect on allocation) 69.62M->37.12M 17.219ms
[84.271s] GC(1432) Pause Incremental GC (Collect on allocation) 67.62M->37.12M 1.464ms
[84.323s] GC(1433) Pause Incremental GC (Collect on allocation) 67.12M->37.12M 1.430ms
[84.375s] GC(1434) Pause Incremental GC (Collect on allocation) 66.62M->37.12M 1.220ms
[84.426s] GC(1435) Pause Incremental GC (Collect on allocation) 66.12M->37.12M 1.334ms
[84.475s] GC(1436) Pause Incremental GC (Collect on allocation) 65.62M->37.12M 1.230ms
[84.524s] GC(1437) Pause Incremental GC (Collect on allocation) 65.12M->37.12M 1.209ms
[84.574s] GC(1438) Pause Incremental GC (Collect on allocation) 64.62M->37.62M 1.328ms
[84.620s] GC(1439) Pause Incremental GC (Collect on allocation) 64.62M->37.62M 1.391ms
[84.666s] GC(1440) Pause Incremental GC (Collect on allocation) 64.12M->37.62M 1.245ms
[84.711s] GC(1441) Pause Incremental GC (Collect on allocation) 63.62M->37.62M 1.208ms
[84.757s] GC(1442) Pause Incremental GC (Collect on allocation) 63.12M->37.62M 1.226ms
[84.800s] GC(1443) Pause Incremental GC (Collect on allocation) 62.62M->37.62M 1.191ms
[84.844s] GC(1444) Pause Incremental GC (Collect on allocation) 62.12M->37.62M 1.199ms
[84.886s] GC(1445) Pause Incremental GC (Collect on allocation) 61.62M->37.62M 1.231ms
[84.927s] GC(1446) Pause Incremental GC (Collect on allocation) 61.12M->37.62M 1.293ms
[84.968s] GC(1447) Pause Incremental GC (Collect on allocation) 60.62M->37.62M 1.328ms
[85.007s] GC(1448) Pause Incremental GC (Collect on allocation) 60.12M->37.62M 1.698ms
[85.045s] GC(1449) Pause Incremental GC (Collect on allocation) 59.62M->37.62M 1.227ms
[85.083s] GC(1450) Pause Incremental GC (Collect on allocation) 59.12M->37.62M 1.299ms
[85.119s] GC(1451) Pause Incremental GC (Collect on allocation) 58.62M->37.62M 1.228ms
[85.155s] GC(1452) Pause Incremental GC (Collect on allocation) 58.12M->37.62M 1.355ms
[85.190s] GC(1453) Pause Incremental GC (Collect on allocation) 57.62M->37.62M 1.293ms
[85.225s] GC(1454) Pause Incremental GC (Collect on allocation) 57.12M->37.62M 1.196ms
[85.258s] GC(1455) Pause Incremental GC (Collect on allocation) 56.62M->37.62M 1.287ms
[85.290s] GC(1456) Pause Incremental GC (Collect on allocation) 56.12M->38.12M 1.429ms
[85.321s] GC(1457) Pause Incremental GC (Collect on allocation) 56.12M->38.12M 1.203ms
[85.355s] GC(1458) Pause Incremental GC (Collect on allocation) 57.62M->38.12M 1.276ms
[85.390s] GC(1459) Pause Incremental GC (Collect on allocation) 59.12M->38.12M 1.265ms
[85.431s] GC(1460) Pause Incremental GC (Collect on allocation) 61.12M->38.12M 1.423ms
[85.470s] GC(1461) Pause Incremental GC (Collect on allocation) 60.62M->38.12M 1.208ms
[85.509s] GC(1462) Pause Incremental GC (Collect on allocation) 60.12M->38.12M 1.535ms
[85.547s] GC(1463) Pause Incremental GC (Collect on allocation) 59.62M->38.12M 1.537ms
[85.587s] GC(1464) Pause Incremental GC (Collect on allocation) 61.62M->38.12M 1.237ms
[85.627s] GC(1465) Pause Incremental GC (Collect on allocation) 61.12M->38.12M 1.258ms
[85.666s] GC(1466) Pause Incremental GC (Collect on allocation) 60.62M->38.12M 1.211ms
[85.705s] GC(1467) Pause Incremental GC (Collect on allocation) 60.12M->38.12M 1.224ms
[85.760s] GC(1468) Pause Full GC (Collect on allocation) 59.62M->37.12M 19.491ms
[85.782s] GC(1469) Pause Incremental GC (Collect on allocation) 57.62M->37.12M 1.432ms
[85.814s] GC(1470) Pause Incremental GC (Collect on allocation) 57.12M->37.12M 1.208ms
[85.848s] GC(1471) Pause Incremental GC (Collect on allocation) 56.62M->37.12M 1.292ms
[85.881s] GC(1472) Pause Incremental GC (Collect on allocation) 56.12M->37.12M 1.337ms
[85.913s] GC(1473) Pause Incremental GC (Collect on allocation) 55.62M->37.12M 1.188ms
[85.945s] GC(1474) Pause Incremental GC (Collect on allocation) 55.12M->37.12M 1.264ms
[85.975s] GC(1475) Pause Incremental GC (Collect on allocation) 54.62M->37.12M 1.226ms
[86.009s] GC(1476) Pause Incremental GC (Collect on allocation) 56.12M->37.12M 1.250ms
[86.045s] GC(1477) Pause Incremental GC (Collect on allocation) 57.62M->37.62M 1.373ms
[86.083s] GC(1478) Pause Incremental GC (Collect on allocation) 60.12M->37.62M 1.432ms
[86.122s] GC(1479) Pause Incremental GC (Collect on allocation) 59.62M->37.62M 1.257ms
[86.159s] GC(1480) Pause Incremental GC (Collect on allocation) 59.12M->37.62M 1.174ms
[86.196s] GC(1481) Pause Incremental GC (Collect on allocation) 58.62M->37.62M 1.232ms
[86.232s] GC(1482) Pause Incremental GC (Collect on allocation) 58.12M->37.62M 1.307ms
[86.267s] GC(1483) Pause Incremental GC (Collect on allocation) 57.62M->37.62M 1.304ms
[86.301s] GC(1484) Pause Incremental GC (Collect on allocation) 57.12M->37.62M 1.182ms
[86.334s] GC(1485) Pause Incremental GC (Collect on allocation) 56.62M->37.62M 1.168ms
[86.366s] GC(1486) Pause Incremental GC (Collect on allocation) 56.12M->37.62M 1.182ms
[86.398s] GC(1487) Pause Incremental GC (Collect on allocation) 55.62M->37.62M 1.216ms
[86.429s] GC(1488) Pause Incremental GC (Collect on allocation) 55.12M->37.62M 1.269ms
[86.458s] GC(1489) Pause Incremental GC (Collect on allocation) 54.62M->37.62M 1.194ms
[86.487s] GC(1490) Pause Incremental GC (Collect on allocation) 54.12M->37.62M 1.233ms
[86.518s] GC(1491) Pause Incremental GC (Collect on allocation) 55.62M->37.62M 1.215ms
[86.552s] GC(1492) Pause Incremental GC (Collect on allocation) 57.12M->37.62M 1.382ms
[86.589s] GC(1493) Pause Incremental GC (Collect on allocation) 58.62M->37.62M 1.229ms
[86.629s] GC(1494) Pause Incremental GC (Collect on allocation) 60.62M->37.62M 1.405ms
[86.669s] GC(1495) Pause Incremental GC (Collect on allocation) 60.12M->37.62M 1.286ms
[86.707s] GC(1496) Pause Incremental GC (Collect on allocation) 59.62M->37.62M 1.217ms
[86.744s] GC(1497) Pause Incremental GC (Collect on allocation) 59.12M->37.62M 1.287ms
[86.780s] GC(1498) Pause Incremental GC (Collect on allocation) 58.62M->38.12M 1.406ms
[86.816s] GC(1499) Pause Incremental GC (Collect on allocation) 58.62M->38.12M 1.397ms
[86.851s] GC(1500) Pause Incremental GC (Collect on allocation) 58.12M->38.12M 1.290ms
[86.884s] GC(1501) Pause Incremental GC (Collect on allocation) 57.62M->38.62M 1.381ms
[86.939s] GC(1502) Pause Full GC (Collect on allocation) 59.62M->36.62M 19.766ms
[86.966s] GC(1503) Pause Incremental GC (Collect on allocation) 61.62M->37.12M 1.674ms
[87.009s] GC(1504) Pause Incremental GC (Collect on allocation) 64.12M->38.12M 1.626ms
[87.055s] GC(1505) Pause Incremental GC (Collect on allocation) 64.62M->38.62M 1.709ms
[87.099s] GC(1506) Pause Incremental GC (Collect on allocation) 64.62M->39.62M 1.615ms
[87.143s] GC(1507) Pause Incremental GC (Collect on allocation) 65.12M->40.12M 1.487ms
[87.187s] GC(1508) Pause Incremental GC (Collect on allocation) 65.12M->40.12M 1.417ms
[87.230s] GC(1509) Pause Incremental GC (Collect on allocation) 64.62M->40.12M 1.270ms
[87.272s] GC(1510) Pause Incremental GC (Collect on allocation) 64.12M->40.12M 1.311ms
[87.314s] GC(1511) Pause Incremental GC (Collect on allocation) 63.62M->40.62M 1.400ms
[87.355s] GC(1512) Pause Incremental GC (Collect on allocation) 63.62M->40.62M 1.343ms
[87.394s] GC(1513) Pause Incremental GC (Collect on allocation) 63.12M->40.62M 1.254ms
[87.433s] GC(1514) Pause Incremental GC (Collect on allocation) 62.62M->40.62M 1.482ms
[87.470s] GC(1515) Pause Incremental GC (Collect on allocation) 62.12M->40.62M 1.238ms
[87.507s] GC(1516) Pause Incremental GC (Collect on allocation) 61.62M->40.62M 1.329ms
[87.542s] GC(1517) Pause Incremental GC (Collect on allocation) 61.12M->40.62M 1.340ms
[87.577s] GC(1518) Pause Incremental GC (Collect on allocation) 60.62M->40.62M 1.289ms
[87.610s] GC(1519) Pause Incremental GC (Collect on allocation) 60.12M->40.62M 1.354ms
[87.644s] GC(1520) Pause Incremental GC (Collect on allocation) 59.62M->40.62M 1.264ms
[87.676s] GC(1521) Pause Incremental GC (Collect on allocation) 59.12M->40.62M 1.243ms
[87.707s] GC(1522) Pause Incremental GC (Collect on allocation) 58.62M->40.62M 1.194ms
[87.738s] GC(1523) Pause Incremental GC (Collect on allocation) 58.12M->40.62M 1.179ms
[87.771s] GC(1524) Pause Incremental GC (Collect on allocation) 59.62M->40.62M 1.183ms
[87.807s] GC(1525) Pause Incremental GC (Collect on allocation) 61.12M->40.62M 1.328ms
[87.841s] GC(1526) Pause Incremental GC (Collect on allocation) 60.62M->40.62M 1.272ms
[87.875s] GC(1527) Pause Incremental GC (Collect on allocation) 60.12M->40.62M 1.221ms
[87.908s] GC(1528) Pause Incremental GC (Collect on allocation) 59.62M->40.62M 1.214ms
[87.940s] GC(1529) Pause Incremental GC (Collect on allocation) 59.12M->40.62M 1.240ms
[87.972s] GC(1530) Pause Incremental GC (Collect on allocation) 58.62M->40.62M 1.226ms
[88.006s] GC(1531) Pause Incremental GC (Collect on allocation) 60.12M->40.62M 1.277ms
[88.043s] GC(1532) Pause Incremental GC (Collect on allocation) 61.62M->40.62M 1.220ms
[88.079s] GC(1533) Pause Incremental GC (Collect on allocation) 61.12M->41.12M 1.255ms
[88.113s] GC(1534) Pause Incremental GC (Collect on allocation) 61.12M->41.12M 1.370ms
[88.148s] GC(1535) Pause Incremental GC (Collect on allocation) 60.62M->41.12M 1.308ms
[88.184s] GC(1536) Pause Incremental GC (Collect on allocation) 62.12M->41.12M 1.232ms
[88.238s] GC(1537) Pause Full GC (Collect on allocation) 61.62M->37.12M 19.727ms
[88.260s] GC(1538) Pause Incremental GC (Collect on allocation) 56.62M->37.12M 1.623ms
[88.291s] GC(1539) Pause Incremental GC (Collect on allocation) 58.12M->37.12M 1.305ms
[88.331s] GC(1540) Pause Incremental GC (Collect on allocation) 60.12M->37.12M 1.310ms
[88.375s] GC(1541) Pause Incremental GC (Collect on allocation) 62.12M->37.12M 1.252ms
[88.418s] GC(1542) Pause Incremental GC (Collect on allocation) 61.62M->37.12M 1.248ms
[88.463s] GC(1543) Pause Incremental GC (Collect on allocation) 61.12M->37.12M 1.329ms
[88.501s] GC(1544) Pause Incremental GC (Collect on allocation) 60.62M->37.12M 1.249ms
[88.542s] GC(1545) Pause Incremental GC (Collect on allocation) 60.12M->37.12M 1.200ms
[88.582s] GC(1546) Pause Incremental GC (Collect on allocation) 59.62M->37.62M 1.311ms
[88.620s] GC(1547) Pause Incremental GC (Collect on allocation) 59.62M->37.62M 1.249ms
[88.658s] GC(1548) Pause Incremental GC (Collect on allocation) 59.12M->37.62M 1.229ms
[88.694s] GC(1549) Pause Incremental GC (Collect on allocation) 58.62M->37.62M 1.313ms
[88.730s] GC(1550) Pause Incremental GC (Collect on allocation) 58.12M->37.62M 1.264ms
[88.766s] GC(1551) Pause Incremental GC (Collect on allocation) 57.62M->37.62M 1.183ms
[88.803s] GC(1552) Pause Incremental GC (Collect on allocation) 57.12M->37.62M 1.402ms
[88.840s] GC(1553) Pause Incremental GC (Collect on allocation) 56.62M->37.62M 1.806ms
[88.869s] GC(1554) Pause Incremental GC (Collect on allocation) 58.12M->37.62M 1.270ms
[88.911s] GC(1555) Pause Incremental GC (Collect on allocation) 60.12M->37.62M 1.427ms
[88.951s] GC(1556) Pause Incremental GC (Collect on allocation) 62.12M->37.62M 1.401ms
[88.997s] GC(1557) Pause Incremental GC (Collect on allocation) 64.12M->37.62M 1.318ms
[89.024s] GC(1558) Pause Incremental GC (Collect on allocation) 63.62M->38.12M 1.736ms
[89.060s] GC(1559) Pause Incremental GC (Collect on allocation) 63.62M->38.12M 1.380ms
[89.104s] GC(1560) Pause Incremental GC (Collect on allocation) 63.12M->38.12M 1.280ms
[89.147s] GC(1561) Pause Incremental GC (Collect on allocation) 62.62M->38.12M 1.214ms
[89.189s] GC(1562) Pause Incremental GC (Collect on allocation) 62.12M->38.12M 1.236ms
[89.231s] GC(1563) Pause Incremental GC (Collect on allocation) 61.62M->38.12M 1.245ms
[89.272s] GC(1564) Pause Incremental GC (Collect on allocation) 61.12M->38.12M 1.237ms
[89.312s] GC(1565) Pause Incremental GC (Collect on allocation) 60.62M->38.12M 1.271ms
[89.351s] GC(1566) Pause Incremental GC (Collect on allocation) 60.12M->38.12M 1.720ms
[89.388s] GC(1567) Pause Incremental GC (Collect on allocation) 59.62M->38.12M 1.193ms
[89.425s] GC(1568) Pause Incremental GC (Collect on allocation) 59.12M->38.12M 1.313ms
[89.460s] GC(1569) Pause Incremental GC (Collect on allocation) 58.62M->38.12M 1.251ms
[89.495s] GC(1570) Pause Incremental GC (Collect on allocation) 58.12M->38.12M 1.222ms
[89.547s] GC(1571) Pause Full GC (Collect on allocation) 57.62M->37.12M 20.116ms
[89.569s] GC(1572) Pause Incremental GC (Collect on allocation) 55.62M->37.12M 1.732ms
[89.594s] GC(1573) Pause Incremental GC (Collect on allocation) 57.12M->37.12M 1.384ms
[89.631s] GC(1574) Pause Incremental GC (Collect on allocation) 58.62M->37.12M 1.231ms
[89.672s] GC(1575) Pause Incremental GC (Collect on allocation) 60.62M->37.12M 1.232ms
[89.717s] GC(1576) Pause Incremental GC (Collect on allocation) 62.62M->37.62M 1.246ms
[89.761s] GC(1577) Pause Incremental GC (Collect on allocation) 62.62M->37.62M 1.234ms
[89.805s] GC(1578) Pause Incremental GC (Collect on allocation) 62.12M->37.62M 1.236ms
[89.847s] GC(1579) Pause Incremental GC (Collect on allocation) 61.62M->37.62M 1.335ms
[89.888s] GC(1580) Pause Incremental GC (Collect on allocation) 61.12M->37.62M 1.274ms
[89.928s] GC(1581) Pause Incremental GC (Collect on allocation) 60.62M->37.62M 1.310ms
[89.967s] GC(1582) Pause Incremental GC (Collect on allocation) 60.12M->37.62M 1.881ms
[90.005s] GC(1583) Pause Incremental GC (Collect on allocation) 59.62M->37.62M 1.267ms
[90.043s] GC(1584) Pause Incremental GC (Collect on allocation) 59.12M->37.62M 1.199ms
[90.080s] GC(1585) Pause Incremental GC (Collect on allocation) 58.62M->37.62M 1.213ms
[90.115s] GC(1586) Pause Incremental GC (Collect on allocation) 58.12M->37.62M 1.264ms
[90.150s] GC(1587) Pause Incremental GC (Collect on allocation) 57.62M->37.62M 1.419ms
[90.184s] GC(1588) Pause Incremental GC (Collect on allocation) 57.12M->37.62M 1.206ms
[90.217s] GC(1589) Pause Incremental GC (Collect on allocation) 56.62M->37.62M 1.422ms
[90.253s] GC(1590) Pause Incremental GC (Collect on allocation) 58.12M->37.62M 1.270ms
[90.292s] GC(1591) Pause Incremental GC (Collect on allocation) 60.12M->37.62M 1.274ms
[90.335s] GC(1592) Pause Incremental GC (Collect on allocation) 59.62M->37.62M 1.804ms
[90.373s] GC(1593) Pause Incremental GC (Collect on allocation) 61.62M->37.62M 1.368ms
[90.418s] GC(1594) Pause Incremental GC (Collect on allocation) 63.62M->37.62M 1.306ms
[90.462s] GC(1595) Pause Incremental GC (Collect on allocation) 63.12M->37.62M 1.307ms
[90.506s] GC(1596) Pause Incremental GC (Collect on allocation) 62.62M->37.62M 1.281ms
[90.549s] GC(1597) Pause Incremental GC (Collect on allocation) 62.12M->38.12M 1.339ms
[90.591s] GC(1598) Pause Incremental GC (Collect on allocation) 62.12M->38.12M 1.276ms
[90.632s] GC(1599) Pause Incremental GC (Collect on allocation) 61.62M->38.12M 1.254ms
[90.672s] GC(1600) Pause Incremental GC (Collect on allocation) 61.12M->38.12M 1.247ms
[90.712s] GC(1601) Pause Incremental GC (Collect on allocation) 60.62M->38.12M 1.185ms
[90.751s] GC(1602) Pause Incremental GC (Collect on allocation) 60.12M->38.12M 1.307ms
[90.788s] GC(1603) Pause Incremental GC (Collect on allocation) 59.62M->38.12M 1.284ms
[90.846s] GC(1604) Pause Full GC (Collect on allocation) 59.12M->37.12M 19.952ms
[90.868s] GC(1605) Pause Incremental GC (Collect on allocation) 57.12M->37.12M 1.633ms
[90.894s] GC(1606) Pause Incremental GC (Collect on allocation) 56.62M->37.12M 1.364ms
[90.930s] GC(1607) Pause Incremental GC (Collect on allocation) 58.12M->37.62M 1.203ms
[90.970s] GC(1608) Pause Incremental GC (Collect on allocation) 60.62M->37.62M 1.344ms
[91.009s] GC(1609) Pause Incremental GC (Collect on allocation) 60.12M->37.62M 1.272ms
[91.047s] GC(1610) Pause Incremental GC (Collect on allocation) 59.62M->37.62M 1.212ms
[91.085s] GC(1611) Pause Incremental GC (Collect on allocation) 59.12M->37.62M 1.236ms
[91.121s] GC(1612) Pause Incremental GC (Collect on allocation) 58.62M->37.62M 1.213ms
[91.157s] GC(1613) Pause Incremental GC (Collect on allocation) 58.12M->37.62M 1.194ms
[91.192s] GC(1614) Pause Incremental GC (Collect on allocation) 57.62M->37.62M 1.280ms
[91.226s] GC(1615) Pause Incremental GC (Collect on allocation) 57.12M->37.62M 1.208ms
[91.260s] GC(1616) Pause Incremental GC (Collect on allocation) 56.62M->37.62M 1.255ms
[91.292s] GC(1617) Pause Incremental GC (Collect on allocation) 56.12M->37.62M 1.317ms
[91.323s] GC(1618) Pause Incremental GC (Collect on allocation) 55.62M->37.62M 1.257ms
[91.356s] GC(1619) Pause Incremental GC (Collect on allocation) 57.12M->37.62M 1.295ms
[91.393s] GC(1620) Pause Incremental GC (Collect on allocation) 58.62M->37.62M 1.172ms
[91.429s] GC(1621) Pause Incremental GC (Collect on allocation) 58.12M->37.62M 1.296ms
[91.464s] GC(1622) Pause Incremental GC (Collect on allocation) 57.62M->37.62M 1.229ms
[91.498s] GC(1623) Pause Incremental GC (Collect on allocation) 57.12M->37.62M 1.292ms
[91.531s] GC(1624) Pause Incremental GC (Collect on allocation) 56.62M->37.62M 1.369ms
[91.568s] GC(1625) Pause Incremental GC (Collect on allocation) 58.12M->37.62M 1.280ms
[91.602s] GC(1626) Pause Incremental GC (Collect on allocation) 57.62M->37.62M 1.296ms
[91.640s] GC(1627) Pause Incremental GC (Collect on allocation) 59.12M->37.62M 1.365ms
[91.676s] GC(1628) Pause Incremental GC (Collect on allocation) 58.62M->38.12M 1.334ms
[91.716s] GC(1629) Pause Incremental GC (Collect on allocation) 61.12M->38.12M 1.514ms
[91.760s] GC(1630) Pause Incremental GC (Collect on allocation) 63.12M->38.62M 1.470ms
[91.802s] GC(1631) Pause Incremental GC (Collect on allocation) 63.12M->39.12M 1.551ms
[91.865s] GC(1632) Pause Full GC (Collect on allocation) 63.12M->36.62M 23.592ms
[91.892s] GC(1633) Pause Incremental GC (Collect on allocation) 59.62M->37.12M 2.159ms
[91.919s] GC(1634) Pause Incremental GC (Collect on allocation) 59.62M->37.62M 1.564ms
[91.957s] GC(1635) Pause Incremental GC (Collect on allocation) 59.62M->38.12M 1.491ms
[91.994s] GC(1636) Pause Incremental GC (Collect on allocation) 59.62M->38.62M 1.426ms
[92.030s] GC(1637) Pause Incremental GC (Collect on allocation) 59.62M->39.12M 1.349ms
[92.067s] GC(1638) Pause Incremental GC (Collect on allocation) 59.62M->39.12M 1.363ms
[92.101s] GC(1639) Pause Incremental GC (Collect on allocation) 59.12M->39.12M 1.264ms
[92.135s] GC(1640) Pause Incremental GC (Collect on allocation) 58.62M->39.12M 1.386ms
[92.168s] GC(1641) Pause Incremental GC (Collect on allocation) 58.12M->39.12M 1.308ms
[92.200s] GC(1642) Pause Incremental GC (Collect on allocation) 57.62M->39.12M 1.401ms
[92.231s] GC(1643) Pause Incremental GC (Collect on allocation) 57.12M->39.12M 1.347ms
[92.261s] GC(1644) Pause Incremental GC (Collect on allocation) 56.62M->39.12M 1.321ms
[92.290s] GC(1645) Pause Incremental GC (Collect on allocation) 56.12M->39.12M 1.258ms
[92.320s] GC(1646) Pause Incremental GC (Collect on allocation) 55.62M->39.12M 1.314ms
[92.349s] GC(1647) Pause Incremental GC (Collect on allocation) 55.12M->39.62M 1.421ms
[92.384s] GC(1648) Pause Incremental GC (Collect on allocation) 57.12M->39.62M 1.311ms
[92.411s] GC(1649) Pause Incremental GC (Collect on allocation) 58.62M->39.62M 1.223ms
[92.447s] GC(1650) Pause Incremental GC (Collect on allocation) 60.12M->39.62M 1.416ms
[92.487s] GC(1651) Pause Incremental GC (Collect on allocation) 62.12M->39.62M 1.303ms
[92.529s] GC(1652) Pause Incremental GC (Collect on allocation) 64.12M->39.62M 1.279ms
[92.577s] GC(1653) Pause Incremental GC (Collect on allocation) 66.12M->39.62M 1.298ms
[92.627s] GC(1654) Pause Incremental GC (Collect on allocation) 68.62M->39.62M 1.385ms
[92.677s] GC(1655) Pause Incremental GC (Collect on allocation) 68.12M->39.62M 1.284ms
[92.727s] GC(1656) Pause Incremental GC (Collect on allocation) 67.62M->39.62M 1.216ms
[92.774s] GC(1657) Pause Incremental GC (Collect on allocation) 67.12M->39.62M 1.278ms
[92.822s] GC(1658) Pause Incremental GC (Collect on allocation) 66.62M->39.62M 1.293ms
[92.869s] GC(1659) Pause Incremental GC (Collect on allocation) 66.12M->39.62M 1.271ms
[92.916s] GC(1660) Pause Incremental GC (Collect on allocation) 65.62M->39.62M 1.787ms
[92.960s] GC(1661) Pause Incremental GC (Collect on allocation) 65.12M->39.62M 1.220ms
[93.004s] GC(1662) Pause Incremental GC (Collect on allocation) 64.62M->39.62M 1.304ms
[93.046s] GC(1663) Pause Incremental GC (Collect on allocation) 64.12M->39.62M 1.333ms
[93.087s] GC(1664) Pause Incremental GC (Collect on allocation) 63.62M->39.62M 1.281ms
[93.129s] GC(1665) Pause Incremental GC (Collect on allocation) 63.12M->39.62M 1.245ms
[93.187s] GC(1666) Pause Full GC (Collect on allocation) 62.62M->37.12M 18.873ms
[93.210s] GC(1667) Pause Incremental GC (Collect on allocation) 59.12M->37.12M 1.460ms
[93.246s] GC(1668) Pause Incremental GC (Collect on allocation) 58.62M->37.12M 1.312ms
[93.282s] GC(1669) Pause Incremental GC (Collect on allocation) 58.12M->37.12M 1.230ms
[93.318s] GC(1670) Pause Incremental GC (Collect on allocation) 57.62M->37.12M 1.195ms
[93.353s] GC(1671) Pause Incremental GC (Collect on allocation) 57.12M->37.12M 1.211ms
[93.388s] GC(1672) Pause Incremental GC (Collect on allocation) 56.62M->37.12M 1.274ms
[93.421s] GC(1673) Pause Incremental GC (Collect on allocation) 56.12M->37.12M 1.291ms
[93.455s] GC(1674) Pause Incremental GC (Collect on allocation) 55.62M->37.12M 1.591ms
[93.487s] GC(1675) Pause Incremental GC (Collect on allocation) 57.12M->37.12M 1.239ms
[93.525s] GC(1676) Pause Incremental GC (Collect on allocation) 58.62M->37.12M 1.320ms
[93.565s] GC(1677) Pause Incremental GC (Collect on allocation) 60.62M->37.12M 1.265ms
[93.611s] GC(1678) Pause Incremental GC (Collect on allocation) 62.62M->37.12M 1.258ms
[93.655s] GC(1679) Pause Incremental GC (Collect on allocation) 62.12M->37.12M 1.268ms
[93.698s] GC(1680) Pause Incremental GC (Collect on allocation) 61.62M->37.12M 1.382ms
[93.741s] GC(1681) Pause Incremental GC (Collect on allocation) 61.12M->37.62M 1.383ms
[93.781s] GC(1682) Pause Incremental GC (Collect on allocation) 61.12M->37.62M 1.271ms
[93.822s] GC(1683) Pause Incremental GC (Collect on allocation) 60.62M->37.62M 1.725ms
[93.871s] GC(1684) Pause Incremental GC (Collect on allocation) 60.12M->37.62M 1.296ms
[93.907s] GC(1685) Pause Incremental GC (Collect on allocation) 59.62M->37.62M 1.623ms
[93.940s] GC(1686) Pause Incremental GC (Collect on allocation) 59.12M->37.62M 1.807ms
[93.980s] GC(1687) Pause Incremental GC (Collect on allocation) 61.12M->37.62M 1.224ms
[94.026s] GC(1688) Pause Incremental GC (Collect on allocation) 63.12M->37.62M 1.296ms
[94.042s] GC(1689) Pause Incremental GC (Collect on allocation) 62.62M->37.62M 1.249ms
[94.089s] GC(1690) Pause Incremental GC (Collect on allocation) 62.12M->37.62M 1.457ms
[94.131s] GC(1691) Pause Incremental GC (Collect on allocation) 64.12M->37.62M 1.325ms
[94.183s] GC(1692) Pause Incremental GC (Collect on allocation) 66.62M->37.62M 1.210ms
[94.238s] GC(1693) Pause Incremental GC (Collect on allocation) 69.12M->37.62M 1.237ms
[94.293s] GC(1694) Pause Incremental GC (Collect on allocation) 68.62M->38.12M 1.329ms
[94.346s] GC(1695) Pause Incremental GC (Collect on allocation) 68.62M->38.12M 1.328ms
[94.400s] GC(1696) Pause Incremental GC (Collect on allocation) 68.12M->38.12M 1.244ms
[94.472s] GC(1697) Pause Full GC (Collect on allocation) 67.62M->37.12M 18.674ms
[94.502s] GC(1698) Pause Incremental GC (Collect on allocation) 65.62M->37.12M 1.663ms
[94.550s] GC(1699) Pause Incremental GC (Collect on allocation) 65.12M->37.12M 1.319ms
[94.598s] GC(1700) Pause Incremental GC (Collect on allocation) 64.62M->37.12M 1.343ms
[94.646s] GC(1701) Pause Incremental GC (Collect on allocation) 64.12M->37.12M 1.442ms
[94.692s] GC(1702) Pause Incremental GC (Collect on allocation) 63.62M->37.62M 1.339ms
[94.737s] GC(1703) Pause Incremental GC (Collect on allocation) 63.62M->37.62M 1.453ms
[94.782s] GC(1704) Pause Incremental GC (Collect on allocation) 63.12M->37.62M 1.230ms
[94.828s] GC(1705) Pause Incremental GC (Collect on allocation) 62.62M->37.62M 1.309ms
[94.869s] GC(1706) Pause Incremental GC (Collect on allocation) 62.12M->37.62M 1.276ms
[94.911s] GC(1707) Pause Incremental GC (Collect on allocation) 61.62M->37.62M 1.211ms
[94.953s] GC(1708) Pause Incremental GC (Collect on allocation) 61.12M->37.62M 1.233ms
[94.993s] GC(1709) Pause Incremental GC (Collect on allocation) 60.62M->37.62M 1.378ms
[95.032s] GC(1710) Pause Incremental GC (Collect on allocation) 60.12M->37.62M 1.243ms
[95.070s] GC(1711) Pause Incremental GC (Collect on allocation) 59.62M->37.62M 1.282ms
[95.108s] GC(1712) Pause Incremental GC (Collect on allocation) 59.12M->37.62M 1.251ms
[95.145s] GC(1713) Pause Incremental GC (Collect on allocation) 58.62M->37.62M 1.372ms
[95.181s] GC(1714) Pause Incremental GC (Collect on allocation) 58.12M->37.62M 1.293ms
[95.216s] GC(1715) Pause Incremental GC (Collect on allocation) 57.62M->37.62M 1.530ms
[95.248s] GC(1716) Pause Incremental GC (Collect on allocation) 57.12M->37.62M 1.238ms
[95.285s] GC(1717) Pause Incremental GC (Collect on allocation) 58.62M->37.62M 1.166ms
[95.322s] GC(1718) Pause Incremental GC (Collect on allocation) 58.12M->37.62M 1.595ms
[95.362s] GC(1719) Pause Incremental GC (Collect on allocation) 60.12M->38.12M 1.276ms
[95.400s] GC(1720) Pause Incremental GC (Collect on allocation) 60.12M->38.12M 1.233ms
[95.438s] GC(1721) Pause Incremental GC (Collect on allocation) 59.62M->38.12M 1.264ms
[95.475s] GC(1722) Pause Incremental GC (Collect on allocation) 59.12M->38.12M 1.174ms
[95.511s] GC(1723) Pause Incremental GC (Collect on allocation) 58.62M->38.12M 1.295ms
[95.547s] GC(1724) Pause Incremental GC (Collect on allocation) 58.12M->38.12M 1.197ms
[95.580s] GC(1725) Pause Incremental GC (Collect on allocation) 57.62M->38.12M 1.246ms
[95.613s] GC(1726) Pause Incremental GC (Collect on allocation) 57.12M->38.12M 1.208ms
[95.646s] GC(1727) Pause Incremental GC (Collect on allocation) 56.62M->38.12M 1.183ms
[95.677s] GC(1728) Pause Incremental GC (Collect on allocation) 56.12M->38.12M 1.255ms
[95.711s] GC(1729) Pause Incremental GC (Collect on allocation) 57.62M->38.12M 1.222ms
[95.766s] GC(1730) Pause Full GC (Collect on allocation) 59.12M->37.12M 19.405ms
[95.788s] GC(1731) Pause Incremental GC (Collect on allocation) 57.12M->37.12M 1.485ms
[95.817s] GC(1732) Pause Incremental GC (Collect on allocation) 56.62M->37.12M 1.418ms
[95.854s] GC(1733) Pause Incremental GC (Collect on allocation) 58.12M->37.12M 1.301ms
[95.894s] GC(1734) Pause Incremental GC (Collect on allocation) 60.12M->37.12M 1.246ms
[95.938s] GC(1735) Pause Incremental GC (Collect on allocation) 62.12M->37.12M 1.195ms
[95.981s] GC(1736) Pause Incremental GC (Collect on allocation) 61.62M->37.12M 1.408ms
[96.023s] GC(1737) Pause Incremental GC (Collect on allocation) 61.12M->37.12M 1.321ms
[96.064s] GC(1738) Pause Incremental GC (Collect on allocation) 60.62M->37.12M 1.243ms
[96.105s] GC(1739) Pause Incremental GC (Collect on allocation) 60.12M->37.62M 1.409ms
[96.146s] GC(1740) Pause Incremental GC (Collect on allocation) 60.12M->37.62M 1.837ms
[96.183s] GC(1741) Pause Incremental GC (Collect on allocation) 59.62M->37.62M 1.715ms
[96.225s] GC(1742) Pause Incremental GC (Collect on allocation) 61.62M->37.62M 1.235ms
[96.265s] GC(1743) Pause Incremental GC (Collect on allocation) 61.12M->37.62M 1.849ms
[96.310s] GC(1744) Pause Incremental GC (Collect on allocation) 63.12M->37.62M 1.314ms
[96.359s] GC(1745) Pause Incremental GC (Collect on allocation) 65.62M->37.62M 1.326ms
[96.406s] GC(1746) Pause Incremental GC (Collect on allocation) 65.12M->37.62M 1.507ms
[96.455s] GC(1747) Pause Incremental GC (Collect on allocation) 64.62M->37.62M 1.580ms
[96.500s] GC(1748) Pause Incremental GC (Collect on allocation) 64.12M->38.12M 1.409ms
[96.546s] GC(1749) Pause Incremental GC (Collect on allocation) 64.12M->38.12M 1.436ms
[96.590s] GC(1750) Pause Incremental GC (Collect on allocation) 63.62M->38.62M 1.463ms
[96.633s] GC(1751) Pause Incremental GC (Collect on allocation) 63.62M->39.12M 1.523ms
[96.676s] GC(1752) Pause Incremental GC (Collect on allocation) 63.62M->39.62M 1.554ms
[96.717s] GC(1753) Pause Incremental GC (Collect on allocation) 63.62M->40.12M 1.630ms
[96.757s] GC(1754) Pause Incremental GC (Collect on allocation) 63.62M->41.12M 1.608ms
[96.801s] GC(1755) Pause Incremental GC (Collect on allocation) 66.62M->41.62M 1.532ms
[96.865s] GC(1756) Pause Full GC (Collect on allocation) 66.62M->36.62M 22.251ms
[96.897s] GC(1757) Pause Incremental GC (Collect on allocation) 66.12M->37.12M 1.576ms
[96.953s] GC(1758) Pause Incremental GC (Collect on allocation) 69.12M->37.12M 1.346ms
[97.008s] GC(1759) Pause Incremental GC (Collect on allocation) 68.62M->37.12M 1.297ms
[97.063s] GC(1760) Pause Incremental GC (Collect on allocation) 68.12M->37.12M 1.318ms
[97.117s] GC(1761) Pause Incremental GC (Collect on allocation) 67.62M->37.12M 1.389ms
[97.170s] GC(1762) Pause Incremental GC (Collect on allocation) 67.12M->37.12M 1.268ms
[97.222s] GC(1763) Pause Incremental GC (Collect on allocation) 66.62M->37.12M 1.244ms
[97.273s] GC(1764) Pause Incremental GC (Collect on allocation) 66.12M->37.12M 1.322ms
[97.323s] GC(1765) Pause Incremental GC (Collect on allocation) 65.62M->37.12M 1.394ms
[97.373s] GC(1766) Pause Incremental GC (Collect on allocation) 65.12M->37.12M 1.273ms
[97.421s] GC(1767) Pause Incremental GC (Collect on allocation) 64.62M->37.12M 1.479ms
[97.467s] GC(1768) Pause Incremental GC (Collect on allocation) 64.12M->37.12M 1.275ms
[97.514s] GC(1769) Pause Incremental GC (Collect on allocation) 63.62M->37.62M 1.237ms
[97.559s] GC(1770) Pause Incremental GC (Collect on allocation) 63.62M->37.62M 1.202ms
[97.604s] GC(1771) Pause Incremental GC (Collect on allocation) 63.12M->37.62M 1.340ms
[97.647s] GC(1772) Pause Incremental GC (Collect on allocation) 62.62M->37.62M 1.393ms
[97.690s] GC(1773) Pause Incremental GC (Collect on allocation) 62.12M->37.62M 1.305ms
[97.732s] GC(1774) Pause Incremental GC (Collect on allocation) 61.62M->37.62M 1.268ms
[97.773s] GC(1775) Pause Incremental GC (Collect on allocation) 61.12M->37.62M 1.372ms
[97.813s] GC(1776) Pause Incremental GC (Collect on allocation) 60.62M->37.62M 1.297ms
[97.853s] GC(1777) Pause Incremental GC (Collect on allocation) 60.12M->37.62M 1.254ms
[97.890s] GC(1778) Pause Incremental GC (Collect on allocation) 59.62M->37.62M 1.309ms
[97.928s] GC(1779) Pause Incremental GC (Collect on allocation) 59.12M->37.62M 1.266ms
[97.965s] GC(1780) Pause Incremental GC (Collect on allocation) 58.62M->37.62M 1.204ms
[98.001s] GC(1781) Pause Incremental GC (Collect on allocation) 58.12M->37.62M 1.314ms
[98.036s] GC(1782) Pause Incremental GC (Collect on allocation) 57.62M->37.62M 1.199ms
[98.071s] GC(1783) Pause Incremental GC (Collect on allocation) 57.12M->37.62M 1.277ms
[98.104s] GC(1784) Pause Incremental GC (Collect on allocation) 56.62M->37.62M 1.287ms
[98.136s] GC(1785) Pause Incremental GC (Collect on allocation) 56.12M->37.62M 1.193ms
[98.171s] GC(1786) Pause Incremental GC (Collect on allocation) 57.62M->37.62M 1.308ms
[98.209s] GC(1787) Pause Incremental GC (Collect on allocation) 59.12M->37.62M 1.210ms
[98.246s] GC(1788) Pause Incremental GC (Collect on allocation) 58.62M->37.62M 1.293ms
[98.304s] GC(1789) Pause Full GC (Collect on allocation) 58.12M->37.12M 24.091ms
[98.326s] GC(1790) Pause Incremental GC (Collect on allocation) 56.62M->37.12M 1.551ms
[98.349s] GC(1791) Pause Incremental GC (Collect on allocation) 56.12M->37.12M 1.234ms
[98.385s] GC(1792) Pause Incremental GC (Collect on allocation) 57.62M->37.12M 1.184ms
[98.425s] GC(1793) Pause Incremental GC (Collect on allocation) 59.62M->37.12M 1.214ms
[98.468s] GC(1794) Pause Incremental GC (Collect on allocation) 61.62M->37.12M 1.209ms
[98.510s] GC(1795) Pause Incremental GC (Collect on allocation) 61.12M->37.12M 1.278ms
[99.023s] GC(1796) Pause Incremental GC (Collect on allocation) 60.62M->37.62M 1.484ms
[104.024s] GC(1797) Pause Incremental GC (Collect on allocation) 60.62M->37.62M 1.330ms
