
  .   ____          _            __ _ _
 /\\ / ___'_ __ _ _(_)_ __  __ _ \ \ \ \
( ( )\___ | '_ | '_| | '_ \/ _` | \ \ \ \
 \\/  ___)| |_)| | | | | || (_| |  ) ) ) )
  '  |____| .__|_| |_|_| |_\__, | / / / /
 =========|_|==============|___/=/_/_/_/

 :: Spring Boot ::                (v4.1.1)

2026-10-04T02:02:05.845Z  INFO 1 --- [shortener] [           main] uy.ct.shortener.ShortenerApplicationKt   : Starting AOT-processed ShortenerApplicationKt using Java 25.0.4.1 with PID 1 (/workspace/uy.ct.shortener.ShortenerApplicationKt started by cnb in /workspace)
2026-10-04T02:02:05.845Z  INFO 1 --- [shortener] [           main] uy.ct.shortener.ShortenerApplicationKt   : No active profile set, falling back to 1 default profile: "default"
2026-10-04T02:02:05.879Z  INFO 1 --- [shortener] [           main] o.s.boot.tomcat.TomcatWebServer          : Tomcat initialized with port 8080 (http)
2026-10-04T02:02:05.880Z  INFO 1 --- [shortener] [           main] o.apache.catalina.core.StandardService   : Starting service [Tomcat]
2026-10-04T02:02:05.880Z  INFO 1 --- [shortener] [           main] o.apache.catalina.core.StandardEngine    : Starting Servlet engine: [Apache Tomcat/11.0.24]
2026-10-04T02:02:05.887Z  INFO 1 --- [shortener] [           main] b.w.c.s.WebApplicationContextInitializer : Root WebApplicationContext: initialization completed in 42 ms
[0.123s] GC(0) Pause Full GC (Collect on allocation) 48.30M->8.00M 18.204ms
2026-10-04T02:02:05.941Z  INFO 1 --- [shortener] [           main] com.zaxxer.hikari.HikariDataSource       : HikariPool-1 - Starting...
2026-10-04T02:02:05.968Z  INFO 1 --- [shortener] [           main] com.zaxxer.hikari.pool.HikariPool        : HikariPool-1 - Added connection org.postgresql.jdbc.PgConnection@19e293c6
2026-10-04T02:02:05.969Z  INFO 1 --- [shortener] [           main] com.zaxxer.hikari.HikariDataSource       : HikariPool-1 - Start completed.
2026-10-04T02:02:05.972Z  WARN 1 --- [shortener] [           main] org.flywaydb.core.FlywayExecutor         : Unable to scan location: /db/migration (unsupported protocol: resource)
2026-10-04T02:02:05.972Z  WARN 1 --- [shortener] [           main] org.flywaydb.core.FlywayExecutor         : Unable to scan location: /db/migration (unsupported protocol: resource)
2026-10-04T02:02:05.972Z  INFO 1 --- [shortener] [           main] org.flywaydb.core.FlywayExecutor         : Database: jdbc:postgresql://localhost:32768/mydatabase (PostgreSQL 18.6)
2026-10-04T02:02:05.972Z  WARN 1 --- [shortener] [           main] o.f.c.i.s.classpath.ClassPathScanner     : Unable to scan location: /db/migration (unsupported protocol: resource)
2026-10-04T02:02:05.972Z  WARN 1 --- [shortener] [           main] o.f.c.i.s.classpath.ClassPathScanner     : Unable to scan location: /db/migration (unsupported protocol: resource)
2026-10-04T02:02:05.987Z  INFO 1 --- [shortener] [           main] o.f.core.internal.command.DbValidate     : Successfully validated 5 migrations (execution time 00:00.003s)
2026-10-04T02:02:05.999Z  INFO 1 --- [shortener] [           main] o.f.core.internal.command.DbMigrate      : Current version of schema "public": 5
2026-10-04T02:02:05.999Z  INFO 1 --- [shortener] [           main] o.f.core.internal.command.DbMigrate      : Schema "public" is up to date. No migration necessary.
[0.293s] GC(1) Pause Full GC (Collect on allocation) 65.00M->16.50M 26.829ms
2026-10-04T02:02:06.137Z  WARN 1 --- [shortener] [           main] i.m.c.i.binder.jvm.JvmGcMetrics          : GC notifications will not be available because no GarbageCollectorMXBean of the JVM provides any. GCs=[young generation scavenger, complete scavenger]
2026-10-04T02:02:06.154Z  INFO 1 --- [shortener] [           main] o.s.boot.tomcat.TomcatWebServer          : Tomcat started on port 8080 (http) with context path '/'
2026-10-04T02:02:06.156Z  INFO 1 --- [shortener] [           main] o.s.boot.tomcat.TomcatWebServer          : Tomcat initialized with port 8081 (http)
2026-10-04T02:02:06.157Z  INFO 1 --- [shortener] [           main] o.apache.catalina.core.StandardService   : Starting service [Tomcat]
2026-10-04T02:02:06.157Z  INFO 1 --- [shortener] [           main] o.apache.catalina.core.StandardEngine    : Starting Servlet engine: [Apache Tomcat/11.0.24]
2026-10-04T02:02:06.157Z  INFO 1 --- [shortener] [           main] b.w.c.s.WebApplicationContextInitializer : Root WebApplicationContext: initialization completed in 3 ms
2026-10-04T02:02:06.159Z  INFO 1 --- [shortener] [           main] o.s.b.a.e.web.EndpointLinksResolver      : Exposing 2 endpoints beneath base path '/actuator'
2026-10-04T02:02:06.164Z  INFO 1 --- [shortener] [           main] o.s.boot.tomcat.TomcatWebServer          : Tomcat started on port 8081 (http) with context path '/'
2026-10-04T02:02:06.164Z  INFO 1 --- [shortener] [           main] o.s.s.config.TaskSchedulerRouter         : No TaskScheduler/ScheduledExecutorService bean found for scheduled processing
2026-10-04T02:02:06.165Z  INFO 1 --- [shortener] [           main] uy.ct.shortener.ShortenerApplicationKt   : Started ShortenerApplicationKt in 0.334 seconds (process running for 0.359)
2026-10-04T02:02:06.344Z  INFO 1 --- [shortener] [omcat-handler-0] o.a.c.c.C.[Tomcat-1].[localhost].[/]     : Initializing Spring DispatcherServlet 'dispatcherServletRegistration'
2026-10-04T02:02:06.344Z  INFO 1 --- [shortener] [omcat-handler-0] o.s.web.servlet.DispatcherServlet        : Initializing Servlet 'dispatcherServletRegistration'
2026-10-04T02:02:06.344Z  INFO 1 --- [shortener] [omcat-handler-0] o.s.web.servlet.DispatcherServlet        : Completed initialization in 0 ms
2026-10-04T02:02:06.911Z  INFO 1 --- [shortener] [omcat-handler-0] o.a.c.c.C.[Tomcat].[localhost].[/]       : Initializing Spring DispatcherServlet 'dispatcherServlet'
2026-10-04T02:02:06.912Z  INFO 1 --- [shortener] [omcat-handler-0] o.s.web.servlet.DispatcherServlet        : Initializing Servlet 'dispatcherServlet'
2026-10-04T02:02:06.912Z  INFO 1 --- [shortener] [omcat-handler-0] o.s.web.servlet.DispatcherServlet        : Completed initialization in 0 ms
[1.308s] GC(2) Pause Incremental GC (Collect on allocation) 81.87M->23.37M 10.740ms
[1.755s] GC(3) Pause Full GC (Collect on allocation) 91.87M->20.87M 23.774ms
[2.021s] GC(4) Pause Incremental GC (Collect on allocation) 96.87M->31.87M 6.874ms
[2.297s] GC(5) Pause Incremental GC (Collect on allocation) 111.87M->32.37M 4.986ms
[2.601s] GC(6) Pause Incremental GC (Collect on allocation) 116.37M->32.87M 4.087ms
[2.937s] GC(7) Pause Full GC (Collect on allocation) 120.37M->31.87M 21.104ms
[3.263s] GC(8) Pause Incremental GC (Collect on allocation) 126.87M->32.37M 2.029ms
[3.624s] GC(9) Pause Incremental GC (Collect on allocation) 130.87M->32.87M 1.623ms
[3.997s] GC(10) Pause Incremental GC (Collect on allocation) 134.87M->33.37M 1.859ms
[4.379s] GC(11) Pause Incremental GC (Collect on allocation) 138.37M->33.87M 1.645ms
[4.769s] GC(12) Pause Incremental GC (Collect on allocation) 141.37M->34.37M 1.759ms
[5.164s] GC(13) Pause Incremental GC (Collect on allocation) 143.87M->34.87M 1.794ms
[5.558s] GC(14) Pause Incremental GC (Collect on allocation) 142.37M->35.37M 2.613ms
[5.938s] GC(15) Pause Incremental GC (Collect on allocation) 140.87M->35.87M 1.743ms
[6.312s] GC(16) Pause Incremental GC (Collect on allocation) 139.37M->36.37M 1.923ms
[6.682s] GC(17) Pause Incremental GC (Collect on allocation) 137.87M->36.87M 1.870ms
[7.044s] GC(18) Pause Incremental GC (Collect on allocation) 136.37M->37.37M 1.919ms
[7.400s] GC(19) Pause Incremental GC (Collect on allocation) 134.87M->37.87M 1.789ms
[7.747s] GC(20) Pause Incremental GC (Collect on allocation) 133.37M->38.37M 1.835ms
[8.087s] GC(21) Pause Incremental GC (Collect on allocation) 132.37M->38.87M 1.788ms
[8.424s] GC(22) Pause Incremental GC (Collect on allocation) 131.37M->39.37M 1.772ms
[8.754s] GC(23) Pause Incremental GC (Collect on allocation) 130.37M->39.37M 1.801ms
[9.080s] GC(24) Pause Incremental GC (Collect on allocation) 128.87M->39.37M 1.812ms
[9.416s] GC(25) Pause Full GC (Collect on allocation) 127.37M->31.87M 19.141ms
[9.704s] GC(26) Pause Incremental GC (Collect on allocation) 116.87M->32.37M 2.051ms
[10.006s] GC(27) Pause Incremental GC (Collect on allocation) 115.87M->32.87M 1.791ms
[10.304s] GC(28) Pause Incremental GC (Collect on allocation) 114.87M->33.37M 1.881ms
[10.596s] GC(29) Pause Incremental GC (Collect on allocation) 113.87M->33.87M 1.854ms
[10.882s] GC(30) Pause Incremental GC (Collect on allocation) 112.87M->34.37M 1.738ms
[11.164s] GC(31) Pause Incremental GC (Collect on allocation) 111.87M->34.87M 1.715ms
[11.441s] GC(32) Pause Incremental GC (Collect on allocation) 110.87M->35.37M 1.846ms
[11.711s] GC(33) Pause Incremental GC (Collect on allocation) 109.87M->35.87M 1.730ms
[11.967s] GC(34) Pause Incremental GC (Collect on allocation) 108.87M->39.37M 3.788ms
[12.222s] GC(35) Pause Incremental GC (Collect on allocation) 110.87M->40.37M 3.199ms
[12.475s] GC(36) Pause Incremental GC (Collect on allocation) 110.87M->40.87M 2.643ms
[12.725s] GC(37) Pause Incremental GC (Collect on allocation) 110.37M->41.37M 2.895ms
[12.971s] GC(38) Pause Incremental GC (Collect on allocation) 109.87M->41.87M 2.377ms
[13.235s] GC(39) Pause Full GC (Collect on allocation) 109.37M->31.87M 20.811ms
[13.453s] GC(40) Pause Incremental GC (Collect on allocation) 97.37M->32.37M 2.179ms
[13.684s] GC(41) Pause Incremental GC (Collect on allocation) 96.87M->32.87M 1.638ms
[13.914s] GC(42) Pause Incremental GC (Collect on allocation) 96.37M->33.37M 1.590ms
[14.143s] GC(43) Pause Incremental GC (Collect on allocation) 95.87M->33.87M 1.748ms
[14.367s] GC(44) Pause Incremental GC (Collect on allocation) 95.37M->34.37M 1.703ms
[14.586s] GC(45) Pause Incremental GC (Collect on allocation) 94.87M->34.87M 1.742ms
[14.800s] GC(46) Pause Incremental GC (Collect on allocation) 94.37M->35.37M 1.736ms
[15.011s] GC(47) Pause Incremental GC (Collect on allocation) 93.87M->35.87M 1.858ms
[15.218s] GC(48) Pause Incremental GC (Collect on allocation) 93.37M->36.37M 2.032ms
[15.422s] GC(49) Pause Incremental GC (Collect on allocation) 92.87M->36.87M 1.814ms
[15.624s] GC(50) Pause Incremental GC (Collect on allocation) 92.37M->37.37M 1.702ms
[15.821s] GC(51) Pause Incremental GC (Collect on allocation) 91.87M->37.37M 1.766ms
[16.014s] GC(52) Pause Incremental GC (Collect on allocation) 90.87M->37.87M 1.766ms
[16.204s] GC(53) Pause Incremental GC (Collect on allocation) 90.37M->38.37M 1.748ms
[16.388s] GC(54) Pause Incremental GC (Collect on allocation) 89.87M->38.87M 1.703ms
[16.568s] GC(55) Pause Incremental GC (Collect on allocation) 89.37M->38.87M 1.797ms
[16.745s] GC(56) Pause Incremental GC (Collect on allocation) 88.37M->38.87M 1.706ms
[16.919s] GC(57) Pause Incremental GC (Collect on allocation) 87.37M->38.87M 1.529ms
[17.091s] GC(58) Pause Incremental GC (Collect on allocation) 86.37M->38.87M 1.577ms
[17.260s] GC(59) Pause Incremental GC (Collect on allocation) 85.37M->38.87M 1.503ms
[17.425s] GC(60) Pause Incremental GC (Collect on allocation) 84.37M->38.87M 1.596ms
[17.586s] GC(61) Pause Incremental GC (Collect on allocation) 83.37M->38.87M 1.535ms
[17.740s] GC(62) Pause Incremental GC (Collect on allocation) 82.87M->38.87M 1.540ms
[17.915s] GC(63) Pause Full GC (Collect on allocation) 82.37M->31.87M 18.810ms
[18.051s] GC(64) Pause Incremental GC (Collect on allocation) 74.37M->32.37M 1.929ms
[18.202s] GC(65) Pause Incremental GC (Collect on allocation) 74.37M->32.87M 1.707ms
[18.355s] GC(66) Pause Incremental GC (Collect on allocation) 74.37M->33.37M 1.615ms
[18.503s] GC(67) Pause Incremental GC (Collect on allocation) 74.37M->33.87M 1.614ms
[18.647s] GC(68) Pause Incremental GC (Collect on allocation) 74.37M->34.37M 1.527ms
[18.793s] GC(69) Pause Incremental GC (Collect on allocation) 74.37M->34.87M 1.491ms
[18.936s] GC(70) Pause Incremental GC (Collect on allocation) 74.37M->35.37M 1.552ms
[19.077s] GC(71) Pause Incremental GC (Collect on allocation) 74.37M->35.87M 1.633ms
[19.217s] GC(72) Pause Incremental GC (Collect on allocation) 74.37M->36.37M 1.631ms
[19.354s] GC(73) Pause Incremental GC (Collect on allocation) 74.37M->36.87M 1.585ms
[19.490s] GC(74) Pause Incremental GC (Collect on allocation) 74.37M->37.37M 1.541ms
[19.623s] GC(75) Pause Incremental GC (Collect on allocation) 74.37M->37.87M 1.591ms
[19.754s] GC(76) Pause Incremental GC (Collect on allocation) 74.37M->38.37M 1.680ms
[19.883s] GC(77) Pause Incremental GC (Collect on allocation) 74.37M->38.87M 1.521ms
[20.011s] GC(78) Pause Incremental GC (Collect on allocation) 74.37M->39.37M 1.615ms
[20.141s] GC(79) Pause Incremental GC (Collect on allocation) 74.37M->38.87M 1.591ms
[20.264s] GC(80) Pause Incremental GC (Collect on allocation) 73.37M->38.87M 1.448ms
[20.386s] GC(81) Pause Incremental GC (Collect on allocation) 72.87M->39.37M 1.541ms
[20.507s] GC(82) Pause Incremental GC (Collect on allocation) 72.87M->39.37M 2.201ms
[20.627s] GC(83) Pause Incremental GC (Collect on allocation) 72.37M->39.37M 1.480ms
[20.744s] GC(84) Pause Incremental GC (Collect on allocation) 71.87M->39.37M 1.599ms
[20.858s] GC(85) Pause Incremental GC (Collect on allocation) 71.37M->39.37M 1.431ms
[20.972s] GC(86) Pause Incremental GC (Collect on allocation) 70.87M->39.37M 1.552ms
[21.083s] GC(87) Pause Incremental GC (Collect on allocation) 70.37M->39.37M 1.497ms
[21.211s] GC(88) Pause Full GC (Collect on allocation) 69.87M->31.87M 18.942ms
[21.299s] GC(89) Pause Incremental GC (Collect on allocation) 61.37M->32.37M 2.637ms
[21.402s] GC(90) Pause Incremental GC (Collect on allocation) 61.37M->32.87M 1.596ms
[21.504s] GC(91) Pause Incremental GC (Collect on allocation) 61.37M->33.37M 1.540ms
[21.602s] GC(92) Pause Incremental GC (Collect on allocation) 61.37M->33.87M 1.477ms
[21.701s] GC(93) Pause Incremental GC (Collect on allocation) 61.37M->34.37M 1.544ms
[21.795s] GC(94) Pause Incremental GC (Collect on allocation) 61.37M->34.87M 1.509ms
[22.100s] GC(95) Pause Incremental GC (Collect on allocation) 61.37M->35.37M 1.655ms
[22.257s] GC(96) Pause Incremental GC (Collect on allocation) 61.37M->35.87M 1.525ms
[22.414s] GC(97) Pause Incremental GC (Collect on allocation) 61.37M->36.37M 1.536ms
[22.575s] GC(98) Pause Incremental GC (Collect on allocation) 61.37M->36.87M 1.564ms
[22.724s] GC(99) Pause Incremental GC (Collect on allocation) 61.37M->37.37M 1.564ms
[22.845s] GC(100) Pause Incremental GC (Collect on allocation) 61.37M->39.87M 3.626ms
[22.915s] GC(101) Pause Incremental GC (Collect on allocation) 63.37M->41.87M 3.138ms
[23.025s] GC(102) Pause Incremental GC (Collect on allocation) 64.87M->41.87M 2.634ms
[23.132s] GC(103) Pause Incremental GC (Collect on allocation) 64.37M->41.37M 2.525ms
[23.254s] GC(104) Pause Full GC (Collect on allocation) 63.37M->31.87M 20.727ms
[23.333s] GC(105) Pause Incremental GC (Collect on allocation) 52.87M->32.37M 1.740ms
[23.430s] GC(106) Pause Incremental GC (Collect on allocation) 52.87M->32.87M 1.744ms
[23.521s] GC(107) Pause Incremental GC (Collect on allocation) 52.87M->33.37M 1.706ms
[23.613s] GC(108) Pause Incremental GC (Collect on allocation) 52.87M->33.87M 1.678ms
[23.704s] GC(109) Pause Incremental GC (Collect on allocation) 52.87M->34.37M 1.503ms
[23.792s] GC(110) Pause Incremental GC (Collect on allocation) 52.87M->34.87M 1.418ms
[23.876s] GC(111) Pause Incremental GC (Collect on allocation) 52.87M->34.37M 1.462ms
[23.960s] GC(112) Pause Incremental GC (Collect on allocation) 51.87M->33.37M 1.478ms
[24.040s] GC(113) Pause Incremental GC (Collect on allocation) 50.37M->33.37M 1.389ms
[24.119s] GC(114) Pause Incremental GC (Collect on allocation) 49.87M->32.87M 1.555ms
[24.194s] GC(115) Pause Incremental GC (Collect on allocation) 48.87M->32.37M 1.442ms
[24.268s] GC(116) Pause Incremental GC (Collect on allocation) 47.87M->31.87M 1.385ms
[24.337s] GC(117) Pause Incremental GC (Collect on allocation) 46.87M->31.87M 1.429ms
[24.402s] GC(118) Pause Incremental GC (Collect on allocation) 46.37M->32.37M 1.368ms
[24.468s] GC(119) Pause Incremental GC (Collect on allocation) 46.37M->32.37M 1.323ms
[24.529s] GC(120) Pause Incremental GC (Collect on allocation) 45.87M->32.37M 1.381ms
[24.592s] GC(121) Pause Incremental GC (Collect on allocation) 45.37M->32.37M 1.337ms
[24.649s] GC(122) Pause Incremental GC (Collect on allocation) 44.87M->32.37M 1.386ms
[24.705s] GC(123) Pause Incremental GC (Collect on allocation) 44.37M->32.37M 1.336ms
[24.760s] GC(124) Pause Incremental GC (Collect on allocation) 43.87M->32.37M 1.416ms
[24.812s] GC(125) Pause Incremental GC (Collect on allocation) 43.37M->32.37M 1.383ms
[24.860s] GC(126) Pause Incremental GC (Collect on allocation) 42.87M->32.37M 1.424ms
[24.907s] GC(127) Pause Incremental GC (Collect on allocation) 42.37M->32.37M 1.428ms
[24.951s] GC(128) Pause Incremental GC (Collect on allocation) 41.87M->32.37M 1.304ms
[24.990s] GC(129) Pause Incremental GC (Collect on allocation) 41.37M->32.37M 1.377ms
[25.029s] GC(130) Pause Incremental GC (Collect on allocation) 40.87M->32.37M 1.365ms
[25.066s] GC(131) Pause Incremental GC (Collect on allocation) 40.37M->32.37M 1.410ms
[25.101s] GC(132) Pause Incremental GC (Collect on allocation) 39.87M->32.37M 1.373ms
[25.156s] GC(133) Pause Full GC (Collect on allocation) 39.37M->31.87M 25.037ms
[25.164s] GC(134) Pause Incremental GC (Collect on allocation) 37.87M->32.37M 2.231ms
[25.188s] GC(135) Pause Incremental GC (Collect on allocation) 39.37M->32.87M 1.600ms
[25.224s] GC(136) Pause Incremental GC (Collect on allocation) 40.87M->32.87M 1.416ms
[25.265s] GC(137) Pause Incremental GC (Collect on allocation) 41.87M->32.87M 1.335ms
[25.312s] GC(138) Pause Incremental GC (Collect on allocation) 42.87M->32.87M 1.603ms
[25.362s] GC(139) Pause Incremental GC (Collect on allocation) 43.87M->32.87M 1.586ms
[25.421s] GC(140) Pause Incremental GC (Collect on allocation) 45.37M->32.87M 1.447ms
[25.477s] GC(141) Pause Incremental GC (Collect on allocation) 44.87M->32.87M 1.339ms
[25.530s] GC(142) Pause Incremental GC (Collect on allocation) 44.37M->32.87M 1.363ms
[25.579s] GC(143) Pause Incremental GC (Collect on allocation) 43.87M->32.87M 1.538ms
[25.626s] GC(144) Pause Incremental GC (Collect on allocation) 43.37M->32.87M 1.385ms
[25.673s] GC(145) Pause Incremental GC (Collect on allocation) 42.87M->32.87M 1.770ms
[25.716s] GC(146) Pause Incremental GC (Collect on allocation) 42.37M->32.87M 1.393ms
[25.759s] GC(147) Pause Incremental GC (Collect on allocation) 41.87M->33.37M 1.510ms
[25.797s] GC(148) Pause Incremental GC (Collect on allocation) 41.87M->33.37M 1.481ms
[25.833s] GC(149) Pause Incremental GC (Collect on allocation) 41.37M->33.37M 1.416ms
[25.866s] GC(150) Pause Incremental GC (Collect on allocation) 40.87M->33.37M 1.495ms
[25.905s] GC(151) Pause Incremental GC (Collect on allocation) 41.87M->33.37M 1.392ms
[25.947s] GC(152) Pause Incremental GC (Collect on allocation) 42.87M->33.37M 1.422ms
[25.987s] GC(153) Pause Incremental GC (Collect on allocation) 42.37M->33.37M 1.577ms
[26.032s] GC(154) Pause Incremental GC (Collect on allocation) 43.37M->33.37M 1.535ms
[26.075s] GC(155) Pause Incremental GC (Collect on allocation) 42.87M->33.37M 1.391ms
[26.117s] GC(156) Pause Incremental GC (Collect on allocation) 42.37M->33.37M 1.495ms
[26.155s] GC(157) Pause Incremental GC (Collect on allocation) 41.87M->33.87M 1.567ms
[26.191s] GC(158) Pause Incremental GC (Collect on allocation) 41.87M->33.87M 1.379ms
[26.225s] GC(159) Pause Incremental GC (Collect on allocation) 41.37M->33.87M 1.318ms
[26.265s] GC(160) Pause Incremental GC (Collect on allocation) 42.37M->33.87M 1.484ms
[26.309s] GC(161) Pause Incremental GC (Collect on allocation) 43.37M->33.87M 1.470ms
[26.350s] GC(162) Pause Incremental GC (Collect on allocation) 42.87M->33.87M 1.387ms
[26.387s] GC(163) Pause Incremental GC (Collect on allocation) 42.37M->33.87M 1.519ms
[26.447s] GC(164) Pause Full GC (Collect on allocation) 41.87M->31.87M 24.656ms
[26.460s] GC(165) Pause Incremental GC (Collect on allocation) 40.37M->31.87M 1.865ms
[26.501s] GC(166) Pause Incremental GC (Collect on allocation) 41.37M->32.37M 1.414ms
[26.551s] GC(167) Pause Incremental GC (Collect on allocation) 42.87M->32.37M 1.309ms
[26.595s] GC(168) Pause Incremental GC (Collect on allocation) 42.37M->32.37M 1.326ms
[26.640s] GC(169) Pause Incremental GC (Collect on allocation) 41.87M->32.37M 1.345ms
[26.682s] GC(170) Pause Incremental GC (Collect on allocation) 41.37M->32.37M 1.738ms
[26.720s] GC(171) Pause Incremental GC (Collect on allocation) 40.87M->32.37M 1.432ms
[26.755s] GC(172) Pause Incremental GC (Collect on allocation) 40.37M->32.37M 1.317ms
[26.797s] GC(173) Pause Incremental GC (Collect on allocation) 41.37M->32.37M 1.311ms
[26.837s] GC(174) Pause Incremental GC (Collect on allocation) 40.87M->32.37M 1.341ms
[26.874s] GC(175) Pause Incremental GC (Collect on allocation) 40.37M->32.37M 1.415ms
[26.907s] GC(176) Pause Incremental GC (Collect on allocation) 39.87M->32.37M 1.287ms
[26.946s] GC(177) Pause Incremental GC (Collect on allocation) 40.87M->32.37M 1.355ms
[26.983s] GC(178) Pause Incremental GC (Collect on allocation) 40.37M->32.37M 1.357ms
[27.025s] GC(179) Pause Incremental GC (Collect on allocation) 41.37M->32.37M 1.304ms
[27.065s] GC(180) Pause Incremental GC (Collect on allocation) 40.87M->32.37M 1.289ms
[27.099s] GC(181) Pause Incremental GC (Collect on allocation) 40.37M->32.37M 1.283ms
[27.132s] GC(182) Pause Incremental GC (Collect on allocation) 39.87M->32.37M 1.280ms
[27.164s] GC(183) Pause Incremental GC (Collect on allocation) 39.37M->32.87M 1.259ms
[27.202s] GC(184) Pause Incremental GC (Collect on allocation) 40.87M->32.87M 1.274ms
[27.234s] GC(185) Pause Incremental GC (Collect on allocation) 40.37M->32.87M 1.267ms
[27.274s] GC(186) Pause Incremental GC (Collect on allocation) 41.37M->32.87M 1.303ms
[27.309s] GC(187) Pause Incremental GC (Collect on allocation) 40.87M->32.87M 1.286ms
[27.351s] GC(188) Pause Incremental GC (Collect on allocation) 41.87M->32.87M 1.367ms
[27.389s] GC(189) Pause Incremental GC (Collect on allocation) 41.37M->32.87M 1.327ms
[27.427s] GC(190) Pause Incremental GC (Collect on allocation) 40.87M->32.87M 1.350ms
[27.460s] GC(191) Pause Incremental GC (Collect on allocation) 40.37M->32.87M 1.403ms
[27.497s] GC(192) Pause Incremental GC (Collect on allocation) 41.37M->32.87M 1.256ms
[27.541s] GC(193) Pause Incremental GC (Collect on allocation) 42.37M->32.87M 1.326ms
[27.582s] GC(194) Pause Incremental GC (Collect on allocation) 41.87M->32.87M 1.392ms
[27.619s] GC(195) Pause Incremental GC (Collect on allocation) 41.37M->32.87M 1.394ms
[27.655s] GC(196) Pause Incremental GC (Collect on allocation) 40.87M->32.87M 1.400ms
[27.694s] GC(197) Pause Incremental GC (Collect on allocation) 41.87M->32.87M 1.397ms
[27.763s] GC(198) Pause Full GC (Collect on allocation) 42.87M->31.87M 23.959ms
[27.780s] GC(199) Pause Incremental GC (Collect on allocation) 40.87M->32.37M 1.810ms
[27.825s] GC(200) Pause Incremental GC (Collect on allocation) 42.37M->32.37M 1.380ms
[27.876s] GC(201) Pause Incremental GC (Collect on allocation) 43.37M->32.37M 1.298ms
[27.927s] GC(202) Pause Incremental GC (Collect on allocation) 42.87M->32.37M 1.291ms
[27.969s] GC(203) Pause Incremental GC (Collect on allocation) 42.37M->32.37M 1.382ms
[28.014s] GC(204) Pause Incremental GC (Collect on allocation) 41.87M->32.37M 1.387ms
[28.055s] GC(205) Pause Incremental GC (Collect on allocation) 41.37M->32.37M 1.401ms
[28.093s] GC(206) Pause Incremental GC (Collect on allocation) 40.87M->32.37M 1.373ms
[28.130s] GC(207) Pause Incremental GC (Collect on allocation) 40.37M->32.37M 1.223ms
[28.163s] GC(208) Pause Incremental GC (Collect on allocation) 39.87M->32.37M 1.326ms
[28.194s] GC(209) Pause Incremental GC (Collect on allocation) 39.37M->32.37M 1.382ms
[28.231s] GC(210) Pause Incremental GC (Collect on allocation) 40.37M->32.37M 1.308ms
[28.271s] GC(211) Pause Incremental GC (Collect on allocation) 41.37M->32.37M 1.336ms
[28.318s] GC(212) Pause Incremental GC (Collect on allocation) 42.37M->32.37M 1.353ms
[28.362s] GC(213) Pause Incremental GC (Collect on allocation) 41.87M->32.87M 1.419ms
[28.404s] GC(214) Pause Incremental GC (Collect on allocation) 41.87M->32.87M 1.373ms
[28.442s] GC(215) Pause Incremental GC (Collect on allocation) 41.37M->32.87M 1.425ms
[28.478s] GC(216) Pause Incremental GC (Collect on allocation) 40.87M->32.87M 1.462ms
[28.519s] GC(217) Pause Incremental GC (Collect on allocation) 41.87M->32.87M 1.365ms
[28.557s] GC(218) Pause Incremental GC (Collect on allocation) 41.37M->32.87M 1.343ms
[28.592s] GC(219) Pause Incremental GC (Collect on allocation) 40.87M->32.87M 1.336ms
[28.633s] GC(220) Pause Incremental GC (Collect on allocation) 41.87M->32.87M 1.343ms
[28.672s] GC(221) Pause Incremental GC (Collect on allocation) 41.37M->32.87M 1.300ms
[28.708s] GC(222) Pause Incremental GC (Collect on allocation) 40.87M->32.87M 1.377ms
[28.743s] GC(223) Pause Incremental GC (Collect on allocation) 40.37M->32.87M 1.327ms
[28.781s] GC(224) Pause Incremental GC (Collect on allocation) 41.37M->32.87M 1.284ms
[28.825s] GC(225) Pause Incremental GC (Collect on allocation) 42.37M->32.87M 1.329ms
[28.867s] GC(226) Pause Incremental GC (Collect on allocation) 41.87M->33.37M 1.332ms
[28.906s] GC(227) Pause Incremental GC (Collect on allocation) 41.87M->33.37M 1.321ms
[28.944s] GC(228) Pause Incremental GC (Collect on allocation) 41.37M->33.37M 1.287ms
[28.977s] GC(229) Pause Incremental GC (Collect on allocation) 40.87M->33.37M 1.310ms
[29.008s] GC(230) Pause Incremental GC (Collect on allocation) 40.37M->33.37M 1.251ms
[29.046s] GC(231) Pause Incremental GC (Collect on allocation) 41.37M->33.37M 1.387ms
[29.087s] GC(232) Pause Incremental GC (Collect on allocation) 42.37M->33.37M 1.364ms
[29.132s] GC(233) Pause Incremental GC (Collect on allocation) 43.37M->33.37M 1.356ms
[29.199s] GC(234) Pause Full GC (Collect on allocation) 42.87M->31.87M 23.831ms
[29.212s] GC(235) Pause Incremental GC (Collect on allocation) 40.37M->31.87M 1.738ms
[29.255s] GC(236) Pause Incremental GC (Collect on allocation) 41.37M->32.37M 1.386ms
[29.303s] GC(237) Pause Incremental GC (Collect on allocation) 42.87M->32.37M 1.333ms
[29.346s] GC(238) Pause Incremental GC (Collect on allocation) 42.37M->32.37M 1.360ms
[29.387s] GC(239) Pause Incremental GC (Collect on allocation) 41.87M->32.37M 1.376ms
[29.427s] GC(240) Pause Incremental GC (Collect on allocation) 41.37M->32.37M 1.362ms
[29.467s] GC(241) Pause Incremental GC (Collect on allocation) 40.87M->32.37M 1.313ms
[29.503s] GC(242) Pause Incremental GC (Collect on allocation) 40.37M->32.37M 1.353ms
[29.536s] GC(243) Pause Incremental GC (Collect on allocation) 39.87M->32.37M 1.300ms
[29.575s] GC(244) Pause Incremental GC (Collect on allocation) 40.87M->32.37M 1.270ms
[29.613s] GC(245) Pause Incremental GC (Collect on allocation) 40.37M->32.37M 1.311ms
[29.648s] GC(246) Pause Incremental GC (Collect on allocation) 39.87M->32.37M 1.261ms
[29.679s] GC(247) Pause Incremental GC (Collect on allocation) 39.37M->32.37M 1.291ms
[29.716s] GC(248) Pause Incremental GC (Collect on allocation) 40.37M->32.37M 1.295ms
[29.759s] GC(249) Pause Incremental GC (Collect on allocation) 41.37M->32.37M 1.310ms
[29.797s] GC(250) Pause Incremental GC (Collect on allocation) 40.87M->32.37M 1.306ms
[29.835s] GC(251) Pause Incremental GC (Collect on allocation) 40.37M->32.37M 1.306ms
[29.870s] GC(252) Pause Incremental GC (Collect on allocation) 39.87M->32.37M 1.281ms
[29.900s] GC(253) Pause Incremental GC (Collect on allocation) 39.37M->32.37M 1.318ms
[29.935s] GC(254) Pause Incremental GC (Collect on allocation) 40.37M->32.87M 1.251ms
[29.977s] GC(255) Pause Incremental GC (Collect on allocation) 41.87M->32.87M 1.273ms
[30.021s] GC(256) Pause Incremental GC (Collect on allocation) 42.87M->32.87M 1.390ms
[30.064s] GC(257) Pause Incremental GC (Collect on allocation) 42.37M->32.87M 1.363ms
[30.102s] GC(258) Pause Incremental GC (Collect on allocation) 41.87M->32.87M 1.348ms
[30.141s] GC(259) Pause Incremental GC (Collect on allocation) 41.37M->32.87M 1.367ms
[30.178s] GC(260) Pause Incremental GC (Collect on allocation) 40.87M->32.87M 1.423ms
[30.219s] GC(261) Pause Incremental GC (Collect on allocation) 41.87M->32.87M 1.358ms
[30.259s] GC(262) Pause Incremental GC (Collect on allocation) 41.37M->32.87M 1.317ms
[30.295s] GC(263) Pause Incremental GC (Collect on allocation) 40.87M->32.87M 1.401ms
[30.335s] GC(264) Pause Incremental GC (Collect on allocation) 41.87M->32.87M 1.312ms
[30.373s] GC(265) Pause Incremental GC (Collect on allocation) 41.37M->32.87M 1.288ms
[30.410s] GC(266) Pause Incremental GC (Collect on allocation) 40.87M->32.87M 1.403ms
[30.444s] GC(267) Pause Incremental GC (Collect on allocation) 40.37M->32.87M 1.455ms
[30.483s] GC(268) Pause Incremental GC (Collect on allocation) 41.37M->33.37M 1.345ms
[30.552s] GC(269) Pause Full GC (Collect on allocation) 42.87M->31.87M 25.917ms
[30.581s] GC(270) Pause Incremental GC (Collect on allocation) 43.87M->32.37M 2.137ms
[30.642s] GC(271) Pause Incremental GC (Collect on allocation) 45.87M->32.37M 1.449ms
[30.702s] GC(272) Pause Incremental GC (Collect on allocation) 45.37M->32.37M 1.452ms
[30.760s] GC(273) Pause Incremental GC (Collect on allocation) 44.87M->32.37M 1.380ms
[30.817s] GC(274) Pause Incremental GC (Collect on allocation) 44.37M->32.37M 1.528ms
[30.871s] GC(275) Pause Incremental GC (Collect on allocation) 43.87M->32.37M 1.412ms
[30.921s] GC(276) Pause Incremental GC (Collect on allocation) 43.37M->32.37M 1.442ms
[30.969s] GC(277) Pause Incremental GC (Collect on allocation) 42.87M->32.37M 1.416ms
[31.015s] GC(278) Pause Incremental GC (Collect on allocation) 42.37M->32.37M 1.463ms
[31.056s] GC(279) Pause Incremental GC (Collect on allocation) 41.87M->32.37M 1.438ms
[31.098s] GC(280) Pause Incremental GC (Collect on allocation) 41.37M->32.37M 1.477ms
[31.137s] GC(281) Pause Incremental GC (Collect on allocation) 40.87M->32.37M 1.595ms
[31.174s] GC(282) Pause Incremental GC (Collect on allocation) 40.37M->32.37M 1.572ms
[31.215s] GC(283) Pause Incremental GC (Collect on allocation) 41.37M->32.87M 1.414ms
[31.260s] GC(284) Pause Incremental GC (Collect on allocation) 42.87M->32.87M 1.319ms
[31.304s] GC(285) Pause Incremental GC (Collect on allocation) 42.37M->32.87M 1.430ms
[31.346s] GC(286) Pause Incremental GC (Collect on allocation) 41.87M->32.87M 1.429ms
[31.386s] GC(287) Pause Incremental GC (Collect on allocation) 41.37M->32.87M 1.382ms
[31.421s] GC(288) Pause Incremental GC (Collect on allocation) 40.87M->32.87M 1.319ms
[31.463s] GC(289) Pause Incremental GC (Collect on allocation) 41.87M->32.87M 1.249ms
[31.502s] GC(290) Pause Incremental GC (Collect on allocation) 41.37M->32.87M 1.479ms
[31.536s] GC(291) Pause Incremental GC (Collect on allocation) 40.87M->32.87M 1.301ms
[31.576s] GC(292) Pause Incremental GC (Collect on allocation) 41.87M->32.87M 1.245ms
[31.622s] GC(293) Pause Incremental GC (Collect on allocation) 42.87M->32.87M 1.303ms
[31.665s] GC(294) Pause Incremental GC (Collect on allocation) 42.37M->32.87M 1.378ms
[31.704s] GC(295) Pause Incremental GC (Collect on allocation) 41.87M->32.87M 1.363ms
[31.742s] GC(296) Pause Incremental GC (Collect on allocation) 41.37M->32.87M 1.297ms
[31.779s] GC(297) Pause Incremental GC (Collect on allocation) 40.87M->32.87M 1.375ms
[31.813s] GC(298) Pause Incremental GC (Collect on allocation) 40.37M->32.87M 1.317ms
[31.852s] GC(299) Pause Incremental GC (Collect on allocation) 41.37M->32.87M 1.313ms
[31.895s] GC(300) Pause Incremental GC (Collect on allocation) 42.37M->33.37M 1.432ms
[31.936s] GC(301) Pause Incremental GC (Collect on allocation) 42.37M->33.37M 1.385ms
[31.975s] GC(302) Pause Incremental GC (Collect on allocation) 41.87M->33.37M 1.364ms
[32.018s] GC(303) Pause Incremental GC (Collect on allocation) 42.87M->33.37M 1.425ms
[32.061s] GC(304) Pause Incremental GC (Collect on allocation) 42.37M->33.37M 1.298ms
[32.097s] GC(305) Pause Incremental GC (Collect on allocation) 41.87M->33.37M 1.373ms
[32.134s] GC(306) Pause Incremental GC (Collect on allocation) 41.37M->33.37M 1.314ms
[32.192s] GC(307) Pause Full GC (Collect on allocation) 40.87M->31.87M 24.299ms
[32.209s] GC(308) Pause Incremental GC (Collect on allocation) 41.37M->32.37M 1.814ms
[32.255s] GC(309) Pause Incremental GC (Collect on allocation) 42.87M->32.37M 1.342ms
[32.311s] GC(310) Pause Incremental GC (Collect on allocation) 44.37M->32.37M 1.350ms
[32.364s] GC(311) Pause Incremental GC (Collect on allocation) 43.87M->32.37M 1.279ms
[32.416s] GC(312) Pause Incremental GC (Collect on allocation) 43.37M->32.37M 1.312ms
[32.464s] GC(313) Pause Incremental GC (Collect on allocation) 42.87M->32.37M 1.357ms
[32.512s] GC(314) Pause Incremental GC (Collect on allocation) 42.37M->32.37M 1.436ms
[32.555s] GC(315) Pause Incremental GC (Collect on allocation) 41.87M->32.37M 1.440ms
[32.596s] GC(316) Pause Incremental GC (Collect on allocation) 41.37M->32.37M 1.410ms
[32.633s] GC(317) Pause Incremental GC (Collect on allocation) 40.87M->32.37M 1.338ms
[32.668s] GC(318) Pause Incremental GC (Collect on allocation) 40.37M->32.37M 1.264ms
[32.703s] GC(319) Pause Incremental GC (Collect on allocation) 39.87M->32.37M 1.286ms
[32.735s] GC(320) Pause Incremental GC (Collect on allocation) 39.37M->32.37M 1.236ms
[32.771s] GC(321) Pause Incremental GC (Collect on allocation) 40.37M->32.37M 1.449ms
[32.813s] GC(322) Pause Incremental GC (Collect on allocation) 41.37M->32.37M 1.702ms
[32.858s] GC(323) Pause Incremental GC (Collect on allocation) 42.37M->32.37M 1.368ms
[32.909s] GC(324) Pause Incremental GC (Collect on allocation) 43.37M->32.37M 1.327ms
[32.957s] GC(325) Pause Incremental GC (Collect on allocation) 42.87M->32.87M 1.454ms
[33.002s] GC(326) Pause Incremental GC (Collect on allocation) 42.87M->32.87M 1.362ms
[33.045s] GC(327) Pause Incremental GC (Collect on allocation) 42.37M->32.87M 1.436ms
[33.086s] GC(328) Pause Incremental GC (Collect on allocation) 41.87M->32.87M 1.344ms
[33.125s] GC(329) Pause Incremental GC (Collect on allocation) 41.37M->32.87M 1.278ms
[33.162s] GC(330) Pause Incremental GC (Collect on allocation) 40.87M->32.87M 1.458ms
[33.196s] GC(331) Pause Incremental GC (Collect on allocation) 40.37M->32.87M 1.290ms
[33.227s] GC(332) Pause Incremental GC (Collect on allocation) 39.87M->32.87M 1.353ms
[33.264s] GC(333) Pause Incremental GC (Collect on allocation) 40.87M->32.87M 1.312ms
[33.304s] GC(334) Pause Incremental GC (Collect on allocation) 41.87M->32.87M 1.278ms
[33.351s] GC(335) Pause Incremental GC (Collect on allocation) 42.87M->32.87M 1.288ms
[33.395s] GC(336) Pause Incremental GC (Collect on allocation) 42.37M->32.87M 1.384ms
[33.436s] GC(337) Pause Incremental GC (Collect on allocation) 41.87M->32.87M 1.334ms
[33.472s] GC(338) Pause Incremental GC (Collect on allocation) 41.37M->32.87M 1.373ms
[33.508s] GC(339) Pause Incremental GC (Collect on allocation) 40.87M->32.87M 1.292ms
[33.542s] GC(340) Pause Incremental GC (Collect on allocation) 40.37M->32.87M 1.297ms
[33.580s] GC(341) Pause Incremental GC (Collect on allocation) 41.37M->33.37M 1.415ms
[33.625s] GC(342) Pause Incremental GC (Collect on allocation) 42.87M->33.37M 1.293ms
[33.666s] GC(343) Pause Incremental GC (Collect on allocation) 42.37M->33.37M 1.331ms
[33.706s] GC(344) Pause Incremental GC (Collect on allocation) 41.87M->33.37M 1.394ms
[33.766s] GC(345) Pause Full GC (Collect on allocation) 41.37M->31.87M 25.438ms
[33.776s] GC(346) Pause Incremental GC (Collect on allocation) 38.87M->32.37M 2.195ms
[33.803s] GC(347) Pause Incremental GC (Collect on allocation) 40.37M->32.37M 1.501ms
[33.844s] GC(348) Pause Incremental GC (Collect on allocation) 41.37M->32.37M 1.275ms
[33.890s] GC(349) Pause Incremental GC (Collect on allocation) 42.37M->32.87M 1.467ms
[33.940s] GC(350) Pause Incremental GC (Collect on allocation) 43.87M->32.87M 1.430ms
[33.999s] GC(351) Pause Incremental GC (Collect on allocation) 45.37M->32.87M 1.343ms
[34.055s] GC(352) Pause Incremental GC (Collect on allocation) 44.87M->32.87M 1.306ms
[34.109s] GC(353) Pause Incremental GC (Collect on allocation) 44.37M->32.87M 1.331ms
[34.162s] GC(354) Pause Incremental GC (Collect on allocation) 43.87M->32.87M 1.324ms
[34.210s] GC(355) Pause Incremental GC (Collect on allocation) 43.37M->32.87M 1.415ms
[34.255s] GC(356) Pause Incremental GC (Collect on allocation) 42.87M->32.87M 1.447ms
[34.299s] GC(357) Pause Incremental GC (Collect on allocation) 42.37M->32.87M 1.348ms
[34.340s] GC(358) Pause Incremental GC (Collect on allocation) 41.87M->32.87M 1.388ms
[34.379s] GC(359) Pause Incremental GC (Collect on allocation) 41.37M->32.87M 1.531ms
[34.416s] GC(360) Pause Incremental GC (Collect on allocation) 40.87M->33.37M 1.427ms
[34.447s] GC(361) Pause Incremental GC (Collect on allocation) 40.87M->33.37M 1.390ms
[34.486s] GC(362) Pause Incremental GC (Collect on allocation) 41.87M->33.37M 1.364ms
[34.529s] GC(363) Pause Incremental GC (Collect on allocation) 42.87M->33.37M 1.356ms
[34.577s] GC(364) Pause Incremental GC (Collect on allocation) 43.87M->33.37M 1.354ms
[34.624s] GC(365) Pause Incremental GC (Collect on allocation) 43.37M->33.37M 1.329ms
[34.669s] GC(366) Pause Incremental GC (Collect on allocation) 42.87M->33.37M 1.307ms
[34.709s] GC(367) Pause Incremental GC (Collect on allocation) 42.37M->33.37M 1.337ms
[34.748s] GC(368) Pause Incremental GC (Collect on allocation) 41.87M->33.37M 1.274ms
[34.785s] GC(369) Pause Incremental GC (Collect on allocation) 41.37M->33.37M 1.439ms
[34.818s] GC(370) Pause Incremental GC (Collect on allocation) 40.87M->33.37M 1.472ms
[34.857s] GC(371) Pause Incremental GC (Collect on allocation) 41.87M->33.37M 1.290ms
[34.901s] GC(372) Pause Incremental GC (Collect on allocation) 42.87M->33.37M 1.280ms
[34.941s] GC(373) Pause Incremental GC (Collect on allocation) 42.37M->33.87M 1.414ms
[34.980s] GC(374) Pause Incremental GC (Collect on allocation) 42.37M->33.87M 1.425ms
[35.016s] GC(375) Pause Incremental GC (Collect on allocation) 41.87M->33.87M 1.326ms
[35.056s] GC(376) Pause Incremental GC (Collect on allocation) 42.87M->33.87M 1.359ms
[35.095s] GC(377) Pause Incremental GC (Collect on allocation) 42.37M->33.87M 1.398ms
[35.131s] GC(378) Pause Incremental GC (Collect on allocation) 41.87M->33.87M 1.296ms
[35.165s] GC(379) Pause Incremental GC (Collect on allocation) 41.37M->33.87M 1.294ms
[35.205s] GC(380) Pause Incremental GC (Collect on allocation) 42.37M->33.87M 1.277ms
[35.248s] GC(381) Pause Incremental GC (Collect on allocation) 43.37M->33.87M 1.425ms
[35.289s] GC(382) Pause Incremental GC (Collect on allocation) 42.87M->33.87M 1.402ms
[35.349s] GC(383) Pause Full GC (Collect on allocation) 42.37M->31.87M 23.859ms
[35.359s] GC(384) Pause Incremental GC (Collect on allocation) 39.37M->32.37M 2.156ms
[35.392s] GC(385) Pause Incremental GC (Collect on allocation) 40.87M->32.87M 1.617ms
[35.436s] GC(386) Pause Incremental GC (Collect on allocation) 42.37M->32.87M 1.289ms
[35.485s] GC(387) Pause Incremental GC (Collect on allocation) 43.37M->32.87M 1.283ms
[35.541s] GC(388) Pause Incremental GC (Collect on allocation) 44.87M->32.87M 1.347ms
[35.593s] GC(389) Pause Incremental GC (Collect on allocation) 44.37M->32.87M 1.426ms
[35.645s] GC(390) Pause Incremental GC (Collect on allocation) 43.87M->32.87M 1.452ms
[35.693s] GC(391) Pause Incremental GC (Collect on allocation) 43.37M->32.87M 1.393ms
[35.738s] GC(392) Pause Incremental GC (Collect on allocation) 42.87M->32.87M 1.482ms
[35.781s] GC(393) Pause Incremental GC (Collect on allocation) 42.37M->32.87M 1.376ms
[35.823s] GC(394) Pause Incremental GC (Collect on allocation) 41.87M->32.87M 1.662ms
[35.862s] GC(395) Pause Incremental GC (Collect on allocation) 41.37M->32.87M 1.379ms
[35.897s] GC(396) Pause Incremental GC (Collect on allocation) 40.87M->33.37M 1.406ms
[35.929s] GC(397) Pause Incremental GC (Collect on allocation) 40.87M->33.37M 1.344ms
[35.968s] GC(398) Pause Incremental GC (Collect on allocation) 41.87M->33.37M 1.364ms
[36.013s] GC(399) Pause Incremental GC (Collect on allocation) 42.87M->33.37M 1.411ms
[36.054s] GC(400) Pause Incremental GC (Collect on allocation) 42.37M->33.37M 1.399ms
[36.091s] GC(401) Pause Incremental GC (Collect on allocation) 41.87M->33.37M 1.402ms
[36.133s] GC(402) Pause Incremental GC (Collect on allocation) 42.87M->33.87M 1.870ms
[36.177s] GC(403) Pause Incremental GC (Collect on allocation) 44.37M->35.37M 2.146ms
[36.226s] GC(404) Pause Incremental GC (Collect on allocation) 47.37M->36.37M 1.983ms
[36.286s] GC(405) Pause Incremental GC (Collect on allocation) 49.87M->37.37M 1.697ms
[36.357s] GC(406) Pause Incremental GC (Collect on allocation) 52.37M->37.37M 1.567ms
[36.425s] GC(407) Pause Incremental GC (Collect on allocation) 51.87M->37.37M 1.459ms
[36.488s] GC(408) Pause Incremental GC (Collect on allocation) 51.37M->37.37M 1.534ms
[36.549s] GC(409) Pause Incremental GC (Collect on allocation) 50.87M->37.37M 1.431ms
[36.610s] GC(410) Pause Incremental GC (Collect on allocation) 50.37M->37.37M 1.323ms
[36.667s] GC(411) Pause Incremental GC (Collect on allocation) 49.87M->37.37M 1.311ms
[36.722s] GC(412) Pause Incremental GC (Collect on allocation) 49.37M->37.37M 1.287ms
[36.775s] GC(413) Pause Incremental GC (Collect on allocation) 48.87M->37.37M 1.342ms
[36.825s] GC(414) Pause Incremental GC (Collect on allocation) 48.37M->37.37M 1.336ms
[36.874s] GC(415) Pause Incremental GC (Collect on allocation) 47.87M->37.37M 1.359ms
[36.920s] GC(416) Pause Incremental GC (Collect on allocation) 47.37M->37.87M 1.452ms
[36.960s] GC(417) Pause Incremental GC (Collect on allocation) 47.37M->37.87M 1.342ms
[37.002s] GC(418) Pause Incremental GC (Collect on allocation) 46.87M->37.87M 1.316ms
[37.042s] GC(419) Pause Incremental GC (Collect on allocation) 46.37M->37.87M 1.387ms
[37.104s] GC(420) Pause Full GC (Collect on allocation) 45.87M->31.87M 26.018ms
[37.113s] GC(421) Pause Incremental GC (Collect on allocation) 38.87M->32.37M 1.884ms
[37.145s] GC(422) Pause Incremental GC (Collect on allocation) 40.37M->32.37M 1.426ms
[37.184s] GC(423) Pause Incremental GC (Collect on allocation) 41.37M->32.37M 1.360ms
[37.229s] GC(424) Pause Incremental GC (Collect on allocation) 42.37M->32.37M 1.426ms
[37.279s] GC(425) Pause Incremental GC (Collect on allocation) 43.37M->32.37M 1.517ms
[37.329s] GC(426) Pause Incremental GC (Collect on allocation) 42.87M->32.37M 1.398ms
[37.375s] GC(427) Pause Incremental GC (Collect on allocation) 42.37M->32.37M 1.344ms
[37.418s] GC(428) Pause Incremental GC (Collect on allocation) 41.87M->32.37M 1.355ms
[37.458s] GC(429) Pause Incremental GC (Collect on allocation) 41.37M->32.37M 1.310ms
[37.498s] GC(430) Pause Incremental GC (Collect on allocation) 40.87M->32.37M 1.349ms
[37.534s] GC(431) Pause Incremental GC (Collect on allocation) 40.37M->32.37M 1.289ms
[37.570s] GC(432) Pause Incremental GC (Collect on allocation) 39.87M->32.87M 1.409ms
[37.600s] GC(433) Pause Incremental GC (Collect on allocation) 39.87M->32.87M 1.365ms
[37.637s] GC(434) Pause Incremental GC (Collect on allocation) 40.87M->32.87M 1.327ms
[37.678s] GC(435) Pause Incremental GC (Collect on allocation) 41.87M->32.87M 1.279ms
[37.717s] GC(436) Pause Incremental GC (Collect on allocation) 41.37M->32.87M 1.360ms
[37.754s] GC(437) Pause Incremental GC (Collect on allocation) 40.87M->32.87M 1.358ms
[37.787s] GC(438) Pause Incremental GC (Collect on allocation) 40.37M->32.87M 1.345ms
[37.826s] GC(439) Pause Incremental GC (Collect on allocation) 41.37M->32.87M 1.340ms
[37.870s] GC(440) Pause Incremental GC (Collect on allocation) 42.37M->32.87M 1.386ms
[37.908s] GC(441) Pause Incremental GC (Collect on allocation) 41.87M->32.87M 1.391ms
[37.946s] GC(442) Pause Incremental GC (Collect on allocation) 41.37M->32.87M 1.440ms
[37.988s] GC(443) Pause Incremental GC (Collect on allocation) 42.37M->32.87M 1.415ms
[38.030s] GC(444) Pause Incremental GC (Collect on allocation) 41.87M->32.87M 1.346ms
[38.067s] GC(445) Pause Incremental GC (Collect on allocation) 41.37M->33.37M 1.354ms
[38.104s] GC(446) Pause Incremental GC (Collect on allocation) 41.37M->33.37M 1.390ms
[38.138s] GC(447) Pause Incremental GC (Collect on allocation) 40.87M->33.37M 1.383ms
[38.178s] GC(448) Pause Incremental GC (Collect on allocation) 41.87M->33.37M 1.306ms
[38.221s] GC(449) Pause Incremental GC (Collect on allocation) 42.87M->33.37M 1.334ms
[38.263s] GC(450) Pause Incremental GC (Collect on allocation) 42.37M->33.37M 1.259ms
[38.302s] GC(451) Pause Incremental GC (Collect on allocation) 41.87M->33.37M 1.292ms
[38.338s] GC(452) Pause Incremental GC (Collect on allocation) 41.37M->33.37M 1.307ms
[38.372s] GC(453) Pause Incremental GC (Collect on allocation) 40.87M->33.37M 1.303ms
[38.404s] GC(454) Pause Incremental GC (Collect on allocation) 40.37M->33.37M 1.248ms
[38.433s] GC(455) Pause Incremental GC (Collect on allocation) 39.87M->33.37M 1.253ms
[38.467s] GC(456) Pause Incremental GC (Collect on allocation) 40.87M->33.37M 1.272ms
[38.504s] GC(457) Pause Incremental GC (Collect on allocation) 41.87M->33.37M 1.288ms
[38.546s] GC(458) Pause Incremental GC (Collect on allocation) 42.87M->33.37M 1.327ms
[38.616s] GC(459) Pause Full GC (Collect on allocation) 43.87M->31.87M 23.720ms
[38.634s] GC(460) Pause Incremental GC (Collect on allocation) 41.37M->32.37M 1.648ms
[38.683s] GC(461) Pause Incremental GC (Collect on allocation) 42.87M->32.37M 1.324ms
[38.730s] GC(462) Pause Incremental GC (Collect on allocation) 42.37M->32.37M 1.499ms
[38.774s] GC(463) Pause Incremental GC (Collect on allocation) 41.87M->32.37M 1.432ms
[38.816s] GC(464) Pause Incremental GC (Collect on allocation) 41.37M->32.37M 1.390ms
[38.855s] GC(465) Pause Incremental GC (Collect on allocation) 40.87M->32.37M 1.351ms
[38.892s] GC(466) Pause Incremental GC (Collect on allocation) 40.37M->32.37M 1.350ms
[38.926s] GC(467) Pause Incremental GC (Collect on allocation) 39.87M->32.37M 1.317ms
[38.957s] GC(468) Pause Incremental GC (Collect on allocation) 39.37M->32.37M 1.274ms
[38.991s] GC(469) Pause Incremental GC (Collect on allocation) 40.37M->32.37M 1.263ms
[39.032s] GC(470) Pause Incremental GC (Collect on allocation) 41.37M->32.37M 1.239ms
[39.071s] GC(471) Pause Incremental GC (Collect on allocation) 40.87M->32.37M 1.476ms
[39.113s] GC(472) Pause Incremental GC (Collect on allocation) 41.87M->32.37M 1.391ms
[39.153s] GC(473) Pause Incremental GC (Collect on allocation) 41.37M->32.87M 1.355ms
[39.193s] GC(474) Pause Incremental GC (Collect on allocation) 41.37M->32.87M 1.341ms
[39.230s] GC(475) Pause Incremental GC (Collect on allocation) 40.87M->32.87M 1.379ms
[39.263s] GC(476) Pause Incremental GC (Collect on allocation) 40.37M->32.87M 1.328ms
[39.303s] GC(477) Pause Incremental GC (Collect on allocation) 41.37M->32.87M 1.253ms
[39.339s] GC(478) Pause Incremental GC (Collect on allocation) 40.87M->32.87M 1.271ms
[39.374s] GC(479) Pause Incremental GC (Collect on allocation) 40.37M->32.87M 1.265ms
[39.406s] GC(480) Pause Incremental GC (Collect on allocation) 39.87M->32.87M 1.217ms
[39.443s] GC(481) Pause Incremental GC (Collect on allocation) 40.87M->32.87M 1.363ms
[39.484s] GC(482) Pause Incremental GC (Collect on allocation) 41.87M->32.87M 1.373ms
[39.530s] GC(483) Pause Incremental GC (Collect on allocation) 42.87M->32.87M 1.414ms
[39.571s] GC(484) Pause Incremental GC (Collect on allocation) 42.37M->32.87M 1.397ms
[39.612s] GC(485) Pause Incremental GC (Collect on allocation) 41.87M->32.87M 1.408ms
[39.649s] GC(486) Pause Incremental GC (Collect on allocation) 41.37M->32.87M 1.334ms
[39.687s] GC(487) Pause Incremental GC (Collect on allocation) 40.87M->33.37M 1.373ms
[39.720s] GC(488) Pause Incremental GC (Collect on allocation) 40.87M->33.37M 1.301ms
[39.759s] GC(489) Pause Incremental GC (Collect on allocation) 41.87M->33.37M 1.294ms
[39.795s] GC(490) Pause Incremental GC (Collect on allocation) 41.37M->33.37M 1.334ms
[39.836s] GC(491) Pause Incremental GC (Collect on allocation) 42.37M->33.37M 1.317ms
[39.873s] GC(492) Pause Incremental GC (Collect on allocation) 41.87M->33.37M 1.328ms
[39.910s] GC(493) Pause Incremental GC (Collect on allocation) 41.37M->33.37M 1.372ms
[39.944s] GC(494) Pause Incremental GC (Collect on allocation) 40.87M->33.37M 1.244ms
[39.982s] GC(495) Pause Incremental GC (Collect on allocation) 41.87M->33.37M 1.267ms
[40.019s] GC(496) Pause Incremental GC (Collect on allocation) 41.37M->33.37M 1.320ms
[40.076s] GC(497) Pause Full GC (Collect on allocation) 40.87M->32.37M 24.396ms
[40.095s] GC(498) Pause Incremental GC (Collect on allocation) 41.87M->32.37M 1.842ms
[40.144s] GC(499) Pause Incremental GC (Collect on allocation) 42.87M->32.37M 1.301ms
[40.199s] GC(500) Pause Incremental GC (Collect on allocation) 44.37M->32.37M 1.310ms
[40.253s] GC(501) Pause Incremental GC (Collect on allocation) 43.87M->32.37M 1.308ms
[40.304s] GC(502) Pause Incremental GC (Collect on allocation) 43.37M->32.37M 1.386ms
[40.354s] GC(503) Pause Incremental GC (Collect on allocation) 42.87M->32.37M 1.469ms
[40.400s] GC(504) Pause Incremental GC (Collect on allocation) 42.37M->32.37M 1.260ms
[40.445s] GC(505) Pause Incremental GC (Collect on allocation) 41.87M->32.37M 1.332ms
[40.486s] GC(506) Pause Incremental GC (Collect on allocation) 41.37M->32.37M 1.428ms
[40.525s] GC(507) Pause Incremental GC (Collect on allocation) 40.87M->32.37M 1.303ms
[40.559s] GC(508) Pause Incremental GC (Collect on allocation) 40.37M->32.37M 1.394ms
[40.594s] GC(509) Pause Incremental GC (Collect on allocation) 39.87M->32.37M 1.388ms
[40.625s] GC(510) Pause Incremental GC (Collect on allocation) 39.37M->32.37M 1.335ms
[40.662s] GC(511) Pause Incremental GC (Collect on allocation) 40.37M->32.37M 1.339ms
[40.705s] GC(512) Pause Incremental GC (Collect on allocation) 41.37M->32.87M 1.895ms
[40.749s] GC(513) Pause Incremental GC (Collect on allocation) 42.87M->32.87M 1.471ms
[40.799s] GC(514) Pause Incremental GC (Collect on allocation) 43.87M->32.87M 1.496ms
[40.859s] GC(515) Pause Incremental GC (Collect on allocation) 45.37M->32.87M 1.340ms
[40.914s] GC(516) Pause Incremental GC (Collect on allocation) 44.87M->32.87M 1.329ms
[40.967s] GC(517) Pause Incremental GC (Collect on allocation) 44.37M->32.87M 1.392ms
[41.017s] GC(518) Pause Incremental GC (Collect on allocation) 43.87M->32.87M 1.455ms
[41.067s] GC(519) Pause Incremental GC (Collect on allocation) 43.37M->32.87M 1.404ms
[41.113s] GC(520) Pause Incremental GC (Collect on allocation) 42.87M->32.87M 1.522ms
[41.156s] GC(521) Pause Incremental GC (Collect on allocation) 42.37M->32.87M 1.801ms
[41.197s] GC(522) Pause Incremental GC (Collect on allocation) 41.87M->32.87M 1.593ms
[41.237s] GC(523) Pause Incremental GC (Collect on allocation) 41.37M->32.87M 1.411ms
[41.272s] GC(524) Pause Incremental GC (Collect on allocation) 40.87M->32.87M 1.722ms
[41.310s] GC(525) Pause Incremental GC (Collect on allocation) 41.87M->32.87M 1.322ms
[41.357s] GC(526) Pause Incremental GC (Collect on allocation) 42.87M->32.87M 1.451ms
[41.399s] GC(527) Pause Incremental GC (Collect on allocation) 42.37M->33.37M 1.515ms
[41.448s] GC(528) Pause Incremental GC (Collect on allocation) 43.87M->33.37M 1.413ms
[41.495s] GC(529) Pause Incremental GC (Collect on allocation) 43.37M->33.37M 1.290ms
[41.539s] GC(530) Pause Incremental GC (Collect on allocation) 42.87M->33.37M 1.425ms
[41.581s] GC(531) Pause Incremental GC (Collect on allocation) 42.37M->33.37M 1.403ms
[41.618s] GC(532) Pause Incremental GC (Collect on allocation) 41.87M->33.37M 1.354ms
[41.674s] GC(533) Pause Full GC (Collect on allocation) 41.37M->31.87M 24.014ms
[41.684s] GC(534) Pause Incremental GC (Collect on allocation) 38.87M->32.37M 2.090ms
[41.716s] GC(535) Pause Incremental GC (Collect on allocation) 40.37M->32.37M 1.432ms
[41.757s] GC(536) Pause Incremental GC (Collect on allocation) 41.37M->32.37M 1.231ms
[41.803s] GC(537) Pause Incremental GC (Collect on allocation) 42.37M->32.37M 1.329ms
[41.855s] GC(538) Pause Incremental GC (Collect on allocation) 43.37M->32.37M 1.415ms
[41.904s] GC(539) Pause Incremental GC (Collect on allocation) 42.87M->32.87M 1.363ms
[41.951s] GC(540) Pause Incremental GC (Collect on allocation) 42.87M->32.87M 1.303ms
[41.995s] GC(541) Pause Incremental GC (Collect on allocation) 42.37M->32.87M 1.327ms
[42.037s] GC(542) Pause Incremental GC (Collect on allocation) 41.87M->32.87M 1.404ms
[42.077s] GC(543) Pause Incremental GC (Collect on allocation) 41.37M->32.87M 1.341ms
[42.112s] GC(544) Pause Incremental GC (Collect on allocation) 40.87M->32.87M 1.453ms
[42.147s] GC(545) Pause Incremental GC (Collect on allocation) 40.37M->32.87M 1.396ms
[42.179s] GC(546) Pause Incremental GC (Collect on allocation) 39.87M->32.87M 1.265ms
[42.214s] GC(547) Pause Incremental GC (Collect on allocation) 40.87M->32.87M 1.277ms
[42.254s] GC(548) Pause Incremental GC (Collect on allocation) 41.87M->32.87M 1.342ms
[42.299s] GC(549) Pause Incremental GC (Collect on allocation) 42.87M->32.87M 1.428ms
[42.341s] GC(550) Pause Incremental GC (Collect on allocation) 42.37M->32.87M 1.414ms
[42.382s] GC(551) Pause Incremental GC (Collect on allocation) 41.87M->32.87M 1.423ms
[42.420s] GC(552) Pause Incremental GC (Collect on allocation) 41.37M->32.87M 1.335ms
[42.458s] GC(553) Pause Incremental GC (Collect on allocation) 40.87M->32.87M 1.263ms
[42.491s] GC(554) Pause Incremental GC (Collect on allocation) 40.37M->32.87M 1.302ms
[42.524s] GC(555) Pause Incremental GC (Collect on allocation) 39.87M->33.37M 1.294ms
[42.561s] GC(556) Pause Incremental GC (Collect on allocation) 41.37M->33.37M 1.331ms
[42.602s] GC(557) Pause Incremental GC (Collect on allocation) 42.37M->33.37M 1.288ms
[42.645s] GC(558) Pause Incremental GC (Collect on allocation) 41.87M->33.37M 2.374ms
[42.685s] GC(559) Pause Incremental GC (Collect on allocation) 42.87M->33.37M 1.518ms
[42.732s] GC(560) Pause Incremental GC (Collect on allocation) 43.87M->33.37M 1.404ms
[42.789s] GC(561) Pause Incremental GC (Collect on allocation) 45.37M->33.37M 1.469ms
[42.843s] GC(562) Pause Incremental GC (Collect on allocation) 44.87M->33.37M 1.311ms
[42.894s] GC(563) Pause Incremental GC (Collect on allocation) 44.37M->33.37M 1.320ms
[42.942s] GC(564) Pause Incremental GC (Collect on allocation) 43.87M->33.87M 1.409ms
[42.988s] GC(565) Pause Incremental GC (Collect on allocation) 43.87M->33.87M 1.382ms
[43.031s] GC(566) Pause Incremental GC (Collect on allocation) 43.37M->33.87M 1.346ms
[43.072s] GC(567) Pause Incremental GC (Collect on allocation) 42.87M->33.87M 1.376ms
[43.110s] GC(568) Pause Incremental GC (Collect on allocation) 42.37M->33.87M 1.382ms
[43.169s] GC(569) Pause Full GC (Collect on allocation) 41.87M->31.87M 24.295ms
[43.178s] GC(570) Pause Incremental GC (Collect on allocation) 38.87M->31.87M 1.885ms
[43.212s] GC(571) Pause Incremental GC (Collect on allocation) 39.87M->32.37M 1.510ms
[43.252s] GC(572) Pause Incremental GC (Collect on allocation) 41.37M->32.37M 1.293ms
[43.300s] GC(573) Pause Incremental GC (Collect on allocation) 42.37M->32.37M 1.261ms
[43.350s] GC(574) Pause Incremental GC (Collect on allocation) 43.37M->32.37M 1.297ms
[43.398s] GC(575) Pause Incremental GC (Collect on allocation) 42.87M->32.37M 1.510ms
[43.444s] GC(576) Pause Incremental GC (Collect on allocation) 42.37M->32.37M 1.431ms
[43.488s] GC(577) Pause Incremental GC (Collect on allocation) 41.87M->32.37M 1.408ms
[43.528s] GC(578) Pause Incremental GC (Collect on allocation) 41.37M->32.37M 1.400ms
[43.567s] GC(579) Pause Incremental GC (Collect on allocation) 40.87M->32.37M 1.458ms
[43.603s] GC(580) Pause Incremental GC (Collect on allocation) 40.37M->32.37M 1.292ms
[43.637s] GC(581) Pause Incremental GC (Collect on allocation) 39.87M->32.37M 1.282ms
[43.669s] GC(582) Pause Incremental GC (Collect on allocation) 39.37M->32.37M 1.265ms
[43.706s] GC(583) Pause Incremental GC (Collect on allocation) 40.37M->32.37M 1.355ms
[43.746s] GC(584) Pause Incremental GC (Collect on allocation) 41.37M->32.37M 1.305ms
[43.784s] GC(585) Pause Incremental GC (Collect on allocation) 40.87M->32.37M 1.327ms
[43.822s] GC(586) Pause Incremental GC (Collect on allocation) 40.37M->32.37M 1.424ms
[43.863s] GC(587) Pause Incremental GC (Collect on allocation) 41.37M->32.87M 1.487ms
[43.908s] GC(588) Pause Incremental GC (Collect on allocation) 42.87M->32.87M 1.505ms
[43.952s] GC(589) Pause Incremental GC (Collect on allocation) 42.37M->32.87M 1.400ms
[43.993s] GC(590) Pause Incremental GC (Collect on allocation) 41.87M->32.87M 1.321ms
[44.032s] GC(591) Pause Incremental GC (Collect on allocation) 41.37M->32.87M 1.331ms
[44.068s] GC(592) Pause Incremental GC (Collect on allocation) 40.87M->32.87M 1.252ms
[44.101s] GC(593) Pause Incremental GC (Collect on allocation) 40.37M->32.87M 1.351ms
[44.133s] GC(594) Pause Incremental GC (Collect on allocation) 39.87M->32.87M 1.272ms
[44.169s] GC(595) Pause Incremental GC (Collect on allocation) 40.87M->32.87M 1.249ms
[44.211s] GC(596) Pause Incremental GC (Collect on allocation) 41.87M->32.87M 1.263ms
[44.251s] GC(597) Pause Incremental GC (Collect on allocation) 41.37M->32.87M 1.256ms
[44.285s] GC(598) Pause Incremental GC (Collect on allocation) 40.87M->32.87M 1.363ms
[44.319s] GC(599) Pause Incremental GC (Collect on allocation) 40.37M->32.87M 1.266ms
[44.358s] GC(600) Pause Incremental GC (Collect on allocation) 41.37M->32.87M 1.399ms
[44.402s] GC(601) Pause Incremental GC (Collect on allocation) 42.37M->32.87M 1.366ms
[44.443s] GC(602) Pause Incremental GC (Collect on allocation) 41.87M->32.87M 1.371ms
[44.483s] GC(603) Pause Incremental GC (Collect on allocation) 41.37M->33.37M 1.352ms
[44.519s] GC(604) Pause Incremental GC (Collect on allocation) 41.37M->33.37M 1.345ms
[44.578s] GC(605) Pause Full GC (Collect on allocation) 40.87M->31.87M 25.865ms
[44.592s] GC(606) Pause Incremental GC (Collect on allocation) 41.37M->31.87M 1.844ms
[44.642s] GC(607) Pause Incremental GC (Collect on allocation) 42.37M->32.37M 1.374ms
[44.698s] GC(608) Pause Incremental GC (Collect on allocation) 44.37M->32.37M 1.482ms
[44.750s] GC(609) Pause Incremental GC (Collect on allocation) 43.87M->32.37M 1.525ms
[44.800s] GC(610) Pause Incremental GC (Collect on allocation) 43.37M->32.37M 1.407ms
[44.849s] GC(611) Pause Incremental GC (Collect on allocation) 42.87M->32.37M 1.385ms
[44.895s] GC(612) Pause Incremental GC (Collect on allocation) 42.37M->32.37M 1.401ms
[44.939s] GC(613) Pause Incremental GC (Collect on allocation) 41.87M->32.37M 1.361ms
[44.980s] GC(614) Pause Incremental GC (Collect on allocation) 41.37M->32.37M 1.366ms
[45.019s] GC(615) Pause Incremental GC (Collect on allocation) 40.87M->32.37M 1.376ms
[45.055s] GC(616) Pause Incremental GC (Collect on allocation) 40.37M->32.37M 1.302ms
[45.090s] GC(617) Pause Incremental GC (Collect on allocation) 39.87M->32.37M 1.426ms
[45.122s] GC(618) Pause Incremental GC (Collect on allocation) 39.37M->32.37M 1.272ms
[45.158s] GC(619) Pause Incremental GC (Collect on allocation) 40.37M->32.37M 1.243ms
[45.198s] GC(620) Pause Incremental GC (Collect on allocation) 41.37M->32.37M 1.436ms
[45.244s] GC(621) Pause Incremental GC (Collect on allocation) 42.37M->32.87M 1.358ms
[45.289s] GC(622) Pause Incremental GC (Collect on allocation) 42.37M->32.87M 1.317ms
[45.330s] GC(623) Pause Incremental GC (Collect on allocation) 41.87M->32.87M 1.334ms
[45.369s] GC(624) Pause Incremental GC (Collect on allocation) 41.37M->32.87M 1.393ms
[45.406s] GC(625) Pause Incremental GC (Collect on allocation) 40.87M->32.87M 1.431ms
[45.439s] GC(626) Pause Incremental GC (Collect on allocation) 40.37M->32.87M 1.387ms
[45.478s] GC(627) Pause Incremental GC (Collect on allocation) 41.37M->32.87M 1.309ms
[45.521s] GC(628) Pause Incremental GC (Collect on allocation) 42.37M->32.87M 1.331ms
[45.562s] GC(629) Pause Incremental GC (Collect on allocation) 41.87M->32.87M 1.327ms
[45.599s] GC(630) Pause Incremental GC (Collect on allocation) 41.37M->32.87M 1.507ms
[45.642s] GC(631) Pause Incremental GC (Collect on allocation) 42.37M->32.87M 1.357ms
[45.683s] GC(632) Pause Incremental GC (Collect on allocation) 41.87M->32.87M 1.371ms
[45.722s] GC(633) Pause Incremental GC (Collect on allocation) 41.37M->32.87M 1.267ms
[45.761s] GC(634) Pause Incremental GC (Collect on allocation) 40.87M->33.37M 1.893ms
[45.777s] GC(635) Pause Incremental GC (Collect on allocation) 42.37M->33.37M 1.468ms
[45.822s] GC(636) Pause Incremental GC (Collect on allocation) 43.37M->33.37M 1.387ms
[45.873s] GC(637) Pause Incremental GC (Collect on allocation) 44.37M->33.37M 1.371ms
[45.932s] GC(638) Pause Incremental GC (Collect on allocation) 45.87M->33.37M 1.506ms
[45.996s] GC(639) Pause Incremental GC (Collect on allocation) 47.37M->33.37M 1.354ms
[46.061s] GC(640) Pause Incremental GC (Collect on allocation) 46.87M->33.37M 1.299ms
[46.144s] GC(641) Pause Full GC (Collect on allocation) 46.37M->31.87M 23.394ms
[46.154s] GC(642) Pause Incremental GC (Collect on allocation) 43.87M->32.37M 1.749ms
[46.190s] GC(643) Pause Incremental GC (Collect on allocation) 43.87M->32.37M 1.685ms
[46.252s] GC(644) Pause Incremental GC (Collect on allocation) 45.37M->32.37M 1.383ms
[46.311s] GC(645) Pause Incremental GC (Collect on allocation) 44.87M->32.37M 1.273ms
[46.365s] GC(646) Pause Incremental GC (Collect on allocation) 44.37M->32.37M 1.379ms
[46.420s] GC(647) Pause Incremental GC (Collect on allocation) 43.87M->32.37M 1.291ms
[46.471s] GC(648) Pause Incremental GC (Collect on allocation) 43.37M->32.37M 1.296ms
[46.517s] GC(649) Pause Incremental GC (Collect on allocation) 42.87M->32.37M 1.311ms
[46.564s] GC(650) Pause Incremental GC (Collect on allocation) 42.37M->32.37M 1.377ms
[46.609s] GC(651) Pause Incremental GC (Collect on allocation) 41.87M->32.37M 1.852ms
[46.647s] GC(652) Pause Incremental GC (Collect on allocation) 41.37M->32.37M 1.401ms
[46.685s] GC(653) Pause Incremental GC (Collect on allocation) 40.87M->32.37M 1.311ms
[46.719s] GC(654) Pause Incremental GC (Collect on allocation) 40.37M->32.37M 1.350ms
[46.754s] GC(655) Pause Incremental GC (Collect on allocation) 39.87M->32.37M 1.290ms
[46.785s] GC(656) Pause Incremental GC (Collect on allocation) 39.37M->32.37M 1.270ms
[46.823s] GC(657) Pause Incremental GC (Collect on allocation) 40.37M->32.37M 1.340ms
[46.864s] GC(658) Pause Incremental GC (Collect on allocation) 41.37M->32.37M 1.353ms
[46.903s] GC(659) Pause Incremental GC (Collect on allocation) 40.87M->32.37M 1.316ms
[46.939s] GC(660) Pause Incremental GC (Collect on allocation) 40.37M->32.37M 1.410ms
[46.980s] GC(661) Pause Incremental GC (Collect on allocation) 41.37M->32.87M 1.445ms
[47.027s] GC(662) Pause Incremental GC (Collect on allocation) 42.87M->32.87M 1.342ms
[47.070s] GC(663) Pause Incremental GC (Collect on allocation) 42.37M->32.87M 1.315ms
[47.113s] GC(664) Pause Incremental GC (Collect on allocation) 41.87M->32.87M 1.396ms
[47.151s] GC(665) Pause Incremental GC (Collect on allocation) 41.37M->32.87M 1.367ms
[47.187s] GC(666) Pause Incremental GC (Collect on allocation) 40.87M->32.87M 1.364ms
[47.220s] GC(667) Pause Incremental GC (Collect on allocation) 40.37M->32.87M 1.281ms
[47.253s] GC(668) Pause Incremental GC (Collect on allocation) 39.87M->32.87M 1.300ms
[47.290s] GC(669) Pause Incremental GC (Collect on allocation) 40.87M->32.87M 1.328ms
[47.330s] GC(670) Pause Incremental GC (Collect on allocation) 41.87M->32.87M 1.313ms
[47.377s] GC(671) Pause Incremental GC (Collect on allocation) 42.87M->32.87M 1.419ms
[47.421s] GC(672) Pause Incremental GC (Collect on allocation) 42.37M->32.87M 1.413ms
[47.460s] GC(673) Pause Incremental GC (Collect on allocation) 41.87M->32.87M 1.348ms
[47.499s] GC(674) Pause Incremental GC (Collect on allocation) 41.37M->32.87M 1.594ms
[47.536s] GC(675) Pause Incremental GC (Collect on allocation) 40.87M->32.87M 1.322ms
[47.598s] GC(676) Pause Full GC (Collect on allocation) 41.87M->31.87M 24.092ms
[47.612s] GC(677) Pause Incremental GC (Collect on allocation) 39.87M->32.37M 1.798ms
[47.650s] GC(678) Pause Incremental GC (Collect on allocation) 41.37M->32.37M 1.291ms
[47.697s] GC(679) Pause Incremental GC (Collect on allocation) 42.37M->32.37M 1.337ms
[47.747s] GC(680) Pause Incremental GC (Collect on allocation) 43.37M->32.37M 1.421ms
[47.796s] GC(681) Pause Incremental GC (Collect on allocation) 42.87M->32.37M 1.385ms
[47.844s] GC(682) Pause Incremental GC (Collect on allocation) 42.37M->32.37M 1.413ms
[47.887s] GC(683) Pause Incremental GC (Collect on allocation) 41.87M->32.37M 1.346ms
[47.929s] GC(684) Pause Incremental GC (Collect on allocation) 41.37M->32.37M 1.555ms
[47.966s] GC(685) Pause Incremental GC (Collect on allocation) 40.87M->32.37M 1.518ms
[48.001s] GC(686) Pause Incremental GC (Collect on allocation) 40.37M->32.37M 1.383ms
[48.043s] GC(687) Pause Incremental GC (Collect on allocation) 41.37M->32.37M 1.317ms
[48.083s] GC(688) Pause Incremental GC (Collect on allocation) 40.87M->32.37M 1.276ms
[48.118s] GC(689) Pause Incremental GC (Collect on allocation) 40.37M->32.37M 1.293ms
[48.153s] GC(690) Pause Incremental GC (Collect on allocation) 39.87M->32.87M 1.294ms
[48.184s] GC(691) Pause Incremental GC (Collect on allocation) 39.87M->32.87M 1.323ms
[48.221s] GC(692) Pause Incremental GC (Collect on allocation) 40.87M->32.87M 1.360ms
[48.263s] GC(693) Pause Incremental GC (Collect on allocation) 41.87M->32.87M 1.323ms
[48.309s] GC(694) Pause Incremental GC (Collect on allocation) 42.87M->32.87M 1.451ms
[48.349s] GC(695) Pause Incremental GC (Collect on allocation) 42.37M->32.87M 1.428ms
[48.391s] GC(696) Pause Incremental GC (Collect on allocation) 41.87M->32.87M 1.393ms
[48.429s] GC(697) Pause Incremental GC (Collect on allocation) 41.37M->32.87M 1.487ms
[48.465s] GC(698) Pause Incremental GC (Collect on allocation) 40.87M->32.87M 1.331ms
[48.507s] GC(699) Pause Incremental GC (Collect on allocation) 41.87M->32.87M 1.418ms
[48.545s] GC(700) Pause Incremental GC (Collect on allocation) 41.37M->32.87M 1.381ms
[48.582s] GC(701) Pause Incremental GC (Collect on allocation) 40.87M->32.87M 1.345ms
[48.623s] GC(702) Pause Incremental GC (Collect on allocation) 41.87M->32.87M 1.346ms
[48.661s] GC(703) Pause Incremental GC (Collect on allocation) 41.37M->32.87M 1.355ms
[48.698s] GC(704) Pause Incremental GC (Collect on allocation) 40.87M->33.37M 1.354ms
[48.739s] GC(705) Pause Incremental GC (Collect on allocation) 42.37M->33.37M 1.397ms
[48.778s] GC(706) Pause Incremental GC (Collect on allocation) 41.87M->33.37M 1.385ms
[48.822s] GC(707) Pause Incremental GC (Collect on allocation) 42.87M->33.37M 1.352ms
[48.863s] GC(708) Pause Incremental GC (Collect on allocation) 42.37M->33.37M 1.433ms
[48.903s] GC(709) Pause Incremental GC (Collect on allocation) 41.87M->33.37M 1.431ms
[48.940s] GC(710) Pause Incremental GC (Collect on allocation) 41.37M->33.37M 1.316ms
[48.973s] GC(711) Pause Incremental GC (Collect on allocation) 40.87M->33.37M 1.295ms
[49.037s] GC(712) Pause Full GC (Collect on allocation) 41.87M->31.87M 24.848ms
[49.050s] GC(713) Pause Incremental GC (Collect on allocation) 40.87M->31.87M 1.904ms
[49.096s] GC(714) Pause Incremental GC (Collect on allocation) 41.87M->32.37M 1.464ms
[49.145s] GC(715) Pause Incremental GC (Collect on allocation) 43.37M->32.37M 1.332ms
[49.194s] GC(716) Pause Incremental GC (Collect on allocation) 42.87M->32.37M 1.414ms
[49.238s] GC(717) Pause Incremental GC (Collect on allocation) 42.37M->32.37M 1.468ms
[49.282s] GC(718) Pause Incremental GC (Collect on allocation) 41.87M->32.37M 1.427ms
[49.324s] GC(719) Pause Incremental GC (Collect on allocation) 41.37M->32.37M 1.409ms
[49.363s] GC(720) Pause Incremental GC (Collect on allocation) 40.87M->32.37M 1.405ms
[49.398s] GC(721) Pause Incremental GC (Collect on allocation) 40.37M->32.37M 1.353ms
[49.433s] GC(722) Pause Incremental GC (Collect on allocation) 39.87M->32.37M 1.448ms
[49.468s] GC(723) Pause Incremental GC (Collect on allocation) 40.87M->32.87M 1.637ms
[49.506s] GC(724) Pause Incremental GC (Collect on allocation) 42.37M->34.37M 1.875ms
[49.548s] GC(725) Pause Incremental GC (Collect on allocation) 44.87M->35.37M 1.798ms
[49.600s] GC(726) Pause Incremental GC (Collect on allocation) 47.37M->36.37M 1.567ms
[49.663s] GC(727) Pause Incremental GC (Collect on allocation) 49.87M->36.37M 1.343ms
[49.724s] GC(728) Pause Incremental GC (Collect on allocation) 49.37M->36.37M 1.425ms
[49.782s] GC(729) Pause Incremental GC (Collect on allocation) 48.87M->36.37M 1.551ms
[49.837s] GC(730) Pause Incremental GC (Collect on allocation) 48.37M->36.37M 1.448ms
[49.892s] GC(731) Pause Incremental GC (Collect on allocation) 47.87M->36.37M 1.415ms
[49.943s] GC(732) Pause Incremental GC (Collect on allocation) 47.37M->36.37M 1.382ms
[49.993s] GC(733) Pause Incremental GC (Collect on allocation) 46.87M->36.37M 1.295ms
[50.038s] GC(734) Pause Incremental GC (Collect on allocation) 46.37M->36.37M 1.586ms
[50.080s] GC(735) Pause Incremental GC (Collect on allocation) 45.87M->36.37M 1.545ms
[50.121s] GC(736) Pause Incremental GC (Collect on allocation) 45.37M->36.37M 1.366ms
[50.159s] GC(737) Pause Incremental GC (Collect on allocation) 44.87M->36.87M 1.372ms
[50.196s] GC(738) Pause Incremental GC (Collect on allocation) 44.87M->36.87M 1.362ms
[50.230s] GC(739) Pause Incremental GC (Collect on allocation) 44.37M->36.87M 1.346ms
[50.261s] GC(740) Pause Incremental GC (Collect on allocation) 43.87M->36.87M 1.175ms
[50.296s] GC(741) Pause Incremental GC (Collect on allocation) 44.87M->36.87M 1.324ms
[50.337s] GC(742) Pause Incremental GC (Collect on allocation) 45.87M->36.87M 1.345ms
[50.383s] GC(743) Pause Incremental GC (Collect on allocation) 46.87M->36.87M 1.302ms
[50.427s] GC(744) Pause Incremental GC (Collect on allocation) 46.37M->36.87M 1.386ms
[50.468s] GC(745) Pause Incremental GC (Collect on allocation) 45.87M->36.87M 1.495ms
[50.506s] GC(746) Pause Incremental GC (Collect on allocation) 45.37M->36.87M 1.413ms
[50.543s] GC(747) Pause Incremental GC (Collect on allocation) 44.87M->36.87M 1.346ms
[50.598s] GC(748) Pause Full GC (Collect on allocation) 44.37M->31.87M 24.951ms
[50.617s] GC(749) Pause Incremental GC (Collect on allocation) 41.37M->31.87M 1.725ms
[50.666s] GC(750) Pause Incremental GC (Collect on allocation) 42.37M->32.37M 1.573ms
[50.722s] GC(751) Pause Incremental GC (Collect on allocation) 44.37M->32.37M 1.678ms
[50.775s] GC(752) Pause Incremental GC (Collect on allocation) 43.87M->32.37M 1.502ms
[50.827s] GC(753) Pause Incremental GC (Collect on allocation) 43.37M->32.37M 1.433ms
[50.875s] GC(754) Pause Incremental GC (Collect on allocation) 42.87M->32.37M 1.444ms
[50.921s] GC(755) Pause Incremental GC (Collect on allocation) 42.37M->32.37M 1.599ms
[50.964s] GC(756) Pause Incremental GC (Collect on allocation) 41.87M->32.37M 1.450ms
[51.006s] GC(757) Pause Incremental GC (Collect on allocation) 41.37M->32.37M 1.558ms
[51.045s] GC(758) Pause Incremental GC (Collect on allocation) 40.87M->32.37M 1.340ms
[51.082s] GC(759) Pause Incremental GC (Collect on allocation) 40.37M->32.37M 1.688ms
[51.124s] GC(760) Pause Incremental GC (Collect on allocation) 41.37M->32.37M 1.514ms
[51.170s] GC(761) Pause Incremental GC (Collect on allocation) 42.37M->32.37M 1.351ms
[51.210s] GC(762) Pause Incremental GC (Collect on allocation) 41.87M->32.37M 1.457ms
[51.252s] GC(763) Pause Incremental GC (Collect on allocation) 41.37M->32.87M 1.304ms
[51.292s] GC(764) Pause Incremental GC (Collect on allocation) 41.37M->32.87M 1.346ms
[51.328s] GC(765) Pause Incremental GC (Collect on allocation) 40.87M->32.87M 1.388ms
[51.362s] GC(766) Pause Incremental GC (Collect on allocation) 40.37M->32.87M 1.325ms
[51.402s] GC(767) Pause Incremental GC (Collect on allocation) 41.37M->32.87M 1.313ms
[51.438s] GC(768) Pause Incremental GC (Collect on allocation) 40.87M->32.87M 1.460ms
[51.481s] GC(769) Pause Incremental GC (Collect on allocation) 41.87M->32.87M 1.407ms
[51.526s] GC(770) Pause Incremental GC (Collect on allocation) 42.87M->32.87M 1.515ms
[51.575s] GC(771) Pause Incremental GC (Collect on allocation) 43.87M->32.87M 1.594ms
[51.623s] GC(772) Pause Incremental GC (Collect on allocation) 43.37M->32.87M 1.415ms
[51.668s] GC(773) Pause Incremental GC (Collect on allocation) 42.87M->32.87M 1.455ms
[51.713s] GC(774) Pause Incremental GC (Collect on allocation) 42.37M->32.87M 1.534ms
[51.754s] GC(775) Pause Incremental GC (Collect on allocation) 41.87M->32.87M 1.322ms
[51.795s] GC(776) Pause Incremental GC (Collect on allocation) 41.37M->32.87M 1.286ms
[51.832s] GC(777) Pause Incremental GC (Collect on allocation) 40.87M->32.87M 1.282ms
[51.866s] GC(778) Pause Incremental GC (Collect on allocation) 40.37M->32.87M 1.466ms
[51.897s] GC(779) Pause Incremental GC (Collect on allocation) 39.87M->33.37M 1.394ms
[51.934s] GC(780) Pause Incremental GC (Collect on allocation) 41.37M->33.37M 1.341ms
[51.974s] GC(781) Pause Incremental GC (Collect on allocation) 42.37M->33.37M 1.275ms
[52.018s] GC(782) Pause Incremental GC (Collect on allocation) 43.37M->33.37M 1.387ms
[52.063s] GC(783) Pause Incremental GC (Collect on allocation) 42.87M->33.37M 1.311ms
[52.104s] GC(784) Pause Incremental GC (Collect on allocation) 42.37M->33.37M 1.322ms
[52.166s] GC(785) Pause Full GC (Collect on allocation) 41.87M->31.87M 24.100ms
[52.176s] GC(786) Pause Incremental GC (Collect on allocation) 39.37M->32.37M 1.983ms
[52.213s] GC(787) Pause Incremental GC (Collect on allocation) 40.87M->32.37M 1.541ms
[52.255s] GC(788) Pause Incremental GC (Collect on allocation) 41.87M->32.37M 1.327ms
[52.305s] GC(789) Pause Incremental GC (Collect on allocation) 42.87M->32.37M 1.359ms
[52.361s] GC(790) Pause Incremental GC (Collect on allocation) 44.37M->32.37M 1.301ms
[52.414s] GC(791) Pause Incremental GC (Collect on allocation) 43.87M->32.37M 1.378ms
[52.463s] GC(792) Pause Incremental GC (Collect on allocation) 43.37M->32.37M 1.378ms
[52.512s] GC(793) Pause Incremental GC (Collect on allocation) 42.87M->32.37M 1.355ms
[52.557s] GC(794) Pause Incremental GC (Collect on allocation) 42.37M->32.87M 1.371ms
[52.601s] GC(795) Pause Incremental GC (Collect on allocation) 42.37M->32.87M 1.318ms
[52.641s] GC(796) Pause Incremental GC (Collect on allocation) 41.87M->32.87M 1.421ms
[52.682s] GC(797) Pause Incremental GC (Collect on allocation) 41.37M->32.87M 1.415ms
[52.718s] GC(798) Pause Incremental GC (Collect on allocation) 40.87M->32.87M 1.372ms
[52.753s] GC(799) Pause Incremental GC (Collect on allocation) 40.37M->32.87M 1.348ms
[52.784s] GC(800) Pause Incremental GC (Collect on allocation) 39.87M->32.87M 1.269ms
[52.819s] GC(801) Pause Incremental GC (Collect on allocation) 40.87M->32.87M 1.321ms
[52.861s] GC(802) Pause Incremental GC (Collect on allocation) 41.87M->32.87M 1.300ms
[52.908s] GC(803) Pause Incremental GC (Collect on allocation) 42.87M->32.87M 1.498ms
[52.949s] GC(804) Pause Incremental GC (Collect on allocation) 42.37M->32.87M 2.044ms
[52.997s] GC(805) Pause Incremental GC (Collect on allocation) 43.37M->32.87M 2.462ms
[53.050s] GC(806) Pause Incremental GC (Collect on allocation) 44.87M->32.87M 1.290ms
[53.114s] GC(807) Pause Incremental GC (Collect on allocation) 46.37M->32.87M 1.361ms
[53.176s] GC(808) Pause Incremental GC (Collect on allocation) 45.87M->32.87M 1.543ms
[53.233s] GC(809) Pause Incremental GC (Collect on allocation) 45.37M->33.37M 1.708ms
[53.290s] GC(810) Pause Incremental GC (Collect on allocation) 45.37M->33.37M 1.825ms
[53.344s] GC(811) Pause Incremental GC (Collect on allocation) 44.87M->33.37M 1.380ms
[53.393s] GC(812) Pause Incremental GC (Collect on allocation) 44.37M->33.37M 1.514ms
[53.442s] GC(813) Pause Incremental GC (Collect on allocation) 43.87M->33.37M 1.474ms
[53.488s] GC(814) Pause Incremental GC (Collect on allocation) 43.37M->33.37M 1.539ms
[53.533s] GC(815) Pause Incremental GC (Collect on allocation) 42.87M->33.37M 1.398ms
[53.574s] GC(816) Pause Incremental GC (Collect on allocation) 42.37M->33.37M 1.461ms
[53.611s] GC(817) Pause Incremental GC (Collect on allocation) 41.87M->33.37M 1.384ms
[53.647s] GC(818) Pause Incremental GC (Collect on allocation) 41.37M->33.37M 1.409ms
[53.680s] GC(819) Pause Incremental GC (Collect on allocation) 40.87M->33.37M 1.283ms
[53.736s] GC(820) Pause Full GC (Collect on allocation) 40.37M->31.87M 24.947ms
[53.752s] GC(821) Pause Incremental GC (Collect on allocation) 40.87M->31.87M 1.664ms
[53.797s] GC(822) Pause Incremental GC (Collect on allocation) 41.87M->31.87M 1.324ms
[53.849s] GC(823) Pause Incremental GC (Collect on allocation) 42.87M->32.37M 1.320ms
[53.899s] GC(824) Pause Incremental GC (Collect on allocation) 42.87M->32.37M 1.297ms
[53.944s] GC(825) Pause Incremental GC (Collect on allocation) 42.37M->32.37M 1.422ms
[53.988s] GC(826) Pause Incremental GC (Collect on allocation) 41.87M->32.37M 1.352ms
[54.029s] GC(827) Pause Incremental GC (Collect on allocation) 41.37M->32.37M 1.382ms
[54.069s] GC(828) Pause Incremental GC (Collect on allocation) 40.87M->32.37M 1.403ms
[54.106s] GC(829) Pause Incremental GC (Collect on allocation) 40.37M->32.37M 1.412ms
[54.139s] GC(830) Pause Incremental GC (Collect on allocation) 39.87M->32.37M 1.337ms
[54.169s] GC(831) Pause Incremental GC (Collect on allocation) 39.37M->32.37M 1.300ms
[54.207s] GC(832) Pause Incremental GC (Collect on allocation) 40.37M->32.37M 1.310ms
[54.249s] GC(833) Pause Incremental GC (Collect on allocation) 41.37M->32.37M 1.481ms
[54.293s] GC(834) Pause Incremental GC (Collect on allocation) 42.37M->32.37M 1.362ms
[54.338s] GC(835) Pause Incremental GC (Collect on allocation) 41.87M->32.87M 1.294ms
[54.380s] GC(836) Pause Incremental GC (Collect on allocation) 41.87M->32.87M 1.276ms
[54.417s] GC(837) Pause Incremental GC (Collect on allocation) 41.37M->32.87M 1.314ms
[54.455s] GC(838) Pause Incremental GC (Collect on allocation) 40.87M->32.87M 1.491ms
[54.488s] GC(839) Pause Incremental GC (Collect on allocation) 40.37M->32.87M 1.428ms
[54.525s] GC(840) Pause Incremental GC (Collect on allocation) 41.37M->32.87M 1.397ms
[54.569s] GC(841) Pause Incremental GC (Collect on allocation) 42.37M->32.87M 1.333ms
[54.616s] GC(842) Pause Incremental GC (Collect on allocation) 43.37M->32.87M 1.468ms
[54.662s] GC(843) Pause Incremental GC (Collect on allocation) 42.87M->32.87M 1.460ms
[54.706s] GC(844) Pause Incremental GC (Collect on allocation) 42.37M->32.87M 1.383ms
[54.749s] GC(845) Pause Incremental GC (Collect on allocation) 41.87M->32.87M 1.257ms
[54.786s] GC(846) Pause Incremental GC (Collect on allocation) 41.37M->32.87M 1.353ms
[54.823s] GC(847) Pause Incremental GC (Collect on allocation) 40.87M->32.87M 1.301ms
[54.857s] GC(848) Pause Incremental GC (Collect on allocation) 40.37M->33.37M 1.364ms
[54.888s] GC(849) Pause Incremental GC (Collect on allocation) 40.37M->33.37M 1.329ms
[54.924s] GC(850) Pause Incremental GC (Collect on allocation) 41.37M->33.37M 1.322ms
[54.965s] GC(851) Pause Incremental GC (Collect on allocation) 42.37M->33.37M 1.276ms
[55.012s] GC(852) Pause Incremental GC (Collect on allocation) 43.37M->33.37M 1.307ms
[55.054s] GC(853) Pause Incremental GC (Collect on allocation) 42.87M->33.37M 1.353ms
[55.094s] GC(854) Pause Incremental GC (Collect on allocation) 42.37M->33.37M 1.471ms
[55.134s] GC(855) Pause Incremental GC (Collect on allocation) 41.87M->33.37M 1.350ms
[55.192s] GC(856) Pause Full GC (Collect on allocation) 41.37M->31.87M 24.313ms
[55.202s] GC(857) Pause Incremental GC (Collect on allocation) 38.87M->32.37M 2.139ms
[55.236s] GC(858) Pause Incremental GC (Collect on allocation) 40.37M->32.37M 2.060ms
[55.277s] GC(859) Pause Incremental GC (Collect on allocation) 41.37M->32.37M 1.391ms
[55.323s] GC(860) Pause Incremental GC (Collect on allocation) 42.37M->32.37M 1.373ms
[55.372s] GC(861) Pause Incremental GC (Collect on allocation) 43.37M->32.37M 1.427ms
[55.431s] GC(862) Pause Incremental GC (Collect on allocation) 44.87M->32.37M 1.338ms
[55.487s] GC(863) Pause Incremental GC (Collect on allocation) 44.37M->32.37M 1.356ms
[55.540s] GC(864) Pause Incremental GC (Collect on allocation) 43.87M->32.87M 1.423ms
[55.590s] GC(865) Pause Incremental GC (Collect on allocation) 43.87M->32.87M 1.348ms
[55.638s] GC(866) Pause Incremental GC (Collect on allocation) 43.37M->32.87M 1.345ms
[55.682s] GC(867) Pause Incremental GC (Collect on allocation) 42.87M->32.87M 1.403ms
[55.725s] GC(868) Pause Incremental GC (Collect on allocation) 42.37M->32.87M 1.373ms
[55.767s] GC(869) Pause Incremental GC (Collect on allocation) 41.87M->32.87M 1.296ms
[55.807s] GC(870) Pause Incremental GC (Collect on allocation) 41.37M->32.87M 1.289ms
[55.844s] GC(871) Pause Incremental GC (Collect on allocation) 40.87M->32.87M 1.266ms
[55.877s] GC(872) Pause Incremental GC (Collect on allocation) 40.37M->32.87M 1.349ms
[55.908s] GC(873) Pause Incremental GC (Collect on allocation) 39.87M->32.87M 1.286ms
[55.938s] GC(874) Pause Incremental GC (Collect on allocation) 39.37M->32.87M 1.334ms
[55.971s] GC(875) Pause Incremental GC (Collect on allocation) 40.37M->32.87M 1.401ms
[56.010s] GC(876) Pause Incremental GC (Collect on allocation) 41.37M->32.87M 1.361ms
[56.054s] GC(877) Pause Incremental GC (Collect on allocation) 42.37M->32.87M 1.845ms
[56.103s] GC(878) Pause Incremental GC (Collect on allocation) 43.37M->32.87M 1.339ms
[56.156s] GC(879) Pause Incremental GC (Collect on allocation) 44.87M->32.87M 1.442ms
[56.211s] GC(880) Pause Incremental GC (Collect on allocation) 44.37M->32.87M 1.293ms
[56.263s] GC(881) Pause Incremental GC (Collect on allocation) 43.87M->33.37M 1.417ms
[56.308s] GC(882) Pause Incremental GC (Collect on allocation) 43.87M->33.37M 1.548ms
[56.355s] GC(883) Pause Incremental GC (Collect on allocation) 43.37M->33.37M 1.428ms
[56.399s] GC(884) Pause Incremental GC (Collect on allocation) 42.87M->33.37M 1.371ms
[56.438s] GC(885) Pause Incremental GC (Collect on allocation) 42.37M->33.37M 1.486ms
[56.476s] GC(886) Pause Incremental GC (Collect on allocation) 41.87M->33.37M 1.394ms
[56.513s] GC(887) Pause Incremental GC (Collect on allocation) 41.37M->33.37M 1.316ms
[56.548s] GC(888) Pause Incremental GC (Collect on allocation) 40.87M->33.37M 1.437ms
[56.586s] GC(889) Pause Incremental GC (Collect on allocation) 41.87M->33.37M 1.354ms
[56.631s] GC(890) Pause Incremental GC (Collect on allocation) 42.87M->33.37M 1.420ms
[56.694s] GC(891) Pause Full GC (Collect on allocation) 42.37M->31.87M 24.494ms
[56.705s] GC(892) Pause Incremental GC (Collect on allocation) 39.87M->32.37M 1.913ms
[56.743s] GC(893) Pause Incremental GC (Collect on allocation) 41.37M->32.37M 1.491ms
[56.790s] GC(894) Pause Incremental GC (Collect on allocation) 42.37M->32.37M 1.495ms
[56.840s] GC(895) Pause Incremental GC (Collect on allocation) 43.37M->32.37M 1.310ms
[56.899s] GC(896) Pause Incremental GC (Collect on allocation) 44.87M->32.37M 1.352ms
[56.955s] GC(897) Pause Incremental GC (Collect on allocation) 44.37M->32.37M 1.408ms
[57.009s] GC(898) Pause Incremental GC (Collect on allocation) 43.87M->32.37M 1.366ms
[57.060s] GC(899) Pause Incremental GC (Collect on allocation) 43.37M->32.37M 1.386ms
[57.109s] GC(900) Pause Incremental GC (Collect on allocation) 42.87M->32.37M 1.467ms
[57.155s] GC(901) Pause Incremental GC (Collect on allocation) 42.37M->32.37M 1.791ms
[57.199s] GC(902) Pause Incremental GC (Collect on allocation) 41.87M->32.37M 1.337ms
[57.241s] GC(903) Pause Incremental GC (Collect on allocation) 41.37M->32.37M 1.366ms
[57.281s] GC(904) Pause Incremental GC (Collect on allocation) 40.87M->32.37M 1.389ms
[57.317s] GC(905) Pause Incremental GC (Collect on allocation) 40.37M->32.87M 1.400ms
[57.347s] GC(906) Pause Incremental GC (Collect on allocation) 40.37M->32.87M 1.355ms
[57.387s] GC(907) Pause Incremental GC (Collect on allocation) 41.37M->32.87M 1.339ms
[57.431s] GC(908) Pause Incremental GC (Collect on allocation) 42.37M->32.87M 1.339ms
[57.473s] GC(909) Pause Incremental GC (Collect on allocation) 41.87M->32.87M 1.355ms
[57.511s] GC(910) Pause Incremental GC (Collect on allocation) 41.37M->32.87M 1.416ms
[57.547s] GC(911) Pause Incremental GC (Collect on allocation) 40.87M->32.87M 1.399ms
[57.589s] GC(912) Pause Incremental GC (Collect on allocation) 41.87M->32.87M 1.277ms
[57.629s] GC(913) Pause Incremental GC (Collect on allocation) 41.37M->32.87M 1.282ms
[57.666s] GC(914) Pause Incremental GC (Collect on allocation) 40.87M->32.87M 1.313ms
[57.699s] GC(915) Pause Incremental GC (Collect on allocation) 40.37M->32.87M 1.313ms
[57.738s] GC(916) Pause Incremental GC (Collect on allocation) 41.37M->33.37M 1.406ms
[57.782s] GC(917) Pause Incremental GC (Collect on allocation) 42.87M->33.37M 1.442ms
[57.823s] GC(918) Pause Incremental GC (Collect on allocation) 42.37M->33.37M 1.421ms
[57.861s] GC(919) Pause Incremental GC (Collect on allocation) 41.87M->33.37M 1.399ms
[57.897s] GC(920) Pause Incremental GC (Collect on allocation) 41.37M->33.37M 1.449ms
[57.938s] GC(921) Pause Incremental GC (Collect on allocation) 42.37M->33.37M 1.663ms
[57.983s] GC(922) Pause Incremental GC (Collect on allocation) 43.37M->33.37M 1.365ms
[58.035s] GC(923) Pause Incremental GC (Collect on allocation) 44.37M->33.37M 1.407ms
[58.084s] GC(924) Pause Incremental GC (Collect on allocation) 43.87M->33.37M 1.366ms
[58.151s] GC(925) Pause Full GC (Collect on allocation) 43.37M->31.87M 25.016ms
[58.164s] GC(926) Pause Incremental GC (Collect on allocation) 40.87M->32.37M 2.022ms
[58.209s] GC(927) Pause Incremental GC (Collect on allocation) 42.37M->32.37M 1.393ms
[58.259s] GC(928) Pause Incremental GC (Collect on allocation) 43.37M->32.37M 1.360ms
[58.306s] GC(929) Pause Incremental GC (Collect on allocation) 42.87M->32.37M 1.361ms
[58.351s] GC(930) Pause Incremental GC (Collect on allocation) 42.37M->32.37M 1.335ms
[58.395s] GC(931) Pause Incremental GC (Collect on allocation) 41.87M->32.37M 1.368ms
[58.435s] GC(932) Pause Incremental GC (Collect on allocation) 41.37M->32.37M 1.360ms
[58.474s] GC(933) Pause Incremental GC (Collect on allocation) 40.87M->32.37M 1.378ms
[58.510s] GC(934) Pause Incremental GC (Collect on allocation) 40.37M->32.37M 1.307ms
[58.545s] GC(935) Pause Incremental GC (Collect on allocation) 39.87M->32.37M 1.322ms
[58.575s] GC(936) Pause Incremental GC (Collect on allocation) 39.37M->32.37M 1.300ms
[58.612s] GC(937) Pause Incremental GC (Collect on allocation) 40.37M->32.87M 1.278ms
[58.654s] GC(938) Pause Incremental GC (Collect on allocation) 41.87M->32.87M 1.293ms
[58.693s] GC(939) Pause Incremental GC (Collect on allocation) 41.37M->32.87M 1.308ms
[58.730s] GC(940) Pause Incremental GC (Collect on allocation) 40.87M->32.87M 1.304ms
[58.764s] GC(941) Pause Incremental GC (Collect on allocation) 40.37M->32.87M 1.441ms
[58.803s] GC(942) Pause Incremental GC (Collect on allocation) 41.37M->32.87M 1.394ms
[58.847s] GC(943) Pause Incremental GC (Collect on allocation) 42.37M->32.87M 1.387ms
[58.896s] GC(944) Pause Incremental GC (Collect on allocation) 43.37M->32.87M 1.417ms
[58.942s] GC(945) Pause Incremental GC (Collect on allocation) 42.87M->32.87M 1.446ms
[58.983s] GC(946) Pause Incremental GC (Collect on allocation) 42.37M->32.87M 1.372ms
[59.023s] GC(947) Pause Incremental GC (Collect on allocation) 41.87M->32.87M 1.351ms
[59.062s] GC(948) Pause Incremental GC (Collect on allocation) 41.37M->32.87M 1.405ms
[59.098s] GC(949) Pause Incremental GC (Collect on allocation) 40.87M->33.37M 1.411ms
[59.132s] GC(950) Pause Incremental GC (Collect on allocation) 40.87M->33.37M 1.258ms
[59.171s] GC(951) Pause Incremental GC (Collect on allocation) 41.87M->33.37M 1.320ms
[59.215s] GC(952) Pause Incremental GC (Collect on allocation) 42.87M->33.37M 1.300ms
[59.256s] GC(953) Pause Incremental GC (Collect on allocation) 42.37M->33.37M 1.308ms
[59.295s] GC(954) Pause Incremental GC (Collect on allocation) 41.87M->33.37M 1.510ms
[59.330s] GC(955) Pause Incremental GC (Collect on allocation) 41.37M->33.37M 1.427ms
[59.372s] GC(956) Pause Incremental GC (Collect on allocation) 42.37M->33.37M 1.374ms
[59.417s] GC(957) Pause Incremental GC (Collect on allocation) 43.37M->33.37M 1.378ms
[59.460s] GC(958) Pause Incremental GC (Collect on allocation) 42.87M->33.37M 1.399ms
[59.498s] GC(959) Pause Incremental GC (Collect on allocation) 42.37M->33.37M 1.354ms
[59.560s] GC(960) Pause Full GC (Collect on allocation) 41.87M->31.87M 24.891ms
[59.575s] GC(961) Pause Incremental GC (Collect on allocation) 40.87M->32.37M 1.800ms
[59.621s] GC(962) Pause Incremental GC (Collect on allocation) 42.37M->32.37M 1.302ms
[59.672s] GC(963) Pause Incremental GC (Collect on allocation) 43.37M->32.37M 1.282ms
[59.719s] GC(964) Pause Incremental GC (Collect on allocation) 42.87M->32.37M 1.297ms
[59.765s] GC(965) Pause Incremental GC (Collect on allocation) 42.37M->32.37M 1.425ms
[59.808s] GC(966) Pause Incremental GC (Collect on allocation) 41.87M->32.37M 1.381ms
[59.850s] GC(967) Pause Incremental GC (Collect on allocation) 41.37M->32.37M 1.414ms
[59.889s] GC(968) Pause Incremental GC (Collect on allocation) 40.87M->32.37M 1.320ms
[59.926s] GC(969) Pause Incremental GC (Collect on allocation) 40.37M->32.37M 1.504ms
[59.960s] GC(970) Pause Incremental GC (Collect on allocation) 39.87M->32.37M 1.333ms
[59.999s] GC(971) Pause Incremental GC (Collect on allocation) 40.87M->32.37M 1.330ms
[60.044s] GC(972) Pause Incremental GC (Collect on allocation) 41.87M->32.87M 1.518ms
[60.092s] GC(973) Pause Incremental GC (Collect on allocation) 43.37M->32.87M 1.263ms
[60.137s] GC(974) Pause Incremental GC (Collect on allocation) 42.87M->32.87M 1.368ms
[60.181s] GC(975) Pause Incremental GC (Collect on allocation) 42.37M->32.87M 1.562ms
[60.223s] GC(976) Pause Incremental GC (Collect on allocation) 41.87M->32.87M 1.448ms
[60.261s] GC(977) Pause Incremental GC (Collect on allocation) 41.37M->32.87M 1.409ms
[60.298s] GC(978) Pause Incremental GC (Collect on allocation) 40.87M->32.87M 1.385ms
[60.338s] GC(979) Pause Incremental GC (Collect on allocation) 41.87M->32.87M 1.365ms
[60.377s] GC(980) Pause Incremental GC (Collect on allocation) 41.37M->32.87M 1.365ms
[60.414s] GC(981) Pause Incremental GC (Collect on allocation) 40.87M->32.87M 1.442ms
[60.456s] GC(982) Pause Incremental GC (Collect on allocation) 41.87M->32.87M 1.320ms
[60.500s] GC(983) Pause Incremental GC (Collect on allocation) 42.87M->33.37M 1.427ms
[60.542s] GC(984) Pause Incremental GC (Collect on allocation) 42.87M->33.37M 1.433ms
[60.583s] GC(985) Pause Incremental GC (Collect on allocation) 42.37M->33.37M 1.463ms
[60.622s] GC(986) Pause Incremental GC (Collect on allocation) 41.87M->33.37M 1.413ms
[60.666s] GC(987) Pause Incremental GC (Collect on allocation) 42.87M->33.37M 1.347ms
[60.707s] GC(988) Pause Incremental GC (Collect on allocation) 42.37M->33.37M 1.372ms
[60.744s] GC(989) Pause Incremental GC (Collect on allocation) 41.87M->33.37M 1.318ms
[60.782s] GC(990) Pause Incremental GC (Collect on allocation) 41.37M->33.37M 1.261ms
[60.816s] GC(991) Pause Incremental GC (Collect on allocation) 40.87M->33.37M 1.240ms
[60.848s] GC(992) Pause Incremental GC (Collect on allocation) 40.37M->33.37M 1.279ms
[60.885s] GC(993) Pause Incremental GC (Collect on allocation) 41.37M->33.37M 1.437ms
[60.927s] GC(994) Pause Incremental GC (Collect on allocation) 42.37M->33.37M 1.339ms
[60.972s] GC(995) Pause Incremental GC (Collect on allocation) 43.37M->33.37M 1.386ms
[61.016s] GC(996) Pause Incremental GC (Collect on allocation) 42.87M->33.37M 1.303ms
[61.081s] GC(997) Pause Full GC (Collect on allocation) 42.37M->31.87M 25.398ms
[61.091s] GC(998) Pause Incremental GC (Collect on allocation) 39.87M->31.87M 1.969ms
[61.132s] GC(999) Pause Incremental GC (Collect on allocation) 40.87M->31.87M 1.423ms
[61.175s] GC(1000) Pause Incremental GC (Collect on allocation) 41.87M->31.87M 1.393ms
[61.225s] GC(1001) Pause Incremental GC (Collect on allocation) 42.87M->32.37M 1.431ms
[61.285s] GC(1002) Pause Incremental GC (Collect on allocation) 44.87M->32.37M 1.336ms
[61.342s] GC(1003) Pause Incremental GC (Collect on allocation) 44.37M->32.37M 1.409ms
[61.392s] GC(1004) Pause Incremental GC (Collect on allocation) 43.87M->32.37M 1.520ms
[61.444s] GC(1005) Pause Incremental GC (Collect on allocation) 43.37M->32.37M 2.414ms
[61.492s] GC(1006) Pause Incremental GC (Collect on allocation) 42.87M->32.37M 1.486ms
[61.539s] GC(1007) Pause Incremental GC (Collect on allocation) 42.37M->32.37M 1.429ms
[61.582s] GC(1008) Pause Incremental GC (Collect on allocation) 41.87M->32.37M 1.477ms
[61.622s] GC(1009) Pause Incremental GC (Collect on allocation) 41.37M->32.37M 1.533ms
[61.662s] GC(1010) Pause Incremental GC (Collect on allocation) 40.87M->32.87M 1.369ms
[61.699s] GC(1011) Pause Incremental GC (Collect on allocation) 40.87M->32.87M 1.463ms
[61.741s] GC(1012) Pause Incremental GC (Collect on allocation) 41.87M->32.87M 1.354ms
[61.779s] GC(1013) Pause Incremental GC (Collect on allocation) 41.37M->32.87M 1.588ms
[61.822s] GC(1014) Pause Incremental GC (Collect on allocation) 42.37M->32.87M 1.297ms
[61.873s] GC(1015) Pause Incremental GC (Collect on allocation) 43.37M->32.87M 1.447ms
[61.919s] GC(1016) Pause Incremental GC (Collect on allocation) 42.87M->32.87M 1.480ms
[61.962s] GC(1017) Pause Incremental GC (Collect on allocation) 42.37M->32.87M 1.520ms
[62.004s] GC(1018) Pause Incremental GC (Collect on allocation) 41.87M->32.87M 1.384ms
[62.044s] GC(1019) Pause Incremental GC (Collect on allocation) 41.37M->32.87M 1.472ms
[62.080s] GC(1020) Pause Incremental GC (Collect on allocation) 40.87M->32.87M 1.397ms
[62.121s] GC(1021) Pause Incremental GC (Collect on allocation) 41.87M->32.87M 1.292ms
[62.160s] GC(1022) Pause Incremental GC (Collect on allocation) 41.37M->32.87M 1.380ms
[62.197s] GC(1023) Pause Incremental GC (Collect on allocation) 40.87M->33.37M 1.340ms
[62.239s] GC(1024) Pause Incremental GC (Collect on allocation) 42.37M->33.37M 1.391ms
[62.276s] GC(1025) Pause Incremental GC (Collect on allocation) 41.87M->33.37M 1.378ms
[62.321s] GC(1026) Pause Incremental GC (Collect on allocation) 42.87M->33.37M 1.328ms
[62.361s] GC(1027) Pause Incremental GC (Collect on allocation) 42.37M->33.37M 1.416ms
[62.399s] GC(1028) Pause Incremental GC (Collect on allocation) 41.87M->33.37M 1.361ms
[62.437s] GC(1029) Pause Incremental GC (Collect on allocation) 41.37M->33.37M 1.325ms
[62.471s] GC(1030) Pause Incremental GC (Collect on allocation) 40.87M->33.37M 1.363ms
[62.510s] GC(1031) Pause Incremental GC (Collect on allocation) 41.87M->33.37M 1.349ms
[62.553s] GC(1032) Pause Incremental GC (Collect on allocation) 42.87M->33.37M 1.293ms
[62.595s] GC(1033) Pause Incremental GC (Collect on allocation) 42.37M->33.37M 1.265ms
[62.656s] GC(1034) Pause Full GC (Collect on allocation) 41.87M->31.87M 24.219ms
[62.665s] GC(1035) Pause Incremental GC (Collect on allocation) 39.37M->31.87M 1.893ms
[62.702s] GC(1036) Pause Incremental GC (Collect on allocation) 40.37M->31.87M 1.428ms
[62.746s] GC(1037) Pause Incremental GC (Collect on allocation) 41.37M->31.87M 1.429ms
[62.793s] GC(1038) Pause Incremental GC (Collect on allocation) 42.37M->32.87M 2.188ms
[62.842s] GC(1039) Pause Incremental GC (Collect on allocation) 44.87M->33.87M 1.908ms
[62.899s] GC(1040) Pause Incremental GC (Collect on allocation) 47.37M->35.37M 1.876ms
[62.967s] GC(1041) Pause Incremental GC (Collect on allocation) 50.37M->35.87M 1.491ms
[63.033s] GC(1042) Pause Incremental GC (Collect on allocation) 50.37M->35.87M 1.370ms
[63.100s] GC(1043) Pause Incremental GC (Collect on allocation) 49.87M->35.87M 1.412ms
[63.162s] GC(1044) Pause Incremental GC (Collect on allocation) 49.37M->35.87M 1.411ms
[63.220s] GC(1045) Pause Incremental GC (Collect on allocation) 48.87M->35.87M 1.374ms
[63.278s] GC(1046) Pause Incremental GC (Collect on allocation) 48.37M->35.87M 1.410ms
[63.335s] GC(1047) Pause Incremental GC (Collect on allocation) 47.87M->36.37M 1.303ms
[63.389s] GC(1048) Pause Incremental GC (Collect on allocation) 47.87M->36.37M 1.454ms
[63.440s] GC(1049) Pause Incremental GC (Collect on allocation) 47.37M->36.37M 1.371ms
[63.490s] GC(1050) Pause Incremental GC (Collect on allocation) 46.87M->36.37M 1.330ms
[63.536s] GC(1051) Pause Incremental GC (Collect on allocation) 46.37M->36.37M 1.255ms
[63.577s] GC(1052) Pause Incremental GC (Collect on allocation) 45.87M->36.37M 1.334ms
[63.619s] GC(1053) Pause Incremental GC (Collect on allocation) 45.37M->36.37M 1.288ms
[63.658s] GC(1054) Pause Incremental GC (Collect on allocation) 44.87M->36.37M 1.374ms
[63.694s] GC(1055) Pause Incremental GC (Collect on allocation) 44.37M->36.37M 1.396ms
[63.727s] GC(1056) Pause Incremental GC (Collect on allocation) 43.87M->36.37M 1.339ms
[63.759s] GC(1057) Pause Incremental GC (Collect on allocation) 43.37M->36.37M 1.411ms
[63.794s] GC(1058) Pause Incremental GC (Collect on allocation) 44.37M->36.37M 1.410ms
[63.836s] GC(1059) Pause Incremental GC (Collect on allocation) 45.37M->36.87M 1.306ms
[63.882s] GC(1060) Pause Incremental GC (Collect on allocation) 46.87M->36.87M 1.400ms
[63.926s] GC(1061) Pause Incremental GC (Collect on allocation) 46.37M->36.87M 1.343ms
[63.967s] GC(1062) Pause Incremental GC (Collect on allocation) 45.87M->36.87M 1.417ms
[64.007s] GC(1063) Pause Incremental GC (Collect on allocation) 45.37M->36.87M 1.336ms
[64.042s] GC(1064) Pause Incremental GC (Collect on allocation) 44.87M->36.87M 1.414ms
[64.077s] GC(1065) Pause Incremental GC (Collect on allocation) 44.37M->36.87M 1.332ms
[64.116s] GC(1066) Pause Incremental GC (Collect on allocation) 45.37M->36.87M 1.373ms
[64.160s] GC(1067) Pause Incremental GC (Collect on allocation) 46.37M->36.87M 1.265ms
[64.200s] GC(1068) Pause Incremental GC (Collect on allocation) 45.87M->36.87M 1.331ms
[64.240s] GC(1069) Pause Incremental GC (Collect on allocation) 45.37M->36.87M 1.397ms
[64.276s] GC(1070) Pause Incremental GC (Collect on allocation) 44.87M->36.87M 1.330ms
[64.338s] GC(1071) Pause Full GC (Collect on allocation) 44.37M->31.87M 29.332ms
[64.349s] GC(1072) Pause Incremental GC (Collect on allocation) 39.87M->32.37M 2.410ms
[64.385s] GC(1073) Pause Incremental GC (Collect on allocation) 41.37M->32.37M 1.525ms
[64.432s] GC(1074) Pause Incremental GC (Collect on allocation) 42.37M->32.37M 1.263ms
[64.483s] GC(1075) Pause Incremental GC (Collect on allocation) 43.37M->32.37M 1.277ms
[64.539s] GC(1076) Pause Incremental GC (Collect on allocation) 44.87M->32.87M 1.369ms
[64.595s] GC(1077) Pause Incremental GC (Collect on allocation) 44.87M->32.87M 1.367ms
[64.649s] GC(1078) Pause Incremental GC (Collect on allocation) 44.37M->32.87M 1.316ms
[64.700s] GC(1079) Pause Incremental GC (Collect on allocation) 43.87M->32.87M 1.504ms
[64.750s] GC(1080) Pause Incremental GC (Collect on allocation) 43.37M->32.87M 1.350ms
[64.794s] GC(1081) Pause Incremental GC (Collect on allocation) 42.87M->32.87M 1.471ms
[64.838s] GC(1082) Pause Incremental GC (Collect on allocation) 42.37M->32.87M 1.377ms
[64.880s] GC(1083) Pause Incremental GC (Collect on allocation) 41.87M->32.87M 1.378ms
[64.920s] GC(1084) Pause Incremental GC (Collect on allocation) 41.37M->32.87M 1.330ms
[64.956s] GC(1085) Pause Incremental GC (Collect on allocation) 40.87M->32.87M 1.380ms
[64.989s] GC(1086) Pause Incremental GC (Collect on allocation) 40.37M->32.87M 1.367ms
[65.026s] GC(1087) Pause Incremental GC (Collect on allocation) 41.37M->32.87M 1.305ms
[65.071s] GC(1088) Pause Incremental GC (Collect on allocation) 42.37M->33.37M 1.352ms
[65.113s] GC(1089) Pause Incremental GC (Collect on allocation) 42.37M->33.37M 1.405ms
[65.152s] GC(1090) Pause Incremental GC (Collect on allocation) 41.87M->33.37M 1.322ms
[65.186s] GC(1091) Pause Incremental GC (Collect on allocation) 41.37M->33.37M 1.386ms
[65.227s] GC(1092) Pause Incremental GC (Collect on allocation) 42.37M->33.37M 1.348ms
[65.273s] GC(1093) Pause Incremental GC (Collect on allocation) 43.37M->33.37M 1.362ms
[65.316s] GC(1094) Pause Incremental GC (Collect on allocation) 42.87M->33.37M 1.375ms
[65.357s] GC(1095) Pause Incremental GC (Collect on allocation) 42.37M->33.37M 1.344ms
[65.396s] GC(1096) Pause Incremental GC (Collect on allocation) 41.87M->33.37M 1.792ms
[65.439s] GC(1097) Pause Incremental GC (Collect on allocation) 42.87M->33.37M 1.376ms
[65.488s] GC(1098) Pause Incremental GC (Collect on allocation) 43.87M->33.87M 1.573ms
[65.535s] GC(1099) Pause Incremental GC (Collect on allocation) 43.87M->33.87M 1.311ms
[65.579s] GC(1100) Pause Incremental GC (Collect on allocation) 43.37M->33.87M 1.307ms
[65.618s] GC(1101) Pause Incremental GC (Collect on allocation) 42.87M->33.87M 1.327ms
[65.656s] GC(1102) Pause Incremental GC (Collect on allocation) 42.37M->33.87M 1.418ms
[65.692s] GC(1103) Pause Incremental GC (Collect on allocation) 41.87M->33.87M 1.378ms
[65.727s] GC(1104) Pause Incremental GC (Collect on allocation) 41.37M->33.87M 1.300ms
[65.767s] GC(1105) Pause Incremental GC (Collect on allocation) 42.37M->33.87M 1.373ms
[65.810s] GC(1106) Pause Incremental GC (Collect on allocation) 43.37M->33.87M 1.461ms
[65.859s] GC(1107) Pause Incremental GC (Collect on allocation) 44.37M->33.87M 1.352ms
[65.906s] GC(1108) Pause Incremental GC (Collect on allocation) 43.87M->33.87M 1.440ms
[65.973s] GC(1109) Pause Full GC (Collect on allocation) 43.37M->31.87M 26.602ms
[65.993s] GC(1110) Pause Incremental GC (Collect on allocation) 40.37M->32.87M 2.725ms
[66.027s] GC(1111) Pause Incremental GC (Collect on allocation) 42.37M->32.87M 1.767ms
[66.076s] GC(1112) Pause Incremental GC (Collect on allocation) 43.37M->32.87M 1.343ms
[66.131s] GC(1113) Pause Incremental GC (Collect on allocation) 44.87M->32.87M 1.449ms
[66.196s] GC(1114) Pause Incremental GC (Collect on allocation) 46.37M->32.87M 1.706ms
[66.254s] GC(1115) Pause Incremental GC (Collect on allocation) 45.87M->32.87M 1.421ms
[66.313s] GC(1116) Pause Incremental GC (Collect on allocation) 45.37M->32.87M 1.364ms
[66.370s] GC(1117) Pause Incremental GC (Collect on allocation) 44.87M->32.87M 1.356ms
[66.424s] GC(1118) Pause Incremental GC (Collect on allocation) 44.37M->32.87M 1.336ms
[66.475s] GC(1119) Pause Incremental GC (Collect on allocation) 43.87M->33.37M 1.410ms
[66.523s] GC(1120) Pause Incremental GC (Collect on allocation) 43.87M->33.37M 1.346ms
[66.570s] GC(1121) Pause Incremental GC (Collect on allocation) 43.37M->33.37M 1.403ms
[66.613s] GC(1122) Pause Incremental GC (Collect on allocation) 42.87M->33.37M 1.392ms
[66.654s] GC(1123) Pause Incremental GC (Collect on allocation) 42.37M->33.37M 1.340ms
[66.692s] GC(1124) Pause Incremental GC (Collect on allocation) 41.87M->33.37M 1.421ms
[66.728s] GC(1125) Pause Incremental GC (Collect on allocation) 41.37M->33.37M 1.332ms
[66.762s] GC(1126) Pause Incremental GC (Collect on allocation) 40.87M->33.37M 1.282ms
[66.794s] GC(1127) Pause Incremental GC (Collect on allocation) 40.37M->33.37M 1.420ms
[66.828s] GC(1128) Pause Incremental GC (Collect on allocation) 41.37M->33.37M 1.356ms
[66.870s] GC(1129) Pause Incremental GC (Collect on allocation) 42.37M->33.37M 1.331ms
[66.917s] GC(1130) Pause Incremental GC (Collect on allocation) 43.37M->33.37M 1.391ms
[66.960s] GC(1131) Pause Incremental GC (Collect on allocation) 42.87M->33.37M 1.306ms
[66.999s] GC(1132) Pause Incremental GC (Collect on allocation) 42.37M->33.87M 1.381ms
[67.039s] GC(1133) Pause Incremental GC (Collect on allocation) 42.37M->33.87M 1.305ms
[67.076s] GC(1134) Pause Incremental GC (Collect on allocation) 41.87M->33.87M 1.415ms
[67.111s] GC(1135) Pause Incremental GC (Collect on allocation) 41.37M->33.87M 1.965ms
[67.149s] GC(1136) Pause Incremental GC (Collect on allocation) 42.37M->33.87M 1.422ms
[67.193s] GC(1137) Pause Incremental GC (Collect on allocation) 43.37M->33.87M 1.362ms
[67.241s] GC(1138) Pause Incremental GC (Collect on allocation) 44.37M->33.87M 1.347ms
[67.297s] GC(1139) Pause Incremental GC (Collect on allocation) 45.87M->33.87M 1.357ms
[67.351s] GC(1140) Pause Incremental GC (Collect on allocation) 45.37M->33.87M 1.343ms
[67.404s] GC(1141) Pause Incremental GC (Collect on allocation) 44.87M->33.87M 1.274ms
[67.453s] GC(1142) Pause Incremental GC (Collect on allocation) 44.37M->33.87M 1.370ms
[67.494s] GC(1143) Pause Incremental GC (Collect on allocation) 43.87M->33.87M 1.357ms
[67.539s] GC(1144) Pause Incremental GC (Collect on allocation) 43.37M->33.87M 1.310ms
[67.579s] GC(1145) Pause Incremental GC (Collect on allocation) 42.87M->34.37M 1.373ms
[67.618s] GC(1146) Pause Incremental GC (Collect on allocation) 42.87M->34.37M 1.391ms
[67.654s] GC(1147) Pause Incremental GC (Collect on allocation) 42.37M->34.37M 1.286ms
[67.689s] GC(1148) Pause Incremental GC (Collect on allocation) 41.87M->34.37M 1.326ms
[67.721s] GC(1149) Pause Incremental GC (Collect on allocation) 41.37M->34.37M 1.231ms
[67.784s] GC(1150) Pause Full GC (Collect on allocation) 42.37M->31.87M 27.045ms
[67.794s] GC(1151) Pause Incremental GC (Collect on allocation) 38.87M->32.87M 2.497ms
[67.821s] GC(1152) Pause Incremental GC (Collect on allocation) 40.87M->32.87M 1.757ms
[67.861s] GC(1153) Pause Incremental GC (Collect on allocation) 41.87M->32.87M 1.366ms
[67.908s] GC(1154) Pause Incremental GC (Collect on allocation) 42.87M->32.87M 1.347ms
[67.957s] GC(1155) Pause Incremental GC (Collect on allocation) 43.87M->32.87M 1.327ms
[68.017s] GC(1156) Pause Incremental GC (Collect on allocation) 45.37M->32.87M 1.348ms
[68.073s] GC(1157) Pause Incremental GC (Collect on allocation) 44.87M->33.37M 1.404ms
[68.126s] GC(1158) Pause Incremental GC (Collect on allocation) 44.87M->33.37M 1.401ms
[68.176s] GC(1159) Pause Incremental GC (Collect on allocation) 44.37M->33.37M 1.302ms
[68.225s] GC(1160) Pause Incremental GC (Collect on allocation) 43.87M->33.37M 1.353ms
[68.269s] GC(1161) Pause Incremental GC (Collect on allocation) 43.37M->33.37M 1.520ms
[68.313s] GC(1162) Pause Incremental GC (Collect on allocation) 42.87M->33.37M 1.315ms
[68.355s] GC(1163) Pause Incremental GC (Collect on allocation) 42.37M->33.37M 1.326ms
[68.395s] GC(1164) Pause Incremental GC (Collect on allocation) 41.87M->33.37M 1.330ms
[68.431s] GC(1165) Pause Incremental GC (Collect on allocation) 41.37M->33.37M 1.438ms
[68.465s] GC(1166) Pause Incremental GC (Collect on allocation) 40.87M->33.37M 1.361ms
[68.498s] GC(1167) Pause Incremental GC (Collect on allocation) 40.37M->33.37M 1.295ms
[68.534s] GC(1168) Pause Incremental GC (Collect on allocation) 41.37M->33.37M 1.233ms
[68.575s] GC(1169) Pause Incremental GC (Collect on allocation) 42.37M->33.37M 1.349ms
[68.614s] GC(1170) Pause Incremental GC (Collect on allocation) 41.87M->33.37M 1.351ms
[68.651s] GC(1171) Pause Incremental GC (Collect on allocation) 41.37M->33.37M 1.320ms
[68.685s] GC(1172) Pause Incremental GC (Collect on allocation) 40.87M->33.87M 1.292ms
[68.724s] GC(1173) Pause Incremental GC (Collect on allocation) 42.37M->33.87M 1.332ms
[68.760s] GC(1174) Pause Incremental GC (Collect on allocation) 41.87M->33.87M 1.309ms
[68.802s] GC(1175) Pause Incremental GC (Collect on allocation) 42.87M->33.87M 1.275ms
[68.841s] GC(1176) Pause Incremental GC (Collect on allocation) 42.37M->33.87M 1.247ms
[68.877s] GC(1177) Pause Incremental GC (Collect on allocation) 41.87M->33.87M 1.305ms
[68.911s] GC(1178) Pause Incremental GC (Collect on allocation) 41.37M->33.87M 1.261ms
[68.944s] GC(1179) Pause Incremental GC (Collect on allocation) 40.87M->33.87M 1.236ms
[68.979s] GC(1180) Pause Incremental GC (Collect on allocation) 41.87M->33.87M 1.340ms
[69.022s] GC(1181) Pause Incremental GC (Collect on allocation) 42.87M->33.87M 1.371ms
[69.061s] GC(1182) Pause Incremental GC (Collect on allocation) 42.37M->33.87M 1.309ms
[69.094s] GC(1183) Pause Incremental GC (Collect on allocation) 41.87M->33.87M 1.277ms
[69.133s] GC(1184) Pause Incremental GC (Collect on allocation) 42.87M->33.87M 1.295ms
[69.173s] GC(1185) Pause Incremental GC (Collect on allocation) 42.37M->33.87M 1.394ms
[69.207s] GC(1186) Pause Incremental GC (Collect on allocation) 41.87M->34.37M 1.426ms
[69.248s] GC(1187) Pause Incremental GC (Collect on allocation) 43.37M->34.37M 1.583ms
[69.293s] GC(1188) Pause Incremental GC (Collect on allocation) 44.37M->34.37M 1.308ms
[69.367s] GC(1189) Pause Full GC (Collect on allocation) 45.37M->31.87M 23.417ms
[69.389s] GC(1190) Pause Incremental GC (Collect on allocation) 41.87M->31.87M 1.796ms
[69.434s] GC(1191) Pause Incremental GC (Collect on allocation) 41.37M->32.37M 1.406ms
[69.473s] GC(1192) Pause Incremental GC (Collect on allocation) 41.37M->32.37M 1.444ms
[69.511s] GC(1193) Pause Incremental GC (Collect on allocation) 40.87M->32.37M 1.442ms
[69.549s] GC(1194) Pause Incremental GC (Collect on allocation) 40.37M->32.37M 1.377ms
[69.583s] GC(1195) Pause Incremental GC (Collect on allocation) 39.87M->32.37M 1.382ms
[69.620s] GC(1196) Pause Incremental GC (Collect on allocation) 40.87M->32.37M 1.345ms
[69.664s] GC(1197) Pause Incremental GC (Collect on allocation) 41.87M->32.37M 1.345ms
[69.707s] GC(1198) Pause Incremental GC (Collect on allocation) 41.37M->32.37M 1.268ms
[69.745s] GC(1199) Pause Incremental GC (Collect on allocation) 40.87M->32.37M 1.330ms
[69.780s] GC(1200) Pause Incremental GC (Collect on allocation) 40.37M->32.37M 1.422ms
[69.815s] GC(1201) Pause Incremental GC (Collect on allocation) 39.87M->32.37M 1.310ms
[69.853s] GC(1202) Pause Incremental GC (Collect on allocation) 40.87M->32.37M 1.351ms
[69.896s] GC(1203) Pause Incremental GC (Collect on allocation) 41.87M->32.37M 1.332ms
[69.938s] GC(1204) Pause Incremental GC (Collect on allocation) 41.37M->32.37M 1.238ms
[69.977s] GC(1205) Pause Incremental GC (Collect on allocation) 40.87M->32.87M 1.272ms
[70.014s] GC(1206) Pause Incremental GC (Collect on allocation) 40.87M->32.87M 1.458ms
[70.046s] GC(1207) Pause Incremental GC (Collect on allocation) 40.37M->32.87M 1.376ms
[70.086s] GC(1208) Pause Incremental GC (Collect on allocation) 41.37M->32.87M 1.320ms
[70.130s] GC(1209) Pause Incremental GC (Collect on allocation) 42.37M->32.87M 1.456ms
[70.171s] GC(1210) Pause Incremental GC (Collect on allocation) 41.87M->32.87M 1.312ms
[70.209s] GC(1211) Pause Incremental GC (Collect on allocation) 41.37M->32.87M 1.352ms
[70.246s] GC(1212) Pause Incremental GC (Collect on allocation) 40.87M->32.87M 1.338ms
[70.280s] GC(1213) Pause Incremental GC (Collect on allocation) 40.37M->32.87M 1.401ms
[70.319s] GC(1214) Pause Incremental GC (Collect on allocation) 41.37M->32.87M 1.295ms
[70.364s] GC(1215) Pause Incremental GC (Collect on allocation) 42.37M->32.87M 1.358ms
[70.404s] GC(1216) Pause Incremental GC (Collect on allocation) 41.87M->32.87M 1.295ms
[70.444s] GC(1217) Pause Incremental GC (Collect on allocation) 41.37M->32.87M 1.290ms
[70.481s] GC(1218) Pause Incremental GC (Collect on allocation) 40.87M->33.37M 1.428ms
[70.516s] GC(1219) Pause Incremental GC (Collect on allocation) 40.87M->33.37M 1.278ms
[70.548s] GC(1220) Pause Incremental GC (Collect on allocation) 40.37M->33.37M 1.359ms
[70.583s] GC(1221) Pause Incremental GC (Collect on allocation) 41.37M->33.37M 1.312ms
[70.625s] GC(1222) Pause Incremental GC (Collect on allocation) 42.37M->33.37M 1.282ms
[70.663s] GC(1223) Pause Incremental GC (Collect on allocation) 41.87M->33.37M 1.320ms
[70.699s] GC(1224) Pause Incremental GC (Collect on allocation) 41.37M->33.37M 1.278ms
[70.733s] GC(1225) Pause Incremental GC (Collect on allocation) 40.87M->33.37M 1.363ms
[70.773s] GC(1226) Pause Incremental GC (Collect on allocation) 41.87M->33.37M 1.351ms
[70.817s] GC(1227) Pause Incremental GC (Collect on allocation) 42.87M->33.37M 1.397ms
[70.880s] GC(1228) Pause Full GC (Collect on allocation) 42.37M->31.87M 23.593ms
[70.890s] GC(1229) Pause Incremental GC (Collect on allocation) 39.87M->31.87M 1.856ms
[70.932s] GC(1230) Pause Incremental GC (Collect on allocation) 40.87M->31.87M 1.260ms
[70.977s] GC(1231) Pause Incremental GC (Collect on allocation) 41.87M->32.37M 1.391ms
[71.028s] GC(1232) Pause Incremental GC (Collect on allocation) 43.37M->32.37M 1.304ms
[71.078s] GC(1233) Pause Incremental GC (Collect on allocation) 42.87M->32.37M 1.255ms
[71.125s] GC(1234) Pause Incremental GC (Collect on allocation) 42.37M->32.37M 1.347ms
[71.168s] GC(1235) Pause Incremental GC (Collect on allocation) 41.87M->32.37M 1.294ms
[71.210s] GC(1236) Pause Incremental GC (Collect on allocation) 41.37M->32.37M 1.508ms
[71.247s] GC(1237) Pause Incremental GC (Collect on allocation) 40.87M->32.37M 1.481ms
[71.285s] GC(1238) Pause Incremental GC (Collect on allocation) 40.37M->32.37M 1.652ms
[71.326s] GC(1239) Pause Incremental GC (Collect on allocation) 41.37M->32.37M 1.750ms
[71.372s] GC(1240) Pause Incremental GC (Collect on allocation) 42.37M->32.37M 1.389ms
[71.421s] GC(1241) Pause Incremental GC (Collect on allocation) 43.37M->32.37M 1.398ms
[71.470s] GC(1242) Pause Incremental GC (Collect on allocation) 42.87M->32.37M 1.394ms
[71.522s] GC(1243) Pause Incremental GC (Collect on allocation) 42.37M->32.37M 1.589ms
[71.559s] GC(1244) Pause Incremental GC (Collect on allocation) 41.87M->32.37M 1.599ms
[71.600s] GC(1245) Pause Incremental GC (Collect on allocation) 41.37M->32.37M 1.686ms
[71.646s] GC(1246) Pause Incremental GC (Collect on allocation) 42.37M->32.37M 1.341ms
[71.690s] GC(1247) Pause Incremental GC (Collect on allocation) 41.87M->32.87M 1.613ms
[71.728s] GC(1248) Pause Incremental GC (Collect on allocation) 41.87M->32.87M 1.429ms
[71.765s] GC(1249) Pause Incremental GC (Collect on allocation) 41.37M->32.87M 1.504ms
[71.809s] GC(1250) Pause Incremental GC (Collect on allocation) 42.37M->32.87M 1.419ms
[71.851s] GC(1251) Pause Incremental GC (Collect on allocation) 41.87M->32.87M 1.324ms
[71.891s] GC(1252) Pause Incremental GC (Collect on allocation) 41.37M->32.87M 1.402ms
[71.926s] GC(1253) Pause Incremental GC (Collect on allocation) 40.87M->32.87M 1.396ms
[71.969s] GC(1254) Pause Incremental GC (Collect on allocation) 41.87M->32.87M 1.328ms
[72.006s] GC(1255) Pause Incremental GC (Collect on allocation) 41.37M->32.87M 1.519ms
[72.049s] GC(1256) Pause Incremental GC (Collect on allocation) 42.37M->32.87M 1.465ms
[72.087s] GC(1257) Pause Incremental GC (Collect on allocation) 41.87M->32.87M 1.336ms
[72.126s] GC(1258) Pause Incremental GC (Collect on allocation) 41.37M->32.87M 1.431ms
[72.169s] GC(1259) Pause Incremental GC (Collect on allocation) 42.37M->32.87M 1.372ms
[72.211s] GC(1260) Pause Incremental GC (Collect on allocation) 41.87M->32.87M 1.400ms
[72.250s] GC(1261) Pause Incremental GC (Collect on allocation) 41.37M->32.87M 1.354ms
[72.288s] GC(1262) Pause Incremental GC (Collect on allocation) 40.87M->32.87M 1.292ms
[72.321s] GC(1263) Pause Incremental GC (Collect on allocation) 40.37M->33.37M 1.325ms
[72.353s] GC(1264) Pause Incremental GC (Collect on allocation) 40.37M->33.37M 1.304ms
[72.391s] GC(1265) Pause Incremental GC (Collect on allocation) 41.37M->33.37M 1.238ms
[72.431s] GC(1266) Pause Incremental GC (Collect on allocation) 42.37M->33.37M 1.342ms
[72.491s] GC(1267) Pause Full GC (Collect on allocation) 41.87M->31.87M 24.537ms
[72.513s] GC(1268) Pause Incremental GC (Collect on allocation) 42.37M->31.87M 1.814ms
[72.570s] GC(1269) Pause Incremental GC (Collect on allocation) 43.87M->32.37M 1.318ms
[72.623s] GC(1270) Pause Incremental GC (Collect on allocation) 43.87M->32.37M 1.333ms
[72.676s] GC(1271) Pause Incremental GC (Collect on allocation) 43.37M->32.37M 1.384ms
[72.725s] GC(1272) Pause Incremental GC (Collect on allocation) 42.87M->32.37M 1.393ms
[72.772s] GC(1273) Pause Incremental GC (Collect on allocation) 42.37M->32.37M 1.452ms
[72.813s] GC(1274) Pause Incremental GC (Collect on allocation) 41.87M->32.37M 1.428ms
[72.855s] GC(1275) Pause Incremental GC (Collect on allocation) 41.37M->32.37M 1.419ms
[72.892s] GC(1276) Pause Incremental GC (Collect on allocation) 40.87M->32.37M 1.442ms
[72.929s] GC(1277) Pause Incremental GC (Collect on allocation) 40.37M->32.37M 1.293ms
[72.965s] GC(1278) Pause Incremental GC (Collect on allocation) 39.87M->32.37M 1.293ms
[72.995s] GC(1279) Pause Incremental GC (Collect on allocation) 39.37M->32.37M 1.385ms
[73.032s] GC(1280) Pause Incremental GC (Collect on allocation) 40.37M->32.37M 1.291ms
[73.072s] GC(1281) Pause Incremental GC (Collect on allocation) 41.37M->32.37M 1.333ms
[73.111s] GC(1282) Pause Incremental GC (Collect on allocation) 40.87M->32.87M 1.400ms
[73.154s] GC(1283) Pause Incremental GC (Collect on allocation) 42.37M->32.87M 1.387ms
[73.195s] GC(1284) Pause Incremental GC (Collect on allocation) 41.87M->32.87M 1.335ms
[73.235s] GC(1285) Pause Incremental GC (Collect on allocation) 41.37M->32.87M 1.400ms
[73.272s] GC(1286) Pause Incremental GC (Collect on allocation) 40.87M->32.87M 1.460ms
[73.306s] GC(1287) Pause Incremental GC (Collect on allocation) 40.37M->32.87M 1.436ms
[73.345s] GC(1288) Pause Incremental GC (Collect on allocation) 41.37M->32.87M 1.294ms
[73.388s] GC(1289) Pause Incremental GC (Collect on allocation) 42.37M->32.87M 1.430ms
[73.427s] GC(1290) Pause Incremental GC (Collect on allocation) 41.87M->32.87M 1.364ms
[73.465s] GC(1291) Pause Incremental GC (Collect on allocation) 41.37M->32.87M 1.335ms
[73.501s] GC(1292) Pause Incremental GC (Collect on allocation) 40.87M->32.87M 1.311ms
[73.537s] GC(1293) Pause Incremental GC (Collect on allocation) 40.37M->32.87M 1.276ms
[73.567s] GC(1294) Pause Incremental GC (Collect on allocation) 39.87M->32.87M 1.337ms
[73.604s] GC(1295) Pause Incremental GC (Collect on allocation) 40.87M->33.37M 1.339ms
[73.646s] GC(1296) Pause Incremental GC (Collect on allocation) 42.37M->33.37M 1.301ms
[73.684s] GC(1297) Pause Incremental GC (Collect on allocation) 41.87M->33.37M 1.357ms
[73.721s] GC(1298) Pause Incremental GC (Collect on allocation) 41.37M->33.37M 1.354ms
[73.755s] GC(1299) Pause Incremental GC (Collect on allocation) 40.87M->33.37M 1.261ms
[73.794s] GC(1300) Pause Incremental GC (Collect on allocation) 41.87M->33.37M 1.294ms
[73.830s] GC(1301) Pause Incremental GC (Collect on allocation) 41.37M->33.37M 1.334ms
[73.864s] GC(1302) Pause Incremental GC (Collect on allocation) 40.87M->33.37M 1.334ms
[73.904s] GC(1303) Pause Incremental GC (Collect on allocation) 41.87M->33.37M 1.284ms
[73.937s] GC(1304) Pause Incremental GC (Collect on allocation) 41.37M->33.37M 1.297ms
[73.980s] GC(1305) Pause Incremental GC (Collect on allocation) 42.37M->33.37M 1.347ms
[74.043s] GC(1306) Pause Full GC (Collect on allocation) 41.87M->31.87M 24.687ms
[74.052s] GC(1307) Pause Incremental GC (Collect on allocation) 39.37M->32.37M 1.927ms
[74.088s] GC(1308) Pause Incremental GC (Collect on allocation) 40.87M->32.37M 1.383ms
[74.132s] GC(1309) Pause Incremental GC (Collect on allocation) 41.87M->32.37M 1.435ms
[74.180s] GC(1310) Pause Incremental GC (Collect on allocation) 42.87M->32.37M 1.300ms
[74.235s] GC(1311) Pause Incremental GC (Collect on allocation) 44.37M->32.37M 1.379ms
[74.289s] GC(1312) Pause Incremental GC (Collect on allocation) 43.87M->32.37M 1.372ms
[74.340s] GC(1313) Pause Incremental GC (Collect on allocation) 43.37M->32.37M 1.305ms
[74.390s] GC(1314) Pause Incremental GC (Collect on allocation) 42.87M->32.37M 1.389ms
[74.436s] GC(1315) Pause Incremental GC (Collect on allocation) 42.37M->32.37M 1.388ms
[74.479s] GC(1316) Pause Incremental GC (Collect on allocation) 41.87M->32.37M 1.410ms
[74.521s] GC(1317) Pause Incremental GC (Collect on allocation) 41.37M->32.37M 1.332ms
[74.560s] GC(1318) Pause Incremental GC (Collect on allocation) 40.87M->32.87M 1.415ms
[74.595s] GC(1319) Pause Incremental GC (Collect on allocation) 40.87M->32.87M 1.363ms
[74.629s] GC(1320) Pause Incremental GC (Collect on allocation) 40.37M->32.87M 1.382ms
[74.661s] GC(1321) Pause Incremental GC (Collect on allocation) 39.87M->32.87M 1.262ms
[74.696s] GC(1322) Pause Incremental GC (Collect on allocation) 40.87M->32.87M 1.262ms
[74.737s] GC(1323) Pause Incremental GC (Collect on allocation) 41.87M->32.87M 1.339ms
[74.776s] GC(1324) Pause Incremental GC (Collect on allocation) 41.37M->32.87M 1.822ms
[74.819s] GC(1325) Pause Incremental GC (Collect on allocation) 42.37M->32.87M 1.382ms
[74.867s] GC(1326) Pause Incremental GC (Collect on allocation) 43.37M->32.87M 1.378ms
[74.912s] GC(1327) Pause Incremental GC (Collect on allocation) 42.87M->32.87M 1.317ms
[74.958s] GC(1328) Pause Incremental GC (Collect on allocation) 42.37M->32.87M 1.275ms
[74.997s] GC(1329) Pause Incremental GC (Collect on allocation) 41.87M->32.87M 1.381ms
[75.037s] GC(1330) Pause Incremental GC (Collect on allocation) 41.37M->32.87M 1.280ms
[75.072s] GC(1331) Pause Incremental GC (Collect on allocation) 40.87M->32.87M 1.320ms
[75.104s] GC(1332) Pause Incremental GC (Collect on allocation) 40.37M->32.87M 1.292ms
[75.135s] GC(1333) Pause Incremental GC (Collect on allocation) 39.87M->32.87M 1.290ms
[75.173s] GC(1334) Pause Incremental GC (Collect on allocation) 40.87M->32.87M 1.325ms
[75.212s] GC(1335) Pause Incremental GC (Collect on allocation) 41.87M->32.87M 1.397ms
[75.258s] GC(1336) Pause Incremental GC (Collect on allocation) 42.87M->32.87M 1.276ms
[75.301s] GC(1337) Pause Incremental GC (Collect on allocation) 42.37M->32.87M 1.257ms
[75.343s] GC(1338) Pause Incremental GC (Collect on allocation) 41.87M->33.37M 1.316ms
[75.383s] GC(1339) Pause Incremental GC (Collect on allocation) 41.87M->33.37M 1.400ms
[75.420s] GC(1340) Pause Incremental GC (Collect on allocation) 41.37M->33.37M 1.376ms
[75.454s] GC(1341) Pause Incremental GC (Collect on allocation) 40.87M->33.37M 1.247ms
[75.486s] GC(1342) Pause Incremental GC (Collect on allocation) 40.37M->33.37M 1.316ms
[75.523s] GC(1343) Pause Incremental GC (Collect on allocation) 41.37M->33.37M 1.391ms
[75.587s] GC(1344) Pause Full GC (Collect on allocation) 42.37M->31.87M 23.865ms
[75.598s] GC(1345) Pause Incremental GC (Collect on allocation) 39.87M->31.87M 1.762ms
[75.640s] GC(1346) Pause Incremental GC (Collect on allocation) 40.87M->31.87M 1.207ms
[75.684s] GC(1347) Pause Incremental GC (Collect on allocation) 41.87M->31.87M 1.301ms
[75.729s] GC(1348) Pause Incremental GC (Collect on allocation) 41.37M->31.87M 1.396ms
[75.771s] GC(1349) Pause Incremental GC (Collect on allocation) 40.87M->31.87M 1.442ms
[75.807s] GC(1350) Pause Incremental GC (Collect on allocation) 40.37M->32.37M 1.482ms
[75.844s] GC(1351) Pause Incremental GC (Collect on allocation) 40.37M->32.37M 1.416ms
[75.884s] GC(1352) Pause Incremental GC (Collect on allocation) 41.37M->32.37M 1.402ms
[75.931s] GC(1353) Pause Incremental GC (Collect on allocation) 42.37M->32.37M 1.314ms
[75.975s] GC(1354) Pause Incremental GC (Collect on allocation) 41.87M->32.37M 1.374ms
[76.017s] GC(1355) Pause Incremental GC (Collect on allocation) 41.37M->32.37M 1.344ms
[76.052s] GC(1356) Pause Incremental GC (Collect on allocation) 40.87M->32.37M 1.373ms
[76.088s] GC(1357) Pause Incremental GC (Collect on allocation) 40.37M->32.87M 1.458ms
[76.126s] GC(1358) Pause Incremental GC (Collect on allocation) 41.87M->32.87M 1.533ms
[76.167s] GC(1359) Pause Incremental GC (Collect on allocation) 42.87M->33.87M 1.798ms
[76.212s] GC(1360) Pause Incremental GC (Collect on allocation) 44.87M->35.37M 1.903ms
[76.264s] GC(1361) Pause Incremental GC (Collect on allocation) 47.87M->36.37M 1.812ms
[76.330s] GC(1362) Pause Incremental GC (Collect on allocation) 50.37M->36.37M 1.481ms
[76.392s] GC(1363) Pause Incremental GC (Collect on allocation) 49.87M->36.37M 1.468ms
[76.452s] GC(1364) Pause Incremental GC (Collect on allocation) 49.37M->36.37M 1.457ms
[76.512s] GC(1365) Pause Incremental GC (Collect on allocation) 48.87M->36.37M 1.312ms
[76.568s] GC(1366) Pause Incremental GC (Collect on allocation) 48.37M->36.37M 1.452ms
[76.618s] GC(1367) Pause Incremental GC (Collect on allocation) 47.87M->36.37M 1.521ms
[76.670s] GC(1368) Pause Incremental GC (Collect on allocation) 47.37M->36.37M 1.480ms
[76.719s] GC(1369) Pause Incremental GC (Collect on allocation) 46.87M->36.87M 1.791ms
[76.764s] GC(1370) Pause Incremental GC (Collect on allocation) 46.87M->36.87M 1.356ms
[76.807s] GC(1371) Pause Incremental GC (Collect on allocation) 46.37M->36.87M 1.644ms
[76.848s] GC(1372) Pause Incremental GC (Collect on allocation) 45.87M->36.87M 1.442ms
[76.888s] GC(1373) Pause Incremental GC (Collect on allocation) 45.37M->36.87M 1.278ms
[76.925s] GC(1374) Pause Incremental GC (Collect on allocation) 44.87M->36.87M 1.473ms
[76.958s] GC(1375) Pause Incremental GC (Collect on allocation) 44.37M->36.87M 1.383ms
[76.990s] GC(1376) Pause Incremental GC (Collect on allocation) 43.87M->36.87M 1.326ms
[77.027s] GC(1377) Pause Incremental GC (Collect on allocation) 44.87M->36.87M 1.302ms
[77.068s] GC(1378) Pause Incremental GC (Collect on allocation) 45.87M->36.87M 1.362ms
[77.135s] GC(1379) Pause Full GC (Collect on allocation) 46.87M->31.87M 24.949ms
[77.158s] GC(1380) Pause Incremental GC (Collect on allocation) 42.37M->32.37M 2.966ms
[77.211s] GC(1381) Pause Incremental GC (Collect on allocation) 44.37M->32.37M 1.509ms
[77.274s] GC(1382) Pause Incremental GC (Collect on allocation) 45.87M->32.37M 1.427ms
[77.334s] GC(1383) Pause Incremental GC (Collect on allocation) 45.37M->32.37M 1.309ms
[77.393s] GC(1384) Pause Incremental GC (Collect on allocation) 44.87M->32.37M 1.361ms
[77.448s] GC(1385) Pause Incremental GC (Collect on allocation) 44.37M->32.37M 1.422ms
[77.501s] GC(1386) Pause Incremental GC (Collect on allocation) 43.87M->32.37M 1.315ms
[77.552s] GC(1387) Pause Incremental GC (Collect on allocation) 43.37M->32.37M 1.277ms
[77.600s] GC(1388) Pause Incremental GC (Collect on allocation) 42.87M->32.37M 1.322ms
[77.647s] GC(1389) Pause Incremental GC (Collect on allocation) 42.37M->32.37M 1.283ms
[77.688s] GC(1390) Pause Incremental GC (Collect on allocation) 41.87M->32.37M 1.358ms
[77.730s] GC(1391) Pause Incremental GC (Collect on allocation) 41.37M->32.37M 1.408ms
[77.767s] GC(1392) Pause Incremental GC (Collect on allocation) 40.87M->32.37M 1.398ms
[77.805s] GC(1393) Pause Incremental GC (Collect on allocation) 40.37M->32.37M 1.350ms
[77.838s] GC(1394) Pause Incremental GC (Collect on allocation) 39.87M->32.37M 1.470ms
[77.870s] GC(1395) Pause Incremental GC (Collect on allocation) 39.37M->32.37M 1.394ms
[77.903s] GC(1396) Pause Incremental GC (Collect on allocation) 40.37M->32.87M 1.329ms
[77.943s] GC(1397) Pause Incremental GC (Collect on allocation) 41.87M->32.87M 1.263ms
[77.988s] GC(1398) Pause Incremental GC (Collect on allocation) 42.87M->32.87M 1.347ms
[78.032s] GC(1399) Pause Incremental GC (Collect on allocation) 42.37M->32.87M 1.337ms
[78.074s] GC(1400) Pause Incremental GC (Collect on allocation) 41.87M->32.87M 1.382ms
[78.112s] GC(1401) Pause Incremental GC (Collect on allocation) 41.37M->32.87M 1.305ms
[78.150s] GC(1402) Pause Incremental GC (Collect on allocation) 40.87M->32.87M 1.275ms
[78.183s] GC(1403) Pause Incremental GC (Collect on allocation) 40.37M->32.87M 1.280ms
[78.216s] GC(1404) Pause Incremental GC (Collect on allocation) 39.87M->32.87M 1.272ms
[78.245s] GC(1405) Pause Incremental GC (Collect on allocation) 39.37M->32.87M 1.283ms
[78.278s] GC(1406) Pause Incremental GC (Collect on allocation) 40.37M->32.87M 1.419ms
[78.317s] GC(1407) Pause Incremental GC (Collect on allocation) 41.37M->32.87M 1.334ms
[78.361s] GC(1408) Pause Incremental GC (Collect on allocation) 42.37M->32.87M 1.275ms
[78.408s] GC(1409) Pause Incremental GC (Collect on allocation) 43.37M->32.87M 1.297ms
[78.454s] GC(1410) Pause Incremental GC (Collect on allocation) 42.87M->32.87M 1.371ms
[78.498s] GC(1411) Pause Incremental GC (Collect on allocation) 42.37M->32.87M 1.351ms
[78.540s] GC(1412) Pause Incremental GC (Collect on allocation) 41.87M->32.87M 1.354ms
[78.579s] GC(1413) Pause Incremental GC (Collect on allocation) 41.37M->33.37M 1.366ms
[78.639s] GC(1414) Pause Full GC (Collect on allocation) 41.37M->31.87M 25.828ms
[78.653s] GC(1415) Pause Incremental GC (Collect on allocation) 40.37M->32.37M 2.161ms
[78.694s] GC(1416) Pause Incremental GC (Collect on allocation) 41.87M->32.37M 1.541ms
[78.742s] GC(1417) Pause Incremental GC (Collect on allocation) 42.87M->32.37M 1.335ms
[78.798s] GC(1418) Pause Incremental GC (Collect on allocation) 44.37M->32.37M 1.562ms
[78.852s] GC(1419) Pause Incremental GC (Collect on allocation) 43.87M->32.37M 1.446ms
[78.902s] GC(1420) Pause Incremental GC (Collect on allocation) 43.37M->32.87M 1.467ms
[78.951s] GC(1421) Pause Incremental GC (Collect on allocation) 43.37M->32.87M 1.397ms
[78.995s] GC(1422) Pause Incremental GC (Collect on allocation) 42.87M->32.87M 1.326ms
[79.037s] GC(1423) Pause Incremental GC (Collect on allocation) 42.37M->32.87M 1.344ms
[79.078s] GC(1424) Pause Incremental GC (Collect on allocation) 41.87M->32.87M 1.390ms
[79.113s] GC(1425) Pause Incremental GC (Collect on allocation) 41.37M->32.87M 1.342ms
[79.151s] GC(1426) Pause Incremental GC (Collect on allocation) 40.87M->32.87M 1.346ms
[79.183s] GC(1427) Pause Incremental GC (Collect on allocation) 40.37M->32.87M 1.349ms
[79.215s] GC(1428) Pause Incremental GC (Collect on allocation) 39.87M->32.87M 1.280ms
[79.252s] GC(1429) Pause Incremental GC (Collect on allocation) 40.87M->32.87M 1.320ms
[79.293s] GC(1430) Pause Incremental GC (Collect on allocation) 41.87M->32.87M 1.351ms
[79.339s] GC(1431) Pause Incremental GC (Collect on allocation) 42.87M->32.87M 1.353ms
[79.382s] GC(1432) Pause Incremental GC (Collect on allocation) 42.37M->32.87M 1.458ms
[79.423s] GC(1433) Pause Incremental GC (Collect on allocation) 41.87M->32.87M 1.380ms
[79.463s] GC(1434) Pause Incremental GC (Collect on allocation) 41.37M->32.87M 1.289ms
[79.500s] GC(1435) Pause Incremental GC (Collect on allocation) 40.87M->32.87M 1.329ms
[79.534s] GC(1436) Pause Incremental GC (Collect on allocation) 40.37M->32.87M 1.414ms
[79.564s] GC(1437) Pause Incremental GC (Collect on allocation) 39.87M->33.37M 1.382ms
[79.601s] GC(1438) Pause Incremental GC (Collect on allocation) 41.37M->33.37M 1.262ms
[79.642s] GC(1439) Pause Incremental GC (Collect on allocation) 42.37M->33.37M 1.335ms
[79.688s] GC(1440) Pause Incremental GC (Collect on allocation) 43.37M->33.37M 1.479ms
[79.731s] GC(1441) Pause Incremental GC (Collect on allocation) 42.87M->33.37M 1.405ms
[79.774s] GC(1442) Pause Incremental GC (Collect on allocation) 42.37M->33.37M 1.530ms
[79.813s] GC(1443) Pause Incremental GC (Collect on allocation) 41.87M->33.37M 1.359ms
[79.848s] GC(1444) Pause Incremental GC (Collect on allocation) 41.37M->33.37M 1.539ms
[79.891s] GC(1445) Pause Incremental GC (Collect on allocation) 42.37M->33.37M 1.499ms
[79.938s] GC(1446) Pause Incremental GC (Collect on allocation) 43.37M->33.37M 1.279ms
[79.981s] GC(1447) Pause Incremental GC (Collect on allocation) 42.87M->33.37M 1.390ms
[80.021s] GC(1448) Pause Incremental GC (Collect on allocation) 42.37M->33.37M 1.380ms
[80.060s] GC(1449) Pause Incremental GC (Collect on allocation) 41.87M->33.37M 1.303ms
[80.095s] GC(1450) Pause Incremental GC (Collect on allocation) 41.37M->33.37M 1.346ms
[80.130s] GC(1451) Pause Incremental GC (Collect on allocation) 40.87M->33.37M 1.260ms
[80.184s] GC(1452) Pause Full GC (Collect on allocation) 40.37M->31.87M 24.545ms
[80.201s] GC(1453) Pause Incremental GC (Collect on allocation) 40.87M->32.37M 1.786ms
[80.247s] GC(1454) Pause Incremental GC (Collect on allocation) 42.37M->32.37M 1.345ms
[80.299s] GC(1455) Pause Incremental GC (Collect on allocation) 43.37M->32.37M 1.351ms
[80.347s] GC(1456) Pause Incremental GC (Collect on allocation) 42.87M->32.37M 1.317ms
[80.393s] GC(1457) Pause Incremental GC (Collect on allocation) 42.37M->32.37M 1.362ms
[80.436s] GC(1458) Pause Incremental GC (Collect on allocation) 41.87M->32.37M 1.308ms
[80.476s] GC(1459) Pause Incremental GC (Collect on allocation) 41.37M->32.37M 1.436ms
[80.515s] GC(1460) Pause Incremental GC (Collect on allocation) 40.87M->32.37M 1.385ms
[80.550s] GC(1461) Pause Incremental GC (Collect on allocation) 40.37M->32.37M 1.372ms
[80.583s] GC(1462) Pause Incremental GC (Collect on allocation) 39.87M->32.37M 1.372ms
[80.622s] GC(1463) Pause Incremental GC (Collect on allocation) 40.87M->32.37M 1.350ms
[80.667s] GC(1464) Pause Incremental GC (Collect on allocation) 41.87M->32.37M 1.321ms
[80.708s] GC(1465) Pause Incremental GC (Collect on allocation) 41.37M->32.87M 1.843ms
[80.747s] GC(1466) Pause Incremental GC (Collect on allocation) 42.87M->32.87M 1.477ms
[80.799s] GC(1467) Pause Incremental GC (Collect on allocation) 43.87M->33.37M 1.346ms
[80.849s] GC(1468) Pause Incremental GC (Collect on allocation) 43.87M->33.37M 1.487ms
[80.895s] GC(1469) Pause Incremental GC (Collect on allocation) 43.37M->33.37M 1.325ms
[80.937s] GC(1470) Pause Incremental GC (Collect on allocation) 42.87M->33.37M 1.435ms
[80.978s] GC(1471) Pause Incremental GC (Collect on allocation) 42.37M->33.37M 1.471ms
[81.016s] GC(1472) Pause Incremental GC (Collect on allocation) 41.87M->33.37M 1.313ms
[81.054s] GC(1473) Pause Incremental GC (Collect on allocation) 41.37M->33.37M 1.344ms
[81.087s] GC(1474) Pause Incremental GC (Collect on allocation) 40.87M->33.37M 1.362ms
[81.125s] GC(1475) Pause Incremental GC (Collect on allocation) 41.87M->33.37M 1.312ms
[81.169s] GC(1476) Pause Incremental GC (Collect on allocation) 42.87M->33.37M 1.328ms
[81.210s] GC(1477) Pause Incremental GC (Collect on allocation) 42.37M->33.37M 1.508ms
[81.249s] GC(1478) Pause Incremental GC (Collect on allocation) 41.87M->33.37M 1.512ms
[81.293s] GC(1479) Pause Incremental GC (Collect on allocation) 42.87M->33.87M 1.408ms
[81.339s] GC(1480) Pause Incremental GC (Collect on allocation) 42.87M->33.87M 1.387ms
[81.372s] GC(1481) Pause Incremental GC (Collect on allocation) 42.37M->33.87M 1.397ms
[81.415s] GC(1482) Pause Incremental GC (Collect on allocation) 43.37M->33.87M 1.517ms
[81.463s] GC(1483) Pause Incremental GC (Collect on allocation) 44.37M->33.87M 1.690ms
[81.519s] GC(1484) Pause Incremental GC (Collect on allocation) 45.87M->33.87M 1.490ms
[81.573s] GC(1485) Pause Incremental GC (Collect on allocation) 45.37M->33.87M 1.379ms
[81.646s] GC(1486) Pause Full GC (Collect on allocation) 44.87M->31.87M 23.810ms
[81.666s] GC(1487) Pause Incremental GC (Collect on allocation) 41.87M->32.37M 2.689ms
[81.716s] GC(1488) Pause Incremental GC (Collect on allocation) 43.37M->32.37M 1.414ms
[81.775s] GC(1489) Pause Incremental GC (Collect on allocation) 44.87M->32.37M 1.354ms
[81.831s] GC(1490) Pause Incremental GC (Collect on allocation) 44.37M->32.37M 1.470ms
[81.884s] GC(1491) Pause Incremental GC (Collect on allocation) 43.87M->32.37M 1.326ms
[81.935s] GC(1492) Pause Incremental GC (Collect on allocation) 43.37M->32.37M 1.276ms
[81.982s] GC(1493) Pause Incremental GC (Collect on allocation) 42.87M->32.37M 1.428ms
[82.029s] GC(1494) Pause Incremental GC (Collect on allocation) 42.37M->32.37M 1.371ms
[82.070s] GC(1495) Pause Incremental GC (Collect on allocation) 41.87M->32.37M 1.376ms
[82.111s] GC(1496) Pause Incremental GC (Collect on allocation) 41.37M->32.37M 1.400ms
[82.151s] GC(1497) Pause Incremental GC (Collect on allocation) 40.87M->32.37M 1.352ms
[82.185s] GC(1498) Pause Incremental GC (Collect on allocation) 40.37M->32.37M 1.444ms
[82.221s] GC(1499) Pause Incremental GC (Collect on allocation) 39.87M->32.37M 1.319ms
[82.252s] GC(1500) Pause Incremental GC (Collect on allocation) 39.37M->32.37M 1.370ms
[82.289s] GC(1501) Pause Incremental GC (Collect on allocation) 40.37M->32.37M 1.339ms
[82.331s] GC(1502) Pause Incremental GC (Collect on allocation) 41.37M->32.87M 1.498ms
[82.377s] GC(1503) Pause Incremental GC (Collect on allocation) 42.87M->32.87M 1.400ms
[82.420s] GC(1504) Pause Incremental GC (Collect on allocation) 42.37M->32.87M 1.383ms
[82.462s] GC(1505) Pause Incremental GC (Collect on allocation) 41.87M->32.87M 1.688ms
[82.507s] GC(1506) Pause Incremental GC (Collect on allocation) 42.87M->32.87M 1.494ms
[82.550s] GC(1507) Pause Incremental GC (Collect on allocation) 42.37M->32.87M 1.451ms
[82.590s] GC(1508) Pause Incremental GC (Collect on allocation) 41.87M->32.87M 1.412ms
[82.630s] GC(1509) Pause Incremental GC (Collect on allocation) 41.37M->32.87M 1.305ms
[82.666s] GC(1510) Pause Incremental GC (Collect on allocation) 40.87M->32.87M 1.534ms
[82.708s] GC(1511) Pause Incremental GC (Collect on allocation) 41.87M->32.87M 1.424ms
[82.755s] GC(1512) Pause Incremental GC (Collect on allocation) 42.87M->32.87M 1.334ms
[82.799s] GC(1513) Pause Incremental GC (Collect on allocation) 42.37M->32.87M 1.363ms
[82.842s] GC(1514) Pause Incremental GC (Collect on allocation) 41.87M->32.87M 1.444ms
[82.880s] GC(1515) Pause Incremental GC (Collect on allocation) 41.37M->32.87M 1.474ms
[82.913s] GC(1516) Pause Incremental GC (Collect on allocation) 40.87M->32.87M 1.316ms
[82.955s] GC(1517) Pause Incremental GC (Collect on allocation) 41.87M->32.87M 1.257ms
[82.993s] GC(1518) Pause Incremental GC (Collect on allocation) 41.37M->33.37M 1.477ms
[83.029s] GC(1519) Pause Incremental GC (Collect on allocation) 41.37M->33.37M 1.353ms
[83.071s] GC(1520) Pause Incremental GC (Collect on allocation) 42.37M->33.37M 1.405ms
[83.133s] GC(1521) Pause Full GC (Collect on allocation) 41.87M->31.87M 25.808ms
[83.153s] GC(1522) Pause Incremental GC (Collect on allocation) 42.37M->32.37M 1.869ms
[83.206s] GC(1523) Pause Incremental GC (Collect on allocation) 44.37M->32.37M 1.447ms
[83.269s] GC(1524) Pause Incremental GC (Collect on allocation) 45.87M->32.37M 1.348ms
[83.331s] GC(1525) Pause Incremental GC (Collect on allocation) 45.37M->32.37M 1.343ms
[83.387s] GC(1526) Pause Incremental GC (Collect on allocation) 44.87M->32.37M 1.450ms
[83.444s] GC(1527) Pause Incremental GC (Collect on allocation) 44.37M->32.37M 1.457ms
[83.499s] GC(1528) Pause Incremental GC (Collect on allocation) 43.87M->32.37M 1.429ms
[83.550s] GC(1529) Pause Incremental GC (Collect on allocation) 43.37M->32.37M 1.515ms
[83.596s] GC(1530) Pause Incremental GC (Collect on allocation) 42.87M->32.37M 1.480ms
[83.642s] GC(1531) Pause Incremental GC (Collect on allocation) 42.37M->32.37M 1.420ms
[83.686s] GC(1532) Pause Incremental GC (Collect on allocation) 41.87M->32.37M 1.342ms
[83.728s] GC(1533) Pause Incremental GC (Collect on allocation) 41.37M->32.87M 1.342ms
[83.766s] GC(1534) Pause Incremental GC (Collect on allocation) 41.37M->32.87M 1.458ms
[83.803s] GC(1535) Pause Incremental GC (Collect on allocation) 40.87M->32.87M 1.309ms
[83.837s] GC(1536) Pause Incremental GC (Collect on allocation) 40.37M->32.87M 1.273ms
[83.868s] GC(1537) Pause Incremental GC (Collect on allocation) 39.87M->32.87M 1.458ms
[83.905s] GC(1538) Pause Incremental GC (Collect on allocation) 40.87M->32.87M 1.376ms
[83.946s] GC(1539) Pause Incremental GC (Collect on allocation) 41.87M->32.87M 1.391ms
[83.990s] GC(1540) Pause Incremental GC (Collect on allocation) 42.87M->32.87M 1.380ms
[84.040s] GC(1541) Pause Incremental GC (Collect on allocation) 43.87M->32.87M 1.411ms
[84.090s] GC(1542) Pause Incremental GC (Collect on allocation) 43.37M->32.87M 1.368ms
[84.136s] GC(1543) Pause Incremental GC (Collect on allocation) 42.87M->32.87M 1.366ms
[84.179s] GC(1544) Pause Incremental GC (Collect on allocation) 42.37M->32.87M 1.355ms
[84.221s] GC(1545) Pause Incremental GC (Collect on allocation) 41.87M->33.37M 1.327ms
[84.259s] GC(1546) Pause Incremental GC (Collect on allocation) 41.87M->33.37M 1.432ms
[84.295s] GC(1547) Pause Incremental GC (Collect on allocation) 41.37M->33.37M 1.291ms
[84.331s] GC(1548) Pause Incremental GC (Collect on allocation) 40.87M->33.37M 1.379ms
[84.362s] GC(1549) Pause Incremental GC (Collect on allocation) 40.37M->33.37M 1.322ms
[84.399s] GC(1550) Pause Incremental GC (Collect on allocation) 41.37M->33.37M 1.305ms
[84.441s] GC(1551) Pause Incremental GC (Collect on allocation) 42.37M->33.37M 1.318ms
[84.478s] GC(1552) Pause Incremental GC (Collect on allocation) 41.87M->33.37M 1.376ms
[84.523s] GC(1553) Pause Incremental GC (Collect on allocation) 42.87M->33.37M 1.389ms
[84.562s] GC(1554) Pause Incremental GC (Collect on allocation) 42.37M->33.37M 1.402ms
[84.601s] GC(1555) Pause Incremental GC (Collect on allocation) 41.87M->33.37M 1.327ms
[84.636s] GC(1556) Pause Incremental GC (Collect on allocation) 41.37M->33.37M 1.348ms
[84.677s] GC(1557) Pause Incremental GC (Collect on allocation) 42.37M->33.37M 1.339ms
[84.739s] GC(1558) Pause Full GC (Collect on allocation) 41.87M->31.87M 23.844ms
[84.749s] GC(1559) Pause Incremental GC (Collect on allocation) 39.37M->32.37M 2.034ms
[84.786s] GC(1560) Pause Incremental GC (Collect on allocation) 40.87M->32.37M 1.430ms
[84.828s] GC(1561) Pause Incremental GC (Collect on allocation) 41.87M->32.37M 1.348ms
[84.876s] GC(1562) Pause Incremental GC (Collect on allocation) 42.87M->32.37M 1.377ms
[84.933s] GC(1563) Pause Incremental GC (Collect on allocation) 44.37M->32.37M 1.393ms
[84.985s] GC(1564) Pause Incremental GC (Collect on allocation) 43.87M->32.37M 1.381ms
[85.037s] GC(1565) Pause Incremental GC (Collect on allocation) 43.37M->32.37M 1.370ms
[85.085s] GC(1566) Pause Incremental GC (Collect on allocation) 42.87M->32.37M 1.405ms
[85.133s] GC(1567) Pause Incremental GC (Collect on allocation) 42.37M->32.37M 1.428ms
[85.163s] GC(1568) Pause Incremental GC (Collect on allocation) 41.87M->32.87M 1.399ms
[85.205s] GC(1569) Pause Incremental GC (Collect on allocation) 41.87M->32.87M 1.297ms
[85.244s] GC(1570) Pause Incremental GC (Collect on allocation) 41.37M->32.87M 1.366ms
[85.281s] GC(1571) Pause Incremental GC (Collect on allocation) 40.87M->32.87M 1.273ms
[85.316s] GC(1572) Pause Incremental GC (Collect on allocation) 40.37M->32.87M 1.383ms
[85.348s] GC(1573) Pause Incremental GC (Collect on allocation) 39.87M->32.87M 1.888ms
[85.383s] GC(1574) Pause Incremental GC (Collect on allocation) 40.87M->32.87M 1.552ms
[85.424s] GC(1575) Pause Incremental GC (Collect on allocation) 41.87M->32.87M 1.426ms
[85.470s] GC(1576) Pause Incremental GC (Collect on allocation) 42.87M->32.87M 1.342ms
[85.523s] GC(1577) Pause Incremental GC (Collect on allocation) 43.87M->32.87M 1.554ms
[85.581s] GC(1578) Pause Incremental GC (Collect on allocation) 45.37M->32.87M 1.515ms
[85.633s] GC(1579) Pause Incremental GC (Collect on allocation) 44.87M->32.87M 1.477ms
[85.685s] GC(1580) Pause Incremental GC (Collect on allocation) 44.37M->33.37M 1.306ms
[85.737s] GC(1581) Pause Incremental GC (Collect on allocation) 44.37M->33.37M 1.448ms
[85.786s] GC(1582) Pause Incremental GC (Collect on allocation) 43.87M->33.37M 1.407ms
[85.833s] GC(1583) Pause Incremental GC (Collect on allocation) 43.37M->33.37M 1.327ms
[85.876s] GC(1584) Pause Incremental GC (Collect on allocation) 42.87M->33.37M 1.340ms
[85.917s] GC(1585) Pause Incremental GC (Collect on allocation) 42.37M->33.37M 1.467ms
[85.957s] GC(1586) Pause Incremental GC (Collect on allocation) 41.87M->33.37M 1.483ms
[85.993s] GC(1587) Pause Incremental GC (Collect on allocation) 41.37M->33.37M 1.318ms
[86.027s] GC(1588) Pause Incremental GC (Collect on allocation) 40.87M->33.37M 1.342ms
[86.059s] GC(1589) Pause Incremental GC (Collect on allocation) 40.37M->33.37M 1.263ms
[86.096s] GC(1590) Pause Incremental GC (Collect on allocation) 41.37M->33.37M 1.595ms
[86.138s] GC(1591) Pause Incremental GC (Collect on allocation) 42.37M->33.37M 1.279ms
[86.217s] GC(1592) Pause Full GC (Collect on allocation) 43.37M->30.87M 33.377ms
[86.240s] GC(1593) Pause Incremental GC (Collect on allocation) 43.37M->31.37M 2.272ms
[86.304s] GC(1594) Pause Incremental GC (Collect on allocation) 45.37M->31.37M 1.454ms
[86.378s] GC(1595) Pause Incremental GC (Collect on allocation) 46.87M->31.37M 1.528ms
[86.450s] GC(1596) Pause Incremental GC (Collect on allocation) 46.37M->31.37M 1.612ms
[86.517s] GC(1597) Pause Incremental GC (Collect on allocation) 45.87M->31.37M 1.566ms
[86.581s] GC(1598) Pause Incremental GC (Collect on allocation) 45.37M->31.37M 1.436ms
[86.644s] GC(1599) Pause Incremental GC (Collect on allocation) 44.87M->31.37M 1.537ms
[86.703s] GC(1600) Pause Incremental GC (Collect on allocation) 44.37M->31.37M 1.494ms
[86.761s] GC(1601) Pause Incremental GC (Collect on allocation) 43.87M->31.37M 1.454ms
[86.813s] GC(1602) Pause Incremental GC (Collect on allocation) 43.37M->31.37M 1.368ms
[86.867s] GC(1603) Pause Incremental GC (Collect on allocation) 42.87M->31.37M 1.542ms
[86.917s] GC(1604) Pause Incremental GC (Collect on allocation) 42.37M->31.37M 1.596ms
[86.965s] GC(1605) Pause Incremental GC (Collect on allocation) 41.87M->31.37M 1.657ms
[87.011s] GC(1606) Pause Incremental GC (Collect on allocation) 41.37M->31.87M 1.433ms
[87.053s] GC(1607) Pause Incremental GC (Collect on allocation) 41.37M->31.87M 1.405ms
[87.096s] GC(1608) Pause Incremental GC (Collect on allocation) 40.87M->31.87M 1.380ms
[87.135s] GC(1609) Pause Incremental GC (Collect on allocation) 40.37M->31.87M 1.411ms
[87.170s] GC(1610) Pause Incremental GC (Collect on allocation) 39.87M->31.87M 1.353ms
[87.204s] GC(1611) Pause Incremental GC (Collect on allocation) 39.37M->31.87M 1.305ms
[87.221s] GC(1612) Pause Incremental GC (Collect on allocation) 40.37M->31.87M 1.225ms
[87.265s] GC(1613) Pause Incremental GC (Collect on allocation) 41.37M->31.87M 1.357ms
[87.314s] GC(1614) Pause Incremental GC (Collect on allocation) 42.37M->31.87M 1.350ms
[87.370s] GC(1615) Pause Incremental GC (Collect on allocation) 43.87M->31.87M 1.393ms
[87.434s] GC(1616) Pause Incremental GC (Collect on allocation) 45.37M->31.87M 1.562ms
[87.494s] GC(1617) Pause Incremental GC (Collect on allocation) 44.87M->31.87M 1.343ms
[87.552s] GC(1618) Pause Incremental GC (Collect on allocation) 44.37M->31.87M 1.314ms
[87.609s] GC(1619) Pause Incremental GC (Collect on allocation) 43.87M->31.87M 1.542ms
[87.663s] GC(1620) Pause Incremental GC (Collect on allocation) 43.37M->31.87M 1.392ms
[87.714s] GC(1621) Pause Incremental GC (Collect on allocation) 42.87M->31.87M 1.409ms
[87.763s] GC(1622) Pause Incremental GC (Collect on allocation) 42.37M->32.37M 1.441ms
[87.809s] GC(1623) Pause Incremental GC (Collect on allocation) 42.37M->32.37M 1.500ms
[87.853s] GC(1624) Pause Incremental GC (Collect on allocation) 41.87M->32.37M 1.305ms
[87.894s] GC(1625) Pause Incremental GC (Collect on allocation) 41.37M->32.37M 1.381ms
[87.932s] GC(1626) Pause Incremental GC (Collect on allocation) 40.87M->32.37M 1.415ms
[87.969s] GC(1627) Pause Incremental GC (Collect on allocation) 40.37M->32.37M 1.361ms
[88.002s] GC(1628) Pause Incremental GC (Collect on allocation) 39.87M->32.37M 1.286ms
[88.041s] GC(1629) Pause Incremental GC (Collect on allocation) 40.87M->32.37M 1.329ms
[88.105s] GC(1630) Pause Full GC (Collect on allocation) 41.87M->26.37M 22.101ms
[88.137s] GC(1631) Pause Incremental GC (Collect on allocation) 38.37M->26.37M 2.069ms
[88.196s] GC(1632) Pause Incremental GC (Collect on allocation) 39.87M->26.37M 1.457ms
[88.258s] GC(1633) Pause Incremental GC (Collect on allocation) 39.37M->26.37M 1.319ms
[88.314s] GC(1634) Pause Incremental GC (Collect on allocation) 38.87M->26.37M 1.816ms
[88.368s] GC(1635) Pause Incremental GC (Collect on allocation) 38.37M->26.37M 1.393ms
[88.422s] GC(1636) Pause Incremental GC (Collect on allocation) 37.87M->26.37M 1.413ms
[88.472s] GC(1637) Pause Incremental GC (Collect on allocation) 37.37M->26.37M 1.331ms
[88.520s] GC(1638) Pause Incremental GC (Collect on allocation) 36.87M->26.87M 1.363ms
[88.566s] GC(1639) Pause Incremental GC (Collect on allocation) 36.87M->26.87M 1.432ms
[88.610s] GC(1640) Pause Incremental GC (Collect on allocation) 36.37M->26.87M 1.364ms
[88.652s] GC(1641) Pause Incremental GC (Collect on allocation) 35.87M->26.87M 1.268ms
[88.692s] GC(1642) Pause Incremental GC (Collect on allocation) 35.37M->26.87M 1.347ms
[88.727s] GC(1643) Pause Incremental GC (Collect on allocation) 34.87M->26.87M 1.452ms
[88.761s] GC(1644) Pause Incremental GC (Collect on allocation) 34.37M->26.87M 1.396ms
[88.794s] GC(1645) Pause Incremental GC (Collect on allocation) 33.87M->26.87M 1.247ms
[88.830s] GC(1646) Pause Incremental GC (Collect on allocation) 34.87M->26.87M 1.274ms
[88.872s] GC(1647) Pause Incremental GC (Collect on allocation) 35.87M->26.87M 1.333ms
[88.911s] GC(1648) Pause Incremental GC (Collect on allocation) 35.37M->26.87M 1.293ms
[88.948s] GC(1649) Pause Incremental GC (Collect on allocation) 34.87M->26.87M 1.386ms
[88.983s] GC(1650) Pause Incremental GC (Collect on allocation) 34.37M->26.87M 1.395ms
[89.021s] GC(1651) Pause Incremental GC (Collect on allocation) 35.37M->26.87M 1.347ms
[89.065s] GC(1652) Pause Incremental GC (Collect on allocation) 36.37M->26.87M 1.329ms
[89.106s] GC(1653) Pause Incremental GC (Collect on allocation) 35.87M->26.87M 1.308ms
[89.143s] GC(1654) Pause Incremental GC (Collect on allocation) 35.37M->27.37M 1.359ms
[89.180s] GC(1655) Pause Incremental GC (Collect on allocation) 35.37M->27.37M 1.389ms
[89.215s] GC(1656) Pause Incremental GC (Collect on allocation) 34.87M->27.37M 1.354ms
[89.253s] GC(1657) Pause Incremental GC (Collect on allocation) 35.87M->27.37M 1.429ms
[89.298s] GC(1658) Pause Incremental GC (Collect on allocation) 36.87M->27.37M 1.418ms
[89.337s] GC(1659) Pause Incremental GC (Collect on allocation) 36.37M->27.37M 1.425ms
[89.383s] GC(1660) Pause Incremental GC (Collect on allocation) 37.37M->27.37M 1.472ms
[89.426s] GC(1661) Pause Incremental GC (Collect on allocation) 36.87M->27.87M 1.518ms
[89.464s] GC(1662) Pause Incremental GC (Collect on allocation) 36.87M->28.37M 1.691ms
[89.525s] GC(1663) Pause Full GC (Collect on allocation) 38.37M->24.37M 20.556ms
[89.556s] GC(1664) Pause Incremental GC (Collect on allocation) 36.87M->25.87M 2.297ms
[89.607s] GC(1665) Pause Incremental GC (Collect on allocation) 37.87M->26.37M 1.682ms
[89.658s] GC(1666) Pause Incremental GC (Collect on allocation) 37.87M->26.87M 1.450ms
[89.709s] GC(1667) Pause Incremental GC (Collect on allocation) 37.87M->26.87M 1.406ms
[89.758s] GC(1668) Pause Incremental GC (Collect on allocation) 37.37M->26.87M 1.323ms
[89.801s] GC(1669) Pause Incremental GC (Collect on allocation) 36.87M->26.87M 1.418ms
[89.844s] GC(1670) Pause Incremental GC (Collect on allocation) 36.37M->26.87M 1.367ms
[89.884s] GC(1671) Pause Incremental GC (Collect on allocation) 35.87M->26.87M 1.329ms
[89.925s] GC(1672) Pause Incremental GC (Collect on allocation) 35.37M->26.87M 1.333ms
[89.960s] GC(1673) Pause Incremental GC (Collect on allocation) 34.87M->26.87M 1.279ms
[89.994s] GC(1674) Pause Incremental GC (Collect on allocation) 34.37M->26.87M 1.275ms
[90.026s] GC(1675) Pause Incremental GC (Collect on allocation) 33.87M->26.87M 1.332ms
[90.054s] GC(1676) Pause Incremental GC (Collect on allocation) 33.37M->26.87M 1.390ms
[90.088s] GC(1677) Pause Incremental GC (Collect on allocation) 34.37M->26.87M 1.231ms
[90.126s] GC(1678) Pause Incremental GC (Collect on allocation) 35.37M->26.87M 1.327ms
[90.168s] GC(1679) Pause Incremental GC (Collect on allocation) 36.37M->26.87M 1.284ms
[90.218s] GC(1680) Pause Incremental GC (Collect on allocation) 37.37M->26.87M 1.306ms
[90.265s] GC(1681) Pause Incremental GC (Collect on allocation) 36.87M->27.37M 1.392ms
[90.307s] GC(1682) Pause Incremental GC (Collect on allocation) 36.87M->27.37M 1.481ms
[90.349s] GC(1683) Pause Incremental GC (Collect on allocation) 36.37M->27.37M 1.345ms
[90.387s] GC(1684) Pause Incremental GC (Collect on allocation) 35.87M->27.37M 1.382ms
[90.424s] GC(1685) Pause Incremental GC (Collect on allocation) 35.37M->27.37M 1.510ms
[90.458s] GC(1686) Pause Incremental GC (Collect on allocation) 34.87M->27.37M 1.450ms
[90.496s] GC(1687) Pause Incremental GC (Collect on allocation) 35.87M->27.37M 1.358ms
[90.538s] GC(1688) Pause Incremental GC (Collect on allocation) 36.87M->27.37M 1.306ms
[90.580s] GC(1689) Pause Incremental GC (Collect on allocation) 36.37M->27.37M 1.255ms
[90.620s] GC(1690) Pause Incremental GC (Collect on allocation) 35.87M->27.37M 1.208ms
[90.655s] GC(1691) Pause Incremental GC (Collect on allocation) 35.37M->27.37M 1.439ms
[90.691s] GC(1692) Pause Incremental GC (Collect on allocation) 34.87M->27.87M 1.579ms
[90.729s] GC(1693) Pause Incremental GC (Collect on allocation) 36.37M->27.87M 1.303ms
[90.773s] GC(1694) Pause Incremental GC (Collect on allocation) 37.37M->27.87M 1.397ms
[90.814s] GC(1695) Pause Incremental GC (Collect on allocation) 36.87M->27.87M 1.302ms
[90.853s] GC(1696) Pause Incremental GC (Collect on allocation) 36.37M->27.87M 1.297ms
[90.889s] GC(1697) Pause Incremental GC (Collect on allocation) 35.87M->27.87M 1.245ms
[90.923s] GC(1698) Pause Incremental GC (Collect on allocation) 35.37M->27.87M 1.348ms
[90.955s] GC(1699) Pause Incremental GC (Collect on allocation) 34.87M->27.87M 1.268ms
[90.993s] GC(1700) Pause Incremental GC (Collect on allocation) 35.87M->27.87M 1.320ms
[91.027s] GC(1701) Pause Incremental GC (Collect on allocation) 35.37M->27.87M 1.407ms
[91.085s] GC(1702) Pause Full GC (Collect on allocation) 36.37M->26.37M 20.338ms
[91.111s] GC(1703) Pause Incremental GC (Collect on allocation) 36.87M->26.37M 1.951ms
[91.165s] GC(1704) Pause Incremental GC (Collect on allocation) 38.37M->26.37M 1.530ms
[91.218s] GC(1705) Pause Incremental GC (Collect on allocation) 37.87M->26.37M 1.415ms
[91.271s] GC(1706) Pause Incremental GC (Collect on allocation) 37.37M->26.37M 1.445ms
[91.319s] GC(1707) Pause Incremental GC (Collect on allocation) 36.87M->26.37M 1.464ms
[91.365s] GC(1708) Pause Incremental GC (Collect on allocation) 36.37M->26.37M 1.387ms
[91.409s] GC(1709) Pause Incremental GC (Collect on allocation) 35.87M->26.37M 1.413ms
[91.451s] GC(1710) Pause Incremental GC (Collect on allocation) 35.37M->26.37M 1.326ms
[91.489s] GC(1711) Pause Incremental GC (Collect on allocation) 34.87M->26.37M 1.321ms
[91.525s] GC(1712) Pause Incremental GC (Collect on allocation) 34.37M->26.37M 1.420ms
[91.559s] GC(1713) Pause Incremental GC (Collect on allocation) 33.87M->26.87M 1.425ms
[91.591s] GC(1714) Pause Incremental GC (Collect on allocation) 33.87M->26.87M 1.788ms
[91.624s] GC(1715) Pause Incremental GC (Collect on allocation) 34.87M->26.87M 1.386ms
[91.663s] GC(1716) Pause Incremental GC (Collect on allocation) 35.87M->26.87M 1.317ms
[91.709s] GC(1717) Pause Incremental GC (Collect on allocation) 36.87M->26.87M 1.546ms
[91.760s] GC(1718) Pause Incremental GC (Collect on allocation) 37.87M->26.87M 1.491ms
[91.808s] GC(1719) Pause Incremental GC (Collect on allocation) 37.37M->26.87M 1.525ms
[91.855s] GC(1720) Pause Incremental GC (Collect on allocation) 36.87M->26.87M 1.349ms
[91.897s] GC(1721) Pause Incremental GC (Collect on allocation) 36.37M->26.87M 1.352ms
[91.938s] GC(1722) Pause Incremental GC (Collect on allocation) 35.87M->26.87M 1.343ms
[91.976s] GC(1723) Pause Incremental GC (Collect on allocation) 35.37M->26.87M 1.411ms
[92.013s] GC(1724) Pause Incremental GC (Collect on allocation) 34.87M->26.87M 1.344ms
[92.048s] GC(1725) Pause Incremental GC (Collect on allocation) 34.37M->26.87M 1.273ms
[92.080s] GC(1726) Pause Incremental GC (Collect on allocation) 33.87M->26.87M 1.244ms
[92.109s] GC(1727) Pause Incremental GC (Collect on allocation) 33.37M->26.87M 1.356ms
[92.144s] GC(1728) Pause Incremental GC (Collect on allocation) 34.37M->26.87M 1.394ms
[92.182s] GC(1729) Pause Incremental GC (Collect on allocation) 35.37M->27.37M 1.416ms
[92.226s] GC(1730) Pause Incremental GC (Collect on allocation) 36.87M->27.37M 1.445ms
[92.274s] GC(1731) Pause Incremental GC (Collect on allocation) 37.87M->27.37M 1.378ms
[92.321s] GC(1732) Pause Incremental GC (Collect on allocation) 37.37M->27.37M 1.289ms
[92.363s] GC(1733) Pause Incremental GC (Collect on allocation) 36.87M->27.37M 1.401ms
[92.405s] GC(1734) Pause Incremental GC (Collect on allocation) 36.37M->27.37M 1.396ms
[92.444s] GC(1735) Pause Incremental GC (Collect on allocation) 35.87M->27.37M 1.404ms
[92.481s] GC(1736) Pause Incremental GC (Collect on allocation) 35.37M->27.37M 1.363ms
[92.515s] GC(1737) Pause Incremental GC (Collect on allocation) 34.87M->27.37M 1.546ms
[92.554s] GC(1738) Pause Incremental GC (Collect on allocation) 35.87M->27.37M 1.314ms
[92.609s] GC(1739) Pause Full GC (Collect on allocation) 35.37M->26.37M 19.289ms
[92.620s] GC(1740) Pause Incremental GC (Collect on allocation) 33.37M->26.37M 1.730ms
[92.657s] GC(1741) Pause Incremental GC (Collect on allocation) 34.37M->26.37M 1.276ms
[92.698s] GC(1742) Pause Incremental GC (Collect on allocation) 35.37M->26.37M 1.269ms
[92.745s] GC(1743) Pause Incremental GC (Collect on allocation) 36.37M->26.37M 1.888ms
[92.794s] GC(1744) Pause Incremental GC (Collect on allocation) 37.37M->26.37M 1.361ms
[92.843s] GC(1745) Pause Incremental GC (Collect on allocation) 36.87M->26.37M 1.471ms
[92.887s] GC(1746) Pause Incremental GC (Collect on allocation) 36.37M->26.37M 1.333ms
[92.931s] GC(1747) Pause Incremental GC (Collect on allocation) 35.87M->26.87M 1.742ms
[92.968s] GC(1748) Pause Incremental GC (Collect on allocation) 35.87M->26.87M 1.380ms
[93.007s] GC(1749) Pause Incremental GC (Collect on allocation) 35.37M->26.87M 1.287ms
[93.043s] GC(1750) Pause Incremental GC (Collect on allocation) 34.87M->26.87M 1.314ms
[93.078s] GC(1751) Pause Incremental GC (Collect on allocation) 34.37M->26.87M 1.321ms
[93.110s] GC(1752) Pause Incremental GC (Collect on allocation) 33.87M->26.87M 1.344ms
[93.140s] GC(1753) Pause Incremental GC (Collect on allocation) 33.37M->26.87M 1.274ms
[93.173s] GC(1754) Pause Incremental GC (Collect on allocation) 34.37M->26.87M 1.425ms
[93.212s] GC(1755) Pause Incremental GC (Collect on allocation) 35.37M->26.87M 1.238ms
[93.254s] GC(1756) Pause Incremental GC (Collect on allocation) 36.37M->26.87M 1.317ms
[93.297s] GC(1757) Pause Incremental GC (Collect on allocation) 35.87M->26.87M 1.301ms
[93.336s] GC(1758) Pause Incremental GC (Collect on allocation) 35.37M->26.87M 1.385ms
[93.372s] GC(1759) Pause Incremental GC (Collect on allocation) 34.87M->26.87M 1.408ms
[93.406s] GC(1760) Pause Incremental GC (Collect on allocation) 34.37M->26.87M 1.321ms
[93.437s] GC(1761) Pause Incremental GC (Collect on allocation) 33.87M->26.87M 1.251ms
[93.474s] GC(1762) Pause Incremental GC (Collect on allocation) 34.87M->27.37M 1.261ms
[93.509s] GC(1763) Pause Incremental GC (Collect on allocation) 34.87M->27.37M 1.341ms
[93.540s] GC(1764) Pause Incremental GC (Collect on allocation) 34.37M->27.37M 1.272ms
[93.575s] GC(1765) Pause Incremental GC (Collect on allocation) 35.37M->27.37M 1.300ms
[93.616s] GC(1766) Pause Incremental GC (Collect on allocation) 36.37M->27.37M 1.447ms
[93.655s] GC(1767) Pause Incremental GC (Collect on allocation) 35.87M->27.37M 1.380ms
[93.692s] GC(1768) Pause Incremental GC (Collect on allocation) 35.37M->27.37M 1.345ms
[93.726s] GC(1769) Pause Incremental GC (Collect on allocation) 34.87M->27.37M 1.347ms
[93.758s] GC(1770) Pause Incremental GC (Collect on allocation) 34.37M->27.37M 1.298ms
[93.796s] GC(1771) Pause Incremental GC (Collect on allocation) 35.37M->27.37M 1.231ms
[93.828s] GC(1772) Pause Incremental GC (Collect on allocation) 34.87M->27.37M 1.276ms
[93.868s] GC(1773) Pause Incremental GC (Collect on allocation) 35.87M->27.37M 1.237ms
[93.905s] GC(1774) Pause Incremental GC (Collect on allocation) 35.37M->27.37M 1.252ms
[93.938s] GC(1775) Pause Incremental GC (Collect on allocation) 34.87M->27.37M 1.319ms
[93.970s] GC(1776) Pause Incremental GC (Collect on allocation) 34.37M->27.37M 1.267ms
[93.999s] GC(1777) Pause Incremental GC (Collect on allocation) 33.87M->27.37M 1.231ms
[94.050s] GC(1778) Pause Full GC (Collect on allocation) 34.87M->26.37M 19.269ms
[94.073s] GC(1779) Pause Incremental GC (Collect on allocation) 35.87M->26.37M 1.705ms
[94.122s] GC(1780) Pause Incremental GC (Collect on allocation) 36.87M->26.37M 1.474ms
[94.168s] GC(1781) Pause Incremental GC (Collect on allocation) 36.37M->26.37M 1.303ms
[94.212s] GC(1782) Pause Incremental GC (Collect on allocation) 35.87M->26.37M 1.306ms
[94.252s] GC(1783) Pause Incremental GC (Collect on allocation) 35.37M->26.37M 1.314ms
[94.292s] GC(1784) Pause Incremental GC (Collect on allocation) 34.87M->26.37M 1.318ms
[94.328s] GC(1785) Pause Incremental GC (Collect on allocation) 34.37M->26.37M 1.387ms
[94.361s] GC(1786) Pause Incremental GC (Collect on allocation) 33.87M->26.37M 1.341ms
[94.394s] GC(1787) Pause Incremental GC (Collect on allocation) 33.37M->26.37M 1.333ms
[94.421s] GC(1788) Pause Incremental GC (Collect on allocation) 32.87M->26.87M 1.355ms
[94.455s] GC(1789) Pause Incremental GC (Collect on allocation) 34.37M->26.87M 1.262ms
[94.495s] GC(1790) Pause Incremental GC (Collect on allocation) 35.37M->26.87M 1.231ms
[94.539s] GC(1791) Pause Incremental GC (Collect on allocation) 36.37M->26.87M 1.308ms
[94.580s] GC(1792) Pause Incremental GC (Collect on allocation) 35.87M->26.87M 1.337ms
[94.619s] GC(1793) Pause Incremental GC (Collect on allocation) 35.37M->26.87M 1.319ms
[94.656s] GC(1794) Pause Incremental GC (Collect on allocation) 34.87M->26.87M 1.275ms
[94.690s] GC(1795) Pause Incremental GC (Collect on allocation) 34.37M->26.87M 1.259ms
[94.722s] GC(1796) Pause Incremental GC (Collect on allocation) 33.87M->26.87M 1.293ms
[94.749s] GC(1797) Pause Incremental GC (Collect on allocation) 33.37M->26.87M 1.433ms
[94.783s] GC(1798) Pause Incremental GC (Collect on allocation) 34.37M->26.87M 1.399ms
[94.822s] GC(1799) Pause Incremental GC (Collect on allocation) 35.37M->26.87M 1.253ms
[94.864s] GC(1800) Pause Incremental GC (Collect on allocation) 36.37M->26.87M 1.322ms
[94.905s] GC(1801) Pause Incremental GC (Collect on allocation) 35.87M->26.87M 1.412ms
[94.944s] GC(1802) Pause Incremental GC (Collect on allocation) 35.37M->26.87M 1.292ms
[94.981s] GC(1803) Pause Incremental GC (Collect on allocation) 34.87M->26.87M 1.261ms
[95.014s] GC(1804) Pause Incremental GC (Collect on allocation) 34.37M->26.87M 1.294ms
[95.046s] GC(1805) Pause Incremental GC (Collect on allocation) 33.87M->27.37M 1.293ms
[95.077s] GC(1806) Pause Incremental GC (Collect on allocation) 33.87M->27.37M 1.298ms
[95.108s] GC(1807) Pause Incremental GC (Collect on allocation) 34.87M->27.37M 1.331ms
[95.147s] GC(1808) Pause Incremental GC (Collect on allocation) 35.87M->27.37M 1.307ms
[95.192s] GC(1809) Pause Incremental GC (Collect on allocation) 36.87M->27.37M 1.361ms
[95.235s] GC(1810) Pause Incremental GC (Collect on allocation) 36.37M->27.37M 1.357ms
[95.274s] GC(1811) Pause Incremental GC (Collect on allocation) 35.87M->27.37M 1.301ms
[95.309s] GC(1812) Pause Incremental GC (Collect on allocation) 35.37M->27.37M 1.363ms
[95.360s] GC(1813) Pause Full GC (Collect on allocation) 34.87M->26.37M 19.297ms
[95.368s] GC(1814) Pause Incremental GC (Collect on allocation) 32.87M->26.37M 1.704ms
[95.403s] GC(1815) Pause Incremental GC (Collect on allocation) 33.87M->26.37M 1.263ms
[95.440s] GC(1816) Pause Incremental GC (Collect on allocation) 34.87M->26.37M 1.277ms
[95.484s] GC(1817) Pause Incremental GC (Collect on allocation) 35.87M->26.37M 1.297ms
[95.532s] GC(1818) Pause Incremental GC (Collect on allocation) 36.87M->26.37M 1.434ms
[95.579s] GC(1819) Pause Incremental GC (Collect on allocation) 36.37M->26.37M 1.286ms
[95.622s] GC(1820) Pause Incremental GC (Collect on allocation) 35.87M->26.37M 1.260ms
[95.664s] GC(1821) Pause Incremental GC (Collect on allocation) 35.37M->26.37M 1.368ms
[95.704s] GC(1822) Pause Incremental GC (Collect on allocation) 34.87M->26.37M 1.252ms
[95.740s] GC(1823) Pause Incremental GC (Collect on allocation) 34.37M->26.37M 1.336ms
[95.774s] GC(1824) Pause Incremental GC (Collect on allocation) 33.87M->26.37M 1.282ms
[95.807s] GC(1825) Pause Incremental GC (Collect on allocation) 33.37M->26.87M 1.340ms
[95.836s] GC(1826) Pause Incremental GC (Collect on allocation) 33.37M->26.87M 1.246ms
[95.863s] GC(1827) Pause Incremental GC (Collect on allocation) 32.87M->26.87M 1.225ms
[95.895s] GC(1828) Pause Incremental GC (Collect on allocation) 33.87M->26.87M 1.211ms
[95.930s] GC(1829) Pause Incremental GC (Collect on allocation) 34.87M->26.87M 1.261ms
[95.972s] GC(1830) Pause Incremental GC (Collect on allocation) 35.87M->26.87M 1.328ms
[96.010s] GC(1831) Pause Incremental GC (Collect on allocation) 35.37M->26.87M 1.407ms
[96.048s] GC(1832) Pause Incremental GC (Collect on allocation) 34.87M->26.87M 1.261ms
[96.082s] GC(1833) Pause Incremental GC (Collect on allocation) 34.37M->26.87M 1.314ms
[96.114s] GC(1834) Pause Incremental GC (Collect on allocation) 33.87M->26.87M 1.288ms
[96.149s] GC(1835) Pause Incremental GC (Collect on allocation) 34.87M->26.87M 1.370ms
[96.192s] GC(1836) Pause Incremental GC (Collect on allocation) 35.87M->26.87M 1.310ms
[96.230s] GC(1837) Pause Incremental GC (Collect on allocation) 35.37M->26.87M 1.540ms
[96.265s] GC(1838) Pause Incremental GC (Collect on allocation) 34.87M->26.87M 1.330ms
[96.299s] GC(1839) Pause Incremental GC (Collect on allocation) 34.37M->26.87M 1.308ms
[96.339s] GC(1840) Pause Incremental GC (Collect on allocation) 35.37M->26.87M 1.371ms
[96.375s] GC(1841) Pause Incremental GC (Collect on allocation) 34.87M->26.87M 1.316ms
[96.410s] GC(1842) Pause Incremental GC (Collect on allocation) 34.37M->27.37M 1.390ms
[96.447s] GC(1843) Pause Incremental GC (Collect on allocation) 35.87M->27.37M 1.406ms
[96.490s] GC(1844) Pause Incremental GC (Collect on allocation) 36.87M->27.37M 1.369ms
[96.531s] GC(1845) Pause Incremental GC (Collect on allocation) 36.37M->27.37M 1.290ms
[96.588s] GC(1846) Pause Full GC (Collect on allocation) 35.87M->26.37M 19.935ms
[96.601s] GC(1847) Pause Incremental GC (Collect on allocation) 33.87M->26.37M 1.998ms
[96.638s] GC(1848) Pause Incremental GC (Collect on allocation) 34.87M->26.37M 1.445ms
[96.683s] GC(1849) Pause Incremental GC (Collect on allocation) 35.87M->26.37M 1.341ms
[96.729s] GC(1850) Pause Incremental GC (Collect on allocation) 36.87M->26.37M 1.327ms
[96.776s] GC(1851) Pause Incremental GC (Collect on allocation) 36.37M->26.37M 1.253ms
[96.820s] GC(1852) Pause Incremental GC (Collect on allocation) 35.87M->26.37M 1.235ms
[96.860s] GC(1853) Pause Incremental GC (Collect on allocation) 35.37M->26.37M 1.274ms
[96.900s] GC(1854) Pause Incremental GC (Collect on allocation) 34.87M->26.37M 1.337ms
[96.937s] GC(1855) Pause Incremental GC (Collect on allocation) 34.37M->26.37M 1.278ms
[96.971s] GC(1856) Pause Incremental GC (Collect on allocation) 33.87M->26.37M 1.291ms
[97.004s] GC(1857) Pause Incremental GC (Collect on allocation) 33.37M->26.87M 1.341ms
[97.033s] GC(1858) Pause Incremental GC (Collect on allocation) 33.37M->26.87M 1.297ms
[97.067s] GC(1859) Pause Incremental GC (Collect on allocation) 34.37M->26.87M 1.241ms
[97.106s] GC(1860) Pause Incremental GC (Collect on allocation) 35.37M->26.87M 1.381ms
[97.149s] GC(1861) Pause Incremental GC (Collect on allocation) 36.37M->26.87M 1.336ms
[97.190s] GC(1862) Pause Incremental GC (Collect on allocation) 35.87M->26.87M 1.285ms
[97.231s] GC(1863) Pause Incremental GC (Collect on allocation) 35.37M->26.87M 1.322ms
[97.268s] GC(1864) Pause Incremental GC (Collect on allocation) 34.87M->26.87M 1.523ms
[97.300s] GC(1865) Pause Incremental GC (Collect on allocation) 34.37M->26.87M 1.455ms
[97.337s] GC(1866) Pause Incremental GC (Collect on allocation) 35.37M->26.87M 1.347ms
[97.379s] GC(1867) Pause Incremental GC (Collect on allocation) 36.37M->26.87M 1.611ms
[97.428s] GC(1868) Pause Incremental GC (Collect on allocation) 37.37M->26.87M 1.262ms
[97.473s] GC(1869) Pause Incremental GC (Collect on allocation) 36.87M->27.37M 1.412ms
[97.517s] GC(1870) Pause Incremental GC (Collect on allocation) 36.87M->27.37M 1.497ms
[97.557s] GC(1871) Pause Incremental GC (Collect on allocation) 36.37M->27.37M 1.478ms
[97.596s] GC(1872) Pause Incremental GC (Collect on allocation) 35.87M->27.37M 1.435ms
[97.633s] GC(1873) Pause Incremental GC (Collect on allocation) 35.37M->27.37M 1.355ms
[97.666s] GC(1874) Pause Incremental GC (Collect on allocation) 34.87M->27.37M 1.351ms
[97.699s] GC(1875) Pause Incremental GC (Collect on allocation) 34.37M->27.37M 1.287ms
[97.728s] GC(1876) Pause Incremental GC (Collect on allocation) 33.87M->27.37M 1.301ms
[97.763s] GC(1877) Pause Incremental GC (Collect on allocation) 34.87M->27.37M 1.271ms
[97.764s] GC(1878) Pause Incremental GC (Collect on allocation) 27.87M->27.37M 0.999ms
[97.800s] GC(1879) Pause Incremental GC (Collect on allocation) 35.37M->27.37M 1.367ms
[97.852s] GC(1880) Pause Full GC (Collect on allocation) 34.87M->26.37M 19.338ms
[97.862s] GC(1881) Pause Incremental GC (Collect on allocation) 32.87M->26.37M 1.782ms
[97.888s] GC(1882) Pause Incremental GC (Collect on allocation) 32.37M->26.37M 1.338ms
[97.912s] GC(1883) Pause Incremental GC (Collect on allocation) 31.87M->26.37M 1.391ms
[97.933s] GC(1884) Pause Incremental GC (Collect on allocation) 31.37M->26.37M 1.321ms
[97.954s] GC(1885) Pause Incremental GC (Collect on allocation) 30.87M->26.37M 1.283ms
[97.971s] GC(1886) Pause Incremental GC (Collect on allocation) 30.37M->26.37M 1.237ms
[97.988s] GC(1887) Pause Incremental GC (Collect on allocation) 30.37M->26.37M 1.203ms
[98.004s] GC(1888) Pause Incremental GC (Collect on allocation) 30.37M->26.37M 1.221ms
[98.020s] GC(1889) Pause Incremental GC (Collect on allocation) 30.37M->26.37M 1.238ms
[98.037s] GC(1890) Pause Incremental GC (Collect on allocation) 30.37M->26.87M 1.275ms
[98.055s] GC(1891) Pause Incremental GC (Collect on allocation) 30.87M->26.87M 1.290ms
[98.072s] GC(1892) Pause Incremental GC (Collect on allocation) 30.87M->26.87M 1.282ms
[98.089s] GC(1893) Pause Incremental GC (Collect on allocation) 30.87M->26.87M 1.244ms
[98.106s] GC(1894) Pause Incremental GC (Collect on allocation) 30.87M->26.87M 1.197ms
[98.124s] GC(1895) Pause Incremental GC (Collect on allocation) 30.87M->26.87M 1.274ms
[98.141s] GC(1896) Pause Incremental GC (Collect on allocation) 30.87M->26.87M 1.341ms
[98.158s] GC(1897) Pause Incremental GC (Collect on allocation) 30.87M->26.87M 1.236ms
[98.174s] GC(1898) Pause Incremental GC (Collect on allocation) 30.87M->26.87M 1.313ms
[98.192s] GC(1899) Pause Incremental GC (Collect on allocation) 30.87M->26.87M 1.263ms
[98.208s] GC(1900) Pause Incremental GC (Collect on allocation) 30.87M->26.87M 1.327ms
[98.226s] GC(1901) Pause Incremental GC (Collect on allocation) 30.87M->26.87M 1.278ms
[98.242s] GC(1902) Pause Incremental GC (Collect on allocation) 30.87M->26.87M 1.358ms
[98.259s] GC(1903) Pause Incremental GC (Collect on allocation) 30.87M->26.87M 1.264ms
[98.277s] GC(1904) Pause Incremental GC (Collect on allocation) 30.87M->26.87M 1.259ms
[98.294s] GC(1905) Pause Incremental GC (Collect on allocation) 30.87M->26.87M 1.254ms
[98.311s] GC(1906) Pause Incremental GC (Collect on allocation) 30.87M->27.37M 1.303ms
[98.329s] GC(1907) Pause Incremental GC (Collect on allocation) 31.37M->27.37M 1.235ms
[98.345s] GC(1908) Pause Incremental GC (Collect on allocation) 31.37M->27.37M 1.304ms
[98.363s] GC(1909) Pause Incremental GC (Collect on allocation) 31.37M->27.37M 1.331ms
[98.381s] GC(1910) Pause Incremental GC (Collect on allocation) 31.37M->27.37M 1.236ms
[98.397s] GC(1911) Pause Incremental GC (Collect on allocation) 31.37M->27.37M 1.267ms
[98.414s] GC(1912) Pause Incremental GC (Collect on allocation) 31.37M->27.37M 1.263ms
[98.450s] GC(1913) Pause Full GC (Collect on allocation) 31.37M->26.37M 20.327ms
[98.458s] GC(1914) Pause Incremental GC (Collect on allocation) 30.37M->27.87M 3.182ms
[98.465s] GC(1915) Pause Incremental GC (Collect on allocation) 31.87M->27.87M 2.224ms
[98.475s] GC(1916) Pause Incremental GC (Collect on allocation) 31.87M->28.37M 1.609ms
[98.495s] GC(1917) Pause Incremental GC (Collect on allocation) 32.87M->28.37M 1.285ms
[98.517s] GC(1918) Pause Incremental GC (Collect on allocation) 33.37M->28.37M 1.494ms
[98.541s] GC(1919) Pause Incremental GC (Collect on allocation) 33.87M->28.37M 1.360ms
[98.569s] GC(1920) Pause Incremental GC (Collect on allocation) 34.87M->28.37M 1.328ms
[98.604s] GC(1921) Pause Incremental GC (Collect on allocation) 35.87M->28.37M 1.327ms
[98.644s] GC(1922) Pause Incremental GC (Collect on allocation) 36.87M->28.37M 1.296ms
[98.688s] GC(1923) Pause Incremental GC (Collect on allocation) 37.87M->28.37M 1.240ms
[98.738s] GC(1924) Pause Incremental GC (Collect on allocation) 38.87M->28.37M 1.213ms
[98.791s] GC(1925) Pause Incremental GC (Collect on allocation) 40.37M->28.37M 1.470ms
[98.854s] GC(1926) Pause Incremental GC (Collect on allocation) 41.87M->28.37M 1.303ms
[98.922s] GC(1927) Pause Incremental GC (Collect on allocation) 42.87M->28.87M 1.355ms
[98.995s] GC(1928) Pause Incremental GC (Collect on allocation) 44.37M->28.87M 1.316ms
[99.066s] GC(1929) Pause Incremental GC (Collect on allocation) 43.87M->28.87M 1.348ms
[99.134s] GC(1930) Pause Incremental GC (Collect on allocation) 43.37M->28.87M 1.356ms
[99.199s] GC(1931) Pause Incremental GC (Collect on allocation) 42.87M->28.87M 1.910ms
[99.260s] GC(1932) Pause Incremental GC (Collect on allocation) 42.37M->28.87M 1.346ms
[99.321s] GC(1933) Pause Incremental GC (Collect on allocation) 41.87M->28.87M 1.371ms
[99.378s] GC(1934) Pause Incremental GC (Collect on allocation) 41.37M->28.87M 1.428ms
[99.433s] GC(1935) Pause Incremental GC (Collect on allocation) 40.87M->28.87M 1.439ms
[99.486s] GC(1936) Pause Incremental GC (Collect on allocation) 40.37M->28.87M 1.456ms
[99.536s] GC(1937) Pause Incremental GC (Collect on allocation) 39.87M->28.87M 1.334ms
[99.586s] GC(1938) Pause Incremental GC (Collect on allocation) 39.37M->28.87M 1.263ms
[99.632s] GC(1939) Pause Incremental GC (Collect on allocation) 38.87M->28.87M 1.340ms
[99.675s] GC(1940) Pause Incremental GC (Collect on allocation) 38.37M->28.87M 1.376ms
[99.714s] GC(1941) Pause Incremental GC (Collect on allocation) 37.87M->29.37M 1.397ms
[99.754s] GC(1942) Pause Incremental GC (Collect on allocation) 37.87M->29.37M 1.313ms
[99.789s] GC(1943) Pause Incremental GC (Collect on allocation) 37.37M->29.37M 1.336ms
[99.848s] GC(1944) Pause Full GC (Collect on allocation) 38.37M->26.37M 18.703ms
[99.872s] GC(1945) Pause Incremental GC (Collect on allocation) 35.87M->26.37M 1.750ms
[99.920s] GC(1946) Pause Incremental GC (Collect on allocation) 36.87M->26.37M 1.349ms
[99.966s] GC(1947) Pause Incremental GC (Collect on allocation) 36.37M->26.37M 1.409ms
[100.010s] GC(1948) Pause Incremental GC (Collect on allocation) 35.87M->26.37M 1.466ms
[100.052s] GC(1949) Pause Incremental GC (Collect on allocation) 35.37M->26.37M 1.362ms
[100.091s] GC(1950) Pause Incremental GC (Collect on allocation) 34.87M->26.37M 1.442ms
[100.128s] GC(1951) Pause Incremental GC (Collect on allocation) 34.37M->26.37M 1.492ms
[100.168s] GC(1952) Pause Incremental GC (Collect on allocation) 35.37M->26.87M 1.395ms
[100.215s] GC(1953) Pause Incremental GC (Collect on allocation) 36.87M->26.87M 1.309ms
[100.260s] GC(1954) Pause Incremental GC (Collect on allocation) 36.37M->26.87M 1.302ms
[100.302s] GC(1955) Pause Incremental GC (Collect on allocation) 35.87M->26.87M 1.358ms
[100.340s] GC(1956) Pause Incremental GC (Collect on allocation) 35.37M->26.87M 1.411ms
[100.376s] GC(1957) Pause Incremental GC (Collect on allocation) 34.87M->26.87M 1.289ms
[100.417s] GC(1958) Pause Incremental GC (Collect on allocation) 35.87M->26.87M 1.365ms
[100.456s] GC(1959) Pause Incremental GC (Collect on allocation) 35.37M->26.87M 1.321ms
[100.490s] GC(1960) Pause Incremental GC (Collect on allocation) 34.87M->26.87M 1.359ms
[100.531s] GC(1961) Pause Incremental GC (Collect on allocation) 35.87M->26.87M 1.250ms
[100.576s] GC(1962) Pause Incremental GC (Collect on allocation) 36.87M->26.87M 1.347ms
[100.619s] GC(1963) Pause Incremental GC (Collect on allocation) 36.37M->26.87M 1.350ms
[100.660s] GC(1964) Pause Incremental GC (Collect on allocation) 35.87M->26.87M 1.452ms
[100.699s] GC(1965) Pause Incremental GC (Collect on allocation) 35.37M->26.87M 1.367ms
[100.740s] GC(1966) Pause Incremental GC (Collect on allocation) 36.37M->27.37M 1.303ms
[100.782s] GC(1967) Pause Incremental GC (Collect on allocation) 36.37M->27.37M 1.333ms
[100.822s] GC(1968) Pause Incremental GC (Collect on allocation) 35.87M->27.37M 1.293ms
[100.857s] GC(1969) Pause Incremental GC (Collect on allocation) 35.37M->27.37M 1.326ms
[100.898s] GC(1970) Pause Incremental GC (Collect on allocation) 36.37M->27.37M 1.308ms
[100.936s] GC(1971) Pause Incremental GC (Collect on allocation) 35.87M->27.37M 1.312ms
[100.972s] GC(1972) Pause Incremental GC (Collect on allocation) 35.37M->27.37M 1.247ms
[101.014s] GC(1973) Pause Incremental GC (Collect on allocation) 36.37M->27.37M 1.310ms
[101.054s] GC(1974) Pause Incremental GC (Collect on allocation) 35.87M->27.37M 1.274ms
[101.110s] GC(1975) Pause Full GC (Collect on allocation) 35.37M->26.37M 21.009ms
[101.132s] GC(1976) Pause Incremental GC (Collect on allocation) 36.37M->26.37M 1.758ms
[101.182s] GC(1977) Pause Incremental GC (Collect on allocation) 37.37M->26.37M 1.324ms
[101.240s] GC(1978) Pause Incremental GC (Collect on allocation) 38.87M->26.37M 1.307ms
[101.295s] GC(1979) Pause Incremental GC (Collect on allocation) 38.37M->26.37M 1.332ms
[101.347s] GC(1980) Pause Incremental GC (Collect on allocation) 37.87M->26.37M 1.317ms
[101.398s] GC(1981) Pause Incremental GC (Collect on allocation) 37.37M->26.37M 1.393ms
[101.448s] GC(1982) Pause Incremental GC (Collect on allocation) 36.87M->26.37M 1.387ms
[101.492s] GC(1983) Pause Incremental GC (Collect on allocation) 36.37M->26.37M 1.460ms
[101.536s] GC(1984) Pause Incremental GC (Collect on allocation) 35.87M->26.37M 1.359ms
[101.578s] GC(1985) Pause Incremental GC (Collect on allocation) 35.37M->26.87M 1.336ms
[101.617s] GC(1986) Pause Incremental GC (Collect on allocation) 35.37M->26.87M 1.436ms
[101.651s] GC(1987) Pause Incremental GC (Collect on allocation) 34.87M->26.87M 1.392ms
[101.684s] GC(1988) Pause Incremental GC (Collect on allocation) 34.37M->26.87M 1.306ms
[101.723s] GC(1989) Pause Incremental GC (Collect on allocation) 35.37M->26.87M 1.310ms
[101.767s] GC(1990) Pause Incremental GC (Collect on allocation) 36.37M->26.87M 1.384ms
[101.807s] GC(1991) Pause Incremental GC (Collect on allocation) 35.87M->26.87M 1.421ms
[101.853s] GC(1992) Pause Incremental GC (Collect on allocation) 36.87M->26.87M 1.368ms
[101.897s] GC(1993) Pause Incremental GC (Collect on allocation) 36.37M->26.87M 1.367ms
[101.938s] GC(1994) Pause Incremental GC (Collect on allocation) 35.87M->26.87M 1.337ms
[101.978s] GC(1995) Pause Incremental GC (Collect on allocation) 35.37M->26.87M 1.384ms
[102.015s] GC(1996) Pause Incremental GC (Collect on allocation) 34.87M->26.87M 1.337ms
[102.048s] GC(1997) Pause Incremental GC (Collect on allocation) 34.37M->27.37M 1.351ms
[102.085s] GC(1998) Pause Incremental GC (Collect on allocation) 35.87M->27.37M 1.285ms
[102.126s] GC(1999) Pause Incremental GC (Collect on allocation) 36.87M->27.37M 1.342ms
[102.176s] GC(2000) Pause Incremental GC (Collect on allocation) 37.87M->27.37M 1.343ms
[102.222s] GC(2001) Pause Incremental GC (Collect on allocation) 37.37M->27.37M 1.337ms
[102.267s] GC(2002) Pause Incremental GC (Collect on allocation) 36.87M->27.37M 1.753ms
[102.307s] GC(2003) Pause Incremental GC (Collect on allocation) 36.37M->27.37M 1.287ms
[102.346s] GC(2004) Pause Incremental GC (Collect on allocation) 35.87M->27.37M 1.415ms
[102.403s] GC(2005) Pause Full GC (Collect on allocation) 35.37M->26.37M 21.070ms
[102.427s] GC(2006) Pause Incremental GC (Collect on allocation) 36.37M->26.37M 1.749ms
[102.477s] GC(2007) Pause Incremental GC (Collect on allocation) 37.37M->26.37M 1.329ms
[102.536s] GC(2008) Pause Incremental GC (Collect on allocation) 38.87M->26.37M 1.401ms
[102.591s] GC(2009) Pause Incremental GC (Collect on allocation) 38.37M->26.37M 1.481ms
[102.645s] GC(2010) Pause Incremental GC (Collect on allocation) 37.87M->26.37M 1.353ms
[102.696s] GC(2011) Pause Incremental GC (Collect on allocation) 37.37M->26.87M 1.422ms
[102.744s] GC(2012) Pause Incremental GC (Collect on allocation) 37.37M->26.87M 1.553ms
[102.787s] GC(2013) Pause Incremental GC (Collect on allocation) 36.87M->27.37M 1.526ms
[102.827s] GC(2014) Pause Incremental GC (Collect on allocation) 36.87M->28.37M 1.785ms
[102.871s] GC(2015) Pause Incremental GC (Collect on allocation) 38.87M->29.37M 1.712ms
[102.922s] GC(2016) Pause Incremental GC (Collect on allocation) 41.37M->30.37M 1.673ms
[102.984s] GC(2017) Pause Incremental GC (Collect on allocation) 43.87M->30.37M 1.866ms
[103.045s] GC(2018) Pause Incremental GC (Collect on allocation) 43.37M->30.37M 1.330ms
[103.101s] GC(2019) Pause Incremental GC (Collect on allocation) 42.87M->30.37M 1.293ms
[103.157s] GC(2020) Pause Incremental GC (Collect on allocation) 42.37M->30.37M 1.400ms
[103.210s] GC(2021) Pause Incremental GC (Collect on allocation) 41.87M->30.87M 1.351ms
[103.261s] GC(2022) Pause Incremental GC (Collect on allocation) 41.87M->30.87M 1.411ms
[103.309s] GC(2023) Pause Incremental GC (Collect on allocation) 41.37M->30.87M 1.372ms
[103.354s] GC(2024) Pause Incremental GC (Collect on allocation) 40.87M->30.87M 1.385ms
[103.399s] GC(2025) Pause Incremental GC (Collect on allocation) 40.37M->30.87M 1.342ms
[103.440s] GC(2026) Pause Incremental GC (Collect on allocation) 39.87M->30.87M 1.283ms
[103.478s] GC(2027) Pause Incremental GC (Collect on allocation) 39.37M->30.87M 1.321ms
[103.515s] GC(2028) Pause Incremental GC (Collect on allocation) 38.87M->30.87M 1.305ms
[103.549s] GC(2029) Pause Incremental GC (Collect on allocation) 38.37M->30.87M 1.393ms
[103.580s] GC(2030) Pause Incremental GC (Collect on allocation) 37.87M->30.87M 1.261ms
[103.617s] GC(2031) Pause Incremental GC (Collect on allocation) 38.87M->30.87M 1.767ms
[103.658s] GC(2032) Pause Incremental GC (Collect on allocation) 39.87M->30.87M 1.349ms
[103.705s] GC(2033) Pause Incremental GC (Collect on allocation) 40.87M->30.87M 1.296ms
[103.756s] GC(2034) Pause Incremental GC (Collect on allocation) 41.87M->30.87M 1.311ms
[103.823s] GC(2035) Pause Full GC (Collect on allocation) 41.37M->26.37M 18.754ms
[103.848s] GC(2036) Pause Incremental GC (Collect on allocation) 35.87M->26.37M 1.799ms
[103.888s] GC(2037) Pause Incremental GC (Collect on allocation) 35.37M->26.37M 1.416ms
[103.926s] GC(2038) Pause Incremental GC (Collect on allocation) 34.87M->26.37M 1.419ms
[103.961s] GC(2039) Pause Incremental GC (Collect on allocation) 34.37M->26.37M 1.368ms
[104.001s] GC(2040) Pause Incremental GC (Collect on allocation) 35.37M->26.37M 1.339ms
[104.045s] GC(2041) Pause Incremental GC (Collect on allocation) 36.37M->26.37M 1.389ms
[104.091s] GC(2042) Pause Incremental GC (Collect on allocation) 35.87M->26.37M 1.413ms
[104.131s] GC(2043) Pause Incremental GC (Collect on allocation) 35.37M->26.37M 1.331ms
[104.172s] GC(2044) Pause Incremental GC (Collect on allocation) 34.87M->26.37M 1.395ms
[104.207s] GC(2045) Pause Incremental GC (Collect on allocation) 34.37M->26.87M 1.374ms
[104.242s] GC(2046) Pause Incremental GC (Collect on allocation) 34.37M->26.87M 1.314ms
[104.274s] GC(2047) Pause Incremental GC (Collect on allocation) 33.87M->26.87M 1.420ms
[104.309s] GC(2048) Pause Incremental GC (Collect on allocation) 34.87M->26.87M 1.276ms
[104.349s] GC(2049) Pause Incremental GC (Collect on allocation) 35.87M->26.87M 1.247ms
[104.392s] GC(2050) Pause Incremental GC (Collect on allocation) 36.87M->26.87M 1.494ms
[104.443s] GC(2051) Pause Incremental GC (Collect on allocation) 37.87M->26.87M 1.601ms
[104.492s] GC(2052) Pause Incremental GC (Collect on allocation) 37.37M->26.87M 1.575ms
[104.537s] GC(2053) Pause Incremental GC (Collect on allocation) 36.87M->26.87M 1.392ms
[104.582s] GC(2054) Pause Incremental GC (Collect on allocation) 36.37M->26.87M 1.358ms
[104.623s] GC(2055) Pause Incremental GC (Collect on allocation) 35.87M->26.87M 1.357ms
[104.662s] GC(2056) Pause Incremental GC (Collect on allocation) 35.37M->26.87M 1.364ms
[104.696s] GC(2057) Pause Incremental GC (Collect on allocation) 34.87M->27.37M 1.381ms
[104.730s] GC(2058) Pause Incremental GC (Collect on allocation) 34.87M->27.37M 1.362ms
[104.769s] GC(2059) Pause Incremental GC (Collect on allocation) 35.87M->27.37M 1.390ms
[104.811s] GC(2060) Pause Incremental GC (Collect on allocation) 36.87M->27.37M 1.407ms
[104.853s] GC(2061) Pause Incremental GC (Collect on allocation) 36.37M->27.37M 1.321ms
[104.892s] GC(2062) Pause Incremental GC (Collect on allocation) 35.87M->27.37M 1.370ms
[104.929s] GC(2063) Pause Incremental GC (Collect on allocation) 35.37M->27.37M 1.378ms
[104.981s] GC(2064) Pause Full GC (Collect on allocation) 34.87M->26.37M 19.098ms
[105.005s] GC(2065) Pause Incremental GC (Collect on allocation) 35.87M->26.37M 1.861ms
[105.053s] GC(2066) Pause Incremental GC (Collect on allocation) 36.87M->26.37M 1.329ms
[105.111s] GC(2067) Pause Incremental GC (Collect on allocation) 38.37M->26.37M 1.354ms
[105.164s] GC(2068) Pause Incremental GC (Collect on allocation) 37.87M->26.37M 1.281ms
[105.214s] GC(2069) Pause Incremental GC (Collect on allocation) 37.37M->26.37M 1.343ms
[105.262s] GC(2070) Pause Incremental GC (Collect on allocation) 36.87M->26.37M 1.335ms
[105.309s] GC(2071) Pause Incremental GC (Collect on allocation) 36.37M->26.37M 1.366ms
[105.353s] GC(2072) Pause Incremental GC (Collect on allocation) 35.87M->26.37M 1.303ms
[105.394s] GC(2073) Pause Incremental GC (Collect on allocation) 35.37M->26.37M 1.391ms
[105.434s] GC(2074) Pause Incremental GC (Collect on allocation) 34.87M->26.37M 1.479ms
[105.471s] GC(2075) Pause Incremental GC (Collect on allocation) 34.37M->26.87M 1.402ms
[105.506s] GC(2076) Pause Incremental GC (Collect on allocation) 34.37M->26.87M 1.370ms
[105.536s] GC(2077) Pause Incremental GC (Collect on allocation) 33.87M->26.87M 1.317ms
[105.571s] GC(2078) Pause Incremental GC (Collect on allocation) 34.87M->26.87M 1.335ms
[105.613s] GC(2079) Pause Incremental GC (Collect on allocation) 35.87M->26.87M 1.325ms
[105.660s] GC(2080) Pause Incremental GC (Collect on allocation) 36.87M->26.87M 1.422ms
[105.704s] GC(2081) Pause Incremental GC (Collect on allocation) 36.37M->26.87M 1.349ms
[105.744s] GC(2082) Pause Incremental GC (Collect on allocation) 35.87M->26.87M 1.470ms
[105.782s] GC(2083) Pause Incremental GC (Collect on allocation) 35.37M->26.87M 1.438ms
[105.818s] GC(2084) Pause Incremental GC (Collect on allocation) 34.87M->26.87M 1.514ms
[105.858s] GC(2085) Pause Incremental GC (Collect on allocation) 35.87M->26.87M 1.493ms
[105.905s] GC(2086) Pause Incremental GC (Collect on allocation) 36.87M->26.87M 1.290ms
[105.949s] GC(2087) Pause Incremental GC (Collect on allocation) 36.37M->26.87M 1.247ms
[105.990s] GC(2088) Pause Incremental GC (Collect on allocation) 35.87M->26.87M 1.349ms
[106.027s] GC(2089) Pause Incremental GC (Collect on allocation) 35.37M->26.87M 1.398ms
[106.065s] GC(2090) Pause Incremental GC (Collect on allocation) 34.87M->26.87M 1.338ms
[106.099s] GC(2091) Pause Incremental GC (Collect on allocation) 34.37M->26.87M 1.354ms
[106.131s] GC(2092) Pause Incremental GC (Collect on allocation) 33.87M->27.37M 1.295ms
[106.186s] GC(2093) Pause Full GC (Collect on allocation) 35.37M->26.37M 19.800ms
[106.212s] GC(2094) Pause Incremental GC (Collect on allocation) 36.37M->26.37M 1.725ms
[106.261s] GC(2095) Pause Incremental GC (Collect on allocation) 37.37M->26.37M 1.377ms
[106.309s] GC(2096) Pause Incremental GC (Collect on allocation) 36.87M->26.37M 1.457ms
[106.357s] GC(2097) Pause Incremental GC (Collect on allocation) 36.37M->26.37M 1.406ms
[106.399s] GC(2098) Pause Incremental GC (Collect on allocation) 35.87M->26.37M 1.327ms
[106.442s] GC(2099) Pause Incremental GC (Collect on allocation) 35.37M->26.37M 1.302ms
[106.481s] GC(2100) Pause Incremental GC (Collect on allocation) 34.87M->26.37M 1.339ms
[106.517s] GC(2101) Pause Incremental GC (Collect on allocation) 34.37M->26.37M 1.443ms
[106.549s] GC(2102) Pause Incremental GC (Collect on allocation) 33.87M->26.37M 1.398ms
[106.589s] GC(2103) Pause Incremental GC (Collect on allocation) 34.87M->26.87M 1.294ms
[106.634s] GC(2104) Pause Incremental GC (Collect on allocation) 36.37M->26.87M 1.384ms
[106.675s] GC(2105) Pause Incremental GC (Collect on allocation) 35.87M->26.87M 1.309ms
[106.712s] GC(2106) Pause Incremental GC (Collect on allocation) 35.37M->26.87M 1.359ms
[106.749s] GC(2107) Pause Incremental GC (Collect on allocation) 34.87M->26.87M 1.388ms
[106.783s] GC(2108) Pause Incremental GC (Collect on allocation) 34.37M->26.87M 1.294ms
[106.821s] GC(2109) Pause Incremental GC (Collect on allocation) 35.37M->26.87M 1.350ms
[106.864s] GC(2110) Pause Incremental GC (Collect on allocation) 36.37M->26.87M 1.377ms
[106.905s] GC(2111) Pause Incremental GC (Collect on allocation) 35.87M->26.87M 1.377ms
[106.941s] GC(2112) Pause Incremental GC (Collect on allocation) 35.37M->26.87M 1.423ms
[106.977s] GC(2113) Pause Incremental GC (Collect on allocation) 34.87M->26.87M 1.662ms
[107.020s] GC(2114) Pause Incremental GC (Collect on allocation) 35.87M->26.87M 1.642ms
[107.066s] GC(2115) Pause Incremental GC (Collect on allocation) 36.87M->26.87M 1.402ms
[107.119s] GC(2116) Pause Incremental GC (Collect on allocation) 37.87M->26.87M 1.566ms
[107.167s] GC(2117) Pause Incremental GC (Collect on allocation) 37.37M->26.87M 1.418ms
[107.212s] GC(2118) Pause Incremental GC (Collect on allocation) 36.87M->26.87M 1.396ms
[107.257s] GC(2119) Pause Incremental GC (Collect on allocation) 36.37M->26.87M 1.307ms
[107.299s] GC(2120) Pause Incremental GC (Collect on allocation) 35.87M->27.37M 1.370ms
[107.354s] GC(2121) Pause Full GC (Collect on allocation) 35.87M->26.37M 19.315ms
[107.369s] GC(2122) Pause Incremental GC (Collect on allocation) 33.87M->26.37M 1.801ms
[107.407s] GC(2123) Pause Incremental GC (Collect on allocation) 34.87M->26.37M 1.282ms
[107.451s] GC(2124) Pause Incremental GC (Collect on allocation) 35.87M->26.37M 1.397ms
[107.498s] GC(2125) Pause Incremental GC (Collect on allocation) 36.87M->26.37M 1.304ms
[107.544s] GC(2126) Pause Incremental GC (Collect on allocation) 36.37M->26.37M 1.519ms
[107.588s] GC(2127) Pause Incremental GC (Collect on allocation) 35.87M->26.37M 1.685ms
[107.630s] GC(2128) Pause Incremental GC (Collect on allocation) 35.37M->26.37M 1.569ms
[107.668s] GC(2129) Pause Incremental GC (Collect on allocation) 34.87M->26.37M 1.355ms
[107.711s] GC(2130) Pause Incremental GC (Collect on allocation) 35.87M->26.37M 1.311ms
[107.752s] GC(2131) Pause Incremental GC (Collect on allocation) 35.37M->26.37M 1.598ms
[107.790s] GC(2132) Pause Incremental GC (Collect on allocation) 34.87M->26.87M 1.412ms
[107.832s] GC(2133) Pause Incremental GC (Collect on allocation) 36.37M->26.87M 1.308ms
[107.871s] GC(2134) Pause Incremental GC (Collect on allocation) 35.87M->26.87M 1.313ms
[107.909s] GC(2135) Pause Incremental GC (Collect on allocation) 35.37M->26.87M 1.392ms
[107.946s] GC(2136) Pause Incremental GC (Collect on allocation) 34.87M->26.87M 1.320ms
[107.981s] GC(2137) Pause Incremental GC (Collect on allocation) 34.37M->26.87M 1.292ms
[108.012s] GC(2138) Pause Incremental GC (Collect on allocation) 33.87M->26.87M 1.379ms
[108.047s] GC(2139) Pause Incremental GC (Collect on allocation) 34.87M->26.87M 1.287ms
[108.089s] GC(2140) Pause Incremental GC (Collect on allocation) 35.87M->26.87M 1.352ms
[108.135s] GC(2141) Pause Incremental GC (Collect on allocation) 36.87M->26.87M 1.657ms
[108.186s] GC(2142) Pause Incremental GC (Collect on allocation) 37.87M->26.87M 1.311ms
[108.236s] GC(2143) Pause Incremental GC (Collect on allocation) 37.37M->26.87M 1.358ms
[108.282s] GC(2144) Pause Incremental GC (Collect on allocation) 36.87M->26.87M 1.348ms
[108.326s] GC(2145) Pause Incremental GC (Collect on allocation) 36.37M->26.87M 1.328ms
[108.366s] GC(2146) Pause Incremental GC (Collect on allocation) 35.87M->26.87M 1.508ms
[108.403s] GC(2147) Pause Incremental GC (Collect on allocation) 35.37M->27.37M 1.333ms
[108.439s] GC(2148) Pause Incremental GC (Collect on allocation) 35.37M->27.37M 1.361ms
[108.474s] GC(2149) Pause Incremental GC (Collect on allocation) 34.87M->27.37M 1.362ms
[108.524s] GC(2150) Pause Full GC (Collect on allocation) 34.37M->26.37M 19.473ms
[108.545s] GC(2151) Pause Incremental GC (Collect on allocation) 35.37M->26.37M 1.844ms
[108.591s] GC(2152) Pause Incremental GC (Collect on allocation) 36.37M->26.37M 1.338ms
[108.642s] GC(2153) Pause Incremental GC (Collect on allocation) 37.37M->26.37M 1.381ms
[108.692s] GC(2154) Pause Incremental GC (Collect on allocation) 36.87M->26.37M 1.408ms
[108.739s] GC(2155) Pause Incremental GC (Collect on allocation) 36.37M->26.37M 1.374ms
[108.783s] GC(2156) Pause Incremental GC (Collect on allocation) 35.87M->26.87M 1.441ms
[108.825s] GC(2157) Pause Incremental GC (Collect on allocation) 35.87M->26.87M 1.373ms
[108.865s] GC(2158) Pause Incremental GC (Collect on allocation) 35.37M->26.87M 1.258ms
[108.901s] GC(2159) Pause Incremental GC (Collect on allocation) 34.87M->26.87M 1.360ms
[108.934s] GC(2160) Pause Incremental GC (Collect on allocation) 34.37M->26.87M 1.381ms
[108.973s] GC(2161) Pause Incremental GC (Collect on allocation) 35.37M->26.87M 1.375ms
[109.011s] GC(2162) Pause Incremental GC (Collect on allocation) 34.87M->26.87M 1.347ms
[109.050s] GC(2163) Pause Incremental GC (Collect on allocation) 35.87M->26.87M 1.409ms
[109.097s] GC(2164) Pause Incremental GC (Collect on allocation) 36.87M->26.87M 1.442ms
[109.141s] GC(2165) Pause Incremental GC (Collect on allocation) 36.37M->26.87M 1.366ms
[109.181s] GC(2166) Pause Incremental GC (Collect on allocation) 35.87M->26.87M 1.282ms
[109.219s] GC(2167) Pause Incremental GC (Collect on allocation) 35.37M->26.87M 1.353ms
[109.256s] GC(2168) Pause Incremental GC (Collect on allocation) 34.87M->26.87M 1.293ms
[109.291s] GC(2169) Pause Incremental GC (Collect on allocation) 34.37M->26.87M 1.347ms
[109.323s] GC(2170) Pause Incremental GC (Collect on allocation) 33.87M->26.87M 1.234ms
[109.359s] GC(2171) Pause Incremental GC (Collect on allocation) 34.87M->26.87M 1.277ms
[109.397s] GC(2172) Pause Incremental GC (Collect on allocation) 35.87M->27.37M 1.388ms
[109.441s] GC(2173) Pause Incremental GC (Collect on allocation) 37.37M->27.37M 1.452ms
[109.485s] GC(2174) Pause Incremental GC (Collect on allocation) 36.87M->27.37M 1.300ms
[109.527s] GC(2175) Pause Incremental GC (Collect on allocation) 36.37M->27.37M 1.292ms
[109.567s] GC(2176) Pause Incremental GC (Collect on allocation) 35.87M->27.37M 1.380ms
[109.604s] GC(2177) Pause Incremental GC (Collect on allocation) 35.37M->27.37M 1.377ms
[109.637s] GC(2178) Pause Incremental GC (Collect on allocation) 34.87M->27.37M 1.323ms
[109.693s] GC(2179) Pause Full GC (Collect on allocation) 35.87M->26.37M 19.194ms
[109.722s] GC(2180) Pause Incremental GC (Collect on allocation) 36.87M->26.37M 1.768ms
[109.776s] GC(2181) Pause Incremental GC (Collect on allocation) 38.37M->26.37M 1.353ms
[109.830s] GC(2182) Pause Incremental GC (Collect on allocation) 37.87M->26.37M 1.381ms
[109.881s] GC(2183) Pause Incremental GC (Collect on allocation) 37.37M->26.37M 1.293ms
[109.929s] GC(2184) Pause Incremental GC (Collect on allocation) 36.87M->26.37M 1.404ms
[109.976s] GC(2185) Pause Incremental GC (Collect on allocation) 36.37M->26.37M 1.325ms
[110.020s] GC(2186) Pause Incremental GC (Collect on allocation) 35.87M->26.87M 1.354ms
[110.063s] GC(2187) Pause Incremental GC (Collect on allocation) 35.87M->26.87M 1.272ms
[110.102s] GC(2188) Pause Incremental GC (Collect on allocation) 35.37M->26.87M 1.309ms
[110.138s] GC(2189) Pause Incremental GC (Collect on allocation) 34.87M->26.87M 1.257ms
[110.172s] GC(2190) Pause Incremental GC (Collect on allocation) 34.37M->26.87M 1.299ms
[110.204s] GC(2191) Pause Incremental GC (Collect on allocation) 33.87M->26.87M 1.317ms
[110.234s] GC(2192) Pause Incremental GC (Collect on allocation) 33.37M->26.87M 1.303ms
[110.267s] GC(2193) Pause Incremental GC (Collect on allocation) 34.37M->26.87M 1.311ms
[110.306s] GC(2194) Pause Incremental GC (Collect on allocation) 35.37M->26.87M 1.382ms
[110.348s] GC(2195) Pause Incremental GC (Collect on allocation) 36.37M->26.87M 1.338ms
[110.397s] GC(2196) Pause Incremental GC (Collect on allocation) 37.37M->26.87M 1.379ms
[110.444s] GC(2197) Pause Incremental GC (Collect on allocation) 36.87M->26.87M 1.577ms
[110.486s] GC(2198) Pause Incremental GC (Collect on allocation) 36.37M->26.87M 1.514ms
[110.526s] GC(2199) Pause Incremental GC (Collect on allocation) 35.87M->26.87M 1.648ms
[110.570s] GC(2200) Pause Incremental GC (Collect on allocation) 36.87M->26.87M 1.318ms
[110.611s] GC(2201) Pause Incremental GC (Collect on allocation) 36.37M->26.87M 1.471ms
[110.652s] GC(2202) Pause Incremental GC (Collect on allocation) 35.87M->27.37M 1.465ms
[110.689s] GC(2203) Pause Incremental GC (Collect on allocation) 35.87M->27.37M 1.402ms
[110.733s] GC(2204) Pause Incremental GC (Collect on allocation) 36.87M->27.37M 1.397ms
[110.773s] GC(2205) Pause Incremental GC (Collect on allocation) 36.37M->27.37M 1.387ms
[110.812s] GC(2206) Pause Incremental GC (Collect on allocation) 35.87M->27.37M 1.323ms
[110.867s] GC(2207) Pause Full GC (Collect on allocation) 35.37M->26.37M 20.319ms
[110.893s] GC(2208) Pause Incremental GC (Collect on allocation) 36.37M->26.37M 1.849ms
[110.944s] GC(2209) Pause Incremental GC (Collect on allocation) 37.37M->26.37M 1.851ms
[111.001s] GC(2210) Pause Incremental GC (Collect on allocation) 38.87M->26.37M 1.405ms
[111.057s] GC(2211) Pause Incremental GC (Collect on allocation) 38.37M->26.37M 1.317ms
[111.109s] GC(2212) Pause Incremental GC (Collect on allocation) 37.87M->26.37M 1.616ms
[111.160s] GC(2213) Pause Incremental GC (Collect on allocation) 37.37M->26.37M 1.325ms
[111.208s] GC(2214) Pause Incremental GC (Collect on allocation) 36.87M->26.37M 1.393ms
[111.257s] GC(2215) Pause Incremental GC (Collect on allocation) 36.37M->26.87M 2.052ms
[111.297s] GC(2216) Pause Incremental GC (Collect on allocation) 36.37M->26.87M 1.540ms
[111.339s] GC(2217) Pause Incremental GC (Collect on allocation) 35.87M->26.87M 1.404ms
[111.377s] GC(2218) Pause Incremental GC (Collect on allocation) 35.37M->26.87M 1.454ms
[111.413s] GC(2219) Pause Incremental GC (Collect on allocation) 34.87M->26.87M 1.406ms
[111.455s] GC(2220) Pause Incremental GC (Collect on allocation) 35.87M->26.87M 1.362ms
[111.494s] GC(2221) Pause Incremental GC (Collect on allocation) 35.37M->26.87M 1.377ms
[111.531s] GC(2222) Pause Incremental GC (Collect on allocation) 34.87M->26.87M 1.510ms
[111.572s] GC(2223) Pause Incremental GC (Collect on allocation) 35.87M->26.87M 1.405ms
[111.619s] GC(2224) Pause Incremental GC (Collect on allocation) 36.87M->26.87M 1.518ms
[111.659s] GC(2225) Pause Incremental GC (Collect on allocation) 36.37M->26.87M 1.441ms
[111.699s] GC(2226) Pause Incremental GC (Collect on allocation) 35.87M->26.87M 1.379ms
[111.736s] GC(2227) Pause Incremental GC (Collect on allocation) 35.37M->26.87M 1.432ms
[111.779s] GC(2228) Pause Incremental GC (Collect on allocation) 36.37M->27.37M 1.542ms
[111.828s] GC(2229) Pause Incremental GC (Collect on allocation) 37.87M->27.37M 1.546ms
[111.874s] GC(2230) Pause Incremental GC (Collect on allocation) 37.37M->27.37M 1.467ms
[111.917s] GC(2231) Pause Incremental GC (Collect on allocation) 36.87M->27.37M 1.437ms
[111.958s] GC(2232) Pause Incremental GC (Collect on allocation) 36.37M->27.37M 1.342ms
[111.998s] GC(2233) Pause Incremental GC (Collect on allocation) 35.87M->27.37M 1.433ms
[112.035s] GC(2234) Pause Incremental GC (Collect on allocation) 35.37M->27.37M 1.374ms
[112.088s] GC(2235) Pause Full GC (Collect on allocation) 34.87M->26.37M 19.375ms
[112.097s] GC(2236) Pause Incremental GC (Collect on allocation) 32.87M->26.37M 1.897ms
[112.130s] GC(2237) Pause Incremental GC (Collect on allocation) 33.87M->26.37M 1.300ms
[112.170s] GC(2238) Pause Incremental GC (Collect on allocation) 34.87M->26.37M 1.303ms
[112.214s] GC(2239) Pause Incremental GC (Collect on allocation) 35.87M->26.37M 1.266ms
[112.258s] GC(2240) Pause Incremental GC (Collect on allocation) 36.87M->26.37M 1.374ms
[112.316s] GC(2241) Pause Incremental GC (Collect on allocation) 38.37M->26.37M 1.456ms
[112.367s] GC(2242) Pause Incremental GC (Collect on allocation) 37.87M->26.37M 1.386ms
[112.415s] GC(2243) Pause Incremental GC (Collect on allocation) 37.37M->26.37M 1.535ms
[112.464s] GC(2244) Pause Incremental GC (Collect on allocation) 36.87M->26.37M 1.675ms
[112.511s] GC(2245) Pause Incremental GC (Collect on allocation) 36.37M->26.87M 1.392ms
[112.552s] GC(2246) Pause Incremental GC (Collect on allocation) 36.37M->26.87M 1.418ms
[112.595s] GC(2247) Pause Incremental GC (Collect on allocation) 35.87M->26.87M 1.430ms
[112.631s] GC(2248) Pause Incremental GC (Collect on allocation) 35.37M->26.87M 1.465ms
[112.667s] GC(2249) Pause Incremental GC (Collect on allocation) 34.87M->26.87M 1.686ms
[112.709s] GC(2250) Pause Incremental GC (Collect on allocation) 35.87M->26.87M 1.479ms
[112.754s] GC(2251) Pause Incremental GC (Collect on allocation) 36.87M->26.87M 1.496ms
[112.806s] GC(2252) Pause Incremental GC (Collect on allocation) 37.87M->26.87M 1.653ms
[112.853s] GC(2253) Pause Incremental GC (Collect on allocation) 37.37M->26.87M 1.459ms
[112.897s] GC(2254) Pause Incremental GC (Collect on allocation) 36.87M->26.87M 1.311ms
[112.941s] GC(2255) Pause Incremental GC (Collect on allocation) 36.37M->26.87M 1.333ms
[112.982s] GC(2256) Pause Incremental GC (Collect on allocation) 35.87M->26.87M 1.407ms
[113.020s] GC(2257) Pause Incremental GC (Collect on allocation) 35.37M->27.37M 1.388ms
[113.057s] GC(2258) Pause Incremental GC (Collect on allocation) 35.37M->27.37M 1.301ms
[113.092s] GC(2259) Pause Incremental GC (Collect on allocation) 34.87M->27.37M 1.716ms
[113.131s] GC(2260) Pause Incremental GC (Collect on allocation) 35.87M->27.37M 1.330ms
[113.175s] GC(2261) Pause Incremental GC (Collect on allocation) 36.87M->27.37M 1.396ms
[113.242s] GC(2262) Pause Full GC (Collect on allocation) 37.87M->26.37M 20.836ms
[113.263s] GC(2263) Pause Incremental GC (Collect on allocation) 35.87M->26.37M 1.751ms
[113.312s] GC(2264) Pause Incremental GC (Collect on allocation) 36.87M->26.37M 1.341ms
[113.359s] GC(2265) Pause Incremental GC (Collect on allocation) 36.37M->26.37M 1.373ms
[113.403s] GC(2266) Pause Incremental GC (Collect on allocation) 35.87M->26.37M 1.384ms
[113.443s] GC(2267) Pause Incremental GC (Collect on allocation) 35.37M->26.37M 1.519ms
[113.482s] GC(2268) Pause Incremental GC (Collect on allocation) 34.87M->26.37M 1.358ms
[113.519s] GC(2269) Pause Incremental GC (Collect on allocation) 34.37M->26.37M 1.345ms
[113.553s] GC(2270) Pause Incremental GC (Collect on allocation) 33.87M->26.37M 1.246ms
[113.594s] GC(2271) Pause Incremental GC (Collect on allocation) 34.87M->26.87M 1.345ms
[113.631s] GC(2272) Pause Incremental GC (Collect on allocation) 34.87M->26.87M 1.355ms
[113.671s] GC(2273) Pause Incremental GC (Collect on allocation) 35.87M->26.87M 1.414ms
[113.709s] GC(2274) Pause Incremental GC (Collect on allocation) 35.37M->26.87M 1.385ms
[113.754s] GC(2275) Pause Incremental GC (Collect on allocation) 36.37M->26.87M 1.280ms
[113.796s] GC(2276) Pause Incremental GC (Collect on allocation) 35.87M->26.87M 1.241ms
[113.834s] GC(2277) Pause Incremental GC (Collect on allocation) 35.37M->26.87M 1.380ms
[113.871s] GC(2278) Pause Incremental GC (Collect on allocation) 34.87M->26.87M 1.346ms
[113.906s] GC(2279) Pause Incremental GC (Collect on allocation) 34.37M->26.87M 1.330ms
[113.939s] GC(2280) Pause Incremental GC (Collect on allocation) 33.87M->26.87M 1.238ms
[113.974s] GC(2281) Pause Incremental GC (Collect on allocation) 34.87M->26.87M 1.276ms
[114.016s] GC(2282) Pause Incremental GC (Collect on allocation) 35.87M->26.87M 1.263ms
[114.057s] GC(2283) Pause Incremental GC (Collect on allocation) 35.37M->26.87M 1.875ms
[114.100s] GC(2284) Pause Incremental GC (Collect on allocation) 36.37M->26.87M 1.321ms
[114.143s] GC(2285) Pause Incremental GC (Collect on allocation) 37.37M->26.87M 1.406ms
[114.178s] GC(2286) Pause Incremental GC (Collect on allocation) 38.87M->26.87M 1.365ms
[114.230s] GC(2287) Pause Incremental GC (Collect on allocation) 38.37M->26.87M 1.432ms
[114.280s] GC(2288) Pause Incremental GC (Collect on allocation) 37.87M->27.37M 1.385ms
[114.330s] GC(2289) Pause Incremental GC (Collect on allocation) 37.87M->27.37M 1.442ms
[114.394s] GC(2290) Pause Full GC (Collect on allocation) 37.37M->25.87M 18.728ms
[114.415s] GC(2291) Pause Incremental GC (Collect on allocation) 34.87M->25.87M 1.730ms
[114.453s] GC(2292) Pause Incremental GC (Collect on allocation) 34.37M->26.37M 1.320ms
[114.489s] GC(2293) Pause Incremental GC (Collect on allocation) 34.37M->26.37M 1.305ms
[114.523s] GC(2294) Pause Incremental GC (Collect on allocation) 33.87M->26.37M 1.292ms
[114.563s] GC(2295) Pause Incremental GC (Collect on allocation) 34.87M->26.37M 1.213ms
[114.600s] GC(2296) Pause Incremental GC (Collect on allocation) 34.37M->26.37M 1.253ms
[114.634s] GC(2297) Pause Incremental GC (Collect on allocation) 33.87M->26.37M 1.337ms
[114.664s] GC(2298) Pause Incremental GC (Collect on allocation) 33.37M->26.37M 1.400ms
[114.701s] GC(2299) Pause Incremental GC (Collect on allocation) 34.37M->26.37M 1.312ms
[114.739s] GC(2300) Pause Incremental GC (Collect on allocation) 35.37M->26.37M 1.351ms
[114.785s] GC(2301) Pause Incremental GC (Collect on allocation) 36.37M->26.37M 1.458ms
[114.837s] GC(2302) Pause Incremental GC (Collect on allocation) 37.37M->26.37M 1.350ms
[114.886s] GC(2303) Pause Incremental GC (Collect on allocation) 36.87M->26.37M 1.324ms
[114.933s] GC(2304) Pause Incremental GC (Collect on allocation) 36.37M->26.37M 1.248ms
[114.978s] GC(2305) Pause Incremental GC (Collect on allocation) 35.87M->26.37M 1.324ms
[115.019s] GC(2306) Pause Incremental GC (Collect on allocation) 35.37M->26.37M 1.386ms
[115.057s] GC(2307) Pause Incremental GC (Collect on allocation) 34.87M->26.87M 1.344ms
[115.095s] GC(2308) Pause Incremental GC (Collect on allocation) 34.87M->26.87M 1.490ms
[115.129s] GC(2309) Pause Incremental GC (Collect on allocation) 34.37M->26.87M 1.251ms
[115.162s] GC(2310) Pause Incremental GC (Collect on allocation) 33.87M->26.87M 1.248ms
[115.190s] GC(2311) Pause Incremental GC (Collect on allocation) 33.37M->26.87M 1.333ms
[115.225s] GC(2312) Pause Incremental GC (Collect on allocation) 34.37M->26.87M 1.384ms
[115.265s] GC(2313) Pause Incremental GC (Collect on allocation) 35.37M->26.87M 1.253ms
[115.307s] GC(2314) Pause Incremental GC (Collect on allocation) 36.37M->26.87M 1.305ms
[115.356s] GC(2315) Pause Incremental GC (Collect on allocation) 37.37M->26.87M 1.414ms
[115.401s] GC(2316) Pause Incremental GC (Collect on allocation) 36.87M->26.87M 1.547ms
[115.445s] GC(2317) Pause Incremental GC (Collect on allocation) 36.37M->26.87M 1.348ms
[115.486s] GC(2318) Pause Incremental GC (Collect on allocation) 35.87M->26.87M 1.334ms
[115.543s] GC(2319) Pause Full GC (Collect on allocation) 35.37M->25.87M 18.845ms
[115.560s] GC(2320) Pause Incremental GC (Collect on allocation) 33.37M->25.87M 1.548ms
[115.599s] GC(2321) Pause Incremental GC (Collect on allocation) 34.37M->26.37M 1.291ms
[115.642s] GC(2322) Pause Incremental GC (Collect on allocation) 35.87M->26.37M 1.327ms
[115.684s] GC(2323) Pause Incremental GC (Collect on allocation) 35.37M->26.37M 1.438ms
[115.722s] GC(2324) Pause Incremental GC (Collect on allocation) 34.87M->26.37M 1.312ms
[115.755s] GC(2325) Pause Incremental GC (Collect on allocation) 34.37M->26.37M 1.236ms
[115.788s] GC(2326) Pause Incremental GC (Collect on allocation) 33.87M->26.37M 1.270ms
[115.827s] GC(2327) Pause Incremental GC (Collect on allocation) 34.87M->26.37M 1.340ms
[115.871s] GC(2328) Pause Incremental GC (Collect on allocation) 35.87M->26.37M 1.341ms
[115.914s] GC(2329) Pause Incremental GC (Collect on allocation) 35.37M->26.37M 1.387ms
[115.950s] GC(2330) Pause Incremental GC (Collect on allocation) 34.87M->26.37M 1.438ms
[115.994s] GC(2331) Pause Incremental GC (Collect on allocation) 35.87M->26.37M 1.467ms
[116.034s] GC(2332) Pause Incremental GC (Collect on allocation) 35.37M->26.37M 1.502ms
[116.080s] GC(2333) Pause Incremental GC (Collect on allocation) 36.37M->26.87M 1.535ms
[116.120s] GC(2334) Pause Incremental GC (Collect on allocation) 36.37M->27.37M 1.679ms
[116.166s] GC(2335) Pause Incremental GC (Collect on allocation) 37.87M->28.37M 1.908ms
[116.215s] GC(2336) Pause Incremental GC (Collect on allocation) 40.37M->29.37M 1.929ms
[116.264s] GC(2337) Pause Incremental GC (Collect on allocation) 40.87M->30.37M 1.740ms
[116.312s] GC(2338) Pause Incremental GC (Collect on allocation) 41.37M->30.37M 1.493ms
[116.359s] GC(2339) Pause Incremental GC (Collect on allocation) 40.87M->30.37M 1.566ms
[116.402s] GC(2340) Pause Incremental GC (Collect on allocation) 40.37M->30.37M 1.447ms
[116.446s] GC(2341) Pause Incremental GC (Collect on allocation) 39.87M->30.37M 1.319ms
[116.487s] GC(2342) Pause Incremental GC (Collect on allocation) 39.37M->30.87M 1.459ms
[116.526s] GC(2343) Pause Incremental GC (Collect on allocation) 39.37M->30.87M 1.421ms
[116.563s] GC(2344) Pause Incremental GC (Collect on allocation) 38.87M->30.87M 1.351ms
[116.595s] GC(2345) Pause Incremental GC (Collect on allocation) 38.37M->30.87M 1.307ms
[116.652s] GC(2346) Pause Full GC (Collect on allocation) 39.37M->25.87M 20.072ms
[116.678s] GC(2347) Pause Incremental GC (Collect on allocation) 36.37M->26.37M 1.903ms
[116.723s] GC(2348) Pause Incremental GC (Collect on allocation) 36.37M->26.37M 1.352ms
[116.765s] GC(2349) Pause Incremental GC (Collect on allocation) 35.87M->26.37M 1.336ms
[116.805s] GC(2350) Pause Incremental GC (Collect on allocation) 35.37M->26.37M 1.357ms
[116.841s] GC(2351) Pause Incremental GC (Collect on allocation) 34.87M->26.37M 1.363ms
[116.884s] GC(2352) Pause Incremental GC (Collect on allocation) 35.87M->26.37M 1.491ms
[116.933s] GC(2353) Pause Incremental GC (Collect on allocation) 36.87M->26.37M 1.368ms
[116.980s] GC(2354) Pause Incremental GC (Collect on allocation) 36.37M->26.37M 1.380ms
[117.023s] GC(2355) Pause Incremental GC (Collect on allocation) 35.87M->26.37M 1.423ms
[117.062s] GC(2356) Pause Incremental GC (Collect on allocation) 35.37M->26.37M 1.333ms
[117.100s] GC(2357) Pause Incremental GC (Collect on allocation) 34.87M->26.37M 1.514ms
[117.137s] GC(2358) Pause Incremental GC (Collect on allocation) 34.37M->26.37M 1.358ms
[117.171s] GC(2359) Pause Incremental GC (Collect on allocation) 33.87M->26.37M 1.292ms
[117.209s] GC(2360) Pause Incremental GC (Collect on allocation) 34.87M->26.37M 1.336ms
[117.253s] GC(2361) Pause Incremental GC (Collect on allocation) 35.87M->26.37M 1.308ms
[117.295s] GC(2362) Pause Incremental GC (Collect on allocation) 35.37M->26.37M 1.252ms
[117.334s] GC(2363) Pause Incremental GC (Collect on allocation) 34.87M->26.37M 1.330ms
[117.371s] GC(2364) Pause Incremental GC (Collect on allocation) 34.37M->26.87M 1.307ms
[117.405s] GC(2365) Pause Incremental GC (Collect on allocation) 34.37M->26.87M 1.323ms
[117.444s] GC(2366) Pause Incremental GC (Collect on allocation) 35.37M->26.87M 1.330ms
[117.481s] GC(2367) Pause Incremental GC (Collect on allocation) 34.87M->26.87M 1.353ms
[117.523s] GC(2368) Pause Incremental GC (Collect on allocation) 35.87M->26.87M 1.364ms
[117.561s] GC(2369) Pause Incremental GC (Collect on allocation) 35.37M->26.87M 1.362ms
[117.597s] GC(2370) Pause Incremental GC (Collect on allocation) 34.87M->26.87M 1.372ms
[117.637s] GC(2371) Pause Incremental GC (Collect on allocation) 35.87M->26.87M 1.396ms
[117.685s] GC(2372) Pause Incremental GC (Collect on allocation) 36.87M->26.87M 1.509ms
[117.729s] GC(2373) Pause Incremental GC (Collect on allocation) 36.37M->26.87M 1.441ms
[117.787s] GC(2374) Pause Full GC (Collect on allocation) 35.87M->26.37M 19.598ms
[117.803s] GC(2375) Pause Incremental GC (Collect on allocation) 34.37M->26.37M 1.783ms
[117.844s] GC(2376) Pause Incremental GC (Collect on allocation) 35.37M->26.37M 1.290ms
[117.890s] GC(2377) Pause Incremental GC (Collect on allocation) 36.37M->26.37M 1.354ms
[117.943s] GC(2378) Pause Incremental GC (Collect on allocation) 37.37M->26.37M 1.448ms
[117.991s] GC(2379) Pause Incremental GC (Collect on allocation) 36.87M->26.37M 1.285ms
[118.037s] GC(2380) Pause Incremental GC (Collect on allocation) 36.37M->26.37M 1.359ms
[118.080s] GC(2381) Pause Incremental GC (Collect on allocation) 35.87M->26.37M 1.550ms
[118.121s] GC(2382) Pause Incremental GC (Collect on allocation) 35.37M->26.37M 1.457ms
[118.161s] GC(2383) Pause Incremental GC (Collect on allocation) 34.87M->26.37M 1.407ms
[118.196s] GC(2384) Pause Incremental GC (Collect on allocation) 34.37M->26.37M 1.432ms
[118.237s] GC(2385) Pause Incremental GC (Collect on allocation) 35.37M->26.37M 1.413ms
[118.284s] GC(2386) Pause Incremental GC (Collect on allocation) 36.37M->26.37M 1.587ms
[118.329s] GC(2387) Pause Incremental GC (Collect on allocation) 35.87M->26.37M 1.381ms
[118.370s] GC(2388) Pause Incremental GC (Collect on allocation) 35.37M->26.37M 1.646ms
[118.407s] GC(2389) Pause Incremental GC (Collect on allocation) 36.37M->26.37M 1.239ms
[118.452s] GC(2390) Pause Incremental GC (Collect on allocation) 35.87M->26.37M 1.350ms
[118.493s] GC(2391) Pause Incremental GC (Collect on allocation) 35.37M->26.37M 1.430ms
[118.529s] GC(2392) Pause Incremental GC (Collect on allocation) 34.87M->26.87M 1.579ms
[118.573s] GC(2393) Pause Incremental GC (Collect on allocation) 36.37M->26.87M 1.397ms
[118.621s] GC(2394) Pause Incremental GC (Collect on allocation) 37.37M->26.87M 1.572ms
[118.667s] GC(2395) Pause Incremental GC (Collect on allocation) 36.87M->26.87M 1.567ms
[118.709s] GC(2396) Pause Incremental GC (Collect on allocation) 36.37M->26.87M 1.458ms
[118.750s] GC(2397) Pause Incremental GC (Collect on allocation) 35.87M->26.87M 1.487ms
[118.796s] GC(2398) Pause Incremental GC (Collect on allocation) 36.87M->26.87M 1.381ms
[118.839s] GC(2399) Pause Incremental GC (Collect on allocation) 36.37M->26.87M 1.344ms
[118.881s] GC(2400) Pause Incremental GC (Collect on allocation) 35.87M->26.87M 1.305ms
[118.936s] GC(2401) Pause Full GC (Collect on allocation) 35.37M->26.37M 19.474ms
[118.955s] GC(2402) Pause Incremental GC (Collect on allocation) 33.87M->26.37M 2.735ms
[118.987s] GC(2403) Pause Incremental GC (Collect on allocation) 34.87M->26.87M 1.443ms
[119.029s] GC(2404) Pause Incremental GC (Collect on allocation) 36.37M->26.87M 1.384ms
[119.078s] GC(2405) Pause Incremental GC (Collect on allocation) 37.37M->26.87M 1.304ms
[119.135s] GC(2406) Pause Incremental GC (Collect on allocation) 38.87M->26.87M 1.359ms
[119.190s] GC(2407) Pause Incremental GC (Collect on allocation) 38.37M->26.87M 1.316ms
[119.241s] GC(2408) Pause Incremental GC (Collect on allocation) 37.87M->26.87M 1.338ms
[119.290s] GC(2409) Pause Incremental GC (Collect on allocation) 37.37M->26.87M 1.294ms
[119.335s] GC(2410) Pause Incremental GC (Collect on allocation) 36.87M->26.87M 1.361ms
[119.379s] GC(2411) Pause Incremental GC (Collect on allocation) 36.37M->26.87M 1.449ms
[119.421s] GC(2412) Pause Incremental GC (Collect on allocation) 35.87M->26.87M 1.334ms
[119.460s] GC(2413) Pause Incremental GC (Collect on allocation) 35.37M->26.87M 1.361ms
[119.496s] GC(2414) Pause Incremental GC (Collect on allocation) 34.87M->26.87M 1.333ms
[119.530s] GC(2415) Pause Incremental GC (Collect on allocation) 34.37M->26.87M 1.393ms
[119.561s] GC(2416) Pause Incremental GC (Collect on allocation) 33.87M->26.87M 1.422ms
[119.598s] GC(2417) Pause Incremental GC (Collect on allocation) 34.87M->26.87M 1.299ms
[119.640s] GC(2418) Pause Incremental GC (Collect on allocation) 35.87M->26.87M 1.221ms
[119.687s] GC(2419) Pause Incremental GC (Collect on allocation) 36.87M->27.37M 1.378ms
[119.731s] GC(2420) Pause Incremental GC (Collect on allocation) 36.87M->27.37M 1.326ms
[119.773s] GC(2421) Pause Incremental GC (Collect on allocation) 36.37M->27.37M 1.313ms
[119.813s] GC(2422) Pause Incremental GC (Collect on allocation) 35.87M->27.37M 1.256ms
[119.848s] GC(2423) Pause Incremental GC (Collect on allocation) 35.37M->27.37M 1.321ms
[119.881s] GC(2424) Pause Incremental GC (Collect on allocation) 34.87M->27.37M 1.365ms
[119.919s] GC(2425) Pause Incremental GC (Collect on allocation) 35.87M->27.37M 1.324ms
[119.962s] GC(2426) Pause Incremental GC (Collect on allocation) 36.87M->27.37M 1.267ms
[120.001s] GC(2427) Pause Incremental GC (Collect on allocation) 36.37M->27.37M 1.429ms
[120.039s] GC(2428) Pause Incremental GC (Collect on allocation) 35.87M->27.37M 1.383ms
[120.076s] GC(2429) Pause Incremental GC (Collect on allocation) 35.37M->27.37M 1.291ms
[120.136s] GC(2430) Pause Full GC (Collect on allocation) 36.37M->26.37M 18.809ms
[120.152s] GC(2431) Pause Incremental GC (Collect on allocation) 34.37M->26.37M 1.826ms
[120.191s] GC(2432) Pause Incremental GC (Collect on allocation) 35.37M->26.37M 1.419ms
[120.235s] GC(2433) Pause Incremental GC (Collect on allocation) 36.37M->26.37M 1.353ms
[120.287s] GC(2434) Pause Incremental GC (Collect on allocation) 37.37M->26.37M 1.282ms
[120.335s] GC(2435) Pause Incremental GC (Collect on allocation) 36.87M->26.37M 1.339ms
[120.381s] GC(2436) Pause Incremental GC (Collect on allocation) 36.37M->26.37M 1.287ms
[120.426s] GC(2437) Pause Incremental GC (Collect on allocation) 35.87M->26.37M 1.359ms
[120.468s] GC(2438) Pause Incremental GC (Collect on allocation) 35.37M->26.37M 1.387ms
[120.506s] GC(2439) Pause Incremental GC (Collect on allocation) 34.87M->26.37M 1.340ms
[120.543s] GC(2440) Pause Incremental GC (Collect on allocation) 34.37M->26.37M 1.280ms
[120.576s] GC(2441) Pause Incremental GC (Collect on allocation) 33.87M->26.37M 1.377ms
[120.608s] GC(2442) Pause Incremental GC (Collect on allocation) 33.37M->26.37M 1.311ms
[120.645s] GC(2443) Pause Incremental GC (Collect on allocation) 34.37M->26.37M 1.394ms
[120.687s] GC(2444) Pause Incremental GC (Collect on allocation) 35.37M->26.37M 1.336ms
[120.731s] GC(2445) Pause Incremental GC (Collect on allocation) 36.37M->26.87M 1.482ms
[120.781s] GC(2446) Pause Incremental GC (Collect on allocation) 37.87M->26.87M 1.483ms
[120.828s] GC(2447) Pause Incremental GC (Collect on allocation) 37.37M->26.87M 1.494ms
[120.874s] GC(2448) Pause Incremental GC (Collect on allocation) 36.87M->26.87M 1.315ms
[120.918s] GC(2449) Pause Incremental GC (Collect on allocation) 36.37M->26.87M 1.346ms
[120.961s] GC(2450) Pause Incremental GC (Collect on allocation) 35.87M->26.87M 1.432ms
[120.995s] GC(2451) Pause Incremental GC (Collect on allocation) 35.37M->26.87M 1.444ms
[121.031s] GC(2452) Pause Incremental GC (Collect on allocation) 34.87M->26.87M 1.372ms
[121.072s] GC(2453) Pause Incremental GC (Collect on allocation) 35.87M->26.87M 1.430ms
[121.138s] GC(2454) Pause Full GC (Collect on allocation) 36.87M->25.87M 22.226ms
[121.155s] GC(2455) Pause Incremental GC (Collect on allocation) 34.87M->26.37M 1.948ms
[121.191s] GC(2456) Pause Incremental GC (Collect on allocation) 34.87M->26.37M 1.598ms
[121.226s] GC(2457) Pause Incremental GC (Collect on allocation) 34.37M->26.37M 1.950ms
[121.267s] GC(2458) Pause Incremental GC (Collect on allocation) 35.37M->26.37M 1.302ms
[121.312s] GC(2459) Pause Incremental GC (Collect on allocation) 36.37M->26.37M 1.405ms
[121.364s] GC(2460) Pause Incremental GC (Collect on allocation) 37.37M->26.37M 1.277ms
[121.423s] GC(2461) Pause Incremental GC (Collect on allocation) 38.87M->26.37M 1.285ms
[121.480s] GC(2462) Pause Incremental GC (Collect on allocation) 38.37M->26.37M 1.257ms
[121.534s] GC(2463) Pause Incremental GC (Collect on allocation) 37.87M->26.37M 1.316ms
[121.586s] GC(2464) Pause Incremental GC (Collect on allocation) 37.37M->26.37M 1.382ms
[121.635s] GC(2465) Pause Incremental GC (Collect on allocation) 36.87M->26.37M 1.337ms
[121.682s] GC(2466) Pause Incremental GC (Collect on allocation) 36.37M->26.37M 1.389ms
[121.723s] GC(2467) Pause Incremental GC (Collect on allocation) 35.87M->26.37M 1.462ms
[121.766s] GC(2468) Pause Incremental GC (Collect on allocation) 35.37M->26.87M 1.430ms
[121.803s] GC(2469) Pause Incremental GC (Collect on allocation) 35.37M->26.87M 1.418ms
[121.839s] GC(2470) Pause Incremental GC (Collect on allocation) 34.87M->26.87M 1.302ms
[121.873s] GC(2471) Pause Incremental GC (Collect on allocation) 34.37M->26.87M 1.372ms
[121.912s] GC(2472) Pause Incremental GC (Collect on allocation) 35.37M->26.87M 1.364ms
[121.956s] GC(2473) Pause Incremental GC (Collect on allocation) 36.37M->26.87M 1.309ms
[121.998s] GC(2474) Pause Incremental GC (Collect on allocation) 35.87M->26.87M 1.463ms
[122.037s] GC(2475) Pause Incremental GC (Collect on allocation) 35.37M->26.87M 1.365ms
[122.073s] GC(2476) Pause Incremental GC (Collect on allocation) 34.87M->26.87M 1.267ms
[122.114s] GC(2477) Pause Incremental GC (Collect on allocation) 35.87M->26.87M 1.423ms
[122.154s] GC(2478) Pause Incremental GC (Collect on allocation) 35.37M->26.87M 1.867ms
[122.198s] GC(2479) Pause Incremental GC (Collect on allocation) 36.37M->26.87M 1.286ms
[122.247s] GC(2480) Pause Incremental GC (Collect on allocation) 37.37M->26.87M 1.279ms
[122.311s] GC(2481) Pause Full GC (Collect on allocation) 36.87M->26.37M 20.552ms
[122.332s] GC(2482) Pause Incremental GC (Collect on allocation) 35.37M->26.37M 2.048ms
[122.378s] GC(2483) Pause Incremental GC (Collect on allocation) 36.37M->26.37M 1.684ms
[122.429s] GC(2484) Pause Incremental GC (Collect on allocation) 37.37M->26.37M 1.282ms
[122.487s] GC(2485) Pause Incremental GC (Collect on allocation) 38.87M->26.37M 1.389ms
[122.541s] GC(2486) Pause Incremental GC (Collect on allocation) 38.37M->26.37M 1.576ms
[122.593s] GC(2487) Pause Incremental GC (Collect on allocation) 37.87M->26.37M 1.714ms
[122.645s] GC(2488) Pause Incremental GC (Collect on allocation) 37.37M->26.37M 1.450ms
[122.693s] GC(2489) Pause Incremental GC (Collect on allocation) 36.87M->26.37M 1.453ms
[122.737s] GC(2490) Pause Incremental GC (Collect on allocation) 36.37M->26.37M 1.446ms
[122.780s] GC(2491) Pause Incremental GC (Collect on allocation) 35.87M->26.37M 1.573ms
[122.820s] GC(2492) Pause Incremental GC (Collect on allocation) 35.37M->26.37M 1.430ms
[122.857s] GC(2493) Pause Incremental GC (Collect on allocation) 34.87M->26.37M 1.358ms
[122.894s] GC(2494) Pause Incremental GC (Collect on allocation) 34.37M->26.37M 1.434ms
[122.935s] GC(2495) Pause Incremental GC (Collect on allocation) 35.37M->26.37M 1.458ms
[122.982s] GC(2496) Pause Incremental GC (Collect on allocation) 36.37M->26.37M 1.375ms
[123.024s] GC(2497) Pause Incremental GC (Collect on allocation) 35.87M->26.87M 1.496ms
[123.065s] GC(2498) Pause Incremental GC (Collect on allocation) 35.87M->26.87M 1.300ms
[123.105s] GC(2499) Pause Incremental GC (Collect on allocation) 35.37M->26.87M 1.541ms
[123.148s] GC(2500) Pause Incremental GC (Collect on allocation) 36.37M->26.87M 1.397ms
[123.189s] GC(2501) Pause Incremental GC (Collect on allocation) 35.87M->26.87M 1.451ms
[123.235s] GC(2502) Pause Incremental GC (Collect on allocation) 36.87M->26.87M 1.532ms
[123.277s] GC(2503) Pause Incremental GC (Collect on allocation) 36.37M->26.87M 1.483ms
[123.326s] GC(2504) Pause Incremental GC (Collect on allocation) 37.37M->26.87M 1.491ms
[123.369s] GC(2505) Pause Incremental GC (Collect on allocation) 36.87M->26.87M 1.449ms
[123.413s] GC(2506) Pause Incremental GC (Collect on allocation) 36.37M->26.87M 1.546ms
[123.454s] GC(2507) Pause Incremental GC (Collect on allocation) 35.87M->26.87M 1.361ms
[123.491s] GC(2508) Pause Incremental GC (Collect on allocation) 35.37M->26.87M 1.345ms
[123.546s] GC(2509) Pause Full GC (Collect on allocation) 34.87M->26.37M 19.712ms
[123.572s] GC(2510) Pause Incremental GC (Collect on allocation) 36.37M->26.37M 1.855ms
[123.622s] GC(2511) Pause Incremental GC (Collect on allocation) 37.37M->26.37M 1.445ms
[123.670s] GC(2512) Pause Incremental GC (Collect on allocation) 36.87M->26.37M 1.423ms
[123.713s] GC(2513) Pause Incremental GC (Collect on allocation) 36.37M->26.37M 1.494ms
[123.755s] GC(2514) Pause Incremental GC (Collect on allocation) 35.87M->26.37M 1.427ms
[123.797s] GC(2515) Pause Incremental GC (Collect on allocation) 35.37M->26.37M 1.371ms
[123.834s] GC(2516) Pause Incremental GC (Collect on allocation) 34.87M->26.37M 1.466ms
[123.872s] GC(2517) Pause Incremental GC (Collect on allocation) 34.37M->26.37M 1.434ms
[123.913s] GC(2518) Pause Incremental GC (Collect on allocation) 35.37M->26.37M 1.340ms
[123.953s] GC(2519) Pause Incremental GC (Collect on allocation) 34.87M->26.87M 1.399ms
[123.995s] GC(2520) Pause Incremental GC (Collect on allocation) 36.37M->26.87M 1.419ms
[124.038s] GC(2521) Pause Incremental GC (Collect on allocation) 35.87M->26.87M 1.311ms
[124.077s] GC(2522) Pause Incremental GC (Collect on allocation) 35.37M->26.87M 1.456ms
[124.116s] GC(2523) Pause Incremental GC (Collect on allocation) 34.87M->27.37M 2.801ms
[124.152s] GC(2524) Pause Incremental GC (Collect on allocation) 36.37M->27.37M 1.740ms
[124.197s] GC(2525) Pause Incremental GC (Collect on allocation) 37.37M->27.37M 1.409ms
[124.247s] GC(2526) Pause Incremental GC (Collect on allocation) 38.37M->27.37M 1.309ms
[124.306s] GC(2527) Pause Incremental GC (Collect on allocation) 39.87M->27.37M 1.319ms
[124.363s] GC(2528) Pause Incremental GC (Collect on allocation) 39.37M->27.37M 1.318ms
[124.417s] GC(2529) Pause Incremental GC (Collect on allocation) 38.87M->27.37M 1.438ms
[124.469s] GC(2530) Pause Incremental GC (Collect on allocation) 38.37M->27.37M 1.412ms
[124.518s] GC(2531) Pause Incremental GC (Collect on allocation) 37.87M->27.37M 1.404ms
[124.565s] GC(2532) Pause Incremental GC (Collect on allocation) 37.37M->27.37M 1.323ms
[124.609s] GC(2533) Pause Incremental GC (Collect on allocation) 36.87M->27.37M 1.333ms
[124.651s] GC(2534) Pause Incremental GC (Collect on allocation) 36.37M->27.37M 1.386ms
[124.687s] GC(2535) Pause Incremental GC (Collect on allocation) 35.87M->27.37M 1.394ms
[124.724s] GC(2536) Pause Incremental GC (Collect on allocation) 35.37M->27.37M 1.249ms
[124.777s] GC(2537) Pause Full GC (Collect on allocation) 34.87M->26.37M 20.902ms
[124.797s] GC(2538) Pause Incremental GC (Collect on allocation) 35.87M->26.37M 1.941ms
[124.846s] GC(2539) Pause Incremental GC (Collect on allocation) 36.87M->26.37M 1.428ms
[124.900s] GC(2540) Pause Incremental GC (Collect on allocation) 38.37M->26.37M 1.402ms
[124.953s] GC(2541) Pause Incremental GC (Collect on allocation) 37.87M->26.37M 1.377ms
[125.005s] GC(2542) Pause Incremental GC (Collect on allocation) 37.37M->26.37M 1.376ms
[125.052s] GC(2543) Pause Incremental GC (Collect on allocation) 36.87M->26.37M 1.387ms
[125.096s] GC(2544) Pause Incremental GC (Collect on allocation) 36.37M->26.37M 1.453ms
[125.138s] GC(2545) Pause Incremental GC (Collect on allocation) 35.87M->26.37M 1.305ms
[125.180s] GC(2546) Pause Incremental GC (Collect on allocation) 35.37M->26.37M 1.328ms
[125.220s] GC(2547) Pause Incremental GC (Collect on allocation) 34.87M->26.37M 1.302ms
[125.256s] GC(2548) Pause Incremental GC (Collect on allocation) 34.37M->26.37M 1.350ms
[125.290s] GC(2549) Pause Incremental GC (Collect on allocation) 33.87M->26.37M 1.356ms
[125.322s] GC(2550) Pause Incremental GC (Collect on allocation) 33.37M->26.37M 1.272ms
[125.359s] GC(2551) Pause Incremental GC (Collect on allocation) 34.37M->26.37M 1.253ms
[125.400s] GC(2552) Pause Incremental GC (Collect on allocation) 35.37M->26.87M 1.364ms
[125.439s] GC(2553) Pause Incremental GC (Collect on allocation) 35.37M->26.87M 1.390ms
[125.480s] GC(2554) Pause Incremental GC (Collect on allocation) 36.37M->26.87M 1.287ms
[125.523s] GC(2555) Pause Incremental GC (Collect on allocation) 35.87M->26.87M 1.868ms
[125.569s] GC(2556) Pause Incremental GC (Collect on allocation) 36.87M->26.87M 1.369ms
[125.620s] GC(2557) Pause Incremental GC (Collect on allocation) 37.87M->26.87M 1.354ms
[125.668s] GC(2558) Pause Incremental GC (Collect on allocation) 37.37M->26.87M 1.391ms
[125.713s] GC(2559) Pause Incremental GC (Collect on allocation) 36.87M->26.87M 1.416ms
[125.756s] GC(2560) Pause Incremental GC (Collect on allocation) 36.37M->26.87M 1.831ms
[125.797s] GC(2561) Pause Incremental GC (Collect on allocation) 35.87M->26.87M 1.895ms
[125.857s] GC(2562) Pause Full GC (Collect on allocation) 36.87M->26.37M 19.185ms
[125.895s] GC(2563) Pause Incremental GC (Collect on allocation) 38.87M->26.37M 1.869ms
[125.961s] GC(2564) Pause Incremental GC (Collect on allocation) 40.37M->26.37M 1.492ms
[126.021s] GC(2565) Pause Incremental GC (Collect on allocation) 39.87M->26.37M 1.547ms
[126.083s] GC(2566) Pause Incremental GC (Collect on allocation) 39.37M->26.37M 1.415ms
[126.139s] GC(2567) Pause Incremental GC (Collect on allocation) 38.87M->26.37M 1.469ms
[126.195s] GC(2568) Pause Incremental GC (Collect on allocation) 38.37M->26.37M 1.370ms
[126.250s] GC(2569) Pause Incremental GC (Collect on allocation) 37.87M->26.37M 1.362ms
[126.301s] GC(2570) Pause Incremental GC (Collect on allocation) 37.37M->26.37M 1.371ms
[126.349s] GC(2571) Pause Incremental GC (Collect on allocation) 36.87M->26.37M 1.355ms
[126.395s] GC(2572) Pause Incremental GC (Collect on allocation) 36.37M->26.37M 1.275ms
[126.438s] GC(2573) Pause Incremental GC (Collect on allocation) 35.87M->26.37M 1.351ms
[126.479s] GC(2574) Pause Incremental GC (Collect on allocation) 35.37M->26.37M 1.463ms
[126.518s] GC(2575) Pause Incremental GC (Collect on allocation) 34.87M->26.87M 1.883ms
[126.554s] GC(2576) Pause Incremental GC (Collect on allocation) 34.87M->26.87M 1.393ms
[126.596s] GC(2577) Pause Incremental GC (Collect on allocation) 35.87M->26.87M 1.332ms
[126.635s] GC(2578) Pause Incremental GC (Collect on allocation) 35.37M->26.87M 1.339ms
[126.671s] GC(2579) Pause Incremental GC (Collect on allocation) 34.87M->26.87M 1.328ms
[126.711s] GC(2580) Pause Incremental GC (Collect on allocation) 35.87M->26.87M 1.408ms
[126.757s] GC(2581) Pause Incremental GC (Collect on allocation) 36.87M->26.87M 1.341ms
[126.800s] GC(2582) Pause Incremental GC (Collect on allocation) 36.37M->26.87M 1.276ms
[126.841s] GC(2583) Pause Incremental GC (Collect on allocation) 35.87M->26.87M 1.380ms
[126.880s] GC(2584) Pause Incremental GC (Collect on allocation) 35.37M->26.87M 1.343ms
[126.916s] GC(2585) Pause Incremental GC (Collect on allocation) 34.87M->26.87M 1.449ms
[126.958s] GC(2586) Pause Incremental GC (Collect on allocation) 35.87M->26.87M 1.399ms
[126.999s] GC(2587) Pause Incremental GC (Collect on allocation) 35.37M->26.87M 1.546ms
[127.042s] GC(2588) Pause Incremental GC (Collect on allocation) 36.37M->27.37M 1.496ms
[127.109s] GC(2589) Pause Full GC (Collect on allocation) 37.87M->26.37M 19.445ms
[127.132s] GC(2590) Pause Incremental GC (Collect on allocation) 35.87M->26.37M 1.824ms
[127.180s] GC(2591) Pause Incremental GC (Collect on allocation) 36.87M->26.37M 1.324ms
[127.226s] GC(2592) Pause Incremental GC (Collect on allocation) 36.37M->26.37M 1.512ms
[127.270s] GC(2593) Pause Incremental GC (Collect on allocation) 35.87M->26.37M 1.374ms
[127.312s] GC(2594) Pause Incremental GC (Collect on allocation) 35.37M->26.37M 1.267ms
[127.352s] GC(2595) Pause Incremental GC (Collect on allocation) 34.87M->26.37M 1.360ms
[127.388s] GC(2596) Pause Incremental GC (Collect on allocation) 34.37M->26.37M 1.303ms
[127.422s] GC(2597) Pause Incremental GC (Collect on allocation) 33.87M->26.37M 1.311ms
[127.453s] GC(2598) Pause Incremental GC (Collect on allocation) 33.37M->26.37M 1.273ms
[127.491s] GC(2599) Pause Incremental GC (Collect on allocation) 34.37M->26.37M 1.348ms
[127.531s] GC(2600) Pause Incremental GC (Collect on allocation) 35.37M->26.37M 1.350ms
[127.578s] GC(2601) Pause Incremental GC (Collect on allocation) 36.37M->26.37M 1.433ms
[127.622s] GC(2602) Pause Incremental GC (Collect on allocation) 35.87M->26.37M 1.826ms
[127.670s] GC(2603) Pause Incremental GC (Collect on allocation) 36.87M->26.37M 1.502ms
[127.713s] GC(2604) Pause Incremental GC (Collect on allocation) 36.37M->26.87M 1.402ms
[127.755s] GC(2605) Pause Incremental GC (Collect on allocation) 36.37M->26.87M 1.389ms
[127.795s] GC(2606) Pause Incremental GC (Collect on allocation) 35.87M->26.87M 1.465ms
[127.833s] GC(2607) Pause Incremental GC (Collect on allocation) 35.37M->26.87M 1.467ms
[127.877s] GC(2608) Pause Incremental GC (Collect on allocation) 36.37M->26.87M 1.402ms
[127.917s] GC(2609) Pause Incremental GC (Collect on allocation) 35.87M->26.87M 1.418ms
[127.957s] GC(2610) Pause Incremental GC (Collect on allocation) 35.37M->26.87M 1.440ms
[127.993s] GC(2611) Pause Incremental GC (Collect on allocation) 34.87M->26.87M 1.277ms
[128.035s] GC(2612) Pause Incremental GC (Collect on allocation) 35.87M->26.87M 1.287ms
[128.074s] GC(2613) Pause Incremental GC (Collect on allocation) 35.37M->26.87M 1.515ms
[128.116s] GC(2614) Pause Incremental GC (Collect on allocation) 36.37M->26.87M 1.453ms
[128.184s] GC(2615) Pause Full GC (Collect on allocation) 37.37M->26.37M 20.283ms
[128.215s] GC(2616) Pause Incremental GC (Collect on allocation) 37.37M->26.37M 2.002ms
[128.261s] GC(2617) Pause Incremental GC (Collect on allocation) 36.87M->26.37M 1.654ms
[128.306s] GC(2618) Pause Incremental GC (Collect on allocation) 36.37M->26.37M 1.440ms
[128.351s] GC(2619) Pause Incremental GC (Collect on allocation) 35.87M->26.37M 1.378ms
[128.392s] GC(2620) Pause Incremental GC (Collect on allocation) 35.37M->26.37M 1.412ms
[128.430s] GC(2621) Pause Incremental GC (Collect on allocation) 34.87M->26.37M 1.393ms
[128.466s] GC(2622) Pause Incremental GC (Collect on allocation) 34.37M->26.37M 1.411ms
[128.508s] GC(2623) Pause Incremental GC (Collect on allocation) 35.37M->26.37M 1.533ms
[128.554s] GC(2624) Pause Incremental GC (Collect on allocation) 36.37M->26.87M 1.402ms
[128.599s] GC(2625) Pause Incremental GC (Collect on allocation) 36.37M->26.87M 1.797ms
[128.645s] GC(2626) Pause Incremental GC (Collect on allocation) 37.37M->26.87M 1.482ms
[128.701s] GC(2627) Pause Incremental GC (Collect on allocation) 38.87M->26.87M 1.320ms
[128.755s] GC(2628) Pause Incremental GC (Collect on allocation) 38.37M->26.87M 1.356ms
[128.805s] GC(2629) Pause Incremental GC (Collect on allocation) 37.87M->26.87M 1.305ms
[128.855s] GC(2630) Pause Incremental GC (Collect on allocation) 37.37M->26.87M 1.283ms
[128.901s] GC(2631) Pause Incremental GC (Collect on allocation) 36.87M->26.87M 1.316ms
[128.945s] GC(2632) Pause Incremental GC (Collect on allocation) 36.37M->26.87M 1.329ms
[128.987s] GC(2633) Pause Incremental GC (Collect on allocation) 35.87M->26.87M 1.338ms
[129.026s] GC(2634) Pause Incremental GC (Collect on allocation) 35.37M->26.87M 1.435ms
[129.062s] GC(2635) Pause Incremental GC (Collect on allocation) 34.87M->26.87M 1.384ms
[129.095s] GC(2636) Pause Incremental GC (Collect on allocation) 34.37M->26.87M 1.481ms
[129.135s] GC(2637) Pause Incremental GC (Collect on allocation) 35.37M->26.87M 1.314ms
[129.177s] GC(2638) Pause Incremental GC (Collect on allocation) 36.37M->26.87M 1.377ms
[129.219s] GC(2639) Pause Incremental GC (Collect on allocation) 35.87M->26.87M 1.405ms
[129.257s] GC(2640) Pause Incremental GC (Collect on allocation) 35.37M->27.37M 1.400ms
[129.301s] GC(2641) Pause Incremental GC (Collect on allocation) 36.87M->27.37M 1.431ms
[129.341s] GC(2642) Pause Incremental GC (Collect on allocation) 36.37M->27.37M 1.402ms
[129.397s] GC(2643) Pause Full GC (Collect on allocation) 35.87M->24.37M 19.155ms
[129.423s] GC(2644) Pause Incremental GC (Collect on allocation) 34.87M->24.87M 1.996ms
[129.474s] GC(2645) Pause Incremental GC (Collect on allocation) 36.87M->25.37M 1.655ms
[129.535s] GC(2646) Pause Incremental GC (Collect on allocation) 38.87M->26.87M 2.318ms
[129.587s] GC(2647) Pause Incremental GC (Collect on allocation) 39.87M->27.87M 1.965ms
[129.642s] GC(2648) Pause Incremental GC (Collect on allocation) 40.37M->28.37M 1.582ms
[129.696s] GC(2649) Pause Incremental GC (Collect on allocation) 40.37M->28.37M 1.377ms
[129.751s] GC(2650) Pause Incremental GC (Collect on allocation) 39.87M->28.37M 1.327ms
[129.802s] GC(2651) Pause Incremental GC (Collect on allocation) 39.37M->28.37M 1.332ms
[129.849s] GC(2652) Pause Incremental GC (Collect on allocation) 38.87M->28.37M 1.307ms
[129.895s] GC(2653) Pause Incremental GC (Collect on allocation) 38.37M->28.37M 1.826ms
[129.938s] GC(2654) Pause Incremental GC (Collect on allocation) 37.87M->28.37M 1.407ms
[129.980s] GC(2655) Pause Incremental GC (Collect on allocation) 37.37M->28.37M 1.402ms
[130.019s] GC(2656) Pause Incremental GC (Collect on allocation) 36.87M->28.37M 1.361ms
[130.056s] GC(2657) Pause Incremental GC (Collect on allocation) 36.37M->28.37M 1.266ms
[130.089s] GC(2658) Pause Incremental GC (Collect on allocation) 35.87M->28.37M 1.462ms
[130.128s] GC(2659) Pause Incremental GC (Collect on allocation) 36.87M->28.37M 1.744ms
[130.172s] GC(2660) Pause Incremental GC (Collect on allocation) 37.87M->28.37M 1.352ms
[130.220s] GC(2661) Pause Incremental GC (Collect on allocation) 38.87M->28.87M 1.474ms
[130.264s] GC(2662) Pause Incremental GC (Collect on allocation) 38.87M->28.87M 1.345ms
[130.306s] GC(2663) Pause Incremental GC (Collect on allocation) 38.37M->28.87M 1.472ms
[130.348s] GC(2664) Pause Incremental GC (Collect on allocation) 37.87M->28.87M 1.371ms
[130.385s] GC(2665) Pause Incremental GC (Collect on allocation) 37.37M->28.87M 1.499ms
[130.429s] GC(2666) Pause Incremental GC (Collect on allocation) 38.37M->28.87M 1.409ms
[130.470s] GC(2667) Pause Incremental GC (Collect on allocation) 37.87M->28.87M 1.440ms
[130.510s] GC(2668) Pause Incremental GC (Collect on allocation) 37.37M->28.87M 1.330ms
[130.546s] GC(2669) Pause Incremental GC (Collect on allocation) 36.87M->28.87M 1.357ms
[130.587s] GC(2670) Pause Incremental GC (Collect on allocation) 37.87M->28.87M 1.290ms
[130.627s] GC(2671) Pause Incremental GC (Collect on allocation) 37.37M->28.87M 1.355ms
[130.680s] GC(2672) Pause Full GC (Collect on allocation) 36.87M->26.37M 18.999ms
[130.692s] GC(2673) Pause Incremental GC (Collect on allocation) 33.37M->26.37M 1.741ms
[130.727s] GC(2674) Pause Incremental GC (Collect on allocation) 34.37M->26.37M 1.408ms
[130.767s] GC(2675) Pause Incremental GC (Collect on allocation) 35.37M->26.37M 1.372ms
[130.814s] GC(2676) Pause Incremental GC (Collect on allocation) 36.37M->26.37M 1.390ms
[130.864s] GC(2677) Pause Incremental GC (Collect on allocation) 37.37M->26.37M 1.311ms
[130.912s] GC(2678) Pause Incremental GC (Collect on allocation) 36.87M->26.37M 1.391ms
[130.959s] GC(2679) Pause Incremental GC (Collect on allocation) 36.37M->26.37M 1.338ms
[131.004s] GC(2680) Pause Incremental GC (Collect on allocation) 35.87M->26.37M 1.569ms
[131.045s] GC(2681) Pause Incremental GC (Collect on allocation) 35.37M->26.37M 1.364ms
[131.085s] GC(2682) Pause Incremental GC (Collect on allocation) 34.87M->26.37M 1.472ms
[131.122s] GC(2683) Pause Incremental GC (Collect on allocation) 34.37M->26.37M 1.397ms
[131.154s] GC(2684) Pause Incremental GC (Collect on allocation) 33.87M->26.37M 1.280ms
[131.194s] GC(2685) Pause Incremental GC (Collect on allocation) 34.87M->26.37M 1.296ms
[131.231s] GC(2686) Pause Incremental GC (Collect on allocation) 34.37M->26.87M 1.374ms
[131.272s] GC(2687) Pause Incremental GC (Collect on allocation) 35.87M->26.87M 1.336ms
[131.312s] GC(2688) Pause Incremental GC (Collect on allocation) 35.37M->26.87M 1.556ms
[131.352s] GC(2689) Pause Incremental GC (Collect on allocation) 36.37M->26.87M 1.545ms
[131.400s] GC(2690) Pause Incremental GC (Collect on allocation) 37.37M->26.87M 1.432ms
[131.446s] GC(2691) Pause Incremental GC (Collect on allocation) 36.87M->26.87M 1.389ms
[131.488s] GC(2692) Pause Incremental GC (Collect on allocation) 36.37M->26.87M 1.339ms
[131.531s] GC(2693) Pause Incremental GC (Collect on allocation) 35.87M->26.87M 1.343ms
[131.569s] GC(2694) Pause Incremental GC (Collect on allocation) 35.37M->26.87M 1.397ms
[131.604s] GC(2695) Pause Incremental GC (Collect on allocation) 34.87M->26.87M 1.336ms
[131.638s] GC(2696) Pause Incremental GC (Collect on allocation) 34.37M->26.87M 1.333ms
[131.639s] GC(2697) Pause Incremental GC (Collect on allocation) 27.37M->26.87M 1.102ms
[131.682s] GC(2698) Pause Incremental GC (Collect on allocation) 36.37M->26.87M 1.368ms
[131.730s] GC(2699) Pause Incremental GC (Collect on allocation) 37.37M->26.87M 1.315ms
[131.784s] GC(2700) Pause Incremental GC (Collect on allocation) 38.87M->26.87M 1.292ms
[131.864s] GC(2701) Pause Full GC (Collect on allocation) 40.37M->26.37M 18.228ms
[131.921s] GC(2702) Pause Incremental GC (Collect on allocation) 42.87M->26.37M 1.858ms
[132.004s] GC(2703) Pause Incremental GC (Collect on allocation) 44.87M->26.37M 1.421ms
[132.101s] GC(2704) Pause Incremental GC (Collect on allocation) 46.87M->26.37M 1.415ms
[132.209s] GC(2705) Pause Incremental GC (Collect on allocation) 48.87M->26.37M 1.861ms
[132.325s] GC(2706) Pause Incremental GC (Collect on allocation) 50.87M->26.37M 1.948ms
[132.448s] GC(2707) Pause Incremental GC (Collect on allocation) 52.87M->26.37M 1.555ms
[132.570s] GC(2708) Pause Incremental GC (Collect on allocation) 52.37M->26.37M 1.502ms
[132.691s] GC(2709) Pause Incremental GC (Collect on allocation) 51.87M->26.87M 1.500ms
[132.810s] GC(2710) Pause Incremental GC (Collect on allocation) 51.87M->26.87M 1.537ms
[132.928s] GC(2711) Pause Incremental GC (Collect on allocation) 51.37M->26.87M 1.438ms
[133.041s] GC(2712) Pause Incremental GC (Collect on allocation) 50.87M->26.87M 1.626ms
[133.152s] GC(2713) Pause Incremental GC (Collect on allocation) 50.37M->26.87M 1.612ms
[133.235s] GC(2714) Pause Incremental GC (Collect on allocation) 49.87M->27.37M 2.070ms
[133.263s] GC(2715) Pause Incremental GC (Collect on allocation) 49.87M->27.37M 1.694ms
[133.363s] GC(2716) Pause Incremental GC (Collect on allocation) 49.37M->27.37M 1.706ms
[133.467s] GC(2717) Pause Incremental GC (Collect on allocation) 48.87M->27.37M 1.569ms
[133.565s] GC(2718) Pause Incremental GC (Collect on allocation) 48.37M->27.37M 1.409ms
[133.659s] GC(2719) Pause Incremental GC (Collect on allocation) 47.87M->27.37M 1.626ms
[133.755s] GC(2720) Pause Incremental GC (Collect on allocation) 47.37M->27.37M 1.446ms
[133.847s] GC(2721) Pause Incremental GC (Collect on allocation) 46.87M->27.37M 1.488ms
[133.934s] GC(2722) Pause Incremental GC (Collect on allocation) 46.37M->27.37M 1.560ms
[134.022s] GC(2723) Pause Incremental GC (Collect on allocation) 45.87M->27.37M 1.406ms
[134.107s] GC(2724) Pause Incremental GC (Collect on allocation) 45.37M->27.37M 1.555ms
[134.187s] GC(2725) Pause Incremental GC (Collect on allocation) 44.87M->27.37M 1.624ms
[134.283s] GC(2726) Pause Full GC (Collect on allocation) 44.37M->26.37M 17.128ms
[134.341s] GC(2727) Pause Incremental GC (Collect on allocation) 42.37M->26.37M 2.026ms
[134.411s] GC(2728) Pause Incremental GC (Collect on allocation) 41.87M->26.37M 1.442ms
[134.480s] GC(2729) Pause Incremental GC (Collect on allocation) 41.37M->26.37M 1.326ms
[134.547s] GC(2730) Pause Incremental GC (Collect on allocation) 40.87M->26.37M 1.346ms
[134.613s] GC(2731) Pause Incremental GC (Collect on allocation) 40.37M->26.37M 1.369ms
[134.675s] GC(2732) Pause Incremental GC (Collect on allocation) 39.87M->26.37M 1.421ms
[134.736s] GC(2733) Pause Incremental GC (Collect on allocation) 39.37M->26.37M 1.322ms
[134.796s] GC(2734) Pause Incremental GC (Collect on allocation) 38.87M->26.37M 1.336ms
[134.851s] GC(2735) Pause Incremental GC (Collect on allocation) 38.37M->26.37M 1.369ms
[134.904s] GC(2736) Pause Incremental GC (Collect on allocation) 37.87M->26.37M 1.358ms
[134.955s] GC(2737) Pause Incremental GC (Collect on allocation) 37.37M->26.37M 1.308ms
[135.005s] GC(2738) Pause Incremental GC (Collect on allocation) 36.87M->26.37M 1.316ms
[135.051s] GC(2739) Pause Incremental GC (Collect on allocation) 36.37M->26.37M 1.405ms
[135.096s] GC(2740) Pause Incremental GC (Collect on allocation) 35.87M->26.37M 1.293ms
[135.137s] GC(2741) Pause Incremental GC (Collect on allocation) 35.37M->26.37M 1.328ms
[135.176s] GC(2742) Pause Incremental GC (Collect on allocation) 34.87M->26.37M 1.371ms
[135.213s] GC(2743) Pause Incremental GC (Collect on allocation) 34.37M->26.87M 1.401ms
[135.246s] GC(2744) Pause Incremental GC (Collect on allocation) 34.37M->26.87M 1.406ms
[135.279s] GC(2745) Pause Incremental GC (Collect on allocation) 33.87M->26.87M 1.341ms
[135.309s] GC(2746) Pause Incremental GC (Collect on allocation) 33.37M->26.87M 1.763ms
[135.342s] GC(2747) Pause Incremental GC (Collect on allocation) 34.37M->26.87M 1.342ms
[135.382s] GC(2748) Pause Incremental GC (Collect on allocation) 35.37M->26.87M 1.328ms
[135.430s] GC(2749) Pause Incremental GC (Collect on allocation) 36.37M->26.87M 2.123ms
[135.489s] GC(2750) Pause Full GC (Collect on allocation) 37.37M->26.37M 18.287ms
[135.529s] GC(2751) Pause Incremental GC (Collect on allocation) 39.87M->26.37M 1.895ms
[135.590s] GC(2752) Pause Incremental GC (Collect on allocation) 39.37M->26.37M 1.405ms
[135.648s] GC(2753) Pause Incremental GC (Collect on allocation) 38.87M->26.37M 1.434ms
[135.705s] GC(2754) Pause Incremental GC (Collect on allocation) 38.37M->26.37M 1.393ms
[135.758s] GC(2755) Pause Incremental GC (Collect on allocation) 37.87M->26.37M 1.359ms
[135.809s] GC(2756) Pause Incremental GC (Collect on allocation) 37.37M->26.37M 1.365ms
[135.858s] GC(2757) Pause Incremental GC (Collect on allocation) 36.87M->26.37M 1.380ms
[135.903s] GC(2758) Pause Incremental GC (Collect on allocation) 36.37M->26.37M 1.323ms
[135.946s] GC(2759) Pause Incremental GC (Collect on allocation) 35.87M->26.37M 1.392ms
[135.987s] GC(2760) Pause Incremental GC (Collect on allocation) 35.37M->26.37M 1.369ms
[136.023s] GC(2761) Pause Incremental GC (Collect on allocation) 34.87M->26.87M 1.401ms
[136.060s] GC(2762) Pause Incremental GC (Collect on allocation) 34.87M->26.87M 1.355ms
[136.095s] GC(2763) Pause Incremental GC (Collect on allocation) 34.37M->26.87M 1.321ms
[136.125s] GC(2764) Pause Incremental GC (Collect on allocation) 33.87M->26.87M 1.462ms
[136.161s] GC(2765) Pause Incremental GC (Collect on allocation) 34.87M->26.87M 1.328ms
[136.204s] GC(2766) Pause Incremental GC (Collect on allocation) 35.87M->26.87M 1.347ms
[136.243s] GC(2767) Pause Incremental GC (Collect on allocation) 35.37M->26.87M 1.406ms
[136.276s] GC(2768) Pause Incremental GC (Collect on allocation) 34.87M->26.87M 1.330ms
[136.311s] GC(2769) Pause Incremental GC (Collect on allocation) 34.37M->26.87M 1.352ms
[136.342s] GC(2770) Pause Incremental GC (Collect on allocation) 33.87M->26.87M 1.376ms
[136.379s] GC(2771) Pause Incremental GC (Collect on allocation) 34.87M->26.87M 1.279ms
[136.421s] GC(2772) Pause Incremental GC (Collect on allocation) 35.87M->26.87M 1.363ms
[136.460s] GC(2773) Pause Incremental GC (Collect on allocation) 35.37M->26.87M 1.294ms
[136.497s] GC(2774) Pause Incremental GC (Collect on allocation) 34.87M->27.37M 1.348ms
[136.531s] GC(2775) Pause Incremental GC (Collect on allocation) 34.87M->27.37M 1.286ms
[136.562s] GC(2776) Pause Incremental GC (Collect on allocation) 34.37M->27.37M 1.268ms
[136.598s] GC(2777) Pause Incremental GC (Collect on allocation) 35.37M->27.37M 1.296ms
[136.634s] GC(2778) Pause Incremental GC (Collect on allocation) 34.87M->27.37M 1.285ms
[136.682s] GC(2779) Pause Full GC (Collect on allocation) 34.37M->26.37M 19.124ms
[136.704s] GC(2780) Pause Incremental GC (Collect on allocation) 35.37M->26.37M 1.750ms
[136.749s] GC(2781) Pause Incremental GC (Collect on allocation) 36.37M->26.37M 1.320ms
[136.792s] GC(2782) Pause Incremental GC (Collect on allocation) 35.87M->26.37M 1.329ms
[136.834s] GC(2783) Pause Incremental GC (Collect on allocation) 35.37M->26.37M 1.355ms
[136.873s] GC(2784) Pause Incremental GC (Collect on allocation) 34.87M->26.37M 1.397ms
[136.910s] GC(2785) Pause Incremental GC (Collect on allocation) 34.37M->26.37M 1.287ms
[136.944s] GC(2786) Pause Incremental GC (Collect on allocation) 33.87M->26.37M 1.272ms
[136.977s] GC(2787) Pause Incremental GC (Collect on allocation) 33.37M->26.37M 1.350ms
[137.006s] GC(2788) Pause Incremental GC (Collect on allocation) 32.87M->26.37M 1.350ms
[137.040s] GC(2789) Pause Incremental GC (Collect on allocation) 33.87M->26.37M 1.253ms
[137.079s] GC(2790) Pause Incremental GC (Collect on allocation) 34.87M->26.37M 1.384ms
[137.120s] GC(2791) Pause Incremental GC (Collect on allocation) 35.87M->26.37M 1.403ms
[137.161s] GC(2792) Pause Incremental GC (Collect on allocation) 35.37M->26.87M 1.379ms
[137.200s] GC(2793) Pause Incremental GC (Collect on allocation) 35.37M->26.87M 1.513ms
[137.235s] GC(2794) Pause Incremental GC (Collect on allocation) 34.87M->26.87M 1.527ms
[137.276s] GC(2795) Pause Incremental GC (Collect on allocation) 35.87M->26.87M 1.472ms
[137.322s] GC(2796) Pause Incremental GC (Collect on allocation) 36.87M->26.87M 1.415ms
[137.366s] GC(2797) Pause Incremental GC (Collect on allocation) 36.37M->26.87M 1.490ms
[137.407s] GC(2798) Pause Incremental GC (Collect on allocation) 35.87M->26.87M 1.483ms
[137.446s] GC(2799) Pause Incremental GC (Collect on allocation) 35.37M->26.87M 1.561ms
[137.482s] GC(2800) Pause Incremental GC (Collect on allocation) 34.87M->26.87M 1.378ms
[137.524s] GC(2801) Pause Incremental GC (Collect on allocation) 35.87M->27.37M 1.379ms
[137.563s] GC(2802) Pause Incremental GC (Collect on allocation) 35.87M->27.37M 1.341ms
[137.600s] GC(2803) Pause Incremental GC (Collect on allocation) 35.37M->27.37M 1.832ms
[137.659s] GC(2804) Pause Full GC (Collect on allocation) 36.37M->26.37M 20.423ms
[137.687s] GC(2805) Pause Incremental GC (Collect on allocation) 37.37M->26.37M 2.125ms
[137.735s] GC(2806) Pause Incremental GC (Collect on allocation) 36.87M->26.37M 1.475ms
[137.790s] GC(2807) Pause Incremental GC (Collect on allocation) 38.37M->26.37M 1.431ms
[137.844s] GC(2808) Pause Incremental GC (Collect on allocation) 37.87M->26.37M 1.431ms
[137.895s] GC(2809) Pause Incremental GC (Collect on allocation) 37.37M->26.37M 1.269ms
[137.942s] GC(2810) Pause Incremental GC (Collect on allocation) 36.87M->26.37M 1.492ms
[137.986s] GC(2811) Pause Incremental GC (Collect on allocation) 36.37M->26.37M 1.529ms
[138.030s] GC(2812) Pause Incremental GC (Collect on allocation) 35.87M->26.37M 1.380ms
[138.071s] GC(2813) Pause Incremental GC (Collect on allocation) 35.37M->26.87M 1.408ms
[138.110s] GC(2814) Pause Incremental GC (Collect on allocation) 35.37M->26.87M 1.350ms
[138.147s] GC(2815) Pause Incremental GC (Collect on allocation) 34.87M->26.87M 1.325ms
[138.183s] GC(2816) Pause Incremental GC (Collect on allocation) 34.37M->26.87M 2.109ms
[138.219s] GC(2817) Pause Incremental GC (Collect on allocation) 35.37M->26.87M 1.372ms
[138.262s] GC(2818) Pause Incremental GC (Collect on allocation) 36.37M->26.87M 1.348ms
[138.310s] GC(2819) Pause Incremental GC (Collect on allocation) 37.37M->26.87M 1.468ms
[138.367s] GC(2820) Pause Incremental GC (Collect on allocation) 38.87M->26.87M 1.350ms
[138.419s] GC(2821) Pause Incremental GC (Collect on allocation) 38.37M->26.87M 1.469ms
[138.469s] GC(2822) Pause Incremental GC (Collect on allocation) 37.87M->26.87M 1.426ms
[138.518s] GC(2823) Pause Incremental GC (Collect on allocation) 37.37M->26.87M 1.408ms
[138.565s] GC(2824) Pause Incremental GC (Collect on allocation) 36.87M->27.37M 1.400ms
[138.610s] GC(2825) Pause Incremental GC (Collect on allocation) 36.87M->27.37M 1.502ms
[138.651s] GC(2826) Pause Incremental GC (Collect on allocation) 36.37M->27.37M 1.364ms
[138.689s] GC(2827) Pause Incremental GC (Collect on allocation) 35.87M->27.37M 1.366ms
[138.726s] GC(2828) Pause Incremental GC (Collect on allocation) 35.37M->27.37M 1.536ms
[138.759s] GC(2829) Pause Incremental GC (Collect on allocation) 34.87M->27.37M 1.454ms
[138.798s] GC(2830) Pause Incremental GC (Collect on allocation) 35.87M->27.37M 1.330ms
[138.860s] GC(2831) Pause Full GC (Collect on allocation) 36.87M->26.37M 21.963ms
[138.892s] GC(2832) Pause Incremental GC (Collect on allocation) 38.37M->26.37M 2.419ms
[138.954s] GC(2833) Pause Incremental GC (Collect on allocation) 39.87M->26.37M 1.396ms
[139.014s] GC(2834) Pause Incremental GC (Collect on allocation) 39.37M->26.37M 1.392ms
[139.071s] GC(2835) Pause Incremental GC (Collect on allocation) 38.87M->26.37M 1.436ms
[139.126s] GC(2836) Pause Incremental GC (Collect on allocation) 38.37M->26.37M 1.520ms
[139.180s] GC(2837) Pause Incremental GC (Collect on allocation) 37.87M->26.37M 1.372ms
[139.231s] GC(2838) Pause Incremental GC (Collect on allocation) 37.37M->26.37M 1.389ms
[139.280s] GC(2839) Pause Incremental GC (Collect on allocation) 36.87M->26.37M 1.384ms
[139.325s] GC(2840) Pause Incremental GC (Collect on allocation) 36.37M->26.37M 1.675ms
[139.365s] GC(2841) Pause Incremental GC (Collect on allocation) 35.87M->26.37M 1.392ms
[139.406s] GC(2842) Pause Incremental GC (Collect on allocation) 35.37M->26.37M 1.292ms
[139.445s] GC(2843) Pause Incremental GC (Collect on allocation) 34.87M->26.37M 1.381ms
[139.481s] GC(2844) Pause Incremental GC (Collect on allocation) 34.37M->26.87M 1.397ms
[139.515s] GC(2845) Pause Incremental GC (Collect on allocation) 34.37M->26.87M 1.367ms
[139.546s] GC(2846) Pause Incremental GC (Collect on allocation) 33.87M->26.87M 1.335ms
[139.583s] GC(2847) Pause Incremental GC (Collect on allocation) 34.87M->26.87M 1.358ms
[139.625s] GC(2848) Pause Incremental GC (Collect on allocation) 35.87M->26.87M 1.357ms
[139.671s] GC(2849) Pause Incremental GC (Collect on allocation) 36.87M->26.87M 1.355ms
[139.715s] GC(2850) Pause Incremental GC (Collect on allocation) 36.37M->26.87M 1.397ms
[139.755s] GC(2851) Pause Incremental GC (Collect on allocation) 35.87M->26.87M 1.372ms
[139.796s] GC(2852) Pause Incremental GC (Collect on allocation) 35.37M->26.87M 1.290ms
[139.833s] GC(2853) Pause Incremental GC (Collect on allocation) 34.87M->26.87M 1.422ms
[139.865s] GC(2854) Pause Incremental GC (Collect on allocation) 34.37M->26.87M 1.341ms
[139.905s] GC(2855) Pause Incremental GC (Collect on allocation) 35.37M->26.87M 1.304ms
[139.941s] GC(2856) Pause Incremental GC (Collect on allocation) 34.87M->26.87M 1.408ms
[139.981s] GC(2857) Pause Incremental GC (Collect on allocation) 35.87M->26.87M 1.338ms
[140.028s] GC(2858) Pause Incremental GC (Collect on allocation) 36.87M->26.87M 1.367ms
[140.072s] GC(2859) Pause Incremental GC (Collect on allocation) 36.37M->27.37M 1.280ms
[140.112s] GC(2860) Pause Incremental GC (Collect on allocation) 36.37M->27.37M 1.335ms
[140.152s] GC(2861) Pause Incremental GC (Collect on allocation) 35.87M->27.37M 1.293ms
[140.209s] GC(2862) Pause Full GC (Collect on allocation) 35.37M->26.37M 20.565ms
[140.218s] GC(2863) Pause Incremental GC (Collect on allocation) 33.37M->26.37M 1.839ms
[140.254s] GC(2864) Pause Incremental GC (Collect on allocation) 34.37M->26.37M 1.393ms
[140.295s] GC(2865) Pause Incremental GC (Collect on allocation) 35.37M->26.37M 1.784ms
[140.341s] GC(2866) Pause Incremental GC (Collect on allocation) 36.37M->26.37M 1.425ms
[140.392s] GC(2867) Pause Incremental GC (Collect on allocation) 37.37M->26.37M 1.498ms
[140.448s] GC(2868) Pause Incremental GC (Collect on allocation) 38.87M->26.37M 1.319ms
[140.503s] GC(2869) Pause Incremental GC (Collect on allocation) 38.37M->26.37M 1.489ms
[140.555s] GC(2870) Pause Incremental GC (Collect on allocation) 37.87M->26.37M 1.397ms
[140.604s] GC(2871) Pause Incremental GC (Collect on allocation) 37.37M->26.37M 1.411ms
[140.654s] GC(2872) Pause Incremental GC (Collect on allocation) 36.87M->26.37M 1.373ms
[140.701s] GC(2873) Pause Incremental GC (Collect on allocation) 36.37M->26.37M 1.492ms
[140.744s] GC(2874) Pause Incremental GC (Collect on allocation) 35.87M->26.87M 1.611ms
[140.784s] GC(2875) Pause Incremental GC (Collect on allocation) 35.87M->26.87M 1.468ms
[140.822s] GC(2876) Pause Incremental GC (Collect on allocation) 35.37M->26.87M 1.313ms
[140.859s] GC(2877) Pause Incremental GC (Collect on allocation) 34.87M->26.87M 1.364ms
[140.894s] GC(2878) Pause Incremental GC (Collect on allocation) 34.37M->26.87M 1.340ms
[140.925s] GC(2879) Pause Incremental GC (Collect on allocation) 33.87M->26.87M 1.276ms
[140.961s] GC(2880) Pause Incremental GC (Collect on allocation) 34.87M->26.87M 1.332ms
[141.001s] GC(2881) Pause Incremental GC (Collect on allocation) 35.87M->26.87M 1.323ms
[141.048s] GC(2882) Pause Incremental GC (Collect on allocation) 36.87M->26.87M 1.797ms
[141.099s] GC(2883) Pause Incremental GC (Collect on allocation) 37.87M->26.87M 1.666ms
[141.157s] GC(2884) Pause Incremental GC (Collect on allocation) 39.37M->26.87M 1.363ms
[141.213s] GC(2885) Pause Incremental GC (Collect on allocation) 38.87M->26.87M 1.340ms
[141.267s] GC(2886) Pause Incremental GC (Collect on allocation) 38.37M->26.87M 1.308ms
[141.318s] GC(2887) Pause Incremental GC (Collect on allocation) 37.87M->26.87M 1.374ms
[141.368s] GC(2888) Pause Incremental GC (Collect on allocation) 37.37M->26.87M 1.355ms
[141.414s] GC(2889) Pause Incremental GC (Collect on allocation) 36.87M->26.87M 1.315ms
[141.458s] GC(2890) Pause Incremental GC (Collect on allocation) 36.37M->26.87M 1.321ms
[141.500s] GC(2891) Pause Incremental GC (Collect on allocation) 35.87M->27.37M 1.433ms
[141.557s] GC(2892) Pause Full GC (Collect on allocation) 35.87M->26.37M 19.961ms
[141.571s] GC(2893) Pause Incremental GC (Collect on allocation) 33.87M->26.37M 1.689ms
[141.610s] GC(2894) Pause Incremental GC (Collect on allocation) 34.87M->26.37M 2.203ms
[141.652s] GC(2895) Pause Incremental GC (Collect on allocation) 35.87M->26.37M 1.454ms
[141.700s] GC(2896) Pause Incremental GC (Collect on allocation) 36.87M->26.37M 1.326ms
[141.754s] GC(2897) Pause Incremental GC (Collect on allocation) 38.37M->26.37M 1.336ms
[141.807s] GC(2898) Pause Incremental GC (Collect on allocation) 37.87M->26.37M 1.390ms
[141.859s] GC(2899) Pause Incremental GC (Collect on allocation) 37.37M->26.37M 1.424ms
[141.906s] GC(2900) Pause Incremental GC (Collect on allocation) 36.87M->26.37M 1.410ms
[141.950s] GC(2901) Pause Incremental GC (Collect on allocation) 36.37M->26.87M 1.466ms
[141.995s] GC(2902) Pause Incremental GC (Collect on allocation) 36.37M->26.87M 1.465ms
[142.036s] GC(2903) Pause Incremental GC (Collect on allocation) 35.87M->26.87M 1.496ms
[142.074s] GC(2904) Pause Incremental GC (Collect on allocation) 35.37M->26.87M 1.440ms
[142.110s] GC(2905) Pause Incremental GC (Collect on allocation) 34.87M->26.87M 1.396ms
[142.144s] GC(2906) Pause Incremental GC (Collect on allocation) 34.37M->26.87M 1.292ms
[142.176s] GC(2907) Pause Incremental GC (Collect on allocation) 33.87M->26.87M 1.406ms
[142.213s] GC(2908) Pause Incremental GC (Collect on allocation) 34.87M->26.87M 1.282ms
[142.253s] GC(2909) Pause Incremental GC (Collect on allocation) 35.87M->26.87M 1.294ms
[142.300s] GC(2910) Pause Incremental GC (Collect on allocation) 36.87M->26.87M 1.516ms
[142.344s] GC(2911) Pause Incremental GC (Collect on allocation) 36.37M->26.87M 1.587ms
[142.385s] GC(2912) Pause Incremental GC (Collect on allocation) 35.87M->26.87M 1.292ms
[142.425s] GC(2913) Pause Incremental GC (Collect on allocation) 35.37M->26.87M 1.458ms
[142.460s] GC(2914) Pause Incremental GC (Collect on allocation) 34.87M->26.87M 1.331ms
[142.493s] GC(2915) Pause Incremental GC (Collect on allocation) 34.37M->26.87M 1.346ms
[142.533s] GC(2916) Pause Incremental GC (Collect on allocation) 35.37M->26.87M 1.327ms
[142.576s] GC(2917) Pause Incremental GC (Collect on allocation) 36.37M->26.87M 1.343ms
[142.617s] GC(2918) Pause Incremental GC (Collect on allocation) 35.87M->26.87M 1.536ms
[142.657s] GC(2919) Pause Incremental GC (Collect on allocation) 35.37M->27.37M 1.292ms
[142.693s] GC(2920) Pause Incremental GC (Collect on allocation) 35.37M->27.37M 1.371ms
[142.744s] GC(2921) Pause Full GC (Collect on allocation) 34.87M->24.37M 19.541ms
[142.768s] GC(2922) Pause Incremental GC (Collect on allocation) 33.87M->24.37M 1.890ms
[142.812s] GC(2923) Pause Incremental GC (Collect on allocation) 34.87M->24.87M 2.487ms
[142.852s] GC(2924) Pause Incremental GC (Collect on allocation) 34.87M->26.37M 1.938ms
[142.891s] GC(2925) Pause Incremental GC (Collect on allocation) 35.87M->26.87M 1.949ms
[142.928s] GC(2926) Pause Incremental GC (Collect on allocation) 35.87M->27.87M 1.567ms
[142.967s] GC(2927) Pause Incremental GC (Collect on allocation) 36.37M->27.87M 1.496ms
[143.004s] GC(2928) Pause Incremental GC (Collect on allocation) 35.87M->27.87M 1.383ms
[143.038s] GC(2929) Pause Incremental GC (Collect on allocation) 35.37M->27.87M 1.363ms
[143.068s] GC(2930) Pause Incremental GC (Collect on allocation) 34.87M->27.87M 1.521ms
[143.097s] GC(2931) Pause Incremental GC (Collect on allocation) 34.37M->28.37M 1.284ms
[143.124s] GC(2932) Pause Incremental GC (Collect on allocation) 34.37M->28.37M 1.339ms
[143.154s] GC(2933) Pause Incremental GC (Collect on allocation) 35.37M->28.37M 1.327ms
[143.191s] GC(2934) Pause Incremental GC (Collect on allocation) 36.37M->28.37M 1.370ms
[143.223s] GC(2935) Pause Incremental GC (Collect on allocation) 35.87M->28.37M 1.335ms
[143.259s] GC(2936) Pause Incremental GC (Collect on allocation) 36.87M->28.37M 1.292ms
[143.296s] GC(2937) Pause Incremental GC (Collect on allocation) 36.37M->28.37M 1.553ms
[143.336s] GC(2938) Pause Incremental GC (Collect on allocation) 37.37M->28.37M 1.251ms
[143.383s] GC(2939) Pause Incremental GC (Collect on allocation) 38.37M->28.37M 1.392ms
[143.435s] GC(2940) Pause Incremental GC (Collect on allocation) 39.37M->28.37M 1.430ms
[143.483s] GC(2941) Pause Incremental GC (Collect on allocation) 38.87M->28.37M 1.502ms
[143.528s] GC(2942) Pause Incremental GC (Collect on allocation) 38.37M->28.37M 1.351ms
[143.573s] GC(2943) Pause Incremental GC (Collect on allocation) 37.87M->28.87M 1.363ms
[143.614s] GC(2944) Pause Incremental GC (Collect on allocation) 37.87M->28.87M 1.391ms
[143.654s] GC(2945) Pause Incremental GC (Collect on allocation) 37.37M->28.87M 1.289ms
[143.690s] GC(2946) Pause Incremental GC (Collect on allocation) 36.87M->28.87M 1.332ms
[143.723s] GC(2947) Pause Incremental GC (Collect on allocation) 36.37M->28.87M 1.378ms
[143.752s] GC(2948) Pause Incremental GC (Collect on allocation) 35.87M->28.87M 1.467ms
[143.788s] GC(2949) Pause Incremental GC (Collect on allocation) 36.87M->28.87M 1.333ms
[143.847s] GC(2950) Pause Full GC (Collect on allocation) 37.87M->26.37M 19.186ms
[143.880s] GC(2951) Pause Incremental GC (Collect on allocation) 37.37M->26.37M 1.701ms
[143.939s] GC(2952) Pause Incremental GC (Collect on allocation) 38.87M->26.37M 1.472ms
[143.995s] GC(2953) Pause Incremental GC (Collect on allocation) 38.37M->26.37M 1.327ms
[144.048s] GC(2954) Pause Incremental GC (Collect on allocation) 37.87M->26.37M 1.301ms
[144.097s] GC(2955) Pause Incremental GC (Collect on allocation) 37.37M->26.37M 1.351ms
[144.146s] GC(2956) Pause Incremental GC (Collect on allocation) 36.87M->26.37M 1.325ms
[144.193s] GC(2957) Pause Incremental GC (Collect on allocation) 36.37M->26.37M 1.336ms
[144.237s] GC(2958) Pause Incremental GC (Collect on allocation) 35.87M->26.37M 1.544ms
[144.279s] GC(2959) Pause Incremental GC (Collect on allocation) 35.37M->26.37M 1.324ms
[144.317s] GC(2960) Pause Incremental GC (Collect on allocation) 34.87M->26.37M 1.372ms
[144.354s] GC(2961) Pause Incremental GC (Collect on allocation) 34.37M->26.37M 1.307ms
[144.386s] GC(2962) Pause Incremental GC (Collect on allocation) 33.87M->26.37M 1.319ms
[144.419s] GC(2963) Pause Incremental GC (Collect on allocation) 33.37M->26.37M 1.290ms
[144.448s] GC(2964) Pause Incremental GC (Collect on allocation) 32.87M->26.37M 1.282ms
[144.482s] GC(2965) Pause Incremental GC (Collect on allocation) 33.87M->26.37M 1.271ms
[144.520s] GC(2966) Pause Incremental GC (Collect on allocation) 34.87M->26.37M 1.314ms
[144.564s] GC(2967) Pause Incremental GC (Collect on allocation) 35.87M->26.37M 1.298ms
[144.606s] GC(2968) Pause Incremental GC (Collect on allocation) 35.37M->26.37M 1.275ms
[144.643s] GC(2969) Pause Incremental GC (Collect on allocation) 34.87M->26.37M 1.429ms
[144.680s] GC(2970) Pause Incremental GC (Collect on allocation) 34.37M->26.87M 1.346ms
[144.715s] GC(2971) Pause Incremental GC (Collect on allocation) 34.37M->26.87M 1.376ms
[144.755s] GC(2972) Pause Incremental GC (Collect on allocation) 35.37M->26.87M 1.391ms
[144.797s] GC(2973) Pause Incremental GC (Collect on allocation) 36.37M->26.87M 1.479ms
[144.846s] GC(2974) Pause Incremental GC (Collect on allocation) 37.37M->26.87M 1.338ms
[144.891s] GC(2975) Pause Incremental GC (Collect on allocation) 36.87M->26.87M 1.328ms
[144.935s] GC(2976) Pause Incremental GC (Collect on allocation) 36.37M->26.87M 1.270ms
[144.976s] GC(2977) Pause Incremental GC (Collect on allocation) 35.87M->26.87M 1.325ms
[145.016s] GC(2978) Pause Incremental GC (Collect on allocation) 35.37M->26.87M 1.431ms
[145.071s] GC(2979) Pause Full GC (Collect on allocation) 34.87M->26.37M 18.928ms
[145.082s] GC(2980) Pause Incremental GC (Collect on allocation) 33.37M->26.37M 1.781ms
[145.119s] GC(2981) Pause Incremental GC (Collect on allocation) 34.37M->26.37M 1.542ms
[145.159s] GC(2982) Pause Incremental GC (Collect on allocation) 35.37M->26.37M 1.421ms
[145.204s] GC(2983) Pause Incremental GC (Collect on allocation) 36.37M->26.37M 1.481ms
[145.256s] GC(2984) Pause Incremental GC (Collect on allocation) 37.37M->26.37M 1.377ms
[145.304s] GC(2985) Pause Incremental GC (Collect on allocation) 36.87M->26.37M 1.425ms
[145.350s] GC(2986) Pause Incremental GC (Collect on allocation) 36.37M->26.37M 1.462ms
[145.391s] GC(2987) Pause Incremental GC (Collect on allocation) 35.87M->26.37M 1.401ms
[145.434s] GC(2988) Pause Incremental GC (Collect on allocation) 35.37M->26.37M 1.301ms
[145.471s] GC(2989) Pause Incremental GC (Collect on allocation) 34.87M->26.37M 1.373ms
[145.507s] GC(2990) Pause Incremental GC (Collect on allocation) 34.37M->26.37M 1.311ms
[145.539s] GC(2991) Pause Incremental GC (Collect on allocation) 33.87M->26.37M 1.309ms
[145.571s] GC(2992) Pause Incremental GC (Collect on allocation) 33.37M->26.37M 1.324ms
[145.609s] GC(2993) Pause Incremental GC (Collect on allocation) 34.37M->26.37M 1.370ms
[145.650s] GC(2994) Pause Incremental GC (Collect on allocation) 35.37M->26.37M 1.461ms
[145.696s] GC(2995) Pause Incremental GC (Collect on allocation) 36.37M->26.87M 1.399ms
[145.739s] GC(2996) Pause Incremental GC (Collect on allocation) 36.37M->26.87M 1.336ms
[145.782s] GC(2997) Pause Incremental GC (Collect on allocation) 35.87M->26.87M 1.256ms
[145.819s] GC(2998) Pause Incremental GC (Collect on allocation) 35.37M->26.87M 1.492ms
[145.857s] GC(2999) Pause Incremental GC (Collect on allocation) 34.87M->26.87M 1.356ms
[145.891s] GC(3000) Pause Incremental GC (Collect on allocation) 34.37M->26.87M 1.305ms
[145.929s] GC(3001) Pause Incremental GC (Collect on allocation) 35.37M->26.87M 1.381ms
[145.974s] GC(3002) Pause Incremental GC (Collect on allocation) 36.37M->26.87M 1.477ms
[146.015s] GC(3003) Pause Incremental GC (Collect on allocation) 35.87M->26.87M 1.351ms
[146.055s] GC(3004) Pause Incremental GC (Collect on allocation) 35.37M->26.87M 1.299ms
[146.090s] GC(3005) Pause Incremental GC (Collect on allocation) 34.87M->26.87M 1.359ms
[146.123s] GC(3006) Pause Incremental GC (Collect on allocation) 34.37M->26.87M 1.257ms
[146.181s] GC(3007) Pause Full GC (Collect on allocation) 35.37M->26.37M 20.618ms
[146.206s] GC(3008) Pause Incremental GC (Collect on allocation) 36.87M->26.37M 1.652ms
[146.263s] GC(3009) Pause Incremental GC (Collect on allocation) 38.37M->26.37M 1.470ms
[146.317s] GC(3010) Pause Incremental GC (Collect on allocation) 37.87M->26.37M 1.557ms
[146.366s] GC(3011) Pause Incremental GC (Collect on allocation) 37.37M->26.37M 1.456ms
[146.415s] GC(3012) Pause Incremental GC (Collect on allocation) 36.87M->26.37M 1.289ms
[146.462s] GC(3013) Pause Incremental GC (Collect on allocation) 36.37M->26.37M 1.360ms
[146.507s] GC(3014) Pause Incremental GC (Collect on allocation) 35.87M->26.37M 1.369ms
[146.547s] GC(3015) Pause Incremental GC (Collect on allocation) 35.37M->26.37M 1.413ms
[146.586s] GC(3016) Pause Incremental GC (Collect on allocation) 34.87M->26.37M 1.481ms
[146.623s] GC(3017) Pause Incremental GC (Collect on allocation) 34.37M->26.37M 1.331ms
[146.656s] GC(3018) Pause Incremental GC (Collect on allocation) 33.87M->26.37M 1.323ms
[146.688s] GC(3019) Pause Incremental GC (Collect on allocation) 33.37M->26.37M 1.231ms
[146.724s] GC(3020) Pause Incremental GC (Collect on allocation) 34.37M->26.37M 1.573ms
[146.765s] GC(3021) Pause Incremental GC (Collect on allocation) 35.37M->26.87M 1.463ms
[146.812s] GC(3022) Pause Incremental GC (Collect on allocation) 36.87M->26.87M 1.275ms
[146.856s] GC(3023) Pause Incremental GC (Collect on allocation) 36.37M->26.87M 1.426ms
[146.896s] GC(3024) Pause Incremental GC (Collect on allocation) 35.87M->26.87M 1.781ms
[146.941s] GC(3025) Pause Incremental GC (Collect on allocation) 36.87M->26.87M 1.824ms
[146.992s] GC(3026) Pause Incremental GC (Collect on allocation) 37.87M->26.87M 1.474ms
[147.051s] GC(3027) Pause Incremental GC (Collect on allocation) 39.37M->26.87M 1.473ms
[147.107s] GC(3028) Pause Incremental GC (Collect on allocation) 38.87M->26.87M 1.277ms
[147.162s] GC(3029) Pause Incremental GC (Collect on allocation) 38.37M->26.87M 1.265ms
[147.212s] GC(3030) Pause Incremental GC (Collect on allocation) 37.87M->26.87M 1.446ms
[147.262s] GC(3031) Pause Incremental GC (Collect on allocation) 37.37M->26.87M 1.748ms
[147.305s] GC(3032) Pause Incremental GC (Collect on allocation) 36.87M->26.87M 1.515ms
[147.348s] GC(3033) Pause Incremental GC (Collect on allocation) 36.37M->26.87M 1.473ms
[147.409s] GC(3034) Pause Full GC (Collect on allocation) 35.87M->26.37M 20.284ms
[147.424s] GC(3035) Pause Incremental GC (Collect on allocation) 34.37M->26.37M 1.752ms
[147.464s] GC(3036) Pause Incremental GC (Collect on allocation) 35.37M->26.37M 1.418ms
[147.511s] GC(3037) Pause Incremental GC (Collect on allocation) 36.37M->26.37M 1.526ms
[147.563s] GC(3038) Pause Incremental GC (Collect on allocation) 37.37M->26.37M 1.467ms
[147.610s] GC(3039) Pause Incremental GC (Collect on allocation) 36.87M->26.37M 1.475ms
[147.654s] GC(3040) Pause Incremental GC (Collect on allocation) 36.37M->26.37M 1.349ms
[147.695s] GC(3041) Pause Incremental GC (Collect on allocation) 35.87M->26.37M 1.337ms
[147.736s] GC(3042) Pause Incremental GC (Collect on allocation) 35.37M->26.37M 1.721ms
[147.771s] GC(3043) Pause Incremental GC (Collect on allocation) 34.87M->26.37M 1.325ms
[147.816s] GC(3044) Pause Incremental GC (Collect on allocation) 35.87M->26.37M 1.396ms
[147.857s] GC(3045) Pause Incremental GC (Collect on allocation) 35.37M->26.37M 1.559ms
[147.895s] GC(3046) Pause Incremental GC (Collect on allocation) 34.87M->26.37M 1.649ms
[147.939s] GC(3047) Pause Incremental GC (Collect on allocation) 35.87M->26.37M 1.415ms
[147.987s] GC(3048) Pause Incremental GC (Collect on allocation) 36.87M->26.37M 1.555ms
[148.043s] GC(3049) Pause Incremental GC (Collect on allocation) 38.37M->26.37M 1.809ms
[148.096s] GC(3050) Pause Incremental GC (Collect on allocation) 37.87M->26.37M 1.358ms
[148.147s] GC(3051) Pause Incremental GC (Collect on allocation) 37.37M->26.37M 1.444ms
[148.195s] GC(3052) Pause Incremental GC (Collect on allocation) 36.87M->26.37M 1.380ms
[148.243s] GC(3053) Pause Incremental GC (Collect on allocation) 36.37M->26.37M 1.421ms
[148.286s] GC(3054) Pause Incremental GC (Collect on allocation) 35.87M->26.87M 1.375ms
[148.329s] GC(3055) Pause Incremental GC (Collect on allocation) 35.87M->26.87M 1.337ms
[148.366s] GC(3056) Pause Incremental GC (Collect on allocation) 35.37M->26.87M 1.555ms
[148.400s] GC(3057) Pause Incremental GC (Collect on allocation) 34.87M->26.87M 1.466ms
[148.441s] GC(3058) Pause Incremental GC (Collect on allocation) 35.87M->26.87M 1.399ms
[148.479s] GC(3059) Pause Incremental GC (Collect on allocation) 35.37M->26.87M 1.343ms
[148.519s] GC(3060) Pause Incremental GC (Collect on allocation) 36.37M->26.87M 1.358ms
[148.559s] GC(3061) Pause Incremental GC (Collect on allocation) 35.87M->26.87M 1.362ms
[148.598s] GC(3062) Pause Incremental GC (Collect on allocation) 35.37M->26.87M 1.301ms
[148.635s] GC(3063) Pause Incremental GC (Collect on allocation) 34.87M->26.87M 1.297ms
[148.686s] GC(3064) Pause Full GC (Collect on allocation) 34.37M->26.37M 19.368ms
[148.710s] GC(3065) Pause Incremental GC (Collect on allocation) 35.87M->26.37M 1.800ms
[148.758s] GC(3066) Pause Incremental GC (Collect on allocation) 36.87M->26.37M 1.464ms
[148.814s] GC(3067) Pause Incremental GC (Collect on allocation) 38.37M->26.37M 1.289ms
[148.869s] GC(3068) Pause Incremental GC (Collect on allocation) 37.87M->26.37M 1.443ms
[148.918s] GC(3069) Pause Incremental GC (Collect on allocation) 37.37M->26.37M 1.543ms
[148.967s] GC(3070) Pause Incremental GC (Collect on allocation) 36.87M->26.37M 1.444ms
[149.014s] GC(3071) Pause Incremental GC (Collect on allocation) 36.37M->26.37M 1.314ms
[149.057s] GC(3072) Pause Incremental GC (Collect on allocation) 35.87M->26.37M 1.349ms
[149.099s] GC(3073) Pause Incremental GC (Collect on allocation) 35.37M->26.87M 1.391ms
[149.135s] GC(3074) Pause Incremental GC (Collect on allocation) 35.37M->26.87M 1.327ms
[149.171s] GC(3075) Pause Incremental GC (Collect on allocation) 34.87M->26.87M 1.305ms
[149.203s] GC(3076) Pause Incremental GC (Collect on allocation) 34.37M->26.87M 1.390ms
[149.234s] GC(3077) Pause Incremental GC (Collect on allocation) 33.87M->26.87M 1.469ms
[149.270s] GC(3078) Pause Incremental GC (Collect on allocation) 34.87M->26.87M 1.273ms
[149.311s] GC(3079) Pause Incremental GC (Collect on allocation) 35.87M->26.87M 1.255ms
[149.356s] GC(3080) Pause Incremental GC (Collect on allocation) 36.87M->26.87M 1.304ms
[149.401s] GC(3081) Pause Incremental GC (Collect on allocation) 36.37M->26.87M 1.362ms
[149.442s] GC(3082) Pause Incremental GC (Collect on allocation) 35.87M->26.87M 1.512ms
[149.480s] GC(3083) Pause Incremental GC (Collect on allocation) 35.37M->26.87M 1.329ms
[149.516s] GC(3084) Pause Incremental GC (Collect on allocation) 34.87M->26.87M 1.414ms
[149.550s] GC(3085) Pause Incremental GC (Collect on allocation) 34.37M->26.87M 1.290ms
[149.588s] GC(3086) Pause Incremental GC (Collect on allocation) 35.37M->26.87M 1.282ms
[149.633s] GC(3087) Pause Incremental GC (Collect on allocation) 36.37M->27.37M 1.472ms
[149.675s] GC(3088) Pause Incremental GC (Collect on allocation) 36.37M->27.37M 1.523ms
[149.715s] GC(3089) Pause Incremental GC (Collect on allocation) 35.87M->27.37M 1.332ms
[149.750s] GC(3090) Pause Incremental GC (Collect on allocation) 35.37M->27.37M 1.340ms
[149.784s] GC(3091) Pause Incremental GC (Collect on allocation) 34.87M->27.37M 1.589ms
[149.823s] GC(3092) Pause Incremental GC (Collect on allocation) 35.87M->27.37M 1.203ms
[149.885s] GC(3093) Pause Full GC (Collect on allocation) 36.87M->26.37M 18.731ms
[149.905s] GC(3094) Pause Incremental GC (Collect on allocation) 34.87M->26.37M 1.656ms
[149.949s] GC(3095) Pause Incremental GC (Collect on allocation) 35.87M->26.37M 1.312ms
[149.990s] GC(3096) Pause Incremental GC (Collect on allocation) 35.37M->26.37M 1.337ms
[150.028s] GC(3097) Pause Incremental GC (Collect on allocation) 34.87M->26.37M 1.560ms
[150.071s] GC(3098) Pause Incremental GC (Collect on allocation) 35.87M->26.37M 1.356ms
[150.113s] GC(3099) Pause Incremental GC (Collect on allocation) 35.37M->26.37M 1.390ms
[150.151s] GC(3100) Pause Incremental GC (Collect on allocation) 34.87M->26.37M 1.427ms
[150.186s] GC(3101) Pause Incremental GC (Collect on allocation) 34.37M->26.37M 1.373ms
[150.225s] GC(3102) Pause Incremental GC (Collect on allocation) 35.37M->26.37M 1.429ms
[150.272s] GC(3103) Pause Incremental GC (Collect on allocation) 36.37M->26.37M 1.380ms
[150.316s] GC(3104) Pause Incremental GC (Collect on allocation) 35.87M->26.37M 1.305ms
[150.358s] GC(3105) Pause Incremental GC (Collect on allocation) 35.37M->26.37M 1.333ms
[150.397s] GC(3106) Pause Incremental GC (Collect on allocation) 34.87M->26.37M 1.385ms
[150.433s] GC(3107) Pause Incremental GC (Collect on allocation) 34.37M->26.87M 1.506ms
[150.468s] GC(3108) Pause Incremental GC (Collect on allocation) 34.37M->26.87M 1.271ms
[150.507s] GC(3109) Pause Incremental GC (Collect on allocation) 35.37M->26.87M 1.322ms
[150.542s] GC(3110) Pause Incremental GC (Collect on allocation) 34.87M->26.87M 1.340ms
[150.584s] GC(3111) Pause Incremental GC (Collect on allocation) 35.87M->26.87M 1.356ms
[150.621s] GC(3112) Pause Incremental GC (Collect on allocation) 35.37M->26.87M 1.394ms
[150.665s] GC(3113) Pause Incremental GC (Collect on allocation) 36.37M->26.87M 1.408ms
[150.704s] GC(3114) Pause Incremental GC (Collect on allocation) 35.87M->26.87M 1.352ms
[150.744s] GC(3115) Pause Incremental GC (Collect on allocation) 35.37M->26.87M 1.221ms
[150.780s] GC(3116) Pause Incremental GC (Collect on allocation) 34.87M->26.87M 1.377ms
[150.813s] GC(3117) Pause Incremental GC (Collect on allocation) 34.37M->26.87M 1.318ms
[150.851s] GC(3118) Pause Incremental GC (Collect on allocation) 35.37M->27.37M 1.364ms
[150.894s] GC(3119) Pause Incremental GC (Collect on allocation) 36.87M->27.37M 1.380ms
[150.936s] GC(3120) Pause Incremental GC (Collect on allocation) 36.37M->27.37M 1.334ms
[150.976s] GC(3121) Pause Incremental GC (Collect on allocation) 35.87M->27.37M 1.402ms
[151.031s] GC(3122) Pause Full GC (Collect on allocation) 35.37M->26.37M 19.078ms
[151.042s] GC(3123) Pause Incremental GC (Collect on allocation) 33.37M->26.37M 1.727ms
[151.080s] GC(3124) Pause Incremental GC (Collect on allocation) 34.37M->26.37M 1.848ms
[151.119s] GC(3125) Pause Incremental GC (Collect on allocation) 35.37M->26.37M 1.353ms
[151.165s] GC(3126) Pause Incremental GC (Collect on allocation) 36.37M->26.37M 1.863ms
[151.216s] GC(3127) Pause Incremental GC (Collect on allocation) 37.37M->26.37M 1.395ms
[151.276s] GC(3128) Pause Incremental GC (Collect on allocation) 38.87M->26.37M 1.407ms
[151.331s] GC(3129) Pause Incremental GC (Collect on allocation) 38.37M->26.37M 1.385ms
[151.385s] GC(3130) Pause Incremental GC (Collect on allocation) 37.87M->26.37M 1.327ms
[151.435s] GC(3131) Pause Incremental GC (Collect on allocation) 37.37M->26.37M 1.503ms
[151.483s] GC(3132) Pause Incremental GC (Collect on allocation) 36.87M->26.37M 1.499ms
[151.528s] GC(3133) Pause Incremental GC (Collect on allocation) 36.37M->26.87M 1.392ms
[151.572s] GC(3134) Pause Incremental GC (Collect on allocation) 36.37M->26.87M 1.443ms
[151.613s] GC(3135) Pause Incremental GC (Collect on allocation) 35.87M->26.87M 1.369ms
[151.652s] GC(3136) Pause Incremental GC (Collect on allocation) 35.37M->26.87M 1.337ms
[151.687s] GC(3137) Pause Incremental GC (Collect on allocation) 34.87M->26.87M 1.474ms
[151.721s] GC(3138) Pause Incremental GC (Collect on allocation) 34.37M->26.87M 1.388ms
[151.761s] GC(3139) Pause Incremental GC (Collect on allocation) 35.37M->26.87M 1.428ms
[151.803s] GC(3140) Pause Incremental GC (Collect on allocation) 36.37M->26.87M 1.355ms
[151.843s] GC(3141) Pause Incremental GC (Collect on allocation) 35.87M->26.87M 1.937ms
[151.888s] GC(3142) Pause Incremental GC (Collect on allocation) 36.87M->26.87M 1.344ms
[151.938s] GC(3143) Pause Incremental GC (Collect on allocation) 37.87M->26.87M 1.390ms
[151.987s] GC(3144) Pause Incremental GC (Collect on allocation) 37.37M->26.87M 1.348ms
[152.032s] GC(3145) Pause Incremental GC (Collect on allocation) 36.87M->26.87M 1.358ms
[152.077s] GC(3146) Pause Incremental GC (Collect on allocation) 36.37M->26.87M 1.313ms
[152.116s] GC(3147) Pause Incremental GC (Collect on allocation) 35.87M->26.87M 1.436ms
[152.154s] GC(3148) Pause Incremental GC (Collect on allocation) 35.37M->27.37M 1.472ms
[152.190s] GC(3149) Pause Incremental GC (Collect on allocation) 35.37M->27.37M 1.356ms
[152.242s] GC(3150) Pause Full GC (Collect on allocation) 34.87M->26.37M 19.579ms
[152.264s] GC(3151) Pause Incremental GC (Collect on allocation) 35.87M->26.37M 1.728ms
[152.312s] GC(3152) Pause Incremental GC (Collect on allocation) 36.87M->26.37M 1.291ms
[152.357s] GC(3153) Pause Incremental GC (Collect on allocation) 36.37M->26.37M 1.352ms
[152.400s] GC(3154) Pause Incremental GC (Collect on allocation) 35.87M->26.37M 1.778ms
[152.443s] GC(3155) Pause Incremental GC (Collect on allocation) 35.37M->26.37M 1.988ms
[152.487s] GC(3156) Pause Incremental GC (Collect on allocation) 36.37M->26.37M 1.364ms
[152.538s] GC(3157) Pause Incremental GC (Collect on allocation) 37.37M->26.37M 1.450ms
[152.587s] GC(3158) Pause Incremental GC (Collect on allocation) 36.87M->26.37M 1.356ms
[152.633s] GC(3159) Pause Incremental GC (Collect on allocation) 36.37M->26.37M 1.602ms
[152.678s] GC(3160) Pause Incremental GC (Collect on allocation) 35.87M->26.37M 1.352ms
[152.718s] GC(3161) Pause Incremental GC (Collect on allocation) 35.37M->26.37M 1.296ms
[152.757s] GC(3162) Pause Incremental GC (Collect on allocation) 34.87M->26.37M 1.412ms
[152.793s] GC(3163) Pause Incremental GC (Collect on allocation) 34.37M->26.87M 1.393ms
[152.827s] GC(3164) Pause Incremental GC (Collect on allocation) 34.37M->26.87M 1.357ms
[152.856s] GC(3165) Pause Incremental GC (Collect on allocation) 33.87M->26.87M 1.476ms
[152.891s] GC(3166) Pause Incremental GC (Collect on allocation) 34.87M->26.87M 1.578ms
[152.931s] GC(3167) Pause Incremental GC (Collect on allocation) 35.87M->26.87M 1.805ms
[152.977s] GC(3168) Pause Incremental GC (Collect on allocation) 36.87M->26.87M 1.901ms
[153.028s] GC(3169) Pause Incremental GC (Collect on allocation) 37.87M->26.87M 2.031ms
[153.085s] GC(3170) Pause Incremental GC (Collect on allocation) 39.37M->26.87M 1.539ms
[153.150s] GC(3171) Pause Incremental GC (Collect on allocation) 40.87M->26.87M 1.426ms
[153.212s] GC(3172) Pause Incremental GC (Collect on allocation) 40.37M->26.87M 1.312ms
[153.273s] GC(3173) Pause Incremental GC (Collect on allocation) 39.87M->26.87M 1.367ms
[153.331s] GC(3174) Pause Incremental GC (Collect on allocation) 39.37M->26.87M 1.484ms
[153.384s] GC(3175) Pause Incremental GC (Collect on allocation) 38.87M->26.87M 1.414ms
[153.456s] GC(3176) Pause Full GC (Collect on allocation) 38.37M->26.37M 19.066ms
[153.485s] GC(3177) Pause Incremental GC (Collect on allocation) 36.87M->26.37M 1.755ms
[153.530s] GC(3178) Pause Incremental GC (Collect on allocation) 36.37M->26.37M 1.491ms
[153.574s] GC(3179) Pause Incremental GC (Collect on allocation) 35.87M->26.37M 1.434ms
[153.615s] GC(3180) Pause Incremental GC (Collect on allocation) 35.37M->26.37M 1.402ms
[153.654s] GC(3181) Pause Incremental GC (Collect on allocation) 34.87M->26.37M 1.334ms
[153.690s] GC(3182) Pause Incremental GC (Collect on allocation) 34.37M->26.37M 1.343ms
[153.721s] GC(3183) Pause Incremental GC (Collect on allocation) 33.87M->26.37M 1.383ms
[153.761s] GC(3184) Pause Incremental GC (Collect on allocation) 34.87M->26.37M 1.368ms
[153.805s] GC(3185) Pause Incremental GC (Collect on allocation) 35.87M->26.37M 1.360ms
[153.847s] GC(3186) Pause Incremental GC (Collect on allocation) 35.37M->26.37M 1.377ms
[153.887s] GC(3187) Pause Incremental GC (Collect on allocation) 34.87M->26.37M 1.268ms
[153.922s] GC(3188) Pause Incremental GC (Collect on allocation) 34.37M->26.87M 1.449ms
[153.955s] GC(3189) Pause Incremental GC (Collect on allocation) 34.37M->26.87M 1.342ms
[153.992s] GC(3190) Pause Incremental GC (Collect on allocation) 35.37M->26.87M 1.571ms
[154.034s] GC(3191) Pause Incremental GC (Collect on allocation) 36.37M->26.87M 1.447ms
[154.081s] GC(3192) Pause Incremental GC (Collect on allocation) 37.37M->26.87M 1.378ms
[154.128s] GC(3193) Pause Incremental GC (Collect on allocation) 36.87M->26.87M 1.283ms
[154.171s] GC(3194) Pause Incremental GC (Collect on allocation) 36.37M->26.87M 1.415ms
[154.210s] GC(3195) Pause Incremental GC (Collect on allocation) 35.87M->26.87M 1.432ms
[154.249s] GC(3196) Pause Incremental GC (Collect on allocation) 35.37M->26.87M 1.409ms
[154.285s] GC(3197) Pause Incremental GC (Collect on allocation) 34.87M->26.87M 1.788ms
[154.326s] GC(3198) Pause Incremental GC (Collect on allocation) 35.87M->26.87M 1.343ms
[154.372s] GC(3199) Pause Incremental GC (Collect on allocation) 36.87M->27.37M 1.365ms
[154.417s] GC(3200) Pause Incremental GC (Collect on allocation) 36.87M->27.37M 1.612ms
[154.475s] GC(3201) Pause Full GC (Collect on allocation) 36.37M->26.37M 20.908ms
[154.504s] GC(3202) Pause Incremental GC (Collect on allocation) 37.37M->26.37M 1.629ms
[154.562s] GC(3203) Pause Incremental GC (Collect on allocation) 38.87M->26.37M 1.535ms
[154.617s] GC(3204) Pause Incremental GC (Collect on allocation) 38.37M->26.37M 1.809ms
[154.669s] GC(3205) Pause Incremental GC (Collect on allocation) 37.87M->26.37M 1.464ms
[154.719s] GC(3206) Pause Incremental GC (Collect on allocation) 37.37M->26.37M 1.396ms
[154.767s] GC(3207) Pause Incremental GC (Collect on allocation) 36.87M->26.37M 1.959ms
[154.813s] GC(3208) Pause Incremental GC (Collect on allocation) 36.37M->26.37M 1.456ms
[154.858s] GC(3209) Pause Incremental GC (Collect on allocation) 35.87M->26.37M 1.598ms
[154.899s] GC(3210) Pause Incremental GC (Collect on allocation) 35.37M->26.37M 1.407ms
[154.935s] GC(3211) Pause Incremental GC (Collect on allocation) 34.87M->26.37M 1.413ms
[154.972s] GC(3212) Pause Incremental GC (Collect on allocation) 34.37M->26.37M 1.686ms
[155.012s] GC(3213) Pause Incremental GC (Collect on allocation) 35.37M->26.37M 1.707ms
[155.058s] GC(3214) Pause Incremental GC (Collect on allocation) 36.37M->26.87M 1.531ms
[155.108s] GC(3215) Pause Incremental GC (Collect on allocation) 37.87M->26.87M 1.492ms
[155.166s] GC(3216) Pause Incremental GC (Collect on allocation) 39.37M->26.87M 1.479ms
[155.221s] GC(3217) Pause Incremental GC (Collect on allocation) 38.87M->26.87M 1.336ms
[155.275s] GC(3218) Pause Incremental GC (Collect on allocation) 38.37M->26.87M 1.751ms
[155.325s] GC(3219) Pause Incremental GC (Collect on allocation) 37.87M->26.87M 1.392ms
[155.372s] GC(3220) Pause Incremental GC (Collect on allocation) 37.37M->26.87M 1.345ms
[155.418s] GC(3221) Pause Incremental GC (Collect on allocation) 36.87M->26.87M 1.343ms
[155.462s] GC(3222) Pause Incremental GC (Collect on allocation) 36.37M->26.87M 1.393ms
[155.502s] GC(3223) Pause Incremental GC (Collect on allocation) 35.87M->26.87M 1.401ms
[155.542s] GC(3224) Pause Incremental GC (Collect on allocation) 35.37M->26.87M 1.476ms
[155.578s] GC(3225) Pause Incremental GC (Collect on allocation) 34.87M->26.87M 1.820ms
[155.618s] GC(3226) Pause Incremental GC (Collect on allocation) 35.87M->26.87M 1.474ms
[155.665s] GC(3227) Pause Incremental GC (Collect on allocation) 36.87M->26.87M 1.319ms
[155.734s] GC(3228) Pause Full GC (Collect on allocation) 37.87M->26.37M 18.338ms
[155.759s] GC(3229) Pause Incremental GC (Collect on allocation) 36.37M->26.37M 1.897ms
[155.808s] GC(3230) Pause Incremental GC (Collect on allocation) 37.37M->26.37M 1.354ms
[155.857s] GC(3231) Pause Incremental GC (Collect on allocation) 36.87M->26.37M 1.376ms
[155.902s] GC(3232) Pause Incremental GC (Collect on allocation) 36.37M->26.37M 1.502ms
[155.945s] GC(3233) Pause Incremental GC (Collect on allocation) 35.87M->26.37M 1.420ms
[155.985s] GC(3234) Pause Incremental GC (Collect on allocation) 35.37M->26.37M 1.425ms
[156.022s] GC(3235) Pause Incremental GC (Collect on allocation) 34.87M->26.37M 1.472ms
[156.058s] GC(3236) Pause Incremental GC (Collect on allocation) 34.37M->26.37M 1.475ms
[156.099s] GC(3237) Pause Incremental GC (Collect on allocation) 35.37M->26.87M 1.643ms
[156.144s] GC(3238) Pause Incremental GC (Collect on allocation) 36.87M->27.37M 1.719ms
[156.191s] GC(3239) Pause Incremental GC (Collect on allocation) 38.37M->28.37M 2.260ms
[156.243s] GC(3240) Pause Incremental GC (Collect on allocation) 40.87M->29.87M 1.900ms
[156.297s] GC(3241) Pause Incremental GC (Collect on allocation) 41.87M->30.37M 1.534ms
[156.362s] GC(3242) Pause Incremental GC (Collect on allocation) 43.87M->30.37M 1.463ms
[156.423s] GC(3243) Pause Incremental GC (Collect on allocation) 43.37M->30.37M 1.475ms
[156.480s] GC(3244) Pause Incremental GC (Collect on allocation) 42.87M->30.37M 1.448ms
[156.536s] GC(3245) Pause Incremental GC (Collect on allocation) 42.37M->30.37M 1.363ms
[156.589s] GC(3246) Pause Incremental GC (Collect on allocation) 41.87M->30.37M 1.320ms
[156.641s] GC(3247) Pause Incremental GC (Collect on allocation) 41.37M->30.37M 1.382ms
[156.690s] GC(3248) Pause Incremental GC (Collect on allocation) 40.87M->30.37M 1.363ms
[156.736s] GC(3249) Pause Incremental GC (Collect on allocation) 40.37M->30.37M 1.345ms
[156.780s] GC(3250) Pause Incremental GC (Collect on allocation) 39.87M->30.37M 1.271ms
[156.821s] GC(3251) Pause Incremental GC (Collect on allocation) 39.37M->30.37M 1.350ms
[156.859s] GC(3252) Pause Incremental GC (Collect on allocation) 38.87M->30.87M 1.520ms
[156.894s] GC(3253) Pause Incremental GC (Collect on allocation) 38.87M->30.87M 1.700ms
[156.954s] GC(3254) Pause Full GC (Collect on allocation) 39.87M->26.37M 19.813ms
[156.985s] GC(3255) Pause Incremental GC (Collect on allocation) 37.37M->26.37M 1.986ms
[157.039s] GC(3256) Pause Incremental GC (Collect on allocation) 38.87M->26.37M 1.428ms
[157.093s] GC(3257) Pause Incremental GC (Collect on allocation) 38.37M->26.37M 1.378ms
[157.146s] GC(3258) Pause Incremental GC (Collect on allocation) 37.87M->26.37M 1.357ms
[157.197s] GC(3259) Pause Incremental GC (Collect on allocation) 37.37M->26.37M 1.310ms
[157.246s] GC(3260) Pause Incremental GC (Collect on allocation) 36.87M->26.37M 1.355ms
[157.293s] GC(3261) Pause Incremental GC (Collect on allocation) 36.37M->26.37M 1.359ms
[157.337s] GC(3262) Pause Incremental GC (Collect on allocation) 35.87M->26.37M 1.370ms
[157.380s] GC(3263) Pause Incremental GC (Collect on allocation) 35.37M->26.37M 1.329ms
[157.419s] GC(3264) Pause Incremental GC (Collect on allocation) 34.87M->26.37M 1.284ms
[157.454s] GC(3265) Pause Incremental GC (Collect on allocation) 34.37M->26.87M 1.371ms
[157.489s] GC(3266) Pause Incremental GC (Collect on allocation) 34.37M->26.87M 1.321ms
[157.520s] GC(3267) Pause Incremental GC (Collect on allocation) 33.87M->26.87M 1.303ms
[157.557s] GC(3268) Pause Incremental GC (Collect on allocation) 34.87M->26.87M 1.433ms
[157.598s] GC(3269) Pause Incremental GC (Collect on allocation) 35.87M->26.87M 1.486ms
[157.645s] GC(3270) Pause Incremental GC (Collect on allocation) 36.87M->26.87M 1.393ms
[157.689s] GC(3271) Pause Incremental GC (Collect on allocation) 36.37M->26.87M 1.326ms
[157.730s] GC(3272) Pause Incremental GC (Collect on allocation) 35.87M->26.87M 1.366ms
[157.767s] GC(3273) Pause Incremental GC (Collect on allocation) 35.37M->26.87M 1.327ms
[157.804s] GC(3274) Pause Incremental GC (Collect on allocation) 34.87M->26.87M 1.361ms
[157.838s] GC(3275) Pause Incremental GC (Collect on allocation) 34.37M->26.87M 1.326ms
[157.877s] GC(3276) Pause Incremental GC (Collect on allocation) 35.37M->26.87M 1.366ms
[157.919s] GC(3277) Pause Incremental GC (Collect on allocation) 36.37M->26.87M 1.314ms
[157.960s] GC(3278) Pause Incremental GC (Collect on allocation) 35.87M->26.87M 1.291ms
[158.001s] GC(3279) Pause Incremental GC (Collect on allocation) 35.37M->26.87M 1.384ms
[158.037s] GC(3280) Pause Incremental GC (Collect on allocation) 34.87M->27.37M 1.313ms
[158.070s] GC(3281) Pause Incremental GC (Collect on allocation) 34.87M->27.37M 1.282ms
[158.106s] GC(3282) Pause Incremental GC (Collect on allocation) 35.87M->27.37M 1.369ms
[158.167s] GC(3283) Pause Full GC (Collect on allocation) 36.87M->26.37M 19.063ms
[158.202s] GC(3284) Pause Incremental GC (Collect on allocation) 38.37M->26.37M 1.923ms
[158.256s] GC(3285) Pause Incremental GC (Collect on allocation) 37.87M->26.37M 1.464ms
[158.307s] GC(3286) Pause Incremental GC (Collect on allocation) 37.37M->26.37M 1.411ms
[158.355s] GC(3287) Pause Incremental GC (Collect on allocation) 36.87M->26.37M 1.374ms
[158.398s] GC(3288) Pause Incremental GC (Collect on allocation) 36.37M->26.37M 1.485ms
[158.441s] GC(3289) Pause Incremental GC (Collect on allocation) 35.87M->26.37M 1.516ms
[158.482s] GC(3290) Pause Incremental GC (Collect on allocation) 35.37M->26.37M 1.415ms
[158.521s] GC(3291) Pause Incremental GC (Collect on allocation) 34.87M->26.37M 1.311ms
[158.556s] GC(3292) Pause Incremental GC (Collect on allocation) 34.37M->26.37M 1.282ms
[158.590s] GC(3293) Pause Incremental GC (Collect on allocation) 33.87M->26.37M 1.519ms
[158.629s] GC(3294) Pause Incremental GC (Collect on allocation) 34.87M->26.37M 1.326ms
[158.671s] GC(3295) Pause Incremental GC (Collect on allocation) 35.87M->26.87M 1.348ms
[158.713s] GC(3296) Pause Incremental GC (Collect on allocation) 35.87M->26.87M 1.291ms
[158.751s] GC(3297) Pause Incremental GC (Collect on allocation) 35.37M->26.87M 1.501ms
[158.787s] GC(3298) Pause Incremental GC (Collect on allocation) 34.87M->26.87M 1.372ms
[158.828s] GC(3299) Pause Incremental GC (Collect on allocation) 35.87M->26.87M 1.394ms
[158.868s] GC(3300) Pause Incremental GC (Collect on allocation) 35.37M->26.87M 1.412ms
[158.904s] GC(3301) Pause Incremental GC (Collect on allocation) 34.87M->26.87M 1.345ms
[158.945s] GC(3302) Pause Incremental GC (Collect on allocation) 35.87M->26.87M 1.414ms
[158.984s] GC(3303) Pause Incremental GC (Collect on allocation) 35.37M->26.87M 1.656ms
[159.027s] GC(3304) Pause Incremental GC (Collect on allocation) 36.37M->26.87M 1.434ms
[159.075s] GC(3305) Pause Incremental GC (Collect on allocation) 37.37M->26.87M 1.833ms
[159.132s] GC(3306) Pause Incremental GC (Collect on allocation) 38.87M->26.87M 1.449ms
[159.185s] GC(3307) Pause Incremental GC (Collect on allocation) 38.37M->26.87M 1.457ms
[159.255s] GC(3308) Pause Full GC (Collect on allocation) 37.87M->26.37M 19.362ms
[159.281s] GC(3309) Pause Incremental GC (Collect on allocation) 36.37M->26.37M 1.777ms
[159.324s] GC(3310) Pause Incremental GC (Collect on allocation) 35.87M->26.37M 1.348ms
[159.364s] GC(3311) Pause Incremental GC (Collect on allocation) 35.37M->26.37M 1.490ms
[159.401s] GC(3312) Pause Incremental GC (Collect on allocation) 34.87M->26.37M 1.484ms
[159.444s] GC(3313) Pause Incremental GC (Collect on allocation) 35.87M->26.37M 1.329ms
[159.485s] GC(3314) Pause Incremental GC (Collect on allocation) 35.37M->26.37M 1.371ms
[159.525s] GC(3315) Pause Incremental GC (Collect on allocation) 34.87M->26.37M 1.356ms
[159.561s] GC(3316) Pause Incremental GC (Collect on allocation) 34.37M->26.37M 1.440ms
[159.602s] GC(3317) Pause Incremental GC (Collect on allocation) 35.37M->26.37M 1.377ms
[159.640s] GC(3318) Pause Incremental GC (Collect on allocation) 34.87M->26.37M 1.372ms
[159.684s] GC(3319) Pause Incremental GC (Collect on allocation) 35.87M->26.37M 1.425ms
[159.725s] GC(3320) Pause Incremental GC (Collect on allocation) 35.37M->26.37M 1.392ms
[159.761s] GC(3321) Pause Incremental GC (Collect on allocation) 34.87M->26.87M 1.357ms
[159.805s] GC(3322) Pause Incremental GC (Collect on allocation) 36.37M->26.87M 1.308ms
[159.848s] GC(3323) Pause Incremental GC (Collect on allocation) 35.87M->26.87M 1.328ms
[159.887s] GC(3324) Pause Incremental GC (Collect on allocation) 35.37M->26.87M 1.244ms
[159.924s] GC(3325) Pause Incremental GC (Collect on allocation) 34.87M->26.87M 1.430ms
[159.958s] GC(3326) Pause Incremental GC (Collect on allocation) 34.37M->26.87M 1.417ms
[159.997s] GC(3327) Pause Incremental GC (Collect on allocation) 35.37M->26.87M 1.330ms
[160.040s] GC(3328) Pause Incremental GC (Collect on allocation) 36.37M->26.87M 1.381ms
[160.082s] GC(3329) Pause Incremental GC (Collect on allocation) 35.87M->26.87M 1.398ms
[160.119s] GC(3330) Pause Incremental GC (Collect on allocation) 35.37M->26.87M 1.386ms
[160.154s] GC(3331) Pause Incremental GC (Collect on allocation) 34.87M->26.87M 1.409ms
[160.196s] GC(3332) Pause Incremental GC (Collect on allocation) 35.87M->26.87M 1.299ms
[160.235s] GC(3333) Pause Incremental GC (Collect on allocation) 35.37M->26.87M 1.387ms
[160.271s] GC(3334) Pause Incremental GC (Collect on allocation) 34.87M->26.87M 1.377ms
[160.312s] GC(3335) Pause Incremental GC (Collect on allocation) 35.87M->27.37M 1.400ms
[160.374s] GC(3336) Pause Full GC (Collect on allocation) 37.37M->26.37M 19.246ms
[160.395s] GC(3337) Pause Incremental GC (Collect on allocation) 35.37M->26.37M 1.714ms
[160.442s] GC(3338) Pause Incremental GC (Collect on allocation) 36.37M->26.37M 1.473ms
[160.493s] GC(3339) Pause Incremental GC (Collect on allocation) 37.37M->26.37M 1.528ms
[160.542s] GC(3340) Pause Incremental GC (Collect on allocation) 36.87M->26.37M 1.486ms
[160.589s] GC(3341) Pause Incremental GC (Collect on allocation) 36.37M->26.37M 1.361ms
[160.631s] GC(3342) Pause Incremental GC (Collect on allocation) 35.87M->26.37M 1.382ms
[160.673s] GC(3343) Pause Incremental GC (Collect on allocation) 35.37M->26.37M 1.467ms
[160.712s] GC(3344) Pause Incremental GC (Collect on allocation) 34.87M->26.37M 1.433ms
[160.749s] GC(3345) Pause Incremental GC (Collect on allocation) 34.37M->26.37M 1.333ms
[160.784s] GC(3346) Pause Incremental GC (Collect on allocation) 33.87M->26.37M 1.314ms
[160.816s] GC(3347) Pause Incremental GC (Collect on allocation) 33.37M->26.87M 1.379ms
[160.852s] GC(3348) Pause Incremental GC (Collect on allocation) 34.87M->26.87M 1.272ms
[160.893s] GC(3349) Pause Incremental GC (Collect on allocation) 35.87M->26.87M 1.281ms
[160.940s] GC(3350) Pause Incremental GC (Collect on allocation) 36.87M->26.87M 1.310ms
[160.984s] GC(3351) Pause Incremental GC (Collect on allocation) 36.37M->26.87M 1.379ms
[161.024s] GC(3352) Pause Incremental GC (Collect on allocation) 35.87M->26.87M 1.501ms
[161.061s] GC(3353) Pause Incremental GC (Collect on allocation) 35.37M->26.87M 1.760ms
[161.102s] GC(3354) Pause Incremental GC (Collect on allocation) 36.37M->26.87M 1.373ms
[161.149s] GC(3355) Pause Incremental GC (Collect on allocation) 37.37M->26.87M 1.454ms
[161.203s] GC(3356) Pause Incremental GC (Collect on allocation) 38.87M->26.87M 1.508ms
[161.257s] GC(3357) Pause Incremental GC (Collect on allocation) 38.37M->26.87M 1.428ms
[161.307s] GC(3358) Pause Incremental GC (Collect on allocation) 37.87M->26.87M 1.495ms
[161.356s] GC(3359) Pause Incremental GC (Collect on allocation) 37.37M->26.87M 1.298ms
[161.402s] GC(3360) Pause Incremental GC (Collect on allocation) 36.87M->27.37M 1.581ms
[161.445s] GC(3361) Pause Incremental GC (Collect on allocation) 36.87M->27.37M 1.417ms
[161.486s] GC(3362) Pause Incremental GC (Collect on allocation) 36.37M->27.37M 1.379ms
[161.541s] GC(3363) Pause Full GC (Collect on allocation) 35.87M->26.37M 19.556ms
[161.554s] GC(3364) Pause Incremental GC (Collect on allocation) 33.87M->26.37M 1.759ms
[161.592s] GC(3365) Pause Incremental GC (Collect on allocation) 34.87M->26.37M 1.498ms
[161.635s] GC(3366) Pause Incremental GC (Collect on allocation) 35.87M->26.37M 1.306ms
[161.683s] GC(3367) Pause Incremental GC (Collect on allocation) 36.87M->26.37M 1.444ms
[161.738s] GC(3368) Pause Incremental GC (Collect on allocation) 38.37M->26.37M 1.305ms
[161.793s] GC(3369) Pause Incremental GC (Collect on allocation) 37.87M->26.37M 1.433ms
[161.844s] GC(3370) Pause Incremental GC (Collect on allocation) 37.37M->26.37M 1.426ms
[161.892s] GC(3371) Pause Incremental GC (Collect on allocation) 36.87M->26.37M 1.598ms
[161.939s] GC(3372) Pause Incremental GC (Collect on allocation) 36.37M->26.37M 1.389ms
[161.983s] GC(3373) Pause Incremental GC (Collect on allocation) 35.87M->26.37M 1.598ms
[162.025s] GC(3374) Pause Incremental GC (Collect on allocation) 35.37M->26.37M 1.781ms
[162.065s] GC(3375) Pause Incremental GC (Collect on allocation) 34.87M->26.37M 1.369ms
[162.103s] GC(3376) Pause Incremental GC (Collect on allocation) 34.37M->26.37M 1.297ms
[162.136s] GC(3377) Pause Incremental GC (Collect on allocation) 33.87M->26.37M 1.266ms
[162.176s] GC(3378) Pause Incremental GC (Collect on allocation) 34.87M->26.87M 1.359ms
[162.213s] GC(3379) Pause Incremental GC (Collect on allocation) 34.87M->26.87M 1.321ms
[162.247s] GC(3380) Pause Incremental GC (Collect on allocation) 34.37M->26.87M 1.247ms
[162.285s] GC(3381) Pause Incremental GC (Collect on allocation) 35.37M->26.87M 1.342ms
[162.329s] GC(3382) Pause Incremental GC (Collect on allocation) 36.37M->26.87M 1.372ms
[162.371s] GC(3383) Pause Incremental GC (Collect on allocation) 35.87M->26.87M 1.359ms
[162.409s] GC(3384) Pause Incremental GC (Collect on allocation) 35.37M->26.87M 1.490ms
[162.445s] GC(3385) Pause Incremental GC (Collect on allocation) 34.87M->26.87M 1.384ms
[162.486s] GC(3386) Pause Incremental GC (Collect on allocation) 35.87M->26.87M 1.348ms
[162.526s] GC(3387) Pause Incremental GC (Collect on allocation) 35.37M->26.87M 1.422ms
[162.562s] GC(3388) Pause Incremental GC (Collect on allocation) 34.87M->26.87M 1.279ms
[162.597s] GC(3389) Pause Incremental GC (Collect on allocation) 34.37M->26.87M 1.296ms
[162.635s] GC(3390) Pause Incremental GC (Collect on allocation) 35.37M->26.87M 1.427ms
[162.696s] GC(3391) Pause Full GC (Collect on allocation) 36.37M->26.37M 18.543ms
[162.717s] GC(3392) Pause Incremental GC (Collect on allocation) 34.87M->26.37M 1.751ms
[162.759s] GC(3393) Pause Incremental GC (Collect on allocation) 35.87M->26.37M 1.299ms
[162.809s] GC(3394) Pause Incremental GC (Collect on allocation) 36.87M->26.37M 1.379ms
[162.855s] GC(3395) Pause Incremental GC (Collect on allocation) 36.37M->26.37M 1.321ms
[162.897s] GC(3396) Pause Incremental GC (Collect on allocation) 35.87M->26.37M 1.359ms
[162.939s] GC(3397) Pause Incremental GC (Collect on allocation) 35.37M->26.37M 1.394ms
[162.976s] GC(3398) Pause Incremental GC (Collect on allocation) 34.87M->26.37M 1.468ms
[163.012s] GC(3399) Pause Incremental GC (Collect on allocation) 34.37M->26.37M 1.389ms
[163.045s] GC(3400) Pause Incremental GC (Collect on allocation) 33.87M->26.37M 1.466ms
[163.083s] GC(3401) Pause Incremental GC (Collect on allocation) 34.87M->26.37M 1.399ms
[163.127s] GC(3402) Pause Incremental GC (Collect on allocation) 35.87M->26.87M 1.298ms
[163.176s] GC(3403) Pause Incremental GC (Collect on allocation) 37.37M->26.87M 1.434ms
[163.223s] GC(3404) Pause Incremental GC (Collect on allocation) 36.87M->26.87M 1.312ms
[163.267s] GC(3405) Pause Incremental GC (Collect on allocation) 36.37M->26.87M 1.735ms
[163.309s] GC(3406) Pause Incremental GC (Collect on allocation) 35.87M->26.87M 1.363ms
[163.348s] GC(3407) Pause Incremental GC (Collect on allocation) 35.37M->26.87M 1.301ms
[163.385s] GC(3408) Pause Incremental GC (Collect on allocation) 34.87M->26.87M 1.336ms
[163.419s] GC(3409) Pause Incremental GC (Collect on allocation) 34.37M->26.87M 1.349ms
[163.450s] GC(3410) Pause Incremental GC (Collect on allocation) 33.87M->26.87M 1.370ms
[163.487s] GC(3411) Pause Incremental GC (Collect on allocation) 34.87M->26.87M 1.353ms
[163.527s] GC(3412) Pause Incremental GC (Collect on allocation) 35.87M->26.87M 1.308ms
[163.574s] GC(3413) Pause Incremental GC (Collect on allocation) 36.87M->26.87M 1.404ms
[163.617s] GC(3414) Pause Incremental GC (Collect on allocation) 36.37M->26.87M 1.414ms
[163.659s] GC(3415) Pause Incremental GC (Collect on allocation) 35.87M->26.87M 1.280ms
[163.696s] GC(3416) Pause Incremental GC (Collect on allocation) 35.37M->26.87M 1.326ms
[163.734s] GC(3417) Pause Incremental GC (Collect on allocation) 34.87M->26.87M 1.500ms
[163.768s] GC(3418) Pause Incremental GC (Collect on allocation) 34.37M->26.87M 1.296ms
[163.825s] GC(3419) Pause Full GC (Collect on allocation) 35.37M->26.37M 20.152ms
[163.853s] GC(3420) Pause Incremental GC (Collect on allocation) 36.87M->26.37M 2.422ms
[163.896s] GC(3421) Pause Incremental GC (Collect on allocation) 36.37M->26.37M 1.447ms
[163.940s] GC(3422) Pause Incremental GC (Collect on allocation) 35.87M->26.37M 1.331ms
[163.982s] GC(3423) Pause Incremental GC (Collect on allocation) 35.37M->26.37M 1.464ms
[164.021s] GC(3424) Pause Incremental GC (Collect on allocation) 34.87M->26.37M 1.426ms
[164.057s] GC(3425) Pause Incremental GC (Collect on allocation) 34.37M->26.37M 1.434ms
[164.091s] GC(3426) Pause Incremental GC (Collect on allocation) 33.87M->26.37M 1.553ms
[164.130s] GC(3427) Pause Incremental GC (Collect on allocation) 34.87M->26.37M 1.412ms
[164.174s] GC(3428) Pause Incremental GC (Collect on allocation) 35.87M->26.37M 1.354ms
[164.223s] GC(3429) Pause Incremental GC (Collect on allocation) 36.87M->26.37M 1.275ms
[164.270s] GC(3430) Pause Incremental GC (Collect on allocation) 36.37M->26.37M 1.866ms
[164.321s] GC(3431) Pause Incremental GC (Collect on allocation) 37.37M->26.37M 1.391ms
[164.371s] GC(3432) Pause Incremental GC (Collect on allocation) 36.87M->26.37M 1.423ms
[164.416s] GC(3433) Pause Incremental GC (Collect on allocation) 36.37M->26.87M 1.644ms
[164.460s] GC(3434) Pause Incremental GC (Collect on allocation) 36.37M->26.87M 1.292ms
[164.502s] GC(3435) Pause Incremental GC (Collect on allocation) 35.87M->26.87M 1.362ms
[164.542s] GC(3436) Pause Incremental GC (Collect on allocation) 35.37M->26.87M 1.309ms
[164.577s] GC(3437) Pause Incremental GC (Collect on allocation) 34.87M->26.87M 1.378ms
[164.611s] GC(3438) Pause Incremental GC (Collect on allocation) 34.37M->26.87M 1.347ms
[164.649s] GC(3439) Pause Incremental GC (Collect on allocation) 35.37M->26.87M 1.459ms
[164.694s] GC(3440) Pause Incremental GC (Collect on allocation) 36.37M->26.87M 1.322ms
[164.735s] GC(3441) Pause Incremental GC (Collect on allocation) 35.87M->26.87M 1.324ms
[164.776s] GC(3442) Pause Incremental GC (Collect on allocation) 35.37M->26.87M 1.260ms
[164.809s] GC(3443) Pause Incremental GC (Collect on allocation) 34.87M->26.87M 1.414ms
[164.849s] GC(3444) Pause Incremental GC (Collect on allocation) 35.87M->26.87M 1.433ms
[164.897s] GC(3445) Pause Incremental GC (Collect on allocation) 36.87M->26.87M 1.574ms
[164.964s] GC(3446) Pause Full GC (Collect on allocation) 37.87M->26.37M 18.508ms
[164.987s] GC(3447) Pause Incremental GC (Collect on allocation) 36.37M->26.37M 1.857ms
[165.039s] GC(3448) Pause Incremental GC (Collect on allocation) 37.37M->26.37M 1.300ms
[165.087s] GC(3449) Pause Incremental GC (Collect on allocation) 36.87M->26.37M 1.438ms
[165.135s] GC(3450) Pause Incremental GC (Collect on allocation) 36.37M->26.37M 1.313ms
[165.178s] GC(3451) Pause Incremental GC (Collect on allocation) 35.87M->26.37M 1.293ms
[165.220s] GC(3452) Pause Incremental GC (Collect on allocation) 35.37M->26.37M 1.361ms
[165.258s] GC(3453) Pause Incremental GC (Collect on allocation) 34.87M->26.37M 1.389ms
[165.295s] GC(3454) Pause Incremental GC (Collect on allocation) 34.37M->26.37M 1.301ms
[165.329s] GC(3455) Pause Incremental GC (Collect on allocation) 33.87M->26.37M 1.397ms
[165.360s] GC(3456) Pause Incremental GC (Collect on allocation) 33.37M->26.37M 1.313ms
[165.396s] GC(3457) Pause Incremental GC (Collect on allocation) 34.37M->26.37M 1.238ms
[165.437s] GC(3458) Pause Incremental GC (Collect on allocation) 35.37M->26.37M 1.300ms
[165.484s] GC(3459) Pause Incremental GC (Collect on allocation) 36.37M->26.37M 1.297ms
[165.529s] GC(3460) Pause Incremental GC (Collect on allocation) 35.87M->26.37M 1.414ms
[165.569s] GC(3461) Pause Incremental GC (Collect on allocation) 35.37M->26.87M 1.360ms
[165.606s] GC(3462) Pause Incremental GC (Collect on allocation) 35.37M->26.87M 1.356ms
[165.643s] GC(3463) Pause Incremental GC (Collect on allocation) 34.87M->26.87M 1.364ms
[165.676s] GC(3464) Pause Incremental GC (Collect on allocation) 34.37M->26.87M 1.333ms
[165.715s] GC(3465) Pause Incremental GC (Collect on allocation) 35.37M->26.87M 1.390ms
[165.758s] GC(3466) Pause Incremental GC (Collect on allocation) 36.37M->26.87M 1.555ms
[165.807s] GC(3467) Pause Incremental GC (Collect on allocation) 37.37M->26.87M 1.383ms
[165.854s] GC(3468) Pause Incremental GC (Collect on allocation) 36.87M->26.87M 1.321ms
[165.899s] GC(3469) Pause Incremental GC (Collect on allocation) 36.37M->26.87M 1.339ms
[165.941s] GC(3470) Pause Incremental GC (Collect on allocation) 35.87M->26.87M 1.339ms
[165.980s] GC(3471) Pause Incremental GC (Collect on allocation) 35.37M->26.87M 1.255ms
[166.017s] GC(3472) Pause Incremental GC (Collect on allocation) 34.87M->26.87M 1.345ms
[166.051s] GC(3473) Pause Incremental GC (Collect on allocation) 34.37M->26.87M 1.492ms
[166.110s] GC(3474) Pause Full GC (Collect on allocation) 35.37M->26.37M 20.757ms
[166.138s] GC(3475) Pause Incremental GC (Collect on allocation) 36.87M->26.37M 1.675ms
[166.194s] GC(3476) Pause Incremental GC (Collect on allocation) 38.37M->26.37M 1.383ms
[166.247s] GC(3477) Pause Incremental GC (Collect on allocation) 37.87M->26.37M 1.426ms
[166.298s] GC(3478) Pause Incremental GC (Collect on allocation) 37.37M->26.37M 1.384ms
[166.346s] GC(3479) Pause Incremental GC (Collect on allocation) 36.87M->26.37M 1.300ms
[166.393s] GC(3480) Pause Incremental GC (Collect on allocation) 36.37M->26.37M 1.364ms
[166.437s] GC(3481) Pause Incremental GC (Collect on allocation) 35.87M->26.37M 1.375ms
[166.480s] GC(3482) Pause Incremental GC (Collect on allocation) 35.37M->26.37M 1.434ms
[166.518s] GC(3483) Pause Incremental GC (Collect on allocation) 34.87M->26.37M 1.400ms
[166.555s] GC(3484) Pause Incremental GC (Collect on allocation) 34.37M->26.37M 1.356ms
[166.589s] GC(3485) Pause Incremental GC (Collect on allocation) 33.87M->26.37M 1.413ms
[166.627s] GC(3486) Pause Incremental GC (Collect on allocation) 34.87M->26.87M 1.325ms
[166.672s] GC(3487) Pause Incremental GC (Collect on allocation) 36.37M->26.87M 1.252ms
[166.711s] GC(3488) Pause Incremental GC (Collect on allocation) 35.87M->26.87M 1.377ms
[166.751s] GC(3489) Pause Incremental GC (Collect on allocation) 35.37M->26.87M 1.383ms
[166.788s] GC(3490) Pause Incremental GC (Collect on allocation) 34.87M->26.87M 1.294ms
[166.822s] GC(3491) Pause Incremental GC (Collect on allocation) 34.37M->26.87M 1.271ms
[166.861s] GC(3492) Pause Incremental GC (Collect on allocation) 35.37M->26.87M 1.393ms
[166.905s] GC(3493) Pause Incremental GC (Collect on allocation) 36.37M->26.87M 1.337ms
[166.947s] GC(3494) Pause Incremental GC (Collect on allocation) 35.87M->26.87M 1.445ms
[166.986s] GC(3495) Pause Incremental GC (Collect on allocation) 35.37M->26.87M 1.335ms
[167.024s] GC(3496) Pause Incremental GC (Collect on allocation) 34.87M->26.87M 1.401ms
[167.057s] GC(3497) Pause Incremental GC (Collect on allocation) 34.37M->26.87M 1.371ms
[167.096s] GC(3498) Pause Incremental GC (Collect on allocation) 35.37M->26.87M 1.447ms
[167.138s] GC(3499) Pause Incremental GC (Collect on allocation) 36.37M->26.87M 1.380ms
[167.186s] GC(3500) Pause Incremental GC (Collect on allocation) 37.37M->26.87M 1.462ms
[167.253s] GC(3501) Pause Full GC (Collect on allocation) 36.87M->26.37M 22.334ms
[167.287s] GC(3502) Pause Incremental GC (Collect on allocation) 38.87M->26.37M 1.880ms
[167.342s] GC(3503) Pause Incremental GC (Collect on allocation) 38.37M->26.37M 1.332ms
[167.395s] GC(3504) Pause Incremental GC (Collect on allocation) 37.87M->26.37M 1.385ms
[167.447s] GC(3505) Pause Incremental GC (Collect on allocation) 37.37M->26.37M 1.323ms
[167.495s] GC(3506) Pause Incremental GC (Collect on allocation) 36.87M->26.37M 1.427ms
[167.538s] GC(3507) Pause Incremental GC (Collect on allocation) 36.37M->26.37M 1.395ms
[167.582s] GC(3508) Pause Incremental GC (Collect on allocation) 35.87M->26.37M 1.362ms
[167.623s] GC(3509) Pause Incremental GC (Collect on allocation) 35.37M->26.37M 1.370ms
[167.662s] GC(3510) Pause Incremental GC (Collect on allocation) 34.87M->26.37M 1.391ms
[167.699s] GC(3511) Pause Incremental GC (Collect on allocation) 34.37M->26.37M 1.448ms
[167.733s] GC(3512) Pause Incremental GC (Collect on allocation) 33.87M->26.87M 1.389ms
[167.772s] GC(3513) Pause Incremental GC (Collect on allocation) 35.37M->26.87M 1.292ms
[167.815s] GC(3514) Pause Incremental GC (Collect on allocation) 36.37M->26.87M 1.350ms
[167.856s] GC(3515) Pause Incremental GC (Collect on allocation) 35.87M->26.87M 1.334ms
[167.894s] GC(3516) Pause Incremental GC (Collect on allocation) 35.37M->26.87M 1.381ms
[167.930s] GC(3517) Pause Incremental GC (Collect on allocation) 34.87M->26.87M 1.317ms
[167.974s] GC(3518) Pause Incremental GC (Collect on allocation) 35.87M->26.87M 1.376ms
[168.012s] GC(3519) Pause Incremental GC (Collect on allocation) 35.37M->26.87M 1.463ms
[168.056s] GC(3520) Pause Incremental GC (Collect on allocation) 36.37M->26.87M 1.377ms
[168.096s] GC(3521) Pause Incremental GC (Collect on allocation) 35.87M->26.87M 1.346ms
[168.135s] GC(3522) Pause Incremental GC (Collect on allocation) 35.37M->26.87M 1.315ms
[168.170s] GC(3523) Pause Incremental GC (Collect on allocation) 34.87M->26.87M 1.630ms
[168.212s] GC(3524) Pause Incremental GC (Collect on allocation) 35.87M->26.87M 1.355ms
[168.257s] GC(3525) Pause Incremental GC (Collect on allocation) 36.87M->26.87M 1.373ms
[168.307s] GC(3526) Pause Incremental GC (Collect on allocation) 37.87M->27.37M 1.541ms
[168.356s] GC(3527) Pause Incremental GC (Collect on allocation) 37.87M->27.37M 1.424ms
[168.403s] GC(3528) Pause Incremental GC (Collect on allocation) 37.37M->27.37M 1.398ms
[168.448s] GC(3529) Pause Incremental GC (Collect on allocation) 36.87M->27.37M 1.279ms
[168.489s] GC(3530) Pause Incremental GC (Collect on allocation) 36.37M->27.37M 1.332ms
[168.546s] GC(3531) Pause Full GC (Collect on allocation) 35.87M->26.37M 19.186ms
[168.560s] GC(3532) Pause Incremental GC (Collect on allocation) 33.87M->26.37M 1.718ms
[168.599s] GC(3533) Pause Incremental GC (Collect on allocation) 34.87M->26.37M 1.305ms
[168.642s] GC(3534) Pause Incremental GC (Collect on allocation) 35.87M->26.37M 1.344ms
[168.690s] GC(3535) Pause Incremental GC (Collect on allocation) 36.87M->26.37M 1.341ms
[168.736s] GC(3536) Pause Incremental GC (Collect on allocation) 36.37M->26.37M 1.410ms
[168.781s] GC(3537) Pause Incremental GC (Collect on allocation) 35.87M->26.37M 1.367ms
[168.823s] GC(3538) Pause Incremental GC (Collect on allocation) 35.37M->26.37M 1.434ms
[168.862s] GC(3539) Pause Incremental GC (Collect on allocation) 34.87M->26.37M 1.373ms
[168.899s] GC(3540) Pause Incremental GC (Collect on allocation) 34.37M->26.37M 1.368ms
[168.932s] GC(3541) Pause Incremental GC (Collect on allocation) 33.87M->26.37M 1.377ms
[168.971s] GC(3542) Pause Incremental GC (Collect on allocation) 34.87M->26.87M 1.350ms
[169.013s] GC(3543) Pause Incremental GC (Collect on allocation) 36.37M->26.87M 1.345ms
[169.054s] GC(3544) Pause Incremental GC (Collect on allocation) 35.87M->26.87M 1.464ms
[169.093s] GC(3545) Pause Incremental GC (Collect on allocation) 35.37M->26.87M 1.298ms
[169.130s] GC(3546) Pause Incremental GC (Collect on allocation) 34.87M->26.87M 1.325ms
[169.165s] GC(3547) Pause Incremental GC (Collect on allocation) 34.37M->26.87M 1.331ms
[169.202s] GC(3548) Pause Incremental GC (Collect on allocation) 35.37M->26.87M 1.323ms
[169.247s] GC(3549) Pause Incremental GC (Collect on allocation) 36.37M->26.87M 1.375ms
[169.286s] GC(3550) Pause Incremental GC (Collect on allocation) 35.87M->26.87M 1.426ms
[169.325s] GC(3551) Pause Incremental GC (Collect on allocation) 35.37M->26.87M 1.449ms
[169.370s] GC(3552) Pause Incremental GC (Collect on allocation) 36.37M->27.37M 1.484ms
[169.416s] GC(3553) Pause Incremental GC (Collect on allocation) 37.87M->27.37M 1.702ms
[169.469s] GC(3554) Pause Incremental GC (Collect on allocation) 39.37M->27.87M 1.784ms
[169.537s] GC(3555) Pause Full GC (Collect on allocation) 39.37M->24.37M 20.168ms
[169.560s] GC(3556) Pause Incremental GC (Collect on allocation) 34.87M->25.37M 2.642ms
[169.603s] GC(3557) Pause Incremental GC (Collect on allocation) 35.37M->26.37M 1.786ms
[169.646s] GC(3558) Pause Incremental GC (Collect on allocation) 35.87M->26.37M 1.357ms
[169.686s] GC(3559) Pause Incremental GC (Collect on allocation) 35.37M->26.37M 1.287ms
[169.724s] GC(3560) Pause Incremental GC (Collect on allocation) 34.87M->26.37M 1.345ms
[169.761s] GC(3561) Pause Incremental GC (Collect on allocation) 34.37M->26.37M 1.300ms
[169.795s] GC(3562) Pause Incremental GC (Collect on allocation) 33.87M->26.37M 1.408ms
[169.826s] GC(3563) Pause Incremental GC (Collect on allocation) 33.37M->26.37M 1.470ms
[169.855s] GC(3564) Pause Incremental GC (Collect on allocation) 32.87M->26.37M 1.278ms
[169.882s] GC(3565) Pause Incremental GC (Collect on allocation) 32.37M->26.87M 1.308ms
[169.911s] GC(3566) Pause Incremental GC (Collect on allocation) 33.87M->26.87M 1.331ms
[169.947s] GC(3567) Pause Incremental GC (Collect on allocation) 34.87M->26.87M 1.277ms
[169.989s] GC(3568) Pause Incremental GC (Collect on allocation) 35.87M->26.87M 1.293ms
[170.034s] GC(3569) Pause Incremental GC (Collect on allocation) 36.87M->26.87M 1.390ms
[170.085s] GC(3570) Pause Incremental GC (Collect on allocation) 37.87M->26.87M 1.387ms
[170.142s] GC(3571) Pause Incremental GC (Collect on allocation) 39.37M->26.87M 1.371ms
[170.198s] GC(3572) Pause Incremental GC (Collect on allocation) 38.87M->26.87M 1.370ms
[170.253s] GC(3573) Pause Incremental GC (Collect on allocation) 38.37M->26.87M 1.354ms
[170.304s] GC(3574) Pause Incremental GC (Collect on allocation) 37.87M->26.87M 1.425ms
[170.351s] GC(3575) Pause Incremental GC (Collect on allocation) 37.37M->26.87M 1.422ms
[170.396s] GC(3576) Pause Incremental GC (Collect on allocation) 36.87M->27.37M 1.452ms
[170.439s] GC(3577) Pause Incremental GC (Collect on allocation) 36.87M->27.37M 1.376ms
[170.481s] GC(3578) Pause Incremental GC (Collect on allocation) 36.37M->27.37M 1.324ms
[170.519s] GC(3579) Pause Incremental GC (Collect on allocation) 35.87M->27.37M 1.381ms
[170.555s] GC(3580) Pause Incremental GC (Collect on allocation) 35.37M->27.37M 1.233ms
[170.590s] GC(3581) Pause Incremental GC (Collect on allocation) 34.87M->27.37M 1.317ms
[170.623s] GC(3582) Pause Incremental GC (Collect on allocation) 34.37M->27.37M 1.209ms
[170.660s] GC(3583) Pause Incremental GC (Collect on allocation) 35.37M->27.37M 1.265ms
[170.702s] GC(3584) Pause Incremental GC (Collect on allocation) 36.37M->27.37M 1.293ms
[170.740s] GC(3585) Pause Incremental GC (Collect on allocation) 35.87M->27.37M 1.359ms
[170.795s] GC(3586) Pause Full GC (Collect on allocation) 35.37M->26.37M 19.064ms
[170.807s] GC(3587) Pause Incremental GC (Collect on allocation) 33.37M->26.37M 1.669ms
[170.842s] GC(3588) Pause Incremental GC (Collect on allocation) 34.37M->26.37M 1.260ms
[170.884s] GC(3589) Pause Incremental GC (Collect on allocation) 35.37M->26.37M 1.417ms
[170.931s] GC(3590) Pause Incremental GC (Collect on allocation) 36.37M->26.37M 1.349ms
[170.983s] GC(3591) Pause Incremental GC (Collect on allocation) 37.37M->26.37M 1.421ms
[171.031s] GC(3592) Pause Incremental GC (Collect on allocation) 36.87M->26.37M 1.426ms
[171.077s] GC(3593) Pause Incremental GC (Collect on allocation) 36.37M->26.37M 1.353ms
[171.120s] GC(3594) Pause Incremental GC (Collect on allocation) 35.87M->26.37M 1.301ms
[171.161s] GC(3595) Pause Incremental GC (Collect on allocation) 35.37M->26.37M 1.380ms
[171.199s] GC(3596) Pause Incremental GC (Collect on allocation) 34.87M->26.37M 1.411ms
[171.236s] GC(3597) Pause Incremental GC (Collect on allocation) 34.37M->26.37M 1.389ms
[171.270s] GC(3598) Pause Incremental GC (Collect on allocation) 33.87M->26.37M 1.455ms
[171.309s] GC(3599) Pause Incremental GC (Collect on allocation) 34.87M->26.37M 1.417ms
[171.353s] GC(3600) Pause Incremental GC (Collect on allocation) 35.87M->26.37M 1.282ms
[171.393s] GC(3601) Pause Incremental GC (Collect on allocation) 35.37M->26.87M 1.354ms
[171.433s] GC(3602) Pause Incremental GC (Collect on allocation) 35.37M->26.87M 1.437ms
[171.477s] GC(3603) Pause Incremental GC (Collect on allocation) 36.37M->26.87M 1.315ms
[171.516s] GC(3604) Pause Incremental GC (Collect on allocation) 35.87M->26.87M 1.417ms
[171.555s] GC(3605) Pause Incremental GC (Collect on allocation) 35.37M->26.87M 1.330ms
[171.593s] GC(3606) Pause Incremental GC (Collect on allocation) 34.87M->26.87M 1.429ms
[171.626s] GC(3607) Pause Incremental GC (Collect on allocation) 34.37M->26.87M 1.309ms
[171.666s] GC(3608) Pause Incremental GC (Collect on allocation) 35.37M->26.87M 1.467ms
[171.707s] GC(3609) Pause Incremental GC (Collect on allocation) 36.37M->26.87M 1.432ms
[171.757s] GC(3610) Pause Incremental GC (Collect on allocation) 37.37M->26.87M 1.282ms
[171.803s] GC(3611) Pause Incremental GC (Collect on allocation) 36.87M->26.87M 1.272ms
[171.847s] GC(3612) Pause Incremental GC (Collect on allocation) 36.37M->26.87M 1.286ms
[171.887s] GC(3613) Pause Incremental GC (Collect on allocation) 35.87M->26.87M 1.423ms
[171.926s] GC(3614) Pause Incremental GC (Collect on allocation) 35.37M->26.87M 1.357ms
[171.963s] GC(3615) Pause Incremental GC (Collect on allocation) 34.87M->26.87M 1.300ms
[172.016s] GC(3616) Pause Full GC (Collect on allocation) 34.37M->26.37M 19.513ms
[172.030s] GC(3617) Pause Incremental GC (Collect on allocation) 32.87M->26.37M 2.189ms
[172.059s] GC(3618) Pause Incremental GC (Collect on allocation) 33.87M->26.87M 1.533ms
[172.098s] GC(3619) Pause Incremental GC (Collect on allocation) 35.37M->26.87M 1.301ms
[172.141s] GC(3620) Pause Incremental GC (Collect on allocation) 36.37M->26.87M 1.409ms
[172.189s] GC(3621) Pause Incremental GC (Collect on allocation) 37.37M->26.87M 1.358ms
[172.244s] GC(3622) Pause Incremental GC (Collect on allocation) 38.87M->26.87M 1.373ms
[172.298s] GC(3623) Pause Incremental GC (Collect on allocation) 38.37M->26.87M 1.376ms
[172.350s] GC(3624) Pause Incremental GC (Collect on allocation) 37.87M->26.87M 1.476ms
[172.398s] GC(3625) Pause Incremental GC (Collect on allocation) 37.37M->26.87M 1.351ms
[172.442s] GC(3626) Pause Incremental GC (Collect on allocation) 36.87M->26.87M 1.376ms
[172.485s] GC(3627) Pause Incremental GC (Collect on allocation) 36.37M->26.87M 1.290ms
[172.525s] GC(3628) Pause Incremental GC (Collect on allocation) 35.87M->26.87M 1.509ms
[172.565s] GC(3629) Pause Incremental GC (Collect on allocation) 35.37M->26.87M 1.417ms
[172.602s] GC(3630) Pause Incremental GC (Collect on allocation) 34.87M->26.87M 1.370ms
[172.636s] GC(3631) Pause Incremental GC (Collect on allocation) 34.37M->26.87M 1.331ms
[172.669s] GC(3632) Pause Incremental GC (Collect on allocation) 33.87M->26.87M 1.716ms
[172.704s] GC(3633) Pause Incremental GC (Collect on allocation) 34.87M->27.37M 1.792ms
[172.746s] GC(3634) Pause Incremental GC (Collect on allocation) 36.37M->27.37M 1.664ms
[172.793s] GC(3635) Pause Incremental GC (Collect on allocation) 37.37M->27.37M 1.703ms
[172.844s] GC(3636) Pause Incremental GC (Collect on allocation) 38.37M->27.37M 1.284ms
[172.902s] GC(3637) Pause Incremental GC (Collect on allocation) 39.87M->27.37M 1.857ms
[172.966s] GC(3638) Pause Incremental GC (Collect on allocation) 41.37M->27.37M 1.529ms
[173.029s] GC(3639) Pause Incremental GC (Collect on allocation) 40.87M->27.37M 1.874ms
[173.089s] GC(3640) Pause Incremental GC (Collect on allocation) 40.37M->27.37M 1.424ms
[173.161s] GC(3641) Pause Full GC (Collect on allocation) 39.87M->26.37M 18.100ms
[173.194s] GC(3642) Pause Incremental GC (Collect on allocation) 37.87M->26.37M 1.780ms
[173.245s] GC(3643) Pause Incremental GC (Collect on allocation) 37.37M->26.37M 1.326ms
[173.293s] GC(3644) Pause Incremental GC (Collect on allocation) 36.87M->26.37M 1.469ms
[173.339s] GC(3645) Pause Incremental GC (Collect on allocation) 36.37M->26.37M 1.344ms
[173.382s] GC(3646) Pause Incremental GC (Collect on allocation) 35.87M->26.37M 1.391ms
[173.425s] GC(3647) Pause Incremental GC (Collect on allocation) 35.37M->26.37M 1.473ms
[173.464s] GC(3648) Pause Incremental GC (Collect on allocation) 34.87M->26.37M 1.354ms
[173.498s] GC(3649) Pause Incremental GC (Collect on allocation) 34.37M->26.37M 1.431ms
[173.532s] GC(3650) Pause Incremental GC (Collect on allocation) 33.87M->26.37M 1.404ms
[173.572s] GC(3651) Pause Incremental GC (Collect on allocation) 34.87M->26.37M 1.278ms
[173.608s] GC(3652) Pause Incremental GC (Collect on allocation) 34.37M->26.37M 1.362ms
[173.647s] GC(3653) Pause Incremental GC (Collect on allocation) 35.37M->26.37M 1.333ms
[173.688s] GC(3654) Pause Incremental GC (Collect on allocation) 34.87M->26.37M 1.747ms
[173.731s] GC(3655) Pause Incremental GC (Collect on allocation) 35.87M->26.37M 1.266ms
[173.781s] GC(3656) Pause Incremental GC (Collect on allocation) 36.87M->26.37M 1.271ms
[173.827s] GC(3657) Pause Incremental GC (Collect on allocation) 36.37M->26.37M 1.369ms
[173.871s] GC(3658) Pause Incremental GC (Collect on allocation) 35.87M->26.87M 1.382ms
[173.912s] GC(3659) Pause Incremental GC (Collect on allocation) 35.87M->26.87M 1.301ms
[173.951s] GC(3660) Pause Incremental GC (Collect on allocation) 35.37M->26.87M 1.360ms
[173.983s] GC(3661) Pause Incremental GC (Collect on allocation) 34.87M->26.87M 1.439ms
[174.024s] GC(3662) Pause Incremental GC (Collect on allocation) 35.87M->26.87M 1.421ms
[174.070s] GC(3663) Pause Incremental GC (Collect on allocation) 36.87M->26.87M 1.329ms
[174.113s] GC(3664) Pause Incremental GC (Collect on allocation) 36.37M->26.87M 1.379ms
[174.152s] GC(3665) Pause Incremental GC (Collect on allocation) 35.87M->26.87M 1.322ms
[174.192s] GC(3666) Pause Incremental GC (Collect on allocation) 35.37M->26.87M 1.347ms
[174.228s] GC(3667) Pause Incremental GC (Collect on allocation) 34.87M->26.87M 1.327ms
[174.262s] GC(3668) Pause Incremental GC (Collect on allocation) 34.37M->26.87M 1.283ms
[174.293s] GC(3669) Pause Incremental GC (Collect on allocation) 33.87M->26.87M 1.293ms
[174.347s] GC(3670) Pause Full GC (Collect on allocation) 34.87M->26.37M 18.924ms
[174.374s] GC(3671) Pause Incremental GC (Collect on allocation) 36.37M->26.37M 1.806ms
[174.425s] GC(3672) Pause Incremental GC (Collect on allocation) 37.37M->26.37M 1.467ms
[174.483s] GC(3673) Pause Incremental GC (Collect on allocation) 38.87M->26.37M 1.511ms
[174.537s] GC(3674) Pause Incremental GC (Collect on allocation) 38.37M->26.37M 1.518ms
[174.592s] GC(3675) Pause Incremental GC (Collect on allocation) 37.87M->26.37M 1.514ms
[174.641s] GC(3676) Pause Incremental GC (Collect on allocation) 37.37M->26.37M 1.540ms
[174.690s] GC(3677) Pause Incremental GC (Collect on allocation) 36.87M->26.87M 1.445ms
[174.735s] GC(3678) Pause Incremental GC (Collect on allocation) 36.87M->26.87M 1.357ms
[174.779s] GC(3679) Pause Incremental GC (Collect on allocation) 36.37M->26.87M 1.338ms
[174.820s] GC(3680) Pause Incremental GC (Collect on allocation) 35.87M->26.87M 1.319ms
[174.860s] GC(3681) Pause Incremental GC (Collect on allocation) 35.37M->26.87M 1.296ms
[174.897s] GC(3682) Pause Incremental GC (Collect on allocation) 34.87M->26.87M 1.247ms
[174.930s] GC(3683) Pause Incremental GC (Collect on allocation) 34.37M->26.87M 1.272ms
[174.963s] GC(3684) Pause Incremental GC (Collect on allocation) 33.87M->26.87M 1.289ms
[174.991s] GC(3685) Pause Incremental GC (Collect on allocation) 33.37M->26.87M 1.487ms
[175.026s] GC(3686) Pause Incremental GC (Collect on allocation) 34.37M->26.87M 1.286ms
[175.064s] GC(3687) Pause Incremental GC (Collect on allocation) 35.37M->26.87M 1.221ms
[175.110s] GC(3688) Pause Incremental GC (Collect on allocation) 36.37M->26.87M 1.793ms
[175.159s] GC(3689) Pause Incremental GC (Collect on allocation) 37.37M->26.87M 1.454ms
[175.215s] GC(3690) Pause Incremental GC (Collect on allocation) 38.87M->26.87M 1.327ms
[175.269s] GC(3691) Pause Incremental GC (Collect on allocation) 38.37M->26.87M 1.323ms
[175.322s] GC(3692) Pause Incremental GC (Collect on allocation) 37.87M->26.87M 1.334ms
[175.369s] GC(3693) Pause Incremental GC (Collect on allocation) 37.37M->26.87M 1.399ms
[175.415s] GC(3694) Pause Incremental GC (Collect on allocation) 36.87M->26.87M 1.348ms
[175.459s] GC(3695) Pause Incremental GC (Collect on allocation) 36.37M->26.87M 1.368ms
[175.501s] GC(3696) Pause Incremental GC (Collect on allocation) 35.87M->26.87M 1.398ms
[175.539s] GC(3697) Pause Incremental GC (Collect on allocation) 35.37M->26.87M 1.306ms
[175.572s] GC(3698) Pause Incremental GC (Collect on allocation) 34.87M->26.87M 1.266ms
[175.623s] GC(3699) Pause Full GC (Collect on allocation) 34.37M->26.37M 19.315ms
[175.632s] GC(3700) Pause Incremental GC (Collect on allocation) 32.87M->26.37M 1.984ms
[175.665s] GC(3701) Pause Incremental GC (Collect on allocation) 33.87M->26.37M 1.310ms
[175.703s] GC(3702) Pause Incremental GC (Collect on allocation) 34.87M->26.37M 1.758ms
[175.744s] GC(3703) Pause Incremental GC (Collect on allocation) 35.87M->26.37M 1.268ms
[175.790s] GC(3704) Pause Incremental GC (Collect on allocation) 36.87M->26.37M 1.337ms
[175.848s] GC(3705) Pause Incremental GC (Collect on allocation) 38.37M->26.37M 1.793ms
[175.910s] GC(3706) Pause Incremental GC (Collect on allocation) 39.87M->26.37M 1.353ms
[175.971s] GC(3707) Pause Incremental GC (Collect on allocation) 39.37M->26.37M 1.291ms
[176.031s] GC(3708) Pause Incremental GC (Collect on allocation) 38.87M->26.37M 1.397ms
[176.087s] GC(3709) Pause Incremental GC (Collect on allocation) 38.37M->26.87M 1.352ms
[176.140s] GC(3710) Pause Incremental GC (Collect on allocation) 38.37M->26.87M 1.392ms
[176.192s] GC(3711) Pause Incremental GC (Collect on allocation) 37.87M->26.87M 1.284ms
[176.241s] GC(3712) Pause Incremental GC (Collect on allocation) 37.37M->26.87M 1.445ms
[176.287s] GC(3713) Pause Incremental GC (Collect on allocation) 36.87M->26.87M 1.378ms
[176.331s] GC(3714) Pause Incremental GC (Collect on allocation) 36.37M->26.87M 1.296ms
[176.372s] GC(3715) Pause Incremental GC (Collect on allocation) 35.87M->26.87M 1.305ms
[176.410s] GC(3716) Pause Incremental GC (Collect on allocation) 35.37M->26.87M 1.782ms
[176.446s] GC(3717) Pause Incremental GC (Collect on allocation) 34.87M->26.87M 1.426ms
[176.479s] GC(3718) Pause Incremental GC (Collect on allocation) 34.37M->26.87M 1.399ms
[176.518s] GC(3719) Pause Incremental GC (Collect on allocation) 35.37M->26.87M 1.365ms
[176.562s] GC(3720) Pause Incremental GC (Collect on allocation) 36.37M->27.37M 1.387ms
[176.604s] GC(3721) Pause Incremental GC (Collect on allocation) 36.37M->27.37M 1.270ms
[176.643s] GC(3722) Pause Incremental GC (Collect on allocation) 35.87M->27.37M 1.297ms
[176.679s] GC(3723) Pause Incremental GC (Collect on allocation) 35.37M->27.37M 1.382ms
[176.712s] GC(3724) Pause Incremental GC (Collect on allocation) 34.87M->27.37M 1.351ms
[176.752s] GC(3725) Pause Incremental GC (Collect on allocation) 35.87M->27.37M 1.385ms
[176.794s] GC(3726) Pause Incremental GC (Collect on allocation) 36.87M->27.37M 1.416ms
[176.851s] GC(3727) Pause Full GC (Collect on allocation) 36.37M->26.37M 19.090ms
[176.867s] GC(3728) Pause Incremental GC (Collect on allocation) 34.37M->26.37M 1.833ms
[176.909s] GC(3729) Pause Incremental GC (Collect on allocation) 35.37M->26.37M 1.374ms
[176.956s] GC(3730) Pause Incremental GC (Collect on allocation) 36.37M->26.37M 1.319ms
[177.007s] GC(3731) Pause Incremental GC (Collect on allocation) 37.37M->26.37M 1.430ms
[177.056s] GC(3732) Pause Incremental GC (Collect on allocation) 36.87M->26.37M 1.366ms
[177.102s] GC(3733) Pause Incremental GC (Collect on allocation) 36.37M->26.37M 1.371ms
[177.145s] GC(3734) Pause Incremental GC (Collect on allocation) 35.87M->26.37M 1.451ms
[177.186s] GC(3735) Pause Incremental GC (Collect on allocation) 35.37M->26.37M 1.312ms
[177.225s] GC(3736) Pause Incremental GC (Collect on allocation) 34.87M->26.37M 1.461ms
[177.260s] GC(3737) Pause Incremental GC (Collect on allocation) 34.37M->26.87M 1.328ms
[177.295s] GC(3738) Pause Incremental GC (Collect on allocation) 34.37M->26.87M 1.291ms
[177.326s] GC(3739) Pause Incremental GC (Collect on allocation) 33.87M->26.87M 1.259ms
[177.363s] GC(3740) Pause Incremental GC (Collect on allocation) 34.87M->26.87M 1.245ms
[177.395s] GC(3741) Pause Incremental GC (Collect on allocation) 34.37M->26.87M 1.293ms
[177.434s] GC(3742) Pause Incremental GC (Collect on allocation) 35.37M->26.87M 1.417ms
[177.477s] GC(3743) Pause Incremental GC (Collect on allocation) 36.37M->26.87M 1.340ms
[177.518s] GC(3744) Pause Incremental GC (Collect on allocation) 35.87M->26.87M 1.295ms
[177.559s] GC(3745) Pause Incremental GC (Collect on allocation) 35.37M->26.87M 1.894ms
[177.602s] GC(3746) Pause Incremental GC (Collect on allocation) 36.37M->26.87M 1.347ms
[177.643s] GC(3747) Pause Incremental GC (Collect on allocation) 35.87M->26.87M 1.544ms
[177.669s] GC(3748) Pause Incremental GC (Collect on allocation) 36.87M->26.87M 1.404ms
[177.713s] GC(3749) Pause Incremental GC (Collect on allocation) 36.37M->26.87M 1.240ms
[177.761s] GC(3750) Pause Incremental GC (Collect on allocation) 37.37M->26.87M 1.263ms
[177.808s] GC(3751) Pause Incremental GC (Collect on allocation) 36.87M->26.87M 1.445ms
[177.851s] GC(3752) Pause Incremental GC (Collect on allocation) 36.37M->26.87M 1.447ms
[177.892s] GC(3753) Pause Incremental GC (Collect on allocation) 35.87M->26.87M 1.495ms
[177.948s] GC(3754) Pause Full GC (Collect on allocation) 35.37M->26.37M 19.276ms
[177.961s] GC(3755) Pause Incremental GC (Collect on allocation) 33.87M->26.37M 1.739ms
[178.000s] GC(3756) Pause Incremental GC (Collect on allocation) 34.87M->26.37M 1.424ms
[178.040s] GC(3757) Pause Incremental GC (Collect on allocation) 35.87M->26.37M 1.385ms
[178.089s] GC(3758) Pause Incremental GC (Collect on allocation) 36.87M->26.37M 1.308ms
[178.144s] GC(3759) Pause Incremental GC (Collect on allocation) 38.37M->26.37M 1.413ms
[178.198s] GC(3760) Pause Incremental GC (Collect on allocation) 37.87M->26.37M 1.453ms
[178.251s] GC(3761) Pause Incremental GC (Collect on allocation) 37.37M->26.37M 1.489ms
[178.299s] GC(3762) Pause Incremental GC (Collect on allocation) 36.87M->26.37M 1.675ms
[178.346s] GC(3763) Pause Incremental GC (Collect on allocation) 36.37M->26.37M 1.491ms
[178.388s] GC(3764) Pause Incremental GC (Collect on allocation) 35.87M->26.37M 1.397ms
[178.430s] GC(3765) Pause Incremental GC (Collect on allocation) 35.37M->26.37M 1.327ms
[178.470s] GC(3766) Pause Incremental GC (Collect on allocation) 34.87M->26.87M 1.411ms
[178.507s] GC(3767) Pause Incremental GC (Collect on allocation) 34.87M->26.87M 1.513ms
[178.541s] GC(3768) Pause Incremental GC (Collect on allocation) 34.37M->26.87M 1.465ms
[178.581s] GC(3769) Pause Incremental GC (Collect on allocation) 35.37M->26.87M 1.404ms
[178.624s] GC(3770) Pause Incremental GC (Collect on allocation) 36.37M->26.87M 1.496ms
[178.673s] GC(3771) Pause Incremental GC (Collect on allocation) 37.37M->26.87M 1.353ms
[178.718s] GC(3772) Pause Incremental GC (Collect on allocation) 36.87M->26.87M 1.548ms
[178.761s] GC(3773) Pause Incremental GC (Collect on allocation) 36.37M->26.87M 1.732ms
[178.800s] GC(3774) Pause Incremental GC (Collect on allocation) 35.87M->26.87M 1.392ms
[178.847s] GC(3775) Pause Incremental GC (Collect on allocation) 36.87M->26.87M 1.275ms
[178.889s] GC(3776) Pause Incremental GC (Collect on allocation) 36.37M->26.87M 1.369ms
[178.928s] GC(3777) Pause Incremental GC (Collect on allocation) 35.87M->26.87M 1.348ms
[178.968s] GC(3778) Pause Incremental GC (Collect on allocation) 35.37M->26.87M 1.300ms
[179.005s] GC(3779) Pause Incremental GC (Collect on allocation) 34.87M->26.87M 1.342ms
[179.040s] GC(3780) Pause Incremental GC (Collect on allocation) 34.37M->27.37M 1.359ms
[179.091s] GC(3781) Pause Full GC (Collect on allocation) 34.37M->26.37M 20.859ms
[179.109s] GC(3782) Pause Incremental GC (Collect on allocation) 35.37M->26.37M 2.193ms
[179.155s] GC(3783) Pause Incremental GC (Collect on allocation) 36.37M->26.37M 1.448ms
[179.204s] GC(3784) Pause Incremental GC (Collect on allocation) 37.37M->26.37M 1.361ms
[179.262s] GC(3785) Pause Incremental GC (Collect on allocation) 38.87M->26.37M 1.541ms
[179.317s] GC(3786) Pause Incremental GC (Collect on allocation) 38.37M->26.37M 1.580ms
[179.370s] GC(3787) Pause Incremental GC (Collect on allocation) 37.87M->26.37M 1.439ms
[179.420s] GC(3788) Pause Incremental GC (Collect on allocation) 37.37M->26.37M 1.835ms
[179.467s] GC(3789) Pause Incremental GC (Collect on allocation) 36.87M->26.37M 1.840ms
[179.513s] GC(3790) Pause Incremental GC (Collect on allocation) 36.37M->26.37M 1.359ms
[179.555s] GC(3791) Pause Incremental GC (Collect on allocation) 35.87M->26.37M 1.356ms
[179.596s] GC(3792) Pause Incremental GC (Collect on allocation) 35.37M->26.87M 1.367ms
[179.635s] GC(3793) Pause Incremental GC (Collect on allocation) 35.37M->26.87M 1.435ms
[179.672s] GC(3794) Pause Incremental GC (Collect on allocation) 34.87M->26.87M 1.315ms
[179.706s] GC(3795) Pause Incremental GC (Collect on allocation) 34.37M->26.87M 1.286ms
[179.738s] GC(3796) Pause Incremental GC (Collect on allocation) 33.87M->26.87M 1.452ms
[179.774s] GC(3797) Pause Incremental GC (Collect on allocation) 34.87M->26.87M 1.380ms
[179.815s] GC(3798) Pause Incremental GC (Collect on allocation) 35.87M->26.87M 1.345ms
[179.862s] GC(3799) Pause Incremental GC (Collect on allocation) 36.87M->26.87M 1.476ms
[179.914s] GC(3800) Pause Incremental GC (Collect on allocation) 37.87M->26.87M 1.492ms
[179.962s] GC(3801) Pause Incremental GC (Collect on allocation) 37.37M->26.87M 1.489ms
[180.008s] GC(3802) Pause Incremental GC (Collect on allocation) 36.87M->26.87M 1.528ms
[180.051s] GC(3803) Pause Incremental GC (Collect on allocation) 36.37M->27.37M 1.376ms
[180.092s] GC(3804) Pause Incremental GC (Collect on allocation) 36.37M->27.37M 1.440ms
[180.131s] GC(3805) Pause Incremental GC (Collect on allocation) 35.87M->27.37M 1.336ms
[180.167s] GC(3806) Pause Incremental GC (Collect on allocation) 35.37M->27.37M 1.660ms
[180.208s] GC(3807) Pause Incremental GC (Collect on allocation) 36.37M->27.37M 1.362ms
[180.255s] GC(3808) Pause Incremental GC (Collect on allocation) 37.37M->27.37M 1.279ms
[180.312s] GC(3809) Pause Full GC (Collect on allocation) 36.87M->26.37M 18.517ms
[180.332s] GC(3810) Pause Incremental GC (Collect on allocation) 34.87M->26.37M 1.735ms
[180.376s] GC(3811) Pause Incremental GC (Collect on allocation) 35.87M->26.37M 1.347ms
[180.424s] GC(3812) Pause Incremental GC (Collect on allocation) 36.87M->26.37M 1.405ms
[180.471s] GC(3813) Pause Incremental GC (Collect on allocation) 36.37M->26.37M 1.412ms
[180.514s] GC(3814) Pause Incremental GC (Collect on allocation) 35.87M->26.37M 1.441ms
[180.555s] GC(3815) Pause Incremental GC (Collect on allocation) 35.37M->26.37M 1.455ms
[180.590s] GC(3816) Pause Incremental GC (Collect on allocation) 34.87M->26.37M 1.489ms
[180.634s] GC(3817) Pause Incremental GC (Collect on allocation) 35.87M->26.37M 1.344ms
[180.676s] GC(3818) Pause Incremental GC (Collect on allocation) 35.37M->26.37M 1.276ms
[180.714s] GC(3819) Pause Incremental GC (Collect on allocation) 34.87M->26.37M 1.291ms
[180.750s] GC(3820) Pause Incremental GC (Collect on allocation) 34.37M->26.37M 1.364ms
[180.784s] GC(3821) Pause Incremental GC (Collect on allocation) 33.87M->26.37M 1.564ms
[180.823s] GC(3822) Pause Incremental GC (Collect on allocation) 34.87M->26.87M 1.312ms
[180.865s] GC(3823) Pause Incremental GC (Collect on allocation) 36.37M->26.87M 1.533ms
[180.914s] GC(3824) Pause Incremental GC (Collect on allocation) 37.37M->26.87M 1.314ms
[180.960s] GC(3825) Pause Incremental GC (Collect on allocation) 36.87M->26.87M 1.443ms
[181.001s] GC(3826) Pause Incremental GC (Collect on allocation) 36.37M->26.87M 1.438ms
[181.041s] GC(3827) Pause Incremental GC (Collect on allocation) 35.87M->26.87M 1.422ms
[181.079s] GC(3828) Pause Incremental GC (Collect on allocation) 35.37M->26.87M 1.310ms
[181.117s] GC(3829) Pause Incremental GC (Collect on allocation) 34.87M->26.87M 1.404ms
[181.151s] GC(3830) Pause Incremental GC (Collect on allocation) 34.37M->26.87M 1.312ms
[181.189s] GC(3831) Pause Incremental GC (Collect on allocation) 35.37M->26.87M 1.364ms
[181.234s] GC(3832) Pause Incremental GC (Collect on allocation) 36.37M->26.87M 1.369ms
[181.276s] GC(3833) Pause Incremental GC (Collect on allocation) 35.87M->26.87M 1.457ms
[181.315s] GC(3834) Pause Incremental GC (Collect on allocation) 35.37M->27.37M 1.408ms
[181.352s] GC(3835) Pause Incremental GC (Collect on allocation) 35.37M->27.37M 1.353ms
[181.385s] GC(3836) Pause Incremental GC (Collect on allocation) 34.87M->27.37M 1.329ms
[181.441s] GC(3837) Pause Full GC (Collect on allocation) 35.87M->26.37M 18.792ms
[181.470s] GC(3838) Pause Incremental GC (Collect on allocation) 36.87M->26.37M 1.871ms
[181.516s] GC(3839) Pause Incremental GC (Collect on allocation) 36.37M->26.37M 1.448ms
[181.567s] GC(3840) Pause Incremental GC (Collect on allocation) 37.37M->26.37M 1.380ms
[181.615s] GC(3841) Pause Incremental GC (Collect on allocation) 36.87M->26.37M 1.459ms
[181.661s] GC(3842) Pause Incremental GC (Collect on allocation) 36.37M->26.37M 1.424ms
[181.704s] GC(3843) Pause Incremental GC (Collect on allocation) 35.87M->26.37M 1.307ms
[181.745s] GC(3844) Pause Incremental GC (Collect on allocation) 35.37M->26.37M 1.404ms
[181.785s] GC(3845) Pause Incremental GC (Collect on allocation) 34.87M->26.37M 1.327ms
[181.820s] GC(3846) Pause Incremental GC (Collect on allocation) 34.37M->26.37M 1.373ms
[181.853s] GC(3847) Pause Incremental GC (Collect on allocation) 33.87M->26.37M 1.320ms
[181.892s] GC(3848) Pause Incremental GC (Collect on allocation) 34.87M->26.87M 1.510ms
[181.935s] GC(3849) Pause Incremental GC (Collect on allocation) 36.37M->26.87M 1.418ms
[181.983s] GC(3850) Pause Incremental GC (Collect on allocation) 37.37M->26.87M 1.419ms
[182.028s] GC(3851) Pause Incremental GC (Collect on allocation) 36.87M->26.87M 1.348ms
[182.073s] GC(3852) Pause Incremental GC (Collect on allocation) 36.37M->26.87M 1.366ms
[182.114s] GC(3853) Pause Incremental GC (Collect on allocation) 35.87M->26.87M 1.353ms
[182.152s] GC(3854) Pause Incremental GC (Collect on allocation) 35.37M->26.87M 1.320ms
[182.188s] GC(3855) Pause Incremental GC (Collect on allocation) 34.87M->26.87M 1.318ms
[182.223s] GC(3856) Pause Incremental GC (Collect on allocation) 34.37M->26.87M 1.686ms
[182.261s] GC(3857) Pause Incremental GC (Collect on allocation) 35.37M->26.87M 1.307ms
[182.305s] GC(3858) Pause Incremental GC (Collect on allocation) 36.37M->26.87M 1.362ms
[182.347s] GC(3859) Pause Incremental GC (Collect on allocation) 35.87M->26.87M 1.357ms
[182.387s] GC(3860) Pause Incremental GC (Collect on allocation) 35.37M->26.87M 1.409ms
[182.423s] GC(3861) Pause Incremental GC (Collect on allocation) 34.87M->27.37M 1.344ms
[182.459s] GC(3862) Pause Incremental GC (Collect on allocation) 34.87M->27.37M 1.643ms
[182.496s] GC(3863) Pause Incremental GC (Collect on allocation) 35.87M->27.37M 1.384ms
[182.557s] GC(3864) Pause Full GC (Collect on allocation) 36.87M->25.87M 18.563ms
[182.594s] GC(3865) Pause Incremental GC (Collect on allocation) 37.87M->26.37M 1.765ms
[182.654s] GC(3866) Pause Incremental GC (Collect on allocation) 39.87M->26.37M 1.464ms
[182.714s] GC(3867) Pause Incremental GC (Collect on allocation) 39.37M->26.37M 1.489ms
[182.771s] GC(3868) Pause Incremental GC (Collect on allocation) 38.87M->26.87M 1.512ms
[182.824s] GC(3869) Pause Incremental GC (Collect on allocation) 38.87M->27.37M 2.230ms
[182.872s] GC(3870) Pause Incremental GC (Collect on allocation) 38.87M->28.87M 1.979ms
[182.918s] GC(3871) Pause Incremental GC (Collect on allocation) 39.87M->29.37M 2.014ms
[182.964s] GC(3872) Pause Incremental GC (Collect on allocation) 39.87M->29.87M 1.484ms
[183.010s] GC(3873) Pause Incremental GC (Collect on allocation) 39.87M->29.87M 1.415ms
[183.050s] GC(3874) Pause Incremental GC (Collect on allocation) 39.37M->30.37M 1.512ms
[183.092s] GC(3875) Pause Incremental GC (Collect on allocation) 39.37M->30.37M 1.567ms
[183.130s] GC(3876) Pause Incremental GC (Collect on allocation) 38.87M->30.37M 1.388ms
[183.174s] GC(3877) Pause Incremental GC (Collect on allocation) 39.87M->30.37M 1.420ms
[183.215s] GC(3878) Pause Incremental GC (Collect on allocation) 39.37M->30.37M 1.321ms
[183.252s] GC(3879) Pause Incremental GC (Collect on allocation) 38.87M->30.37M 1.822ms
[183.293s] GC(3880) Pause Incremental GC (Collect on allocation) 39.87M->30.37M 1.417ms
[183.343s] GC(3881) Pause Incremental GC (Collect on allocation) 40.87M->30.37M 1.380ms
[183.383s] GC(3882) Pause Incremental GC (Collect on allocation) 40.37M->30.87M 1.363ms
[183.428s] GC(3883) Pause Incremental GC (Collect on allocation) 40.37M->30.87M 1.390ms
[183.468s] GC(3884) Pause Incremental GC (Collect on allocation) 39.87M->30.87M 1.457ms
[183.507s] GC(3885) Pause Incremental GC (Collect on allocation) 39.37M->30.87M 1.461ms
[183.543s] GC(3886) Pause Incremental GC (Collect on allocation) 38.87M->30.87M 1.347ms
[183.577s] GC(3887) Pause Incremental GC (Collect on allocation) 38.37M->30.87M 1.238ms
[183.615s] GC(3888) Pause Incremental GC (Collect on allocation) 39.37M->30.87M 1.307ms
[183.649s] GC(3889) Pause Incremental GC (Collect on allocation) 38.87M->30.87M 1.395ms
[183.689s] GC(3890) Pause Incremental GC (Collect on allocation) 39.87M->30.87M 1.292ms
[183.735s] GC(3891) Pause Incremental GC (Collect on allocation) 40.87M->30.87M 1.351ms
[183.802s] GC(3892) Pause Full GC (Collect on allocation) 40.37M->26.37M 23.616ms
[183.815s] GC(3893) Pause Incremental GC (Collect on allocation) 34.87M->26.37M 1.969ms
[183.855s] GC(3894) Pause Incremental GC (Collect on allocation) 35.87M->26.37M 1.405ms
[183.904s] GC(3895) Pause Incremental GC (Collect on allocation) 36.87M->26.37M 1.448ms
[183.960s] GC(3896) Pause Incremental GC (Collect on allocation) 38.37M->26.37M 1.682ms
[184.023s] GC(3897) Pause Incremental GC (Collect on allocation) 39.87M->26.37M 1.529ms
[184.084s] GC(3898) Pause Incremental GC (Collect on allocation) 39.37M->26.37M 1.433ms
[184.142s] GC(3899) Pause Incremental GC (Collect on allocation) 38.87M->26.37M 1.839ms
[184.196s] GC(3900) Pause Incremental GC (Collect on allocation) 38.37M->26.37M 1.527ms
[184.250s] GC(3901) Pause Incremental GC (Collect on allocation) 37.87M->26.37M 1.486ms
[184.302s] GC(3902) Pause Incremental GC (Collect on allocation) 37.37M->26.37M 1.307ms
[184.351s] GC(3903) Pause Incremental GC (Collect on allocation) 36.87M->26.37M 1.387ms
[184.395s] GC(3904) Pause Incremental GC (Collect on allocation) 36.37M->26.87M 1.389ms
[184.437s] GC(3905) Pause Incremental GC (Collect on allocation) 36.37M->26.87M 1.329ms
[184.479s] GC(3906) Pause Incremental GC (Collect on allocation) 35.87M->26.87M 1.286ms
[184.517s] GC(3907) Pause Incremental GC (Collect on allocation) 35.37M->26.87M 1.387ms
[184.553s] GC(3908) Pause Incremental GC (Collect on allocation) 34.87M->26.87M 1.405ms
[184.588s] GC(3909) Pause Incremental GC (Collect on allocation) 34.37M->26.87M 1.449ms
[184.625s] GC(3910) Pause Incremental GC (Collect on allocation) 35.37M->26.87M 1.571ms
[184.668s] GC(3911) Pause Incremental GC (Collect on allocation) 36.37M->26.87M 1.425ms
[184.717s] GC(3912) Pause Incremental GC (Collect on allocation) 37.37M->26.87M 1.442ms
[184.763s] GC(3913) Pause Incremental GC (Collect on allocation) 36.87M->26.87M 1.406ms
[184.808s] GC(3914) Pause Incremental GC (Collect on allocation) 36.37M->26.87M 1.502ms
[184.850s] GC(3915) Pause Incremental GC (Collect on allocation) 35.87M->26.87M 1.648ms
[184.894s] GC(3916) Pause Incremental GC (Collect on allocation) 36.87M->26.87M 1.330ms
[184.938s] GC(3917) Pause Incremental GC (Collect on allocation) 36.37M->26.87M 1.321ms
[184.980s] GC(3918) Pause Incremental GC (Collect on allocation) 35.87M->27.37M 1.323ms
[185.018s] GC(3919) Pause Incremental GC (Collect on allocation) 35.87M->27.37M 1.475ms
[185.074s] GC(3920) Pause Full GC (Collect on allocation) 35.37M->26.37M 20.969ms
[185.098s] GC(3921) Pause Incremental GC (Collect on allocation) 36.37M->26.37M 2.007ms
[185.149s] GC(3922) Pause Incremental GC (Collect on allocation) 37.37M->26.37M 1.323ms
[185.206s] GC(3923) Pause Incremental GC (Collect on allocation) 38.87M->26.37M 1.327ms
[185.261s] GC(3924) Pause Incremental GC (Collect on allocation) 38.37M->26.37M 1.426ms
[185.312s] GC(3925) Pause Incremental GC (Collect on allocation) 37.87M->26.37M 1.410ms
[185.362s] GC(3926) Pause Incremental GC (Collect on allocation) 37.37M->26.37M 1.342ms
[185.411s] GC(3927) Pause Incremental GC (Collect on allocation) 36.87M->26.37M 1.366ms
[185.456s] GC(3928) Pause Incremental GC (Collect on allocation) 36.37M->26.37M 1.421ms
[185.501s] GC(3929) Pause Incremental GC (Collect on allocation) 35.87M->26.37M 1.424ms
[185.543s] GC(3930) Pause Incremental GC (Collect on allocation) 35.37M->26.37M 1.296ms
[185.583s] GC(3931) Pause Incremental GC (Collect on allocation) 34.87M->26.37M 1.539ms
[185.619s] GC(3932) Pause Incremental GC (Collect on allocation) 34.37M->26.37M 1.349ms
[185.653s] GC(3933) Pause Incremental GC (Collect on allocation) 33.87M->26.37M 1.331ms
[185.681s] GC(3934) Pause Incremental GC (Collect on allocation) 33.37M->26.37M 1.314ms
[185.716s] GC(3935) Pause Incremental GC (Collect on allocation) 34.37M->26.87M 1.485ms
[185.757s] GC(3936) Pause Incremental GC (Collect on allocation) 35.87M->26.87M 1.285ms
[185.802s] GC(3937) Pause Incremental GC (Collect on allocation) 36.87M->26.87M 1.292ms
[185.852s] GC(3938) Pause Incremental GC (Collect on allocation) 37.87M->26.87M 1.369ms
[185.902s] GC(3939) Pause Incremental GC (Collect on allocation) 37.37M->26.87M 1.299ms
[185.948s] GC(3940) Pause Incremental GC (Collect on allocation) 36.87M->26.87M 1.323ms
[185.992s] GC(3941) Pause Incremental GC (Collect on allocation) 36.37M->26.87M 1.400ms
[186.033s] GC(3942) Pause Incremental GC (Collect on allocation) 35.87M->26.87M 1.393ms
[186.072s] GC(3943) Pause Incremental GC (Collect on allocation) 35.37M->26.87M 1.271ms
[186.106s] GC(3944) Pause Incremental GC (Collect on allocation) 34.87M->26.87M 1.371ms
[186.140s] GC(3945) Pause Incremental GC (Collect on allocation) 34.37M->26.87M 1.312ms
[186.170s] GC(3946) Pause Incremental GC (Collect on allocation) 33.87M->26.87M 1.355ms
[186.207s] GC(3947) Pause Incremental GC (Collect on allocation) 34.87M->26.87M 1.317ms
[186.248s] GC(3948) Pause Incremental GC (Collect on allocation) 35.87M->26.87M 1.296ms
[186.294s] GC(3949) Pause Incremental GC (Collect on allocation) 36.87M->26.87M 1.357ms
[186.337s] GC(3950) Pause Incremental GC (Collect on allocation) 36.37M->26.87M 1.352ms
[186.397s] GC(3951) Pause Full GC (Collect on allocation) 35.87M->26.37M 18.791ms
[186.414s] GC(3952) Pause Incremental GC (Collect on allocation) 34.37M->26.37M 1.760ms
[186.456s] GC(3953) Pause Incremental GC (Collect on allocation) 35.37M->26.37M 1.273ms
[186.503s] GC(3954) Pause Incremental GC (Collect on allocation) 36.37M->26.37M 1.346ms
[186.544s] GC(3955) Pause Incremental GC (Collect on allocation) 35.87M->26.37M 1.318ms
[186.585s] GC(3956) Pause Incremental GC (Collect on allocation) 35.37M->26.37M 1.322ms
[186.623s] GC(3957) Pause Incremental GC (Collect on allocation) 34.87M->26.37M 1.329ms
[186.659s] GC(3958) Pause Incremental GC (Collect on allocation) 34.37M->26.37M 1.296ms
[186.693s] GC(3959) Pause Incremental GC (Collect on allocation) 33.87M->26.37M 1.408ms
[186.732s] GC(3960) Pause Incremental GC (Collect on allocation) 34.87M->26.37M 1.312ms
[186.767s] GC(3961) Pause Incremental GC (Collect on allocation) 34.37M->26.37M 1.292ms
[186.810s] GC(3962) Pause Incremental GC (Collect on allocation) 35.37M->26.37M 1.269ms
[186.848s] GC(3963) Pause Incremental GC (Collect on allocation) 34.87M->26.37M 1.373ms
[186.884s] GC(3964) Pause Incremental GC (Collect on allocation) 34.37M->26.37M 1.359ms
[186.919s] GC(3965) Pause Incremental GC (Collect on allocation) 33.87M->26.37M 1.342ms
[186.958s] GC(3966) Pause Incremental GC (Collect on allocation) 34.87M->26.87M 1.551ms
[187.002s] GC(3967) Pause Incremental GC (Collect on allocation) 36.37M->26.87M 1.854ms
[187.051s] GC(3968) Pause Incremental GC (Collect on allocation) 37.37M->26.87M 1.564ms
[187.106s] GC(3969) Pause Incremental GC (Collect on allocation) 38.87M->26.87M 1.477ms
[187.160s] GC(3970) Pause Incremental GC (Collect on allocation) 38.37M->26.87M 1.460ms
[187.209s] GC(3971) Pause Incremental GC (Collect on allocation) 37.87M->26.87M 1.512ms
[187.257s] GC(3972) Pause Incremental GC (Collect on allocation) 37.37M->26.87M 1.428ms
[187.300s] GC(3973) Pause Incremental GC (Collect on allocation) 36.87M->26.87M 1.688ms
[187.343s] GC(3974) Pause Incremental GC (Collect on allocation) 36.37M->26.87M 1.430ms
[187.384s] GC(3975) Pause Incremental GC (Collect on allocation) 35.87M->26.87M 1.381ms
[187.424s] GC(3976) Pause Incremental GC (Collect on allocation) 35.37M->26.87M 1.414ms
[187.460s] GC(3977) Pause Incremental GC (Collect on allocation) 34.87M->26.87M 1.340ms
[187.494s] GC(3978) Pause Incremental GC (Collect on allocation) 34.37M->27.37M 1.378ms
[187.533s] GC(3979) Pause Incremental GC (Collect on allocation) 35.87M->27.37M 1.451ms
[187.593s] GC(3980) Pause Full GC (Collect on allocation) 36.87M->26.37M 18.828ms
[187.611s] GC(3981) Pause Incremental GC (Collect on allocation) 34.87M->26.37M 1.672ms
[187.653s] GC(3982) Pause Incremental GC (Collect on allocation) 35.87M->26.37M 1.355ms
[187.703s] GC(3983) Pause Incremental GC (Collect on allocation) 36.87M->26.37M 1.268ms
[187.747s] GC(3984) Pause Incremental GC (Collect on allocation) 36.37M->26.37M 1.459ms
[187.792s] GC(3985) Pause Incremental GC (Collect on allocation) 35.87M->26.37M 1.524ms
[187.833s] GC(3986) Pause Incremental GC (Collect on allocation) 35.37M->26.37M 1.479ms
[187.873s] GC(3987) Pause Incremental GC (Collect on allocation) 34.87M->26.37M 1.350ms
[187.908s] GC(3988) Pause Incremental GC (Collect on allocation) 34.37M->26.37M 1.446ms
[187.951s] GC(3989) Pause Incremental GC (Collect on allocation) 35.37M->26.37M 1.338ms
[187.989s] GC(3990) Pause Incremental GC (Collect on allocation) 34.87M->26.87M 1.420ms
[188.024s] GC(3991) Pause Incremental GC (Collect on allocation) 34.87M->26.87M 1.394ms
[188.065s] GC(3992) Pause Incremental GC (Collect on allocation) 35.87M->26.87M 1.401ms
[188.112s] GC(3993) Pause Incremental GC (Collect on allocation) 36.87M->26.87M 1.421ms
[188.155s] GC(3994) Pause Incremental GC (Collect on allocation) 36.37M->26.87M 1.353ms
[188.196s] GC(3995) Pause Incremental GC (Collect on allocation) 35.87M->26.87M 1.337ms
[188.235s] GC(3996) Pause Incremental GC (Collect on allocation) 35.37M->26.87M 1.342ms
[188.271s] GC(3997) Pause Incremental GC (Collect on allocation) 34.87M->26.87M 1.464ms
[188.304s] GC(3998) Pause Incremental GC (Collect on allocation) 34.37M->26.87M 1.406ms
[188.342s] GC(3999) Pause Incremental GC (Collect on allocation) 35.37M->26.87M 1.564ms
[188.385s] GC(4000) Pause Incremental GC (Collect on allocation) 36.37M->26.87M 1.397ms
[188.433s] GC(4001) Pause Incremental GC (Collect on allocation) 37.37M->26.87M 1.441ms
[188.480s] GC(4002) Pause Incremental GC (Collect on allocation) 36.87M->26.87M 1.261ms
[188.525s] GC(4003) Pause Incremental GC (Collect on allocation) 36.37M->27.37M 1.410ms
[188.565s] GC(4004) Pause Incremental GC (Collect on allocation) 36.37M->27.37M 1.494ms
[188.604s] GC(4005) Pause Incremental GC (Collect on allocation) 35.87M->27.37M 1.389ms
[188.640s] GC(4006) Pause Incremental GC (Collect on allocation) 35.37M->27.37M 1.343ms
[188.671s] GC(4007) Pause Incremental GC (Collect on allocation) 34.87M->27.37M 1.359ms
[188.711s] GC(4008) Pause Incremental GC (Collect on allocation) 35.87M->27.37M 1.308ms
[188.755s] GC(4009) Pause Incremental GC (Collect on allocation) 36.87M->27.37M 1.346ms
[188.812s] GC(4010) Pause Full GC (Collect on allocation) 36.37M->26.37M 18.579ms
[188.830s] GC(4011) Pause Incremental GC (Collect on allocation) 34.37M->26.37M 1.820ms
[188.869s] GC(4012) Pause Incremental GC (Collect on allocation) 35.37M->26.37M 1.369ms
[188.916s] GC(4013) Pause Incremental GC (Collect on allocation) 36.37M->26.37M 1.349ms
[188.959s] GC(4014) Pause Incremental GC (Collect on allocation) 35.87M->26.37M 1.437ms
[189.001s] GC(4015) Pause Incremental GC (Collect on allocation) 35.37M->26.37M 1.432ms
[189.041s] GC(4016) Pause Incremental GC (Collect on allocation) 34.87M->26.37M 1.512ms
[189.078s] GC(4017) Pause Incremental GC (Collect on allocation) 34.37M->26.87M 1.558ms
[189.117s] GC(4018) Pause Incremental GC (Collect on allocation) 35.87M->26.87M 1.584ms
[189.163s] GC(4019) Pause Incremental GC (Collect on allocation) 36.87M->26.87M 1.385ms
[189.214s] GC(4020) Pause Incremental GC (Collect on allocation) 37.87M->26.87M 1.499ms
[189.263s] GC(4021) Pause Incremental GC (Collect on allocation) 37.37M->26.87M 1.325ms
[189.308s] GC(4022) Pause Incremental GC (Collect on allocation) 36.87M->26.87M 1.518ms
[189.353s] GC(4023) Pause Incremental GC (Collect on allocation) 36.37M->26.87M 1.377ms
[189.393s] GC(4024) Pause Incremental GC (Collect on allocation) 35.87M->26.87M 1.372ms
[189.428s] GC(4025) Pause Incremental GC (Collect on allocation) 35.37M->26.87M 1.383ms
[189.463s] GC(4026) Pause Incremental GC (Collect on allocation) 34.87M->26.87M 1.292ms
[189.497s] GC(4027) Pause Incremental GC (Collect on allocation) 34.37M->26.87M 1.286ms
[189.529s] GC(4028) Pause Incremental GC (Collect on allocation) 33.87M->27.37M 1.370ms
[189.566s] GC(4029) Pause Incremental GC (Collect on allocation) 35.37M->27.37M 1.544ms
[189.606s] GC(4030) Pause Incremental GC (Collect on allocation) 36.37M->27.37M 1.460ms
[189.652s] GC(4031) Pause Incremental GC (Collect on allocation) 37.37M->27.37M 1.426ms
[189.703s] GC(4032) Pause Incremental GC (Collect on allocation) 38.37M->27.37M 1.410ms
[189.751s] GC(4033) Pause Incremental GC (Collect on allocation) 37.87M->27.37M 1.403ms
[189.797s] GC(4034) Pause Incremental GC (Collect on allocation) 37.37M->27.37M 1.450ms
[189.840s] GC(4035) Pause Incremental GC (Collect on allocation) 36.87M->27.37M 1.394ms
[189.881s] GC(4036) Pause Incremental GC (Collect on allocation) 36.37M->27.37M 1.347ms
[189.919s] GC(4037) Pause Incremental GC (Collect on allocation) 35.87M->27.37M 1.417ms
[189.974s] GC(4038) Pause Full GC (Collect on allocation) 35.37M->26.37M 19.453ms
[189.983s] GC(4039) Pause Incremental GC (Collect on allocation) 33.37M->26.37M 2.194ms
[190.018s] GC(4040) Pause Incremental GC (Collect on allocation) 34.37M->26.37M 1.461ms
[190.058s] GC(4041) Pause Incremental GC (Collect on allocation) 35.37M->26.87M 1.515ms
[190.104s] GC(4042) Pause Incremental GC (Collect on allocation) 36.87M->26.87M 1.317ms
[190.155s] GC(4043) Pause Incremental GC (Collect on allocation) 37.87M->26.87M 1.458ms
[190.214s] GC(4044) Pause Incremental GC (Collect on allocation) 39.37M->26.87M 1.319ms
[190.268s] GC(4045) Pause Incremental GC (Collect on allocation) 38.87M->26.87M 1.524ms
[190.320s] GC(4046) Pause Incremental GC (Collect on allocation) 38.37M->26.87M 1.464ms
[190.371s] GC(4047) Pause Incremental GC (Collect on allocation) 37.87M->26.87M 1.342ms
[190.419s] GC(4048) Pause Incremental GC (Collect on allocation) 37.37M->26.87M 1.326ms
[190.464s] GC(4049) Pause Incremental GC (Collect on allocation) 36.87M->26.87M 1.369ms
[190.509s] GC(4050) Pause Incremental GC (Collect on allocation) 36.37M->26.87M 1.450ms
[190.550s] GC(4051) Pause Incremental GC (Collect on allocation) 35.87M->26.87M 1.387ms
[190.590s] GC(4052) Pause Incremental GC (Collect on allocation) 35.37M->26.87M 1.314ms
[190.626s] GC(4053) Pause Incremental GC (Collect on allocation) 34.87M->26.87M 1.315ms
[190.658s] GC(4054) Pause Incremental GC (Collect on allocation) 34.37M->26.87M 1.418ms
[190.690s] GC(4055) Pause Incremental GC (Collect on allocation) 33.87M->26.87M 1.260ms
[190.727s] GC(4056) Pause Incremental GC (Collect on allocation) 34.87M->27.37M 1.280ms
[190.767s] GC(4057) Pause Incremental GC (Collect on allocation) 36.37M->27.37M 1.540ms
[190.811s] GC(4058) Pause Incremental GC (Collect on allocation) 37.37M->27.37M 1.375ms
[190.855s] GC(4059) Pause Incremental GC (Collect on allocation) 36.87M->27.37M 1.441ms
[190.897s] GC(4060) Pause Incremental GC (Collect on allocation) 36.37M->27.37M 1.334ms
[190.934s] GC(4061) Pause Incremental GC (Collect on allocation) 35.87M->27.37M 1.387ms
[190.972s] GC(4062) Pause Incremental GC (Collect on allocation) 35.37M->27.37M 1.399ms
[191.006s] GC(4063) Pause Incremental GC (Collect on allocation) 34.87M->27.37M 1.325ms
[191.044s] GC(4064) Pause Incremental GC (Collect on allocation) 35.87M->27.37M 1.401ms
[191.086s] GC(4065) Pause Incremental GC (Collect on allocation) 36.87M->27.37M 1.349ms
[191.144s] GC(4066) Pause Full GC (Collect on allocation) 36.37M->26.37M 19.016ms
[191.160s] GC(4067) Pause Incremental GC (Collect on allocation) 34.37M->26.37M 2.119ms
[191.198s] GC(4068) Pause Incremental GC (Collect on allocation) 35.37M->26.37M 1.368ms
[191.245s] GC(4069) Pause Incremental GC (Collect on allocation) 36.37M->26.37M 1.299ms
[191.296s] GC(4070) Pause Incremental GC (Collect on allocation) 37.37M->26.37M 1.332ms
[191.346s] GC(4071) Pause Incremental GC (Collect on allocation) 36.87M->26.37M 1.330ms
[191.393s] GC(4072) Pause Incremental GC (Collect on allocation) 36.37M->26.37M 1.341ms
[191.437s] GC(4073) Pause Incremental GC (Collect on allocation) 35.87M->26.37M 1.408ms
[191.476s] GC(4074) Pause Incremental GC (Collect on allocation) 35.37M->26.87M 1.409ms
[191.516s] GC(4075) Pause Incremental GC (Collect on allocation) 35.37M->26.87M 1.529ms
[191.552s] GC(4076) Pause Incremental GC (Collect on allocation) 34.87M->26.87M 1.324ms
[191.586s] GC(4077) Pause Incremental GC (Collect on allocation) 34.37M->26.87M 1.457ms
[191.625s] GC(4078) Pause Incremental GC (Collect on allocation) 35.37M->26.87M 1.542ms
[191.668s] GC(4079) Pause Incremental GC (Collect on allocation) 36.37M->26.87M 1.377ms
[191.717s] GC(4080) Pause Incremental GC (Collect on allocation) 37.37M->26.87M 1.449ms
[191.763s] GC(4081) Pause Incremental GC (Collect on allocation) 36.87M->26.87M 1.350ms
[191.806s] GC(4082) Pause Incremental GC (Collect on allocation) 36.37M->26.87M 1.441ms
[191.848s] GC(4083) Pause Incremental GC (Collect on allocation) 35.87M->26.87M 1.355ms
[191.886s] GC(4084) Pause Incremental GC (Collect on allocation) 35.37M->26.87M 1.373ms
[191.923s] GC(4085) Pause Incremental GC (Collect on allocation) 34.87M->27.37M 1.321ms
[191.956s] GC(4086) Pause Incremental GC (Collect on allocation) 34.87M->27.37M 1.311ms
[191.996s] GC(4087) Pause Incremental GC (Collect on allocation) 35.87M->27.37M 1.270ms
[192.033s] GC(4088) Pause Incremental GC (Collect on allocation) 35.37M->27.37M 1.387ms
[192.065s] GC(4089) Pause Incremental GC (Collect on allocation) 34.87M->27.37M 1.414ms
[192.104s] GC(4090) Pause Incremental GC (Collect on allocation) 35.87M->27.37M 1.290ms
[192.149s] GC(4091) Pause Incremental GC (Collect on allocation) 36.87M->27.37M 1.463ms
[192.192s] GC(4092) Pause Incremental GC (Collect on allocation) 36.37M->27.37M 1.465ms
[192.249s] GC(4093) Pause Full GC (Collect on allocation) 35.87M->26.37M 19.483ms
[192.271s] GC(4094) Pause Incremental GC (Collect on allocation) 35.37M->26.37M 1.741ms
[192.318s] GC(4095) Pause Incremental GC (Collect on allocation) 36.37M->26.37M 1.457ms
[192.368s] GC(4096) Pause Incremental GC (Collect on allocation) 37.37M->26.37M 1.329ms
[192.416s] GC(4097) Pause Incremental GC (Collect on allocation) 36.87M->26.37M 1.406ms
[192.463s] GC(4098) Pause Incremental GC (Collect on allocation) 36.37M->26.37M 1.361ms
[192.507s] GC(4099) Pause Incremental GC (Collect on allocation) 35.87M->26.37M 1.492ms
[192.548s] GC(4100) Pause Incremental GC (Collect on allocation) 35.37M->26.37M 1.286ms
[192.587s] GC(4101) Pause Incremental GC (Collect on allocation) 34.87M->26.37M 1.405ms
[192.624s] GC(4102) Pause Incremental GC (Collect on allocation) 34.37M->26.37M 1.334ms
[192.657s] GC(4103) Pause Incremental GC (Collect on allocation) 33.87M->26.37M 1.362ms
[192.694s] GC(4104) Pause Incremental GC (Collect on allocation) 34.87M->26.37M 1.334ms
[192.738s] GC(4105) Pause Incremental GC (Collect on allocation) 35.87M->26.37M 1.281ms
[192.780s] GC(4106) Pause Incremental GC (Collect on allocation) 35.37M->26.37M 1.246ms
[192.820s] GC(4107) Pause Incremental GC (Collect on allocation) 34.87M->26.37M 1.236ms
[192.857s] GC(4108) Pause Incremental GC (Collect on allocation) 34.37M->26.87M 1.360ms
[192.890s] GC(4109) Pause Incremental GC (Collect on allocation) 34.37M->26.87M 1.331ms
[192.922s] GC(4110) Pause Incremental GC (Collect on allocation) 33.87M->26.87M 1.343ms
[192.959s] GC(4111) Pause Incremental GC (Collect on allocation) 34.87M->26.87M 1.381ms
[193.001s] GC(4112) Pause Incremental GC (Collect on allocation) 35.87M->26.87M 1.297ms
[193.048s] GC(4113) Pause Incremental GC (Collect on allocation) 36.87M->26.87M 1.282ms
[193.091s] GC(4114) Pause Incremental GC (Collect on allocation) 36.37M->26.87M 1.359ms
[193.132s] GC(4115) Pause Incremental GC (Collect on allocation) 35.87M->26.87M 1.402ms
[193.170s] GC(4116) Pause Incremental GC (Collect on allocation) 35.37M->26.87M 1.332ms
[193.207s] GC(4117) Pause Incremental GC (Collect on allocation) 34.87M->26.87M 1.425ms
[193.240s] GC(4118) Pause Incremental GC (Collect on allocation) 34.37M->26.87M 1.334ms
[193.280s] GC(4119) Pause Incremental GC (Collect on allocation) 35.37M->26.87M 1.261ms
[193.315s] GC(4120) Pause Incremental GC (Collect on allocation) 34.87M->26.87M 1.372ms
[193.374s] GC(4121) Pause Full GC (Collect on allocation) 35.87M->26.37M 18.832ms
[193.407s] GC(4122) Pause Incremental GC (Collect on allocation) 37.37M->26.37M 1.792ms
[193.461s] GC(4123) Pause Incremental GC (Collect on allocation) 38.87M->26.37M 1.328ms
[193.518s] GC(4124) Pause Incremental GC (Collect on allocation) 38.37M->26.37M 1.361ms
[193.570s] GC(4125) Pause Incremental GC (Collect on allocation) 37.87M->26.37M 1.363ms
[193.621s] GC(4126) Pause Incremental GC (Collect on allocation) 37.37M->26.37M 1.369ms
[193.670s] GC(4127) Pause Incremental GC (Collect on allocation) 36.87M->26.37M 1.335ms
[193.714s] GC(4128) Pause Incremental GC (Collect on allocation) 36.37M->26.37M 1.314ms
[193.758s] GC(4129) Pause Incremental GC (Collect on allocation) 35.87M->26.37M 1.517ms
[193.799s] GC(4130) Pause Incremental GC (Collect on allocation) 35.37M->26.37M 1.365ms
[193.839s] GC(4131) Pause Incremental GC (Collect on allocation) 34.87M->26.37M 1.239ms
[193.876s] GC(4132) Pause Incremental GC (Collect on allocation) 34.37M->26.37M 1.311ms
[193.910s] GC(4133) Pause Incremental GC (Collect on allocation) 33.87M->26.37M 1.327ms
[193.942s] GC(4134) Pause Incremental GC (Collect on allocation) 33.37M->26.37M 1.364ms
[193.977s] GC(4135) Pause Incremental GC (Collect on allocation) 34.37M->26.37M 1.295ms
[194.019s] GC(4136) Pause Incremental GC (Collect on allocation) 35.37M->26.37M 1.279ms
[194.057s] GC(4137) Pause Incremental GC (Collect on allocation) 34.87M->26.37M 1.446ms
[194.093s] GC(4138) Pause Incremental GC (Collect on allocation) 34.37M->26.37M 1.433ms
[194.135s] GC(4139) Pause Incremental GC (Collect on allocation) 35.37M->26.87M 1.320ms
[194.175s] GC(4140) Pause Incremental GC (Collect on allocation) 35.37M->26.87M 1.406ms
[194.211s] GC(4141) Pause Incremental GC (Collect on allocation) 34.87M->26.87M 1.401ms
[194.254s] GC(4142) Pause Incremental GC (Collect on allocation) 35.87M->26.87M 1.779ms
[194.298s] GC(4143) Pause Incremental GC (Collect on allocation) 36.87M->26.87M 1.540ms
[194.346s] GC(4144) Pause Incremental GC (Collect on allocation) 37.87M->26.87M 1.410ms
[194.394s] GC(4145) Pause Incremental GC (Collect on allocation) 37.37M->26.87M 1.404ms
[194.440s] GC(4146) Pause Incremental GC (Collect on allocation) 36.87M->26.87M 1.467ms
[194.504s] GC(4147) Pause Full GC (Collect on allocation) 36.37M->26.37M 19.887ms
[194.522s] GC(4148) Pause Incremental GC (Collect on allocation) 34.87M->26.37M 1.928ms
[194.563s] GC(4149) Pause Incremental GC (Collect on allocation) 35.87M->26.37M 1.427ms
[194.610s] GC(4150) Pause Incremental GC (Collect on allocation) 36.87M->26.37M 1.462ms
[194.665s] GC(4151) Pause Incremental GC (Collect on allocation) 38.37M->26.37M 1.455ms
[194.721s] GC(4152) Pause Incremental GC (Collect on allocation) 37.87M->26.37M 1.367ms
[194.770s] GC(4153) Pause Incremental GC (Collect on allocation) 37.37M->26.37M 1.392ms
[194.817s] GC(4154) Pause Incremental GC (Collect on allocation) 36.87M->26.37M 1.451ms
[194.863s] GC(4155) Pause Incremental GC (Collect on allocation) 36.37M->26.37M 1.509ms
[194.907s] GC(4156) Pause Incremental GC (Collect on allocation) 35.87M->26.37M 1.433ms
[194.948s] GC(4157) Pause Incremental GC (Collect on allocation) 35.37M->26.37M 1.377ms
[194.987s] GC(4158) Pause Incremental GC (Collect on allocation) 34.87M->26.87M 1.356ms
[195.024s] GC(4159) Pause Incremental GC (Collect on allocation) 34.87M->26.87M 1.422ms
[195.057s] GC(4160) Pause Incremental GC (Collect on allocation) 34.37M->26.87M 1.380ms
[195.095s] GC(4161) Pause Incremental GC (Collect on allocation) 35.37M->26.87M 1.331ms
[195.138s] GC(4162) Pause Incremental GC (Collect on allocation) 36.37M->26.87M 1.371ms
[195.180s] GC(4163) Pause Incremental GC (Collect on allocation) 35.87M->26.87M 1.359ms
[195.218s] GC(4164) Pause Incremental GC (Collect on allocation) 35.37M->26.87M 1.464ms
[195.254s] GC(4165) Pause Incremental GC (Collect on allocation) 34.87M->26.87M 1.300ms
[195.295s] GC(4166) Pause Incremental GC (Collect on allocation) 35.87M->26.87M 1.960ms
[195.338s] GC(4167) Pause Incremental GC (Collect on allocation) 36.87M->26.87M 1.386ms
[195.391s] GC(4168) Pause Incremental GC (Collect on allocation) 37.87M->26.87M 1.805ms
[195.449s] GC(4169) Pause Incremental GC (Collect on allocation) 39.37M->26.87M 1.591ms
[195.506s] GC(4170) Pause Incremental GC (Collect on allocation) 38.87M->26.87M 1.371ms
[195.559s] GC(4171) Pause Incremental GC (Collect on allocation) 38.37M->26.87M 1.355ms
[195.610s] GC(4172) Pause Incremental GC (Collect on allocation) 37.87M->26.87M 1.450ms
[195.657s] GC(4173) Pause Incremental GC (Collect on allocation) 37.37M->27.37M 1.397ms
[195.722s] GC(4174) Pause Full GC (Collect on allocation) 37.37M->26.37M 19.517ms
[195.741s] GC(4175) Pause Incremental GC (Collect on allocation) 35.37M->26.37M 2.013ms
[195.785s] GC(4176) Pause Incremental GC (Collect on allocation) 36.37M->26.37M 1.526ms
[195.837s] GC(4177) Pause Incremental GC (Collect on allocation) 37.37M->26.37M 1.343ms
[195.886s] GC(4178) Pause Incremental GC (Collect on allocation) 36.87M->26.37M 1.480ms
[195.932s] GC(4179) Pause Incremental GC (Collect on allocation) 36.37M->26.37M 1.394ms
[195.976s] GC(4180) Pause Incremental GC (Collect on allocation) 35.87M->26.37M 1.923ms
[196.015s] GC(4181) Pause Incremental GC (Collect on allocation) 35.37M->26.37M 1.440ms
[196.060s] GC(4182) Pause Incremental GC (Collect on allocation) 36.37M->26.87M 1.798ms
[196.110s] GC(4183) Pause Incremental GC (Collect on allocation) 37.87M->27.37M 1.643ms
[196.166s] GC(4184) Pause Incremental GC (Collect on allocation) 39.87M->27.87M 1.984ms
[196.222s] GC(4185) Pause Incremental GC (Collect on allocation) 41.87M->29.37M 2.168ms
[196.283s] GC(4186) Pause Incremental GC (Collect on allocation) 42.87M->30.37M 2.139ms
[196.342s] GC(4187) Pause Incremental GC (Collect on allocation) 43.37M->30.37M 1.494ms
[196.400s] GC(4188) Pause Incremental GC (Collect on allocation) 42.87M->30.37M 1.555ms
[196.455s] GC(4189) Pause Incremental GC (Collect on allocation) 42.37M->30.37M 1.385ms
[196.509s] GC(4190) Pause Incremental GC (Collect on allocation) 41.87M->30.87M 1.911ms
[196.555s] GC(4191) Pause Incremental GC (Collect on allocation) 41.87M->30.87M 1.284ms
[196.605s] GC(4192) Pause Incremental GC (Collect on allocation) 41.37M->30.87M 1.378ms
[196.652s] GC(4193) Pause Incremental GC (Collect on allocation) 40.87M->30.87M 1.427ms
[196.696s] GC(4194) Pause Incremental GC (Collect on allocation) 40.37M->30.87M 1.445ms
[196.739s] GC(4195) Pause Incremental GC (Collect on allocation) 39.87M->30.87M 1.753ms
[196.778s] GC(4196) Pause Incremental GC (Collect on allocation) 39.37M->30.87M 1.435ms
[196.814s] GC(4197) Pause Incremental GC (Collect on allocation) 38.87M->30.87M 1.306ms
[196.850s] GC(4198) Pause Incremental GC (Collect on allocation) 38.37M->30.87M 1.723ms
[196.909s] GC(4199) Pause Full GC (Collect on allocation) 39.37M->26.37M 22.497ms
[196.934s] GC(4200) Pause Incremental GC (Collect on allocation) 36.87M->26.37M 2.352ms
[196.988s] GC(4201) Pause Incremental GC (Collect on allocation) 38.37M->26.37M 1.767ms
[197.051s] GC(4202) Pause Incremental GC (Collect on allocation) 39.87M->26.37M 1.341ms
[197.121s] GC(4203) Pause Incremental GC (Collect on allocation) 41.37M->26.37M 1.467ms
[197.188s] GC(4204) Pause Incremental GC (Collect on allocation) 40.87M->26.37M 1.371ms
[197.252s] GC(4205) Pause Incremental GC (Collect on allocation) 40.37M->26.37M 1.422ms
[197.315s] GC(4206) Pause Incremental GC (Collect on allocation) 39.87M->26.37M 1.327ms
[197.375s] GC(4207) Pause Incremental GC (Collect on allocation) 39.37M->26.37M 1.405ms
[197.435s] GC(4208) Pause Incremental GC (Collect on allocation) 38.87M->26.37M 1.325ms
[197.489s] GC(4209) Pause Incremental GC (Collect on allocation) 38.37M->26.37M 1.399ms
[197.543s] GC(4210) Pause Incremental GC (Collect on allocation) 37.87M->26.37M 1.380ms
[197.593s] GC(4211) Pause Incremental GC (Collect on allocation) 37.37M->26.87M 1.440ms
[197.642s] GC(4212) Pause Incremental GC (Collect on allocation) 37.37M->26.87M 1.431ms
[197.688s] GC(4213) Pause Incremental GC (Collect on allocation) 36.87M->26.87M 1.410ms
[197.731s] GC(4214) Pause Incremental GC (Collect on allocation) 36.37M->26.87M 1.414ms
[197.771s] GC(4215) Pause Incremental GC (Collect on allocation) 35.87M->26.87M 1.715ms
[197.810s] GC(4216) Pause Incremental GC (Collect on allocation) 35.37M->26.87M 1.416ms
[197.846s] GC(4217) Pause Incremental GC (Collect on allocation) 34.87M->26.87M 1.323ms
[197.881s] GC(4218) Pause Incremental GC (Collect on allocation) 34.37M->26.87M 1.364ms
[197.911s] GC(4219) Pause Incremental GC (Collect on allocation) 33.87M->26.87M 1.351ms
[197.948s] GC(4220) Pause Incremental GC (Collect on allocation) 34.87M->26.87M 1.290ms
[197.990s] GC(4221) Pause Incremental GC (Collect on allocation) 35.87M->26.87M 1.479ms
[198.037s] GC(4222) Pause Incremental GC (Collect on allocation) 36.87M->26.87M 1.386ms
[198.088s] GC(4223) Pause Incremental GC (Collect on allocation) 37.87M->26.87M 1.374ms
[198.137s] GC(4224) Pause Incremental GC (Collect on allocation) 37.37M->26.87M 1.346ms
[198.183s] GC(4225) Pause Incremental GC (Collect on allocation) 36.87M->27.37M 1.522ms
[198.224s] GC(4226) Pause Incremental GC (Collect on allocation) 36.87M->27.37M 1.545ms
[198.284s] GC(4227) Pause Full GC (Collect on allocation) 36.37M->26.37M 18.791ms
[198.298s] GC(4228) Pause Incremental GC (Collect on allocation) 34.37M->26.37M 1.790ms
[198.338s] GC(4229) Pause Incremental GC (Collect on allocation) 35.37M->26.37M 1.374ms
[198.382s] GC(4230) Pause Incremental GC (Collect on allocation) 36.37M->26.37M 1.363ms
[198.434s] GC(4231) Pause Incremental GC (Collect on allocation) 37.37M->26.37M 1.527ms
[198.481s] GC(4232) Pause Incremental GC (Collect on allocation) 36.87M->26.37M 1.346ms
[198.529s] GC(4233) Pause Incremental GC (Collect on allocation) 36.37M->26.37M 1.247ms
[198.571s] GC(4234) Pause Incremental GC (Collect on allocation) 35.87M->26.37M 1.515ms
[198.612s] GC(4235) Pause Incremental GC (Collect on allocation) 35.37M->26.37M 1.388ms
[198.650s] GC(4236) Pause Incremental GC (Collect on allocation) 34.87M->26.37M 1.619ms
[198.687s] GC(4237) Pause Incremental GC (Collect on allocation) 34.37M->26.37M 1.367ms
[198.720s] GC(4238) Pause Incremental GC (Collect on allocation) 33.87M->26.37M 1.337ms
[198.760s] GC(4239) Pause Incremental GC (Collect on allocation) 34.87M->26.37M 1.298ms
[198.804s] GC(4240) Pause Incremental GC (Collect on allocation) 35.87M->26.87M 1.368ms
[198.841s] GC(4241) Pause Incremental GC (Collect on allocation) 35.87M->26.87M 1.440ms
[198.878s] GC(4242) Pause Incremental GC (Collect on allocation) 35.37M->26.87M 1.451ms
[198.923s] GC(4243) Pause Incremental GC (Collect on allocation) 36.37M->26.87M 1.450ms
[198.963s] GC(4244) Pause Incremental GC (Collect on allocation) 35.87M->26.87M 1.465ms
[199.009s] GC(4245) Pause Incremental GC (Collect on allocation) 36.87M->26.87M 1.870ms
[199.058s] GC(4246) Pause Incremental GC (Collect on allocation) 37.87M->26.87M 2.017ms
[199.110s] GC(4247) Pause Incremental GC (Collect on allocation) 39.37M->26.87M 1.448ms
[199.151s] GC(4248) Pause Incremental GC (Collect on allocation) 40.87M->26.87M 1.660ms
[199.212s] GC(4249) Pause Incremental GC (Collect on allocation) 40.37M->26.87M 1.500ms
[199.272s] GC(4250) Pause Incremental GC (Collect on allocation) 39.87M->26.87M 1.957ms
[199.351s] GC(4251) Pause Full GC (Collect on allocation) 39.37M->26.37M 22.100ms
[199.379s] GC(4252) Pause Incremental GC (Collect on allocation) 37.87M->26.37M 2.260ms
[199.429s] GC(4253) Pause Incremental GC (Collect on allocation) 37.37M->26.37M 1.515ms
[199.478s] GC(4254) Pause Incremental GC (Collect on allocation) 36.87M->26.37M 1.468ms
[199.523s] GC(4255) Pause Incremental GC (Collect on allocation) 36.37M->26.37M 1.796ms
[199.566s] GC(4256) Pause Incremental GC (Collect on allocation) 35.87M->26.37M 1.626ms
[199.607s] GC(4257) Pause Incremental GC (Collect on allocation) 35.37M->26.37M 1.713ms
[199.646s] GC(4258) Pause Incremental GC (Collect on allocation) 34.87M->26.37M 1.416ms
[199.683s] GC(4259) Pause Incremental GC (Collect on allocation) 34.37M->26.37M 1.497ms
[199.715s] GC(4260) Pause Incremental GC (Collect on allocation) 33.87M->26.37M 1.353ms
[199.754s] GC(4261) Pause Incremental GC (Collect on allocation) 34.87M->26.37M 1.462ms
[199.789s] GC(4262) Pause Incremental GC (Collect on allocation) 34.37M->26.87M 1.380ms
[199.823s] GC(4263) Pause Incremental GC (Collect on allocation) 34.37M->26.87M 1.537ms
[199.861s] GC(4264) Pause Incremental GC (Collect on allocation) 35.37M->26.87M 1.498ms
[199.906s] GC(4265) Pause Incremental GC (Collect on allocation) 36.37M->26.87M 1.661ms
[199.947s] GC(4266) Pause Incremental GC (Collect on allocation) 35.87M->26.87M 1.253ms
[199.985s] GC(4267) Pause Incremental GC (Collect on allocation) 35.37M->26.87M 1.324ms
[200.028s] GC(4268) Pause Incremental GC (Collect on allocation) 36.37M->26.87M 1.551ms
[200.069s] GC(4269) Pause Incremental GC (Collect on allocation) 35.87M->26.87M 1.363ms
[200.108s] GC(4270) Pause Incremental GC (Collect on allocation) 35.37M->26.87M 1.483ms
[200.146s] GC(4271) Pause Incremental GC (Collect on allocation) 34.87M->26.87M 1.440ms
[200.186s] GC(4272) Pause Incremental GC (Collect on allocation) 35.87M->26.87M 1.547ms
[200.224s] GC(4273) Pause Incremental GC (Collect on allocation) 35.37M->26.87M 1.477ms
[200.268s] GC(4274) Pause Incremental GC (Collect on allocation) 36.37M->26.87M 1.337ms
[200.316s] GC(4275) Pause Incremental GC (Collect on allocation) 37.37M->27.37M 1.619ms
[200.362s] GC(4276) Pause Incremental GC (Collect on allocation) 37.37M->27.37M 1.488ms
[200.406s] GC(4277) Pause Incremental GC (Collect on allocation) 36.87M->27.37M 1.327ms
[200.448s] GC(4278) Pause Incremental GC (Collect on allocation) 36.37M->27.37M 1.339ms
[200.486s] GC(4279) Pause Incremental GC (Collect on allocation) 35.87M->27.37M 1.511ms
[200.542s] GC(4280) Pause Full GC (Collect on allocation) 35.37M->26.37M 19.954ms
[200.554s] GC(4281) Pause Incremental GC (Collect on allocation) 33.37M->26.37M 2.389ms
[200.586s] GC(4282) Pause Incremental GC (Collect on allocation) 34.37M->26.87M 1.973ms
[200.628s] GC(4283) Pause Incremental GC (Collect on allocation) 35.87M->26.87M 1.576ms
[200.672s] GC(4284) Pause Incremental GC (Collect on allocation) 36.87M->26.87M 1.500ms
[200.724s] GC(4285) Pause Incremental GC (Collect on allocation) 37.87M->26.87M 1.334ms
[200.784s] GC(4286) Pause Incremental GC (Collect on allocation) 39.37M->26.87M 1.702ms
[200.846s] GC(4287) Pause Incremental GC (Collect on allocation) 40.87M->26.87M 1.535ms
[200.909s] GC(4288) Pause Incremental GC (Collect on allocation) 40.37M->26.87M 1.517ms
[200.968s] GC(4289) Pause Incremental GC (Collect on allocation) 39.87M->26.87M 1.406ms
[201.027s] GC(4290) Pause Incremental GC (Collect on allocation) 39.37M->26.87M 1.374ms
[201.082s] GC(4291) Pause Incremental GC (Collect on allocation) 38.87M->26.87M 1.514ms
[201.136s] GC(4292) Pause Incremental GC (Collect on allocation) 38.37M->27.37M 1.487ms
[201.185s] GC(4293) Pause Incremental GC (Collect on allocation) 38.37M->27.37M 1.681ms
[201.234s] GC(4294) Pause Incremental GC (Collect on allocation) 37.87M->27.37M 1.631ms
[201.281s] GC(4295) Pause Incremental GC (Collect on allocation) 37.37M->27.37M 1.410ms
[201.325s] GC(4296) Pause Incremental GC (Collect on allocation) 36.87M->27.37M 1.815ms
[201.364s] GC(4297) Pause Incremental GC (Collect on allocation) 36.37M->27.37M 1.591ms
[201.409s] GC(4298) Pause Incremental GC (Collect on allocation) 37.37M->27.37M 1.407ms
[201.454s] GC(4299) Pause Incremental GC (Collect on allocation) 36.87M->27.37M 1.388ms
[201.494s] GC(4300) Pause Incremental GC (Collect on allocation) 36.37M->27.37M 1.408ms
[201.534s] GC(4301) Pause Incremental GC (Collect on allocation) 35.87M->27.37M 1.342ms
[201.568s] GC(4302) Pause Incremental GC (Collect on allocation) 35.37M->27.37M 1.336ms
[201.609s] GC(4303) Pause Incremental GC (Collect on allocation) 36.37M->27.37M 1.367ms
[201.648s] GC(4304) Pause Incremental GC (Collect on allocation) 35.87M->27.87M 1.391ms
[201.685s] GC(4305) Pause Incremental GC (Collect on allocation) 35.87M->27.87M 1.554ms
[201.727s] GC(4306) Pause Incremental GC (Collect on allocation) 36.87M->27.87M 1.415ms
[201.774s] GC(4307) Pause Incremental GC (Collect on allocation) 37.87M->27.87M 1.503ms
[201.842s] GC(4308) Pause Full GC (Collect on allocation) 38.87M->26.37M 18.796ms
[201.867s] GC(4309) Pause Incremental GC (Collect on allocation) 36.37M->26.37M 2.140ms
[201.918s] GC(4310) Pause Incremental GC (Collect on allocation) 37.37M->26.37M 1.428ms
[201.977s] GC(4311) Pause Incremental GC (Collect on allocation) 38.87M->26.37M 1.368ms
[202.034s] GC(4312) Pause Incremental GC (Collect on allocation) 38.37M->26.37M 1.523ms
[202.087s] GC(4313) Pause Incremental GC (Collect on allocation) 37.87M->26.37M 1.347ms
[202.138s] GC(4314) Pause Incremental GC (Collect on allocation) 37.37M->26.37M 1.416ms
[202.187s] GC(4315) Pause Incremental GC (Collect on allocation) 36.87M->26.37M 1.317ms
[202.232s] GC(4316) Pause Incremental GC (Collect on allocation) 36.37M->26.37M 1.589ms
[202.276s] GC(4317) Pause Incremental GC (Collect on allocation) 35.87M->26.37M 1.333ms
[202.318s] GC(4318) Pause Incremental GC (Collect on allocation) 35.37M->26.37M 1.470ms
[202.356s] GC(4319) Pause Incremental GC (Collect on allocation) 34.87M->26.87M 1.453ms
[202.393s] GC(4320) Pause Incremental GC (Collect on allocation) 34.87M->26.87M 1.413ms
[202.427s] GC(4321) Pause Incremental GC (Collect on allocation) 34.37M->26.87M 1.346ms
[202.460s] GC(4322) Pause Incremental GC (Collect on allocation) 33.87M->26.87M 1.351ms
[202.495s] GC(4323) Pause Incremental GC (Collect on allocation) 34.87M->26.87M 1.349ms
[202.535s] GC(4324) Pause Incremental GC (Collect on allocation) 35.87M->26.87M 1.353ms
[202.582s] GC(4325) Pause Incremental GC (Collect on allocation) 36.87M->26.87M 1.386ms
[202.626s] GC(4326) Pause Incremental GC (Collect on allocation) 36.37M->26.87M 1.328ms
[202.668s] GC(4327) Pause Incremental GC (Collect on allocation) 35.87M->26.87M 1.593ms
[202.707s] GC(4328) Pause Incremental GC (Collect on allocation) 35.37M->26.87M 1.473ms
[202.744s] GC(4329) Pause Incremental GC (Collect on allocation) 34.87M->26.87M 1.613ms
[202.786s] GC(4330) Pause Incremental GC (Collect on allocation) 35.87M->26.87M 1.376ms
[202.833s] GC(4331) Pause Incremental GC (Collect on allocation) 36.87M->26.87M 1.706ms
[202.884s] GC(4332) Pause Incremental GC (Collect on allocation) 37.87M->27.37M 1.488ms
[202.931s] GC(4333) Pause Incremental GC (Collect on allocation) 37.87M->27.37M 1.540ms
[202.996s] GC(4334) Pause Full GC (Collect on allocation) 37.37M->26.37M 20.498ms
[203.017s] GC(4335) Pause Incremental GC (Collect on allocation) 35.37M->26.37M 2.444ms
[203.063s] GC(4336) Pause Incremental GC (Collect on allocation) 36.37M->26.37M 1.292ms
[203.113s] GC(4337) Pause Incremental GC (Collect on allocation) 37.37M->26.37M 1.356ms
[203.163s] GC(4338) Pause Incremental GC (Collect on allocation) 36.87M->26.37M 1.378ms
[203.209s] GC(4339) Pause Incremental GC (Collect on allocation) 36.37M->26.37M 1.365ms
[203.254s] GC(4340) Pause Incremental GC (Collect on allocation) 35.87M->26.37M 1.448ms
[203.295s] GC(4341) Pause Incremental GC (Collect on allocation) 35.37M->26.37M 1.437ms
[203.333s] GC(4342) Pause Incremental GC (Collect on allocation) 34.87M->26.37M 1.530ms
[203.369s] GC(4343) Pause Incremental GC (Collect on allocation) 34.37M->26.37M 1.362ms
[203.411s] GC(4344) Pause Incremental GC (Collect on allocation) 35.37M->26.87M 1.355ms
[203.451s] GC(4345) Pause Incremental GC (Collect on allocation) 35.37M->26.87M 1.339ms
[203.486s] GC(4346) Pause Incremental GC (Collect on allocation) 34.87M->26.87M 1.398ms
[203.527s] GC(4347) Pause Incremental GC (Collect on allocation) 35.87M->26.87M 1.365ms
[203.566s] GC(4348) Pause Incremental GC (Collect on allocation) 35.37M->26.87M 1.406ms
[203.610s] GC(4349) Pause Incremental GC (Collect on allocation) 36.37M->26.87M 1.296ms
[203.650s] GC(4350) Pause Incremental GC (Collect on allocation) 35.87M->26.87M 1.427ms
[203.688s] GC(4351) Pause Incremental GC (Collect on allocation) 35.37M->26.87M 1.308ms
[203.726s] GC(4352) Pause Incremental GC (Collect on allocation) 34.87M->26.87M 1.486ms
[203.768s] GC(4353) Pause Incremental GC (Collect on allocation) 35.87M->26.87M 1.409ms
[203.806s] GC(4354) Pause Incremental GC (Collect on allocation) 35.37M->26.87M 1.290ms
[203.841s] GC(4355) Pause Incremental GC (Collect on allocation) 34.87M->26.87M 1.434ms
[203.881s] GC(4356) Pause Incremental GC (Collect on allocation) 35.87M->26.87M 1.250ms
[203.927s] GC(4357) Pause Incremental GC (Collect on allocation) 36.87M->26.87M 1.419ms
[203.969s] GC(4358) Pause Incremental GC (Collect on allocation) 36.37M->26.87M 1.456ms
[204.010s] GC(4359) Pause Incremental GC (Collect on allocation) 35.87M->26.87M 1.309ms
[204.050s] GC(4360) Pause Incremental GC (Collect on allocation) 35.37M->27.37M 1.413ms
[204.085s] GC(4361) Pause Incremental GC (Collect on allocation) 35.37M->27.37M 1.400ms
[204.127s] GC(4362) Pause Incremental GC (Collect on allocation) 36.37M->27.37M 1.381ms
[204.184s] GC(4363) Pause Full GC (Collect on allocation) 35.87M->26.37M 19.317ms
[204.196s] GC(4364) Pause Incremental GC (Collect on allocation) 33.87M->26.37M 1.752ms
[204.234s] GC(4365) Pause Incremental GC (Collect on allocation) 34.87M->26.37M 1.300ms
[204.279s] GC(4366) Pause Incremental GC (Collect on allocation) 35.87M->26.37M 1.331ms
[204.328s] GC(4367) Pause Incremental GC (Collect on allocation) 36.87M->26.37M 1.338ms
[204.374s] GC(4368) Pause Incremental GC (Collect on allocation) 36.37M->26.37M 1.456ms
[204.419s] GC(4369) Pause Incremental GC (Collect on allocation) 35.87M->26.37M 1.302ms
[204.461s] GC(4370) Pause Incremental GC (Collect on allocation) 35.37M->26.37M 1.348ms
[204.499s] GC(4371) Pause Incremental GC (Collect on allocation) 34.87M->26.37M 1.415ms
[204.536s] GC(4372) Pause Incremental GC (Collect on allocation) 34.37M->26.37M 1.450ms
[204.570s] GC(4373) Pause Incremental GC (Collect on allocation) 33.87M->26.37M 1.375ms
[204.610s] GC(4374) Pause Incremental GC (Collect on allocation) 34.87M->26.87M 1.379ms
[204.652s] GC(4375) Pause Incremental GC (Collect on allocation) 36.37M->26.87M 1.350ms
[204.694s] GC(4376) Pause Incremental GC (Collect on allocation) 35.87M->26.87M 1.269ms
[204.734s] GC(4377) Pause Incremental GC (Collect on allocation) 35.37M->26.87M 1.431ms
[204.772s] GC(4378) Pause Incremental GC (Collect on allocation) 34.87M->26.87M 1.261ms
[204.805s] GC(4379) Pause Incremental GC (Collect on allocation) 34.37M->26.87M 1.326ms
[204.845s] GC(4380) Pause Incremental GC (Collect on allocation) 35.37M->26.87M 1.330ms
[204.883s] GC(4381) Pause Incremental GC (Collect on allocation) 34.87M->26.87M 1.425ms
[204.923s] GC(4382) Pause Incremental GC (Collect on allocation) 35.87M->26.87M 1.329ms
[204.961s] GC(4383) Pause Incremental GC (Collect on allocation) 35.37M->26.87M 1.320ms
[204.998s] GC(4384) Pause Incremental GC (Collect on allocation) 34.87M->26.87M 1.254ms
[205.033s] GC(4385) Pause Incremental GC (Collect on allocation) 34.37M->26.87M 1.363ms
[205.072s] GC(4386) Pause Incremental GC (Collect on allocation) 35.37M->26.87M 1.246ms
[205.110s] GC(4387) Pause Incremental GC (Collect on allocation) 34.87M->26.87M 1.326ms
[205.144s] GC(4388) Pause Incremental GC (Collect on allocation) 34.37M->26.87M 1.269ms
[205.184s] GC(4389) Pause Incremental GC (Collect on allocation) 35.37M->26.87M 1.358ms
[205.220s] GC(4390) Pause Incremental GC (Collect on allocation) 34.87M->26.87M 1.307ms
[205.255s] GC(4391) Pause Incremental GC (Collect on allocation) 34.37M->26.87M 1.248ms
[205.294s] GC(4392) Pause Incremental GC (Collect on allocation) 35.37M->26.87M 1.316ms
[205.348s] GC(4393) Pause Full GC (Collect on allocation) 34.87M->26.37M 19.910ms
[205.373s] GC(4394) Pause Incremental GC (Collect on allocation) 36.37M->26.37M 1.802ms
[205.416s] GC(4395) Pause Incremental GC (Collect on allocation) 35.87M->26.37M 1.559ms
[205.456s] GC(4396) Pause Incremental GC (Collect on allocation) 35.37M->26.37M 1.784ms
[205.495s] GC(4397) Pause Incremental GC (Collect on allocation) 34.87M->26.37M 1.813ms
[205.529s] GC(4398) Pause Incremental GC (Collect on allocation) 34.37M->26.37M 1.426ms
[205.561s] GC(4399) Pause Incremental GC (Collect on allocation) 33.87M->26.37M 1.432ms
[205.593s] GC(4400) Pause Incremental GC (Collect on allocation) 33.37M->26.37M 1.445ms
[205.627s] GC(4401) Pause Incremental GC (Collect on allocation) 34.37M->26.37M 1.388ms
[205.669s] GC(4402) Pause Incremental GC (Collect on allocation) 35.37M->26.37M 1.327ms
[205.716s] GC(4403) Pause Incremental GC (Collect on allocation) 36.37M->26.37M 1.454ms
[205.768s] GC(4404) Pause Incremental GC (Collect on allocation) 37.37M->26.37M 1.424ms
[205.826s] GC(4405) Pause Incremental GC (Collect on allocation) 38.87M->26.37M 1.398ms
[205.882s] GC(4406) Pause Incremental GC (Collect on allocation) 38.37M->26.37M 1.471ms
[205.937s] GC(4407) Pause Incremental GC (Collect on allocation) 37.87M->26.87M 1.594ms
[205.988s] GC(4408) Pause Incremental GC (Collect on allocation) 37.87M->26.87M 1.377ms
[206.038s] GC(4409) Pause Incremental GC (Collect on allocation) 37.37M->26.87M 1.378ms
[206.085s] GC(4410) Pause Incremental GC (Collect on allocation) 36.87M->26.87M 1.357ms
[206.129s] GC(4411) Pause Incremental GC (Collect on allocation) 36.37M->26.87M 1.383ms
[206.171s] GC(4412) Pause Incremental GC (Collect on allocation) 35.87M->26.87M 1.536ms
[206.209s] GC(4413) Pause Incremental GC (Collect on allocation) 35.37M->26.87M 1.551ms
[206.245s] GC(4414) Pause Incremental GC (Collect on allocation) 34.87M->26.87M 1.678ms
[206.286s] GC(4415) Pause Incremental GC (Collect on allocation) 35.87M->26.87M 1.337ms
[206.333s] GC(4416) Pause Incremental GC (Collect on allocation) 36.87M->26.87M 1.591ms
[206.385s] GC(4417) Pause Incremental GC (Collect on allocation) 37.87M->26.87M 1.379ms
[206.433s] GC(4418) Pause Incremental GC (Collect on allocation) 37.37M->26.87M 1.371ms
[206.479s] GC(4419) Pause Incremental GC (Collect on allocation) 36.87M->26.87M 1.574ms
[206.522s] GC(4420) Pause Incremental GC (Collect on allocation) 36.37M->26.87M 1.329ms
[206.579s] GC(4421) Pause Full GC (Collect on allocation) 35.87M->26.37M 19.011ms
[206.596s] GC(4422) Pause Incremental GC (Collect on allocation) 34.37M->26.37M 1.706ms
[206.637s] GC(4423) Pause Incremental GC (Collect on allocation) 35.37M->26.37M 1.423ms
[206.683s] GC(4424) Pause Incremental GC (Collect on allocation) 36.37M->26.37M 1.417ms
[206.728s] GC(4425) Pause Incremental GC (Collect on allocation) 35.87M->26.37M 1.337ms
[206.770s] GC(4426) Pause Incremental GC (Collect on allocation) 35.37M->26.37M 1.305ms
[206.807s] GC(4427) Pause Incremental GC (Collect on allocation) 34.87M->26.37M 1.454ms
[206.843s] GC(4428) Pause Incremental GC (Collect on allocation) 34.37M->26.37M 1.325ms
[206.878s] GC(4429) Pause Incremental GC (Collect on allocation) 33.87M->26.37M 1.293ms
[206.908s] GC(4430) Pause Incremental GC (Collect on allocation) 33.37M->26.37M 1.561ms
[206.943s] GC(4431) Pause Incremental GC (Collect on allocation) 34.37M->26.87M 1.364ms
[206.984s] GC(4432) Pause Incremental GC (Collect on allocation) 35.87M->26.87M 1.294ms
[207.030s] GC(4433) Pause Incremental GC (Collect on allocation) 36.87M->26.87M 1.310ms
[207.082s] GC(4434) Pause Incremental GC (Collect on allocation) 37.87M->26.87M 1.384ms
[207.132s] GC(4435) Pause Incremental GC (Collect on allocation) 37.37M->26.87M 1.294ms
[207.178s] GC(4436) Pause Incremental GC (Collect on allocation) 36.87M->26.87M 1.336ms
[207.222s] GC(4437) Pause Incremental GC (Collect on allocation) 36.37M->26.87M 1.316ms
[207.264s] GC(4438) Pause Incremental GC (Collect on allocation) 35.87M->26.87M 1.305ms
[207.302s] GC(4439) Pause Incremental GC (Collect on allocation) 35.37M->26.87M 1.353ms
[207.337s] GC(4440) Pause Incremental GC (Collect on allocation) 34.87M->26.87M 1.360ms
[207.371s] GC(4441) Pause Incremental GC (Collect on allocation) 34.37M->26.87M 1.404ms
[207.403s] GC(4442) Pause Incremental GC (Collect on allocation) 33.87M->26.87M 1.280ms
[207.438s] GC(4443) Pause Incremental GC (Collect on allocation) 34.87M->26.87M 1.287ms
[207.480s] GC(4444) Pause Incremental GC (Collect on allocation) 35.87M->26.87M 1.302ms
[207.519s] GC(4445) Pause Incremental GC (Collect on allocation) 35.37M->26.87M 1.257ms
[207.556s] GC(4446) Pause Incremental GC (Collect on allocation) 34.87M->26.87M 1.381ms
[207.590s] GC(4447) Pause Incremental GC (Collect on allocation) 34.37M->26.87M 1.282ms
[207.629s] GC(4448) Pause Incremental GC (Collect on allocation) 35.37M->27.37M 1.330ms
[207.667s] GC(4449) Pause Incremental GC (Collect on allocation) 35.37M->27.37M 1.277ms
[207.700s] GC(4450) Pause Incremental GC (Collect on allocation) 34.87M->27.37M 1.327ms
[207.757s] GC(4451) Pause Full GC (Collect on allocation) 35.87M->26.37M 18.985ms
[207.787s] GC(4452) Pause Incremental GC (Collect on allocation) 36.87M->26.37M 1.704ms
[207.842s] GC(4453) Pause Incremental GC (Collect on allocation) 38.37M->26.37M 1.377ms
[207.895s] GC(4454) Pause Incremental GC (Collect on allocation) 37.87M->26.37M 1.423ms
[207.946s] GC(4455) Pause Incremental GC (Collect on allocation) 37.37M->26.37M 1.349ms
[207.994s] GC(4456) Pause Incremental GC (Collect on allocation) 36.87M->26.37M 1.299ms
[208.040s] GC(4457) Pause Incremental GC (Collect on allocation) 36.37M->26.37M 1.347ms
[208.084s] GC(4458) Pause Incremental GC (Collect on allocation) 35.87M->26.37M 1.486ms
[208.125s] GC(4459) Pause Incremental GC (Collect on allocation) 35.37M->26.37M 1.290ms
[208.165s] GC(4460) Pause Incremental GC (Collect on allocation) 34.87M->26.37M 1.589ms
[208.202s] GC(4461) Pause Incremental GC (Collect on allocation) 34.37M->26.37M 1.299ms
[208.235s] GC(4462) Pause Incremental GC (Collect on allocation) 33.87M->26.37M 1.456ms
[208.267s] GC(4463) Pause Incremental GC (Collect on allocation) 33.37M->26.37M 1.478ms
[208.303s] GC(4464) Pause Incremental GC (Collect on allocation) 34.37M->26.37M 1.368ms
[208.344s] GC(4465) Pause Incremental GC (Collect on allocation) 35.37M->26.37M 1.373ms
[208.391s] GC(4466) Pause Incremental GC (Collect on allocation) 36.37M->26.37M 1.548ms
[208.442s] GC(4467) Pause Incremental GC (Collect on allocation) 37.37M->26.37M 1.411ms
[208.492s] GC(4468) Pause Incremental GC (Collect on allocation) 36.87M->26.87M 1.556ms
[208.539s] GC(4469) Pause Incremental GC (Collect on allocation) 36.87M->26.87M 1.410ms
[208.582s] GC(4470) Pause Incremental GC (Collect on allocation) 36.37M->26.87M 1.355ms
[208.624s] GC(4471) Pause Incremental GC (Collect on allocation) 35.87M->26.87M 1.362ms
[208.663s] GC(4472) Pause Incremental GC (Collect on allocation) 35.37M->26.87M 1.416ms
[208.699s] GC(4473) Pause Incremental GC (Collect on allocation) 34.87M->26.87M 1.530ms
[208.734s] GC(4474) Pause Incremental GC (Collect on allocation) 34.37M->26.87M 1.337ms
[208.773s] GC(4475) Pause Incremental GC (Collect on allocation) 35.37M->26.87M 1.425ms
[208.816s] GC(4476) Pause Incremental GC (Collect on allocation) 36.37M->26.87M 1.402ms
[208.861s] GC(4477) Pause Incremental GC (Collect on allocation) 37.37M->26.87M 1.392ms
[208.923s] GC(4478) Pause Full GC (Collect on allocation) 36.87M->26.37M 19.134ms
[208.942s] GC(4479) Pause Incremental GC (Collect on allocation) 35.37M->26.37M 1.875ms
[208.989s] GC(4480) Pause Incremental GC (Collect on allocation) 36.37M->26.37M 1.267ms
[209.041s] GC(4481) Pause Incremental GC (Collect on allocation) 37.37M->26.37M 1.349ms
[209.089s] GC(4482) Pause Incremental GC (Collect on allocation) 36.87M->26.37M 1.386ms
[209.136s] GC(4483) Pause Incremental GC (Collect on allocation) 36.37M->26.37M 1.404ms
[209.180s] GC(4484) Pause Incremental GC (Collect on allocation) 35.87M->26.37M 1.356ms
[209.221s] GC(4485) Pause Incremental GC (Collect on allocation) 35.37M->26.37M 1.360ms
[209.257s] GC(4486) Pause Incremental GC (Collect on allocation) 34.87M->26.37M 1.317ms
[209.294s] GC(4487) Pause Incremental GC (Collect on allocation) 34.37M->26.37M 1.363ms
[209.326s] GC(4488) Pause Incremental GC (Collect on allocation) 33.87M->26.87M 1.480ms
[209.364s] GC(4489) Pause Incremental GC (Collect on allocation) 35.37M->26.87M 1.530ms
[209.406s] GC(4490) Pause Incremental GC (Collect on allocation) 36.37M->26.87M 1.401ms
[209.453s] GC(4491) Pause Incremental GC (Collect on allocation) 37.37M->27.37M 1.712ms
[209.504s] GC(4492) Pause Incremental GC (Collect on allocation) 39.37M->28.37M 1.794ms
[209.562s] GC(4493) Pause Incremental GC (Collect on allocation) 41.87M->29.87M 1.941ms
[209.619s] GC(4494) Pause Incremental GC (Collect on allocation) 42.87M->30.37M 1.768ms
[209.675s] GC(4495) Pause Incremental GC (Collect on allocation) 42.87M->30.37M 1.580ms
[209.731s] GC(4496) Pause Incremental GC (Collect on allocation) 42.37M->30.87M 1.372ms
[209.784s] GC(4497) Pause Incremental GC (Collect on allocation) 42.37M->30.87M 1.517ms
[209.835s] GC(4498) Pause Incremental GC (Collect on allocation) 41.87M->30.87M 1.332ms
[209.882s] GC(4499) Pause Incremental GC (Collect on allocation) 41.37M->30.87M 1.458ms
[209.928s] GC(4500) Pause Incremental GC (Collect on allocation) 40.87M->30.87M 1.544ms
[209.972s] GC(4501) Pause Incremental GC (Collect on allocation) 40.37M->30.87M 1.371ms
[210.013s] GC(4502) Pause Incremental GC (Collect on allocation) 39.87M->30.87M 1.296ms
[210.051s] GC(4503) Pause Incremental GC (Collect on allocation) 39.37M->30.87M 1.734ms
[210.088s] GC(4504) Pause Incremental GC (Collect on allocation) 38.87M->30.87M 1.289ms
[210.140s] GC(4505) Pause Full GC (Collect on allocation) 38.37M->26.37M 19.851ms
[210.162s] GC(4506) Pause Incremental GC (Collect on allocation) 35.87M->26.37M 1.798ms
[210.210s] GC(4507) Pause Incremental GC (Collect on allocation) 36.87M->26.37M 1.299ms
[210.254s] GC(4508) Pause Incremental GC (Collect on allocation) 36.37M->26.37M 1.370ms
[210.298s] GC(4509) Pause Incremental GC (Collect on allocation) 35.87M->26.37M 1.312ms
[210.338s] GC(4510) Pause Incremental GC (Collect on allocation) 35.37M->26.37M 1.274ms
[210.376s] GC(4511) Pause Incremental GC (Collect on allocation) 34.87M->26.37M 1.360ms
[210.412s] GC(4512) Pause Incremental GC (Collect on allocation) 34.37M->26.37M 1.352ms
[210.446s] GC(4513) Pause Incremental GC (Collect on allocation) 33.87M->26.37M 1.335ms
[210.479s] GC(4514) Pause Incremental GC (Collect on allocation) 33.37M->26.37M 1.219ms
[210.514s] GC(4515) Pause Incremental GC (Collect on allocation) 34.37M->26.37M 1.246ms
[210.557s] GC(4516) Pause Incremental GC (Collect on allocation) 35.37M->26.37M 1.754ms
[210.603s] GC(4517) Pause Incremental GC (Collect on allocation) 36.37M->26.37M 1.462ms
[210.654s] GC(4518) Pause Incremental GC (Collect on allocation) 37.37M->26.37M 1.328ms
[210.703s] GC(4519) Pause Incremental GC (Collect on allocation) 36.87M->26.87M 1.383ms
[210.749s] GC(4520) Pause Incremental GC (Collect on allocation) 36.87M->26.87M 1.468ms
[210.793s] GC(4521) Pause Incremental GC (Collect on allocation) 36.37M->26.87M 1.445ms
[210.836s] GC(4522) Pause Incremental GC (Collect on allocation) 35.87M->26.87M 1.488ms
[210.876s] GC(4523) Pause Incremental GC (Collect on allocation) 35.37M->26.87M 1.899ms
[210.918s] GC(4524) Pause Incremental GC (Collect on allocation) 36.37M->26.87M 1.893ms
[210.966s] GC(4525) Pause Incremental GC (Collect on allocation) 37.37M->26.87M 2.161ms
[211.010s] GC(4526) Pause Incremental GC (Collect on allocation) 36.87M->26.87M 1.446ms
[211.062s] GC(4527) Pause Incremental GC (Collect on allocation) 37.87M->26.87M 1.273ms
[211.110s] GC(4528) Pause Incremental GC (Collect on allocation) 37.37M->26.87M 1.545ms
[211.157s] GC(4529) Pause Incremental GC (Collect on allocation) 36.87M->26.87M 1.420ms
[211.222s] GC(4530) Pause Full GC (Collect on allocation) 36.37M->26.37M 23.460ms
[211.237s] GC(4531) Pause Incremental GC (Collect on allocation) 34.87M->26.37M 2.296ms
[211.279s] GC(4532) Pause Incremental GC (Collect on allocation) 35.87M->26.37M 1.368ms
[211.326s] GC(4533) Pause Incremental GC (Collect on allocation) 36.87M->26.37M 1.358ms
[211.382s] GC(4534) Pause Incremental GC (Collect on allocation) 38.37M->26.37M 1.402ms
[211.435s] GC(4535) Pause Incremental GC (Collect on allocation) 37.87M->26.37M 1.554ms
[211.484s] GC(4536) Pause Incremental GC (Collect on allocation) 37.37M->26.37M 1.508ms
[211.534s] GC(4537) Pause Incremental GC (Collect on allocation) 36.87M->26.37M 1.799ms
[211.581s] GC(4538) Pause Incremental GC (Collect on allocation) 36.37M->26.37M 1.320ms
[211.625s] GC(4539) Pause Incremental GC (Collect on allocation) 35.87M->26.37M 1.865ms
[211.666s] GC(4540) Pause Incremental GC (Collect on allocation) 35.37M->26.37M 1.435ms
[211.711s] GC(4541) Pause Incremental GC (Collect on allocation) 36.37M->26.37M 1.597ms
[211.762s] GC(4542) Pause Incremental GC (Collect on allocation) 37.37M->26.87M 1.924ms
[211.819s] GC(4543) Pause Incremental GC (Collect on allocation) 39.37M->26.87M 2.029ms
[211.885s] GC(4544) Pause Incremental GC (Collect on allocation) 40.87M->26.87M 1.945ms
[211.958s] GC(4545) Pause Incremental GC (Collect on allocation) 42.37M->26.87M 1.533ms
[212.012s] GC(4546) Pause Incremental GC (Collect on allocation) 41.87M->26.87M 1.755ms
[212.074s] GC(4547) Pause Incremental GC (Collect on allocation) 41.37M->26.87M 1.702ms
[212.141s] GC(4548) Pause Incremental GC (Collect on allocation) 40.87M->26.87M 1.387ms
[212.203s] GC(4549) Pause Incremental GC (Collect on allocation) 40.37M->26.87M 1.379ms
[212.264s] GC(4550) Pause Incremental GC (Collect on allocation) 39.87M->26.87M 1.453ms
[212.327s] GC(4551) Pause Incremental GC (Collect on allocation) 39.37M->26.87M 1.837ms
[212.378s] GC(4552) Pause Incremental GC (Collect on allocation) 38.87M->26.87M 1.967ms
[212.430s] GC(4553) Pause Incremental GC (Collect on allocation) 38.37M->26.87M 1.672ms
[212.481s] GC(4554) Pause Incremental GC (Collect on allocation) 37.87M->26.87M 1.386ms
[212.531s] GC(4555) Pause Incremental GC (Collect on allocation) 37.37M->26.87M 1.326ms
[212.577s] GC(4556) Pause Incremental GC (Collect on allocation) 36.87M->27.37M 1.385ms
[212.620s] GC(4557) Pause Incremental GC (Collect on allocation) 36.87M->27.37M 1.298ms
[212.658s] GC(4558) Pause Incremental GC (Collect on allocation) 36.37M->27.37M 1.507ms
[212.697s] GC(4559) Pause Incremental GC (Collect on allocation) 35.87M->27.37M 1.313ms
[212.752s] GC(4560) Pause Full GC (Collect on allocation) 35.37M->26.37M 19.548ms
[212.771s] GC(4561) Pause Incremental GC (Collect on allocation) 34.87M->26.37M 1.827ms
[212.816s] GC(4562) Pause Incremental GC (Collect on allocation) 35.87M->26.37M 2.145ms
[212.864s] GC(4563) Pause Incremental GC (Collect on allocation) 36.87M->26.37M 1.585ms
[212.919s] GC(4564) Pause Incremental GC (Collect on allocation) 38.37M->26.37M 1.367ms
[212.982s] GC(4565) Pause Incremental GC (Collect on allocation) 39.87M->26.37M 1.370ms
[213.042s] GC(4566) Pause Incremental GC (Collect on allocation) 39.37M->26.37M 1.582ms
[213.097s] GC(4567) Pause Incremental GC (Collect on allocation) 38.87M->26.37M 1.428ms
[213.154s] GC(4568) Pause Incremental GC (Collect on allocation) 38.37M->26.37M 1.428ms
[213.204s] GC(4569) Pause Incremental GC (Collect on allocation) 37.87M->26.37M 1.336ms
[213.255s] GC(4570) Pause Incremental GC (Collect on allocation) 37.37M->26.37M 1.279ms
[213.303s] GC(4571) Pause Incremental GC (Collect on allocation) 36.87M->26.87M 1.429ms
[213.350s] GC(4572) Pause Incremental GC (Collect on allocation) 36.87M->26.87M 1.378ms
[213.395s] GC(4573) Pause Incremental GC (Collect on allocation) 36.37M->26.87M 1.526ms
[213.436s] GC(4574) Pause Incremental GC (Collect on allocation) 35.87M->26.87M 1.420ms
[213.477s] GC(4575) Pause Incremental GC (Collect on allocation) 35.37M->26.87M 1.301ms
[213.512s] GC(4576) Pause Incremental GC (Collect on allocation) 34.87M->26.87M 1.318ms
[213.547s] GC(4577) Pause Incremental GC (Collect on allocation) 34.37M->26.87M 1.320ms
[213.577s] GC(4578) Pause Incremental GC (Collect on allocation) 33.87M->26.87M 1.560ms
[213.615s] GC(4579) Pause Incremental GC (Collect on allocation) 34.87M->26.87M 2.011ms
[213.654s] GC(4580) Pause Incremental GC (Collect on allocation) 35.87M->26.87M 1.452ms
[213.700s] GC(4581) Pause Incremental GC (Collect on allocation) 36.87M->26.87M 1.403ms
[213.751s] GC(4582) Pause Incremental GC (Collect on allocation) 37.87M->26.87M 1.292ms
[213.801s] GC(4583) Pause Incremental GC (Collect on allocation) 37.37M->26.87M 1.342ms
[213.848s] GC(4584) Pause Incremental GC (Collect on allocation) 36.87M->26.87M 1.368ms
[213.892s] GC(4585) Pause Incremental GC (Collect on allocation) 36.37M->26.87M 1.440ms
[213.933s] GC(4586) Pause Incremental GC (Collect on allocation) 35.87M->27.37M 1.466ms
[213.972s] GC(4587) Pause Incremental GC (Collect on allocation) 35.87M->27.37M 1.375ms
[214.031s] GC(4588) Pause Full GC (Collect on allocation) 35.37M->26.37M 24.364ms
[214.052s] GC(4589) Pause Incremental GC (Collect on allocation) 36.37M->26.37M 2.311ms
[214.103s] GC(4590) Pause Incremental GC (Collect on allocation) 37.37M->26.37M 1.280ms
[214.159s] GC(4591) Pause Incremental GC (Collect on allocation) 38.87M->26.37M 1.545ms
[214.222s] GC(4592) Pause Incremental GC (Collect on allocation) 40.37M->26.37M 1.592ms
[214.286s] GC(4593) Pause Incremental GC (Collect on allocation) 39.87M->26.37M 1.417ms
[214.347s] GC(4594) Pause Incremental GC (Collect on allocation) 39.37M->26.37M 1.398ms
[214.405s] GC(4595) Pause Incremental GC (Collect on allocation) 38.87M->26.37M 1.419ms
[214.461s] GC(4596) Pause Incremental GC (Collect on allocation) 38.37M->26.37M 1.463ms
[214.514s] GC(4597) Pause Incremental GC (Collect on allocation) 37.87M->26.37M 1.424ms
[214.566s] GC(4598) Pause Incremental GC (Collect on allocation) 37.37M->26.37M 1.410ms
[214.614s] GC(4599) Pause Incremental GC (Collect on allocation) 36.87M->26.37M 1.322ms
[214.658s] GC(4600) Pause Incremental GC (Collect on allocation) 36.37M->26.37M 1.341ms
[214.702s] GC(4601) Pause Incremental GC (Collect on allocation) 35.87M->26.37M 1.304ms
[214.743s] GC(4602) Pause Incremental GC (Collect on allocation) 35.37M->26.87M 1.520ms
[214.783s] GC(4603) Pause Incremental GC (Collect on allocation) 35.37M->26.87M 1.391ms
[214.819s] GC(4604) Pause Incremental GC (Collect on allocation) 34.87M->26.87M 1.306ms
[214.853s] GC(4605) Pause Incremental GC (Collect on allocation) 34.37M->26.87M 1.388ms
[214.885s] GC(4606) Pause Incremental GC (Collect on allocation) 33.87M->26.87M 1.361ms
[214.920s] GC(4607) Pause Incremental GC (Collect on allocation) 34.87M->26.87M 1.292ms
[214.961s] GC(4608) Pause Incremental GC (Collect on allocation) 35.87M->26.87M 1.402ms
[215.008s] GC(4609) Pause Incremental GC (Collect on allocation) 36.87M->26.87M 1.437ms
[215.051s] GC(4610) Pause Incremental GC (Collect on allocation) 36.37M->26.87M 1.356ms
[215.092s] GC(4611) Pause Incremental GC (Collect on allocation) 35.87M->26.87M 1.375ms
[215.131s] GC(4612) Pause Incremental GC (Collect on allocation) 35.37M->26.87M 1.314ms
[215.169s] GC(4613) Pause Incremental GC (Collect on allocation) 34.87M->26.87M 1.343ms
[215.203s] GC(4614) Pause Incremental GC (Collect on allocation) 34.37M->27.37M 1.350ms
[215.242s] GC(4615) Pause Incremental GC (Collect on allocation) 35.87M->27.37M 1.429ms
[215.287s] GC(4616) Pause Incremental GC (Collect on allocation) 36.87M->27.37M 1.594ms
[215.336s] GC(4617) Pause Incremental GC (Collect on allocation) 37.87M->27.37M 1.317ms
[215.400s] GC(4618) Pause Full GC (Collect on allocation) 37.37M->26.37M 19.067ms
[215.419s] GC(4619) Pause Incremental GC (Collect on allocation) 35.37M->26.37M 1.807ms
[215.463s] GC(4620) Pause Incremental GC (Collect on allocation) 36.37M->26.37M 1.387ms
[215.514s] GC(4621) Pause Incremental GC (Collect on allocation) 37.37M->26.37M 1.399ms
[215.562s] GC(4622) Pause Incremental GC (Collect on allocation) 36.87M->26.37M 1.344ms
[215.609s] GC(4623) Pause Incremental GC (Collect on allocation) 36.37M->26.37M 1.401ms
[215.653s] GC(4624) Pause Incremental GC (Collect on allocation) 35.87M->26.37M 1.349ms
[215.694s] GC(4625) Pause Incremental GC (Collect on allocation) 35.37M->26.37M 1.459ms
[215.730s] GC(4626) Pause Incremental GC (Collect on allocation) 34.87M->26.87M 1.370ms
[215.766s] GC(4627) Pause Incremental GC (Collect on allocation) 34.87M->26.87M 1.330ms
[215.802s] GC(4628) Pause Incremental GC (Collect on allocation) 34.37M->26.87M 1.391ms
[215.834s] GC(4629) Pause Incremental GC (Collect on allocation) 33.87M->26.87M 1.255ms
[215.869s] GC(4630) Pause Incremental GC (Collect on allocation) 34.87M->26.87M 1.307ms
[215.911s] GC(4631) Pause Incremental GC (Collect on allocation) 35.87M->26.87M 1.815ms
[215.956s] GC(4632) Pause Incremental GC (Collect on allocation) 36.87M->26.87M 1.707ms
[216.008s] GC(4633) Pause Incremental GC (Collect on allocation) 37.87M->26.87M 1.436ms
[216.067s] GC(4634) Pause Incremental GC (Collect on allocation) 39.37M->26.87M 1.365ms
[216.124s] GC(4635) Pause Incremental GC (Collect on allocation) 38.87M->26.87M 1.793ms
[216.176s] GC(4636) Pause Incremental GC (Collect on allocation) 38.37M->26.87M 1.556ms
[216.227s] GC(4637) Pause Incremental GC (Collect on allocation) 37.87M->26.87M 1.458ms
[216.276s] GC(4638) Pause Incremental GC (Collect on allocation) 37.37M->26.87M 1.590ms
[216.311s] GC(4639) Pause Incremental GC (Collect on allocation) 36.87M->26.87M 1.523ms
[216.356s] GC(4640) Pause Incremental GC (Collect on allocation) 36.37M->27.37M 1.328ms
[216.395s] GC(4641) Pause Incremental GC (Collect on allocation) 36.37M->27.37M 1.348ms
[216.433s] GC(4642) Pause Incremental GC (Collect on allocation) 35.87M->27.37M 1.397ms
[216.468s] GC(4643) Pause Incremental GC (Collect on allocation) 35.37M->27.37M 1.304ms
[216.503s] GC(4644) Pause Incremental GC (Collect on allocation) 34.87M->27.37M 1.318ms
[216.534s] GC(4645) Pause Incremental GC (Collect on allocation) 34.37M->27.37M 1.317ms
[216.571s] GC(4646) Pause Incremental GC (Collect on allocation) 35.37M->27.37M 1.324ms
[216.611s] GC(4647) Pause Incremental GC (Collect on allocation) 36.37M->27.37M 1.331ms
[216.676s] GC(4648) Pause Full GC (Collect on allocation) 37.37M->26.37M 19.417ms
[216.703s] GC(4649) Pause Incremental GC (Collect on allocation) 36.87M->26.87M 2.527ms
[216.745s] GC(4650) Pause Incremental GC (Collect on allocation) 36.87M->26.87M 1.532ms
[216.788s] GC(4651) Pause Incremental GC (Collect on allocation) 36.37M->26.87M 1.369ms
[216.831s] GC(4652) Pause Incremental GC (Collect on allocation) 35.87M->26.87M 1.431ms
[216.870s] GC(4653) Pause Incremental GC (Collect on allocation) 35.37M->26.87M 1.320ms
[216.907s] GC(4654) Pause Incremental GC (Collect on allocation) 34.87M->26.87M 1.362ms
[216.941s] GC(4655) Pause Incremental GC (Collect on allocation) 34.37M->26.87M 1.552ms
[216.979s] GC(4656) Pause Incremental GC (Collect on allocation) 35.37M->26.87M 1.421ms
[217.017s] GC(4657) Pause Incremental GC (Collect on allocation) 34.87M->26.87M 1.519ms
[217.058s] GC(4658) Pause Incremental GC (Collect on allocation) 35.87M->26.87M 1.394ms
[217.105s] GC(4659) Pause Incremental GC (Collect on allocation) 36.87M->26.87M 1.451ms
[217.148s] GC(4660) Pause Incremental GC (Collect on allocation) 36.37M->27.37M 1.453ms
[217.190s] GC(4661) Pause Incremental GC (Collect on allocation) 36.37M->27.37M 1.330ms
[217.229s] GC(4662) Pause Incremental GC (Collect on allocation) 35.87M->27.37M 1.718ms
[217.274s] GC(4663) Pause Incremental GC (Collect on allocation) 36.87M->27.37M 1.436ms
[217.314s] GC(4664) Pause Incremental GC (Collect on allocation) 36.37M->27.37M 1.453ms
[217.352s] GC(4665) Pause Incremental GC (Collect on allocation) 35.87M->27.37M 1.346ms
[217.388s] GC(4666) Pause Incremental GC (Collect on allocation) 35.37M->27.37M 1.300ms
[217.422s] GC(4667) Pause Incremental GC (Collect on allocation) 34.87M->27.37M 1.288ms
[217.455s] GC(4668) Pause Incremental GC (Collect on allocation) 34.37M->27.37M 1.193ms
[217.492s] GC(4669) Pause Incremental GC (Collect on allocation) 35.37M->27.37M 1.325ms
[217.526s] GC(4670) Pause Incremental GC (Collect on allocation) 34.87M->27.37M 1.322ms
[217.565s] GC(4671) Pause Incremental GC (Collect on allocation) 35.87M->27.37M 1.283ms
[217.602s] GC(4672) Pause Incremental GC (Collect on allocation) 35.37M->27.37M 1.374ms
[217.636s] GC(4673) Pause Incremental GC (Collect on allocation) 34.87M->27.37M 1.306ms
[217.675s] GC(4674) Pause Incremental GC (Collect on allocation) 35.87M->27.37M 1.396ms
[217.710s] GC(4675) Pause Incremental GC (Collect on allocation) 35.37M->27.37M 1.351ms
[217.750s] GC(4676) Pause Incremental GC (Collect on allocation) 36.37M->27.37M 1.304ms
[217.795s] GC(4677) Pause Incremental GC (Collect on allocation) 37.37M->27.37M 1.385ms
[217.855s] GC(4678) Pause Full GC (Collect on allocation) 36.87M->26.37M 19.641ms
[217.873s] GC(4679) Pause Incremental GC (Collect on allocation) 34.87M->26.37M 1.946ms
[217.917s] GC(4680) Pause Incremental GC (Collect on allocation) 35.87M->26.37M 1.423ms
[217.967s] GC(4681) Pause Incremental GC (Collect on allocation) 36.87M->26.37M 1.426ms
[218.014s] GC(4682) Pause Incremental GC (Collect on allocation) 36.37M->26.37M 1.349ms
[218.055s] GC(4683) Pause Incremental GC (Collect on allocation) 35.87M->26.37M 1.499ms
[218.097s] GC(4684) Pause Incremental GC (Collect on allocation) 35.37M->26.37M 1.419ms
[218.135s] GC(4685) Pause Incremental GC (Collect on allocation) 34.87M->26.37M 1.339ms
[218.173s] GC(4686) Pause Incremental GC (Collect on allocation) 34.37M->26.37M 1.431ms
[218.207s] GC(4687) Pause Incremental GC (Collect on allocation) 33.87M->26.37M 1.485ms
[218.247s] GC(4688) Pause Incremental GC (Collect on allocation) 34.87M->26.37M 1.430ms
[218.290s] GC(4689) Pause Incremental GC (Collect on allocation) 35.87M->26.87M 1.734ms
[218.340s] GC(4690) Pause Incremental GC (Collect on allocation) 37.37M->26.87M 1.412ms
[218.386s] GC(4691) Pause Incremental GC (Collect on allocation) 36.87M->26.87M 1.283ms
[218.430s] GC(4692) Pause Incremental GC (Collect on allocation) 36.37M->26.87M 1.298ms
[218.472s] GC(4693) Pause Incremental GC (Collect on allocation) 35.87M->26.87M 1.344ms
[218.512s] GC(4694) Pause Incremental GC (Collect on allocation) 35.37M->26.87M 1.283ms
[218.548s] GC(4695) Pause Incremental GC (Collect on allocation) 34.87M->26.87M 1.362ms
[218.581s] GC(4696) Pause Incremental GC (Collect on allocation) 34.37M->26.87M 1.370ms
[218.611s] GC(4697) Pause Incremental GC (Collect on allocation) 33.87M->26.87M 1.311ms
[218.649s] GC(4698) Pause Incremental GC (Collect on allocation) 34.87M->26.87M 1.290ms
[218.690s] GC(4699) Pause Incremental GC (Collect on allocation) 35.87M->26.87M 1.399ms
[218.736s] GC(4700) Pause Incremental GC (Collect on allocation) 36.87M->26.87M 1.317ms
[218.781s] GC(4701) Pause Incremental GC (Collect on allocation) 36.37M->26.87M 1.241ms
[218.822s] GC(4702) Pause Incremental GC (Collect on allocation) 35.87M->26.87M 1.277ms
[218.861s] GC(4703) Pause Incremental GC (Collect on allocation) 35.37M->26.87M 1.310ms
[218.898s] GC(4704) Pause Incremental GC (Collect on allocation) 34.87M->26.87M 1.262ms
[218.933s] GC(4705) Pause Incremental GC (Collect on allocation) 34.37M->26.87M 1.319ms
[218.964s] GC(4706) Pause Incremental GC (Collect on allocation) 33.87M->26.87M 1.322ms
[219.000s] GC(4707) Pause Incremental GC (Collect on allocation) 34.87M->27.37M 1.541ms
[219.059s] GC(4708) Pause Full GC (Collect on allocation) 36.37M->26.37M 20.997ms
[219.087s] GC(4709) Pause Incremental GC (Collect on allocation) 37.37M->26.37M 2.153ms
[219.133s] GC(4710) Pause Incremental GC (Collect on allocation) 36.87M->26.37M 1.467ms
[219.180s] GC(4711) Pause Incremental GC (Collect on allocation) 36.37M->26.37M 1.906ms
[219.220s] GC(4712) Pause Incremental GC (Collect on allocation) 35.87M->26.37M 1.472ms
[219.259s] GC(4713) Pause Incremental GC (Collect on allocation) 35.37M->26.37M 1.556ms
[219.298s] GC(4714) Pause Incremental GC (Collect on allocation) 34.87M->26.37M 1.403ms
[219.333s] GC(4715) Pause Incremental GC (Collect on allocation) 34.37M->26.37M 1.432ms
[219.367s] GC(4716) Pause Incremental GC (Collect on allocation) 33.87M->26.37M 1.423ms
[219.405s] GC(4717) Pause Incremental GC (Collect on allocation) 34.87M->26.37M 1.414ms
[219.442s] GC(4718) Pause Incremental GC (Collect on allocation) 34.37M->26.37M 1.548ms
[219.482s] GC(4719) Pause Incremental GC (Collect on allocation) 35.37M->26.37M 1.516ms
[219.521s] GC(4720) Pause Incremental GC (Collect on allocation) 34.87M->26.87M 1.569ms
[219.565s] GC(4721) Pause Incremental GC (Collect on allocation) 36.37M->26.87M 1.448ms
[219.613s] GC(4722) Pause Incremental GC (Collect on allocation) 37.37M->26.87M 1.433ms
[219.670s] GC(4723) Pause Incremental GC (Collect on allocation) 38.87M->26.87M 1.418ms
[219.715s] GC(4724) Pause Incremental GC (Collect on allocation) 38.37M->26.87M 1.451ms
[219.766s] GC(4725) Pause Incremental GC (Collect on allocation) 37.87M->26.87M 1.614ms
[219.814s] GC(4726) Pause Incremental GC (Collect on allocation) 37.37M->26.87M 1.395ms
[219.860s] GC(4727) Pause Incremental GC (Collect on allocation) 36.87M->26.87M 1.297ms
[219.904s] GC(4728) Pause Incremental GC (Collect on allocation) 36.37M->26.87M 1.270ms
[219.945s] GC(4729) Pause Incremental GC (Collect on allocation) 35.87M->26.87M 1.387ms
[219.985s] GC(4730) Pause Incremental GC (Collect on allocation) 35.37M->26.87M 1.660ms
[220.021s] GC(4731) Pause Incremental GC (Collect on allocation) 34.87M->26.87M 1.362ms
[220.055s] GC(4732) Pause Incremental GC (Collect on allocation) 34.37M->27.37M 1.338ms
[220.094s] GC(4733) Pause Incremental GC (Collect on allocation) 35.87M->27.37M 1.444ms
[220.138s] GC(4734) Pause Incremental GC (Collect on allocation) 36.87M->27.37M 1.297ms
[220.179s] GC(4735) Pause Incremental GC (Collect on allocation) 36.37M->27.37M 1.599ms
[220.224s] GC(4736) Pause Incremental GC (Collect on allocation) 37.37M->27.37M 1.419ms
[220.267s] GC(4737) Pause Incremental GC (Collect on allocation) 36.87M->27.37M 1.282ms
[220.326s] GC(4738) Pause Full GC (Collect on allocation) 36.37M->26.37M 19.149ms
[220.343s] GC(4739) Pause Incremental GC (Collect on allocation) 34.37M->26.37M 1.726ms
[220.384s] GC(4740) Pause Incremental GC (Collect on allocation) 35.37M->26.37M 1.412ms
[220.430s] GC(4741) Pause Incremental GC (Collect on allocation) 36.37M->26.37M 1.406ms
[220.475s] GC(4742) Pause Incremental GC (Collect on allocation) 35.87M->26.37M 1.544ms
[220.516s] GC(4743) Pause Incremental GC (Collect on allocation) 35.37M->26.37M 1.388ms
[220.553s] GC(4744) Pause Incremental GC (Collect on allocation) 34.87M->26.37M 1.341ms
[220.589s] GC(4745) Pause Incremental GC (Collect on allocation) 34.37M->26.37M 1.294ms
[220.623s] GC(4746) Pause Incremental GC (Collect on allocation) 33.87M->26.37M 1.381ms
[220.661s] GC(4747) Pause Incremental GC (Collect on allocation) 34.87M->26.37M 1.319ms
[220.706s] GC(4748) Pause Incremental GC (Collect on allocation) 35.87M->26.37M 1.351ms
[220.747s] GC(4749) Pause Incremental GC (Collect on allocation) 35.37M->26.37M 1.308ms
[220.787s] GC(4750) Pause Incremental GC (Collect on allocation) 34.87M->26.37M 1.396ms
[220.824s] GC(4751) Pause Incremental GC (Collect on allocation) 34.37M->26.37M 1.350ms
[220.858s] GC(4752) Pause Incremental GC (Collect on allocation) 33.87M->26.37M 1.455ms
[220.897s] GC(4753) Pause Incremental GC (Collect on allocation) 34.87M->26.37M 1.258ms
[220.933s] GC(4754) Pause Incremental GC (Collect on allocation) 34.37M->26.87M 1.304ms
[220.975s] GC(4755) Pause Incremental GC (Collect on allocation) 35.87M->26.87M 1.434ms
[221.012s] GC(4756) Pause Incremental GC (Collect on allocation) 35.37M->26.87M 1.461ms
[221.057s] GC(4757) Pause Incremental GC (Collect on allocation) 36.37M->26.87M 1.470ms
[221.098s] GC(4758) Pause Incremental GC (Collect on allocation) 35.87M->26.87M 1.357ms
[221.138s] GC(4759) Pause Incremental GC (Collect on allocation) 35.37M->26.87M 1.289ms
[221.175s] GC(4760) Pause Incremental GC (Collect on allocation) 34.87M->26.87M 1.421ms
[221.209s] GC(4761) Pause Incremental GC (Collect on allocation) 34.37M->26.87M 1.666ms
[221.247s] GC(4762) Pause Incremental GC (Collect on allocation) 35.37M->26.87M 1.318ms
[221.291s] GC(4763) Pause Incremental GC (Collect on allocation) 36.37M->26.87M 1.382ms
[221.336s] GC(4764) Pause Incremental GC (Collect on allocation) 37.37M->26.87M 1.395ms
[221.382s] GC(4765) Pause Incremental GC (Collect on allocation) 36.87M->27.37M 1.468ms
[221.426s] GC(4766) Pause Incremental GC (Collect on allocation) 36.87M->27.37M 1.397ms
[221.486s] GC(4767) Pause Full GC (Collect on allocation) 36.37M->26.37M 18.980ms
[221.500s] GC(4768) Pause Incremental GC (Collect on allocation) 34.37M->26.37M 1.869ms
[221.539s] GC(4769) Pause Incremental GC (Collect on allocation) 35.37M->26.37M 1.373ms
[221.586s] GC(4770) Pause Incremental GC (Collect on allocation) 36.37M->26.37M 1.267ms
[221.639s] GC(4771) Pause Incremental GC (Collect on allocation) 37.37M->26.37M 1.388ms
[221.689s] GC(4772) Pause Incremental GC (Collect on allocation) 36.87M->26.37M 1.472ms
[221.734s] GC(4773) Pause Incremental GC (Collect on allocation) 36.37M->26.37M 1.442ms
[221.777s] GC(4774) Pause Incremental GC (Collect on allocation) 35.87M->26.37M 1.688ms
[221.817s] GC(4775) Pause Incremental GC (Collect on allocation) 35.37M->26.37M 1.443ms
[221.855s] GC(4776) Pause Incremental GC (Collect on allocation) 34.87M->26.37M 1.456ms
[221.891s] GC(4777) Pause Incremental GC (Collect on allocation) 34.37M->26.37M 1.467ms
[221.930s] GC(4778) Pause Incremental GC (Collect on allocation) 35.37M->26.37M 1.338ms
[221.976s] GC(4779) Pause Incremental GC (Collect on allocation) 36.37M->26.87M 1.351ms
[222.020s] GC(4780) Pause Incremental GC (Collect on allocation) 36.37M->26.87M 1.256ms
[222.061s] GC(4781) Pause Incremental GC (Collect on allocation) 35.87M->26.87M 1.333ms
[222.099s] GC(4782) Pause Incremental GC (Collect on allocation) 35.37M->26.87M 1.323ms
[222.134s] GC(4783) Pause Incremental GC (Collect on allocation) 34.87M->26.87M 1.317ms
[222.168s] GC(4784) Pause Incremental GC (Collect on allocation) 34.37M->26.87M 1.362ms
[222.198s] GC(4785) Pause Incremental GC (Collect on allocation) 33.87M->26.87M 1.380ms
[222.235s] GC(4786) Pause Incremental GC (Collect on allocation) 34.87M->26.87M 1.279ms
[222.276s] GC(4787) Pause Incremental GC (Collect on allocation) 35.87M->26.87M 1.323ms
[222.323s] GC(4788) Pause Incremental GC (Collect on allocation) 36.87M->26.87M 1.322ms
[222.368s] GC(4789) Pause Incremental GC (Collect on allocation) 36.37M->26.87M 1.843ms
[222.417s] GC(4790) Pause Incremental GC (Collect on allocation) 37.37M->26.87M 1.460ms
[222.463s] GC(4791) Pause Incremental GC (Collect on allocation) 36.87M->26.87M 1.382ms
[222.505s] GC(4792) Pause Incremental GC (Collect on allocation) 36.37M->26.87M 1.443ms
[222.545s] GC(4793) Pause Incremental GC (Collect on allocation) 35.87M->27.37M 1.494ms
[222.579s] GC(4794) Pause Incremental GC (Collect on allocation) 35.87M->27.37M 1.384ms
[222.633s] GC(4795) Pause Full GC (Collect on allocation) 35.37M->25.87M 18.700ms
[222.659s] GC(4796) Pause Incremental GC (Collect on allocation) 35.87M->25.87M 1.817ms
[222.707s] GC(4797) Pause Incremental GC (Collect on allocation) 36.87M->25.87M 1.404ms
[222.765s] GC(4798) Pause Incremental GC (Collect on allocation) 38.37M->26.37M 1.705ms
[222.817s] GC(4799) Pause Incremental GC (Collect on allocation) 38.37M->27.37M 2.181ms
[222.864s] GC(4800) Pause Incremental GC (Collect on allocation) 38.87M->28.37M 1.926ms
[222.910s] GC(4801) Pause Incremental GC (Collect on allocation) 39.37M->28.87M 1.802ms
[222.955s] GC(4802) Pause Incremental GC (Collect on allocation) 39.37M->29.87M 1.783ms
[223.000s] GC(4803) Pause Incremental GC (Collect on allocation) 39.87M->29.87M 1.504ms
[223.044s] GC(4804) Pause Incremental GC (Collect on allocation) 39.37M->29.87M 1.642ms
[223.084s] GC(4805) Pause Incremental GC (Collect on allocation) 38.87M->29.87M 1.298ms
[223.124s] GC(4806) Pause Incremental GC (Collect on allocation) 38.37M->29.87M 1.263ms
[223.161s] GC(4807) Pause Incremental GC (Collect on allocation) 37.87M->29.87M 1.351ms
[223.196s] GC(4808) Pause Incremental GC (Collect on allocation) 37.37M->29.87M 1.329ms
[223.227s] GC(4809) Pause Incremental GC (Collect on allocation) 36.87M->30.37M 1.413ms
[223.257s] GC(4810) Pause Incremental GC (Collect on allocation) 36.87M->30.37M 1.274ms
[223.290s] GC(4811) Pause Incremental GC (Collect on allocation) 37.87M->30.37M 1.368ms
[223.322s] GC(4812) Pause Incremental GC (Collect on allocation) 37.37M->30.37M 1.353ms
[223.357s] GC(4813) Pause Incremental GC (Collect on allocation) 38.37M->30.37M 1.447ms
[223.392s] GC(4814) Pause Incremental GC (Collect on allocation) 37.87M->30.37M 1.318ms
[223.423s] GC(4815) Pause Incremental GC (Collect on allocation) 37.37M->30.37M 1.245ms
[223.451s] GC(4816) Pause Incremental GC (Collect on allocation) 36.87M->30.37M 1.335ms
[223.486s] GC(4817) Pause Incremental GC (Collect on allocation) 37.87M->30.37M 1.343ms
[223.523s] GC(4818) Pause Incremental GC (Collect on allocation) 38.87M->30.37M 1.389ms
[223.567s] GC(4819) Pause Incremental GC (Collect on allocation) 39.87M->30.37M 1.274ms
[223.616s] GC(4820) Pause Incremental GC (Collect on allocation) 40.87M->30.37M 1.385ms
[223.661s] GC(4821) Pause Incremental GC (Collect on allocation) 40.37M->30.37M 1.428ms
[223.705s] GC(4822) Pause Incremental GC (Collect on allocation) 39.87M->30.37M 1.440ms
[223.747s] GC(4823) Pause Incremental GC (Collect on allocation) 39.37M->30.37M 1.380ms
[223.804s] GC(4824) Pause Full GC (Collect on allocation) 38.87M->25.87M 20.537ms
[223.816s] GC(4825) Pause Incremental GC (Collect on allocation) 33.37M->26.37M 1.873ms
[223.854s] GC(4826) Pause Incremental GC (Collect on allocation) 34.87M->26.37M 1.363ms
[223.897s] GC(4827) Pause Incremental GC (Collect on allocation) 35.87M->26.37M 1.497ms
[223.943s] GC(4828) Pause Incremental GC (Collect on allocation) 36.87M->26.37M 1.445ms
[224.001s] GC(4829) Pause Incremental GC (Collect on allocation) 38.37M->26.37M 1.332ms
[224.054s] GC(4830) Pause Incremental GC (Collect on allocation) 37.87M->26.37M 1.860ms
[224.107s] GC(4831) Pause Incremental GC (Collect on allocation) 37.37M->26.37M 1.504ms
[224.156s] GC(4832) Pause Incremental GC (Collect on allocation) 36.87M->26.37M 1.388ms
[224.201s] GC(4833) Pause Incremental GC (Collect on allocation) 36.37M->26.37M 1.429ms
[224.246s] GC(4834) Pause Incremental GC (Collect on allocation) 35.87M->26.37M 1.294ms
[224.287s] GC(4835) Pause Incremental GC (Collect on allocation) 35.37M->26.37M 1.347ms
[224.325s] GC(4836) Pause Incremental GC (Collect on allocation) 34.87M->26.37M 1.507ms
[224.362s] GC(4837) Pause Incremental GC (Collect on allocation) 34.37M->26.37M 1.357ms
[224.396s] GC(4838) Pause Incremental GC (Collect on allocation) 33.87M->26.37M 1.350ms
[224.434s] GC(4839) Pause Incremental GC (Collect on allocation) 34.87M->26.37M 1.318ms
[224.470s] GC(4840) Pause Incremental GC (Collect on allocation) 34.37M->26.87M 1.428ms
[224.512s] GC(4841) Pause Incremental GC (Collect on allocation) 35.87M->26.87M 1.392ms
[224.557s] GC(4842) Pause Incremental GC (Collect on allocation) 36.87M->26.87M 1.459ms
[224.601s] GC(4843) Pause Incremental GC (Collect on allocation) 36.37M->26.87M 1.387ms
[224.642s] GC(4844) Pause Incremental GC (Collect on allocation) 35.87M->26.87M 1.413ms
[224.680s] GC(4845) Pause Incremental GC (Collect on allocation) 35.37M->26.87M 1.311ms
[224.717s] GC(4846) Pause Incremental GC (Collect on allocation) 34.87M->26.87M 1.443ms
[224.759s] GC(4847) Pause Incremental GC (Collect on allocation) 35.87M->26.87M 1.359ms
[224.797s] GC(4848) Pause Incremental GC (Collect on allocation) 35.37M->26.87M 1.409ms
[224.832s] GC(4849) Pause Incremental GC (Collect on allocation) 34.87M->26.87M 1.330ms
[224.875s] GC(4850) Pause Incremental GC (Collect on allocation) 35.87M->26.87M 1.333ms
[224.914s] GC(4851) Pause Incremental GC (Collect on allocation) 35.37M->26.87M 1.242ms
[224.948s] GC(4852) Pause Incremental GC (Collect on allocation) 34.87M->26.87M 1.344ms
[224.982s] GC(4853) Pause Incremental GC (Collect on allocation) 34.37M->26.87M 1.297ms
[225.040s] GC(4854) Pause Full GC (Collect on allocation) 35.37M->26.37M 18.863ms
[225.070s] GC(4855) Pause Incremental GC (Collect on allocation) 36.87M->26.37M 1.690ms
[225.126s] GC(4856) Pause Incremental GC (Collect on allocation) 38.37M->26.37M 1.292ms
[225.180s] GC(4857) Pause Incremental GC (Collect on allocation) 37.87M->26.37M 1.325ms
[225.231s] GC(4858) Pause Incremental GC (Collect on allocation) 37.37M->26.37M 1.395ms
[225.281s] GC(4859) Pause Incremental GC (Collect on allocation) 36.87M->26.37M 1.317ms
[225.328s] GC(4860) Pause Incremental GC (Collect on allocation) 36.37M->26.37M 1.300ms
[225.371s] GC(4861) Pause Incremental GC (Collect on allocation) 35.87M->26.37M 1.373ms
[225.408s] GC(4862) Pause Incremental GC (Collect on allocation) 35.37M->26.37M 1.607ms
[225.445s] GC(4863) Pause Incremental GC (Collect on allocation) 34.87M->26.37M 1.365ms
[225.481s] GC(4864) Pause Incremental GC (Collect on allocation) 34.37M->26.37M 1.408ms
[225.517s] GC(4865) Pause Incremental GC (Collect on allocation) 33.87M->26.37M 1.384ms
[225.556s] GC(4866) Pause Incremental GC (Collect on allocation) 34.87M->26.37M 1.369ms
[225.600s] GC(4867) Pause Incremental GC (Collect on allocation) 35.87M->26.87M 1.380ms
[225.642s] GC(4868) Pause Incremental GC (Collect on allocation) 35.87M->26.87M 1.568ms
[225.681s] GC(4869) Pause Incremental GC (Collect on allocation) 35.37M->26.87M 1.457ms
[225.726s] GC(4870) Pause Incremental GC (Collect on allocation) 36.37M->26.87M 1.610ms
[225.774s] GC(4871) Pause Incremental GC (Collect on allocation) 37.37M->26.87M 1.419ms
[225.821s] GC(4872) Pause Incremental GC (Collect on allocation) 36.87M->26.87M 1.327ms
[225.865s] GC(4873) Pause Incremental GC (Collect on allocation) 36.37M->26.87M 1.435ms
[225.905s] GC(4874) Pause Incremental GC (Collect on allocation) 35.87M->26.87M 1.432ms
[225.945s] GC(4875) Pause Incremental GC (Collect on allocation) 35.37M->26.87M 1.385ms
[225.982s] GC(4876) Pause Incremental GC (Collect on allocation) 34.87M->26.87M 1.380ms
[226.018s] GC(4877) Pause Incremental GC (Collect on allocation) 34.37M->26.87M 1.678ms
[226.055s] GC(4878) Pause Incremental GC (Collect on allocation) 35.37M->26.87M 1.381ms
[226.097s] GC(4879) Pause Incremental GC (Collect on allocation) 36.37M->26.87M 1.277ms
[226.147s] GC(4880) Pause Incremental GC (Collect on allocation) 37.37M->26.87M 1.330ms
[226.193s] GC(4881) Pause Incremental GC (Collect on allocation) 36.87M->27.37M 1.419ms
[226.236s] GC(4882) Pause Incremental GC (Collect on allocation) 36.87M->27.37M 1.335ms
[226.297s] GC(4883) Pause Full GC (Collect on allocation) 36.37M->26.37M 18.945ms
[226.312s] GC(4884) Pause Incremental GC (Collect on allocation) 34.37M->26.37M 1.717ms
[226.353s] GC(4885) Pause Incremental GC (Collect on allocation) 35.37M->26.37M 1.381ms
[226.398s] GC(4886) Pause Incremental GC (Collect on allocation) 36.37M->26.37M 1.408ms
[226.442s] GC(4887) Pause Incremental GC (Collect on allocation) 35.87M->26.37M 1.477ms
[226.482s] GC(4888) Pause Incremental GC (Collect on allocation) 35.37M->26.37M 1.418ms
[226.519s] GC(4889) Pause Incremental GC (Collect on allocation) 34.87M->26.37M 1.715ms
[226.562s] GC(4890) Pause Incremental GC (Collect on allocation) 35.87M->26.37M 1.434ms
[226.610s] GC(4891) Pause Incremental GC (Collect on allocation) 36.87M->26.37M 1.435ms
[226.656s] GC(4892) Pause Incremental GC (Collect on allocation) 36.37M->26.37M 1.649ms
[226.698s] GC(4893) Pause Incremental GC (Collect on allocation) 35.87M->26.37M 1.441ms
[226.741s] GC(4894) Pause Incremental GC (Collect on allocation) 35.37M->26.37M 1.382ms
[226.779s] GC(4895) Pause Incremental GC (Collect on allocation) 34.87M->26.37M 1.309ms
[226.817s] GC(4896) Pause Incremental GC (Collect on allocation) 34.37M->26.37M 1.320ms
[226.852s] GC(4897) Pause Incremental GC (Collect on allocation) 33.87M->26.37M 1.332ms
[226.883s] GC(4898) Pause Incremental GC (Collect on allocation) 33.37M->26.87M 1.390ms
[226.920s] GC(4899) Pause Incremental GC (Collect on allocation) 34.87M->26.87M 1.324ms
[226.961s] GC(4900) Pause Incremental GC (Collect on allocation) 35.87M->26.87M 1.439ms
[227.006s] GC(4901) Pause Incremental GC (Collect on allocation) 36.87M->26.87M 1.435ms
[227.050s] GC(4902) Pause Incremental GC (Collect on allocation) 36.37M->26.87M 1.812ms
[227.099s] GC(4903) Pause Incremental GC (Collect on allocation) 37.37M->26.87M 1.425ms
[227.144s] GC(4904) Pause Incremental GC (Collect on allocation) 36.87M->26.87M 1.507ms
[227.188s] GC(4905) Pause Incremental GC (Collect on allocation) 36.37M->26.87M 1.396ms
[227.228s] GC(4906) Pause Incremental GC (Collect on allocation) 35.87M->26.87M 1.436ms
[227.264s] GC(4907) Pause Incremental GC (Collect on allocation) 35.37M->26.87M 1.409ms
[227.301s] GC(4908) Pause Incremental GC (Collect on allocation) 34.87M->26.87M 1.377ms
[227.342s] GC(4909) Pause Incremental GC (Collect on allocation) 35.87M->26.87M 1.407ms
[227.382s] GC(4910) Pause Incremental GC (Collect on allocation) 35.37M->26.87M 1.387ms
[227.436s] GC(4911) Pause Full GC (Collect on allocation) 34.87M->26.37M 18.833ms
[227.446s] GC(4912) Pause Incremental GC (Collect on allocation) 33.37M->26.37M 1.955ms
[227.481s] GC(4913) Pause Incremental GC (Collect on allocation) 34.37M->26.37M 1.411ms
[227.522s] GC(4914) Pause Incremental GC (Collect on allocation) 35.37M->26.37M 1.320ms
[227.569s] GC(4915) Pause Incremental GC (Collect on allocation) 36.37M->26.37M 1.774ms
[227.621s] GC(4916) Pause Incremental GC (Collect on allocation) 37.37M->26.37M 1.339ms
[227.678s] GC(4917) Pause Incremental GC (Collect on allocation) 38.87M->26.37M 1.360ms
[227.732s] GC(4918) Pause Incremental GC (Collect on allocation) 38.37M->26.37M 1.432ms
[227.788s] GC(4919) Pause Incremental GC (Collect on allocation) 37.87M->26.87M 1.863ms
[227.839s] GC(4920) Pause Incremental GC (Collect on allocation) 37.87M->26.87M 1.593ms
[227.887s] GC(4921) Pause Incremental GC (Collect on allocation) 37.37M->26.87M 1.471ms
[227.931s] GC(4922) Pause Incremental GC (Collect on allocation) 36.87M->26.87M 1.433ms
[227.975s] GC(4923) Pause Incremental GC (Collect on allocation) 36.37M->26.87M 1.403ms
[228.016s] GC(4924) Pause Incremental GC (Collect on allocation) 35.87M->26.87M 1.438ms
[228.054s] GC(4925) Pause Incremental GC (Collect on allocation) 35.37M->26.87M 1.451ms
[228.091s] GC(4926) Pause Incremental GC (Collect on allocation) 34.87M->26.87M 1.575ms
[228.122s] GC(4927) Pause Incremental GC (Collect on allocation) 34.37M->26.87M 1.454ms
[228.162s] GC(4928) Pause Incremental GC (Collect on allocation) 35.37M->27.37M 1.425ms
[228.206s] GC(4929) Pause Incremental GC (Collect on allocation) 36.87M->27.37M 1.356ms
[228.255s] GC(4930) Pause Incremental GC (Collect on allocation) 37.87M->27.37M 1.755ms
[228.312s] GC(4931) Pause Incremental GC (Collect on allocation) 39.37M->27.37M 1.355ms
[228.365s] GC(4932) Pause Incremental GC (Collect on allocation) 38.87M->27.37M 1.399ms
[228.416s] GC(4933) Pause Incremental GC (Collect on allocation) 38.37M->27.37M 1.411ms
[228.465s] GC(4934) Pause Incremental GC (Collect on allocation) 37.87M->27.37M 1.357ms
[228.512s] GC(4935) Pause Incremental GC (Collect on allocation) 37.37M->27.37M 1.408ms
[228.555s] GC(4936) Pause Incremental GC (Collect on allocation) 36.87M->27.37M 1.394ms
[228.597s] GC(4937) Pause Incremental GC (Collect on allocation) 36.37M->27.37M 1.567ms
[228.636s] GC(4938) Pause Incremental GC (Collect on allocation) 35.87M->27.37M 1.301ms
[228.692s] GC(4939) Pause Full GC (Collect on allocation) 35.37M->26.37M 20.069ms
[228.703s] GC(4940) Pause Incremental GC (Collect on allocation) 33.37M->26.37M 2.272ms
[228.735s] GC(4941) Pause Incremental GC (Collect on allocation) 34.37M->26.37M 1.618ms
[228.775s] GC(4942) Pause Incremental GC (Collect on allocation) 35.37M->26.37M 1.455ms
[228.822s] GC(4943) Pause Incremental GC (Collect on allocation) 36.37M->26.37M 1.333ms
[228.873s] GC(4944) Pause Incremental GC (Collect on allocation) 37.37M->26.37M 1.367ms
[228.933s] GC(4945) Pause Incremental GC (Collect on allocation) 38.87M->26.37M 1.428ms
[228.987s] GC(4946) Pause Incremental GC (Collect on allocation) 38.37M->26.37M 1.309ms
[229.042s] GC(4947) Pause Incremental GC (Collect on allocation) 37.87M->26.37M 1.305ms
[229.091s] GC(4948) Pause Incremental GC (Collect on allocation) 37.37M->26.37M 1.380ms
[229.140s] GC(4949) Pause Incremental GC (Collect on allocation) 36.87M->26.37M 1.449ms
[229.185s] GC(4950) Pause Incremental GC (Collect on allocation) 36.37M->26.37M 1.427ms
[229.230s] GC(4951) Pause Incremental GC (Collect on allocation) 35.87M->26.37M 1.372ms
[229.271s] GC(4952) Pause Incremental GC (Collect on allocation) 35.37M->26.37M 1.367ms
[229.310s] GC(4953) Pause Incremental GC (Collect on allocation) 34.87M->26.37M 1.616ms
[229.345s] GC(4954) Pause Incremental GC (Collect on allocation) 34.37M->26.37M 1.414ms
[229.378s] GC(4955) Pause Incremental GC (Collect on allocation) 33.87M->26.87M 1.287ms
[229.417s] GC(4956) Pause Incremental GC (Collect on allocation) 35.37M->26.87M 1.373ms
[229.461s] GC(4957) Pause Incremental GC (Collect on allocation) 36.37M->26.87M 1.374ms
[229.503s] GC(4958) Pause Incremental GC (Collect on allocation) 35.87M->26.87M 1.302ms
[229.541s] GC(4959) Pause Incremental GC (Collect on allocation) 35.37M->26.87M 1.453ms
[229.576s] GC(4960) Pause Incremental GC (Collect on allocation) 34.87M->26.87M 1.464ms
[229.616s] GC(4961) Pause Incremental GC (Collect on allocation) 35.87M->26.87M 1.341ms
[229.654s] GC(4962) Pause Incremental GC (Collect on allocation) 35.37M->26.87M 1.307ms
[229.692s] GC(4963) Pause Incremental GC (Collect on allocation) 34.87M->26.87M 1.414ms
[229.733s] GC(4964) Pause Incremental GC (Collect on allocation) 35.87M->26.87M 1.460ms
[229.771s] GC(4965) Pause Incremental GC (Collect on allocation) 35.37M->26.87M 1.288ms
[229.806s] GC(4966) Pause Incremental GC (Collect on allocation) 34.87M->26.87M 1.393ms
[229.847s] GC(4967) Pause Incremental GC (Collect on allocation) 35.87M->26.87M 1.259ms
[229.905s] GC(4968) Pause Full GC (Collect on allocation) 35.37M->25.87M 19.005ms
[229.918s] GC(4969) Pause Incremental GC (Collect on allocation) 33.37M->26.37M 1.916ms
[229.952s] GC(4970) Pause Incremental GC (Collect on allocation) 34.87M->26.37M 1.356ms
[229.996s] GC(4971) Pause Incremental GC (Collect on allocation) 35.87M->26.37M 1.338ms
[230.045s] GC(4972) Pause Incremental GC (Collect on allocation) 36.87M->26.37M 1.466ms
[230.102s] GC(4973) Pause Incremental GC (Collect on allocation) 38.37M->26.37M 1.388ms
[230.157s] GC(4974) Pause Incremental GC (Collect on allocation) 37.87M->26.37M 1.370ms
[230.208s] GC(4975) Pause Incremental GC (Collect on allocation) 37.37M->26.37M 1.997ms
[230.256s] GC(4976) Pause Incremental GC (Collect on allocation) 36.87M->26.37M 1.526ms
[230.302s] GC(4977) Pause Incremental GC (Collect on allocation) 36.37M->26.37M 1.332ms
[230.345s] GC(4978) Pause Incremental GC (Collect on allocation) 35.87M->26.87M 1.576ms
[230.385s] GC(4979) Pause Incremental GC (Collect on allocation) 35.87M->26.87M 1.529ms
[230.423s] GC(4980) Pause Incremental GC (Collect on allocation) 35.37M->26.87M 1.491ms
[230.459s] GC(4981) Pause Incremental GC (Collect on allocation) 34.87M->26.87M 1.644ms
[230.502s] GC(4982) Pause Incremental GC (Collect on allocation) 35.87M->26.87M 1.625ms
[230.548s] GC(4983) Pause Incremental GC (Collect on allocation) 36.87M->26.87M 1.310ms
[230.592s] GC(4984) Pause Incremental GC (Collect on allocation) 36.37M->26.87M 1.549ms
[230.633s] GC(4985) Pause Incremental GC (Collect on allocation) 35.87M->26.87M 1.452ms
[230.671s] GC(4986) Pause Incremental GC (Collect on allocation) 35.37M->26.87M 1.355ms
[230.708s] GC(4987) Pause Incremental GC (Collect on allocation) 34.87M->26.87M 1.628ms
[230.749s] GC(4988) Pause Incremental GC (Collect on allocation) 35.87M->26.87M 1.330ms
[230.795s] GC(4989) Pause Incremental GC (Collect on allocation) 36.87M->27.37M 1.845ms
[230.845s] GC(4990) Pause Incremental GC (Collect on allocation) 38.37M->27.37M 1.795ms
[230.901s] GC(4991) Pause Incremental GC (Collect on allocation) 39.87M->27.37M 1.449ms
[230.958s] GC(4992) Pause Incremental GC (Collect on allocation) 39.37M->27.37M 1.521ms
[231.030s] GC(4993) Pause Full GC (Collect on allocation) 38.87M->25.87M 19.292ms
[231.056s] GC(4994) Pause Incremental GC (Collect on allocation) 36.37M->26.37M 1.772ms
[231.102s] GC(4995) Pause Incremental GC (Collect on allocation) 36.37M->26.37M 1.358ms
[231.145s] GC(4996) Pause Incremental GC (Collect on allocation) 35.87M->26.37M 1.361ms
[231.186s] GC(4997) Pause Incremental GC (Collect on allocation) 35.37M->26.37M 1.335ms
[231.225s] GC(4998) Pause Incremental GC (Collect on allocation) 34.87M->26.37M 1.627ms
[231.262s] GC(4999) Pause Incremental GC (Collect on allocation) 34.37M->26.37M 1.328ms
[231.297s] GC(5000) Pause Incremental GC (Collect on allocation) 33.87M->26.37M 1.355ms
[231.334s] GC(5001) Pause Incremental GC (Collect on allocation) 34.87M->26.37M 1.535ms
[231.376s] GC(5002) Pause Incremental GC (Collect on allocation) 35.87M->26.37M 1.631ms
[231.423s] GC(5003) Pause Incremental GC (Collect on allocation) 36.87M->26.87M 1.395ms
[231.479s] GC(5004) Pause Incremental GC (Collect on allocation) 38.87M->26.87M 1.334ms
[231.532s] GC(5005) Pause Incremental GC (Collect on allocation) 38.37M->26.87M 1.330ms
[231.583s] GC(5006) Pause Incremental GC (Collect on allocation) 37.87M->26.87M 1.514ms
[231.629s] GC(5007) Pause Incremental GC (Collect on allocation) 37.37M->26.87M 1.408ms
[231.675s] GC(5008) Pause Incremental GC (Collect on allocation) 36.87M->26.87M 1.516ms
[231.717s] GC(5009) Pause Incremental GC (Collect on allocation) 36.37M->26.87M 1.393ms
[231.759s] GC(5010) Pause Incremental GC (Collect on allocation) 35.87M->26.87M 1.527ms
[231.797s] GC(5011) Pause Incremental GC (Collect on allocation) 35.37M->26.87M 1.422ms
[231.834s] GC(5012) Pause Incremental GC (Collect on allocation) 34.87M->26.87M 1.432ms
[231.867s] GC(5013) Pause Incremental GC (Collect on allocation) 34.37M->26.87M 1.447ms
[231.906s] GC(5014) Pause Incremental GC (Collect on allocation) 35.37M->26.87M 1.230ms
[231.949s] GC(5015) Pause Incremental GC (Collect on allocation) 36.37M->26.87M 1.483ms
[231.989s] GC(5016) Pause Incremental GC (Collect on allocation) 35.87M->27.37M 1.464ms
[232.036s] GC(5017) Pause Incremental GC (Collect on allocation) 37.37M->27.37M 1.293ms
[232.081s] GC(5018) Pause Incremental GC (Collect on allocation) 36.87M->27.37M 1.425ms
[232.123s] GC(5019) Pause Incremental GC (Collect on allocation) 36.37M->27.37M 1.384ms
[232.180s] GC(5020) Pause Full GC (Collect on allocation) 35.87M->26.37M 19.824ms
[232.193s] GC(5021) Pause Incremental GC (Collect on allocation) 33.87M->26.37M 1.818ms
[232.228s] GC(5022) Pause Incremental GC (Collect on allocation) 34.87M->26.37M 1.344ms
[232.272s] GC(5023) Pause Incremental GC (Collect on allocation) 35.87M->26.37M 1.324ms
[232.322s] GC(5024) Pause Incremental GC (Collect on allocation) 36.87M->26.37M 1.322ms
[232.368s] GC(5025) Pause Incremental GC (Collect on allocation) 36.37M->26.37M 1.341ms
[232.412s] GC(5026) Pause Incremental GC (Collect on allocation) 35.87M->26.37M 1.455ms
[232.453s] GC(5027) Pause Incremental GC (Collect on allocation) 35.37M->26.37M 1.373ms
[232.492s] GC(5028) Pause Incremental GC (Collect on allocation) 34.87M->26.37M 1.712ms
[232.533s] GC(5029) Pause Incremental GC (Collect on allocation) 35.87M->26.37M 1.439ms
[232.581s] GC(5030) Pause Incremental GC (Collect on allocation) 36.87M->26.37M 1.341ms
[232.627s] GC(5031) Pause Incremental GC (Collect on allocation) 36.37M->26.37M 1.369ms
[232.671s] GC(5032) Pause Incremental GC (Collect on allocation) 35.87M->26.87M 1.323ms
[232.712s] GC(5033) Pause Incremental GC (Collect on allocation) 35.87M->26.87M 1.362ms
[232.753s] GC(5034) Pause Incremental GC (Collect on allocation) 35.37M->26.87M 1.994ms
[232.796s] GC(5035) Pause Incremental GC (Collect on allocation) 36.37M->26.87M 1.334ms
[232.837s] GC(5036) Pause Incremental GC (Collect on allocation) 35.87M->26.87M 1.383ms
[232.875s] GC(5037) Pause Incremental GC (Collect on allocation) 35.37M->26.87M 1.490ms
[232.912s] GC(5038) Pause Incremental GC (Collect on allocation) 34.87M->26.87M 1.312ms
[232.953s] GC(5039) Pause Incremental GC (Collect on allocation) 35.87M->26.87M 1.366ms
[232.993s] GC(5040) Pause Incremental GC (Collect on allocation) 35.37M->26.87M 1.296ms
[233.027s] GC(5041) Pause Incremental GC (Collect on allocation) 34.87M->26.87M 1.598ms
[233.068s] GC(5042) Pause Incremental GC (Collect on allocation) 35.87M->26.87M 1.374ms
[233.114s] GC(5043) Pause Incremental GC (Collect on allocation) 36.87M->26.87M 1.318ms
[233.159s] GC(5044) Pause Incremental GC (Collect on allocation) 36.37M->26.87M 1.487ms
[233.198s] GC(5045) Pause Incremental GC (Collect on allocation) 35.87M->26.87M 1.365ms
[233.238s] GC(5046) Pause Incremental GC (Collect on allocation) 35.37M->27.37M 1.359ms
[233.274s] GC(5047) Pause Incremental GC (Collect on allocation) 35.37M->27.37M 1.428ms
[233.327s] GC(5048) Pause Full GC (Collect on allocation) 34.87M->25.87M 20.528ms
[233.349s] GC(5049) Pause Incremental GC (Collect on allocation) 35.37M->26.37M 1.859ms
[233.397s] GC(5050) Pause Incremental GC (Collect on allocation) 36.87M->26.37M 1.370ms
[233.450s] GC(5051) Pause Incremental GC (Collect on allocation) 38.37M->26.37M 1.338ms
[233.504s] GC(5052) Pause Incremental GC (Collect on allocation) 37.87M->26.37M 1.358ms
[233.556s] GC(5053) Pause Incremental GC (Collect on allocation) 37.37M->26.37M 1.363ms
[233.604s] GC(5054) Pause Incremental GC (Collect on allocation) 36.87M->26.37M 1.290ms
[233.650s] GC(5055) Pause Incremental GC (Collect on allocation) 36.37M->26.37M 1.437ms
[233.695s] GC(5056) Pause Incremental GC (Collect on allocation) 35.87M->26.37M 1.557ms
[233.735s] GC(5057) Pause Incremental GC (Collect on allocation) 35.37M->26.37M 1.397ms
[233.775s] GC(5058) Pause Incremental GC (Collect on allocation) 34.87M->26.37M 1.433ms
[233.811s] GC(5059) Pause Incremental GC (Collect on allocation) 34.37M->26.37M 1.396ms
[233.844s] GC(5060) Pause Incremental GC (Collect on allocation) 33.87M->26.37M 1.335ms
[233.882s] GC(5061) Pause Incremental GC (Collect on allocation) 34.87M->26.37M 1.306ms
[233.926s] GC(5062) Pause Incremental GC (Collect on allocation) 35.87M->26.37M 1.450ms
[233.975s] GC(5063) Pause Incremental GC (Collect on allocation) 36.87M->26.37M 1.350ms
[234.020s] GC(5064) Pause Incremental GC (Collect on allocation) 36.37M->26.37M 1.322ms
[234.064s] GC(5065) Pause Incremental GC (Collect on allocation) 35.87M->26.87M 1.345ms
[234.107s] GC(5066) Pause Incremental GC (Collect on allocation) 35.87M->26.87M 1.448ms
[234.145s] GC(5067) Pause Incremental GC (Collect on allocation) 35.37M->26.87M 1.424ms
[234.182s] GC(5068) Pause Incremental GC (Collect on allocation) 34.87M->26.87M 1.488ms
[234.215s] GC(5069) Pause Incremental GC (Collect on allocation) 34.37M->26.87M 1.535ms
[234.254s] GC(5070) Pause Incremental GC (Collect on allocation) 35.37M->26.87M 1.368ms
[234.296s] GC(5071) Pause Incremental GC (Collect on allocation) 36.37M->26.87M 1.390ms
[234.347s] GC(5072) Pause Incremental GC (Collect on allocation) 37.37M->26.87M 1.494ms
[234.390s] GC(5073) Pause Incremental GC (Collect on allocation) 36.87M->26.87M 1.495ms
[234.434s] GC(5074) Pause Incremental GC (Collect on allocation) 36.37M->26.87M 1.418ms
[234.472s] GC(5075) Pause Incremental GC (Collect on allocation) 35.87M->26.87M 1.342ms
[234.530s] GC(5076) Pause Full GC (Collect on allocation) 35.37M->25.87M 19.928ms
[234.544s] GC(5077) Pause Incremental GC (Collect on allocation) 33.37M->26.37M 1.727ms
[234.582s] GC(5078) Pause Incremental GC (Collect on allocation) 34.87M->26.37M 1.391ms
[234.626s] GC(5079) Pause Incremental GC (Collect on allocation) 35.87M->26.37M 1.305ms
[234.676s] GC(5080) Pause Incremental GC (Collect on allocation) 36.87M->26.37M 1.413ms
[234.722s] GC(5081) Pause Incremental GC (Collect on allocation) 36.37M->26.37M 1.379ms
[234.767s] GC(5082) Pause Incremental GC (Collect on allocation) 35.87M->26.37M 1.271ms
[234.807s] GC(5083) Pause Incremental GC (Collect on allocation) 35.37M->26.37M 1.446ms
[234.846s] GC(5084) Pause Incremental GC (Collect on allocation) 34.87M->26.37M 1.500ms
[234.883s] GC(5085) Pause Incremental GC (Collect on allocation) 34.37M->26.87M 1.382ms
[234.925s] GC(5086) Pause Incremental GC (Collect on allocation) 35.87M->26.87M 1.425ms
[234.963s] GC(5087) Pause Incremental GC (Collect on allocation) 35.37M->26.87M 1.415ms
[235.008s] GC(5088) Pause Incremental GC (Collect on allocation) 36.37M->26.87M 1.536ms
[235.050s] GC(5089) Pause Incremental GC (Collect on allocation) 35.87M->26.87M 1.419ms
[235.088s] GC(5090) Pause Incremental GC (Collect on allocation) 35.37M->26.87M 1.368ms
[235.123s] GC(5091) Pause Incremental GC (Collect on allocation) 34.87M->26.87M 1.476ms
[235.165s] GC(5092) Pause Incremental GC (Collect on allocation) 35.87M->26.87M 1.290ms
[235.211s] GC(5093) Pause Incremental GC (Collect on allocation) 36.87M->26.87M 1.285ms
[235.256s] GC(5094) Pause Incremental GC (Collect on allocation) 36.37M->26.87M 1.349ms
[235.296s] GC(5095) Pause Incremental GC (Collect on allocation) 35.87M->26.87M 1.398ms
[235.335s] GC(5096) Pause Incremental GC (Collect on allocation) 35.37M->26.87M 1.332ms
[235.372s] GC(5097) Pause Incremental GC (Collect on allocation) 34.87M->27.37M 1.357ms
[235.405s] GC(5098) Pause Incremental GC (Collect on allocation) 34.87M->27.37M 1.286ms
[235.437s] GC(5099) Pause Incremental GC (Collect on allocation) 34.37M->27.37M 1.276ms
[235.474s] GC(5100) Pause Incremental GC (Collect on allocation) 35.37M->27.37M 1.292ms
[235.515s] GC(5101) Pause Incremental GC (Collect on allocation) 36.37M->27.37M 1.282ms
[235.555s] GC(5102) Pause Incremental GC (Collect on allocation) 35.87M->27.37M 1.371ms
[235.590s] GC(5103) Pause Incremental GC (Collect on allocation) 35.37M->27.37M 1.438ms
[235.631s] GC(5104) Pause Incremental GC (Collect on allocation) 36.37M->27.37M 1.302ms
[235.689s] GC(5105) Pause Full GC (Collect on allocation) 35.87M->26.37M 18.875ms
[235.703s] GC(5106) Pause Incremental GC (Collect on allocation) 33.87M->26.37M 1.687ms
[235.741s] GC(5107) Pause Incremental GC (Collect on allocation) 34.87M->26.37M 1.331ms
[235.784s] GC(5108) Pause Incremental GC (Collect on allocation) 35.87M->26.37M 1.460ms
[235.831s] GC(5109) Pause Incremental GC (Collect on allocation) 36.87M->26.37M 1.344ms
[235.886s] GC(5110) Pause Incremental GC (Collect on allocation) 38.37M->26.37M 1.750ms
[235.941s] GC(5111) Pause Incremental GC (Collect on allocation) 37.87M->26.37M 1.524ms
[235.991s] GC(5112) Pause Incremental GC (Collect on allocation) 37.37M->26.37M 1.867ms
[236.040s] GC(5113) Pause Incremental GC (Collect on allocation) 36.87M->26.87M 2.070ms
[236.094s] GC(5114) Pause Incremental GC (Collect on allocation) 38.87M->26.87M 1.722ms
[236.143s] GC(5115) Pause Incremental GC (Collect on allocation) 38.37M->27.87M 1.710ms
[236.189s] GC(5116) Pause Incremental GC (Collect on allocation) 38.87M->28.87M 1.990ms
[236.234s] GC(5117) Pause Incremental GC (Collect on allocation) 39.37M->29.87M 2.346ms
[236.276s] GC(5118) Pause Incremental GC (Collect on allocation) 39.87M->30.37M 1.782ms
[236.318s] GC(5119) Pause Incremental GC (Collect on allocation) 39.87M->30.87M 1.860ms
[236.358s] GC(5120) Pause Incremental GC (Collect on allocation) 39.87M->30.87M 1.478ms
[236.397s] GC(5121) Pause Incremental GC (Collect on allocation) 39.37M->30.87M 1.483ms
[236.433s] GC(5122) Pause Incremental GC (Collect on allocation) 38.87M->30.87M 1.412ms
[236.468s] GC(5123) Pause Incremental GC (Collect on allocation) 38.37M->30.87M 1.284ms
[236.497s] GC(5124) Pause Incremental GC (Collect on allocation) 37.87M->30.87M 1.404ms
[236.527s] GC(5125) Pause Incremental GC (Collect on allocation) 37.37M->30.87M 1.340ms
[236.559s] GC(5126) Pause Incremental GC (Collect on allocation) 38.37M->30.87M 1.465ms
[236.590s] GC(5127) Pause Incremental GC (Collect on allocation) 37.87M->31.37M 1.677ms
[236.626s] GC(5128) Pause Incremental GC (Collect on allocation) 39.37M->31.37M 1.391ms
[236.667s] GC(5129) Pause Incremental GC (Collect on allocation) 40.37M->31.37M 1.330ms
[236.714s] GC(5130) Pause Incremental GC (Collect on allocation) 41.37M->31.37M 1.318ms
[236.766s] GC(5131) Pause Incremental GC (Collect on allocation) 42.37M->31.37M 1.309ms
[236.814s] GC(5132) Pause Incremental GC (Collect on allocation) 41.87M->31.37M 1.386ms
[236.877s] GC(5133) Pause Full GC (Collect on allocation) 41.37M->25.87M 18.211ms
[236.898s] GC(5134) Pause Incremental GC (Collect on allocation) 34.87M->26.37M 1.785ms
[236.946s] GC(5135) Pause Incremental GC (Collect on allocation) 36.37M->26.37M 1.322ms
[236.990s] GC(5136) Pause Incremental GC (Collect on allocation) 35.87M->26.37M 1.431ms
[237.031s] GC(5137) Pause Incremental GC (Collect on allocation) 35.37M->26.37M 1.302ms
[237.071s] GC(5138) Pause Incremental GC (Collect on allocation) 34.87M->26.37M 1.297ms
[237.107s] GC(5139) Pause Incremental GC (Collect on allocation) 34.37M->26.37M 1.370ms
[237.140s] GC(5140) Pause Incremental GC (Collect on allocation) 33.87M->26.37M 1.424ms
[237.179s] GC(5141) Pause Incremental GC (Collect on allocation) 34.87M->26.37M 1.355ms
[237.223s] GC(5142) Pause Incremental GC (Collect on allocation) 35.87M->26.37M 1.335ms
[237.264s] GC(5143) Pause Incremental GC (Collect on allocation) 35.37M->26.37M 1.317ms
[237.304s] GC(5144) Pause Incremental GC (Collect on allocation) 34.87M->26.37M 1.311ms
[237.340s] GC(5145) Pause Incremental GC (Collect on allocation) 34.37M->26.37M 1.281ms
[237.374s] GC(5146) Pause Incremental GC (Collect on allocation) 33.87M->26.37M 1.337ms
[237.406s] GC(5147) Pause Incremental GC (Collect on allocation) 33.37M->26.37M 1.276ms
[237.441s] GC(5148) Pause Incremental GC (Collect on allocation) 34.37M->26.37M 1.396ms
[237.481s] GC(5149) Pause Incremental GC (Collect on allocation) 35.37M->26.37M 1.329ms
[237.528s] GC(5150) Pause Incremental GC (Collect on allocation) 36.37M->26.37M 1.326ms
[237.573s] GC(5151) Pause Incremental GC (Collect on allocation) 35.87M->26.37M 1.331ms
[237.613s] GC(5152) Pause Incremental GC (Collect on allocation) 35.37M->26.87M 1.375ms
[237.652s] GC(5153) Pause Incremental GC (Collect on allocation) 35.37M->26.87M 1.394ms
[237.689s] GC(5154) Pause Incremental GC (Collect on allocation) 34.87M->26.87M 1.342ms
[237.723s] GC(5155) Pause Incremental GC (Collect on allocation) 34.37M->26.87M 1.340ms
[237.755s] GC(5156) Pause Incremental GC (Collect on allocation) 33.87M->26.87M 1.235ms
[237.792s] GC(5157) Pause Incremental GC (Collect on allocation) 34.87M->26.87M 1.365ms
[237.833s] GC(5158) Pause Incremental GC (Collect on allocation) 35.87M->26.87M 1.486ms
[237.879s] GC(5159) Pause Incremental GC (Collect on allocation) 36.87M->26.87M 1.336ms
[237.922s] GC(5160) Pause Incremental GC (Collect on allocation) 36.37M->26.87M 1.485ms
[237.983s] GC(5161) Pause Full GC (Collect on allocation) 35.87M->26.37M 21.190ms
[238.011s] GC(5162) Pause Incremental GC (Collect on allocation) 37.37M->26.37M 1.869ms
[238.059s] GC(5163) Pause Incremental GC (Collect on allocation) 36.87M->26.37M 1.649ms
[238.103s] GC(5164) Pause Incremental GC (Collect on allocation) 36.37M->26.37M 1.406ms
[238.146s] GC(5165) Pause Incremental GC (Collect on allocation) 35.87M->26.37M 1.432ms
[238.188s] GC(5166) Pause Incremental GC (Collect on allocation) 35.37M->26.37M 1.299ms
[238.227s] GC(5167) Pause Incremental GC (Collect on allocation) 34.87M->26.37M 1.285ms
[238.264s] GC(5168) Pause Incremental GC (Collect on allocation) 34.37M->26.37M 1.274ms
[238.298s] GC(5169) Pause Incremental GC (Collect on allocation) 33.87M->26.37M 1.368ms
[238.330s] GC(5170) Pause Incremental GC (Collect on allocation) 33.37M->26.37M 1.340ms
[238.367s] GC(5171) Pause Incremental GC (Collect on allocation) 34.37M->26.37M 1.440ms
[238.409s] GC(5172) Pause Incremental GC (Collect on allocation) 35.37M->26.37M 1.300ms
[238.455s] GC(5173) Pause Incremental GC (Collect on allocation) 36.37M->26.37M 1.303ms
[238.499s] GC(5174) Pause Incremental GC (Collect on allocation) 35.87M->26.87M 1.459ms
[238.541s] GC(5175) Pause Incremental GC (Collect on allocation) 35.87M->26.87M 1.434ms
[238.579s] GC(5176) Pause Incremental GC (Collect on allocation) 35.37M->26.87M 1.427ms
[238.615s] GC(5177) Pause Incremental GC (Collect on allocation) 34.87M->26.87M 1.296ms
[238.656s] GC(5178) Pause Incremental GC (Collect on allocation) 35.87M->26.87M 1.339ms
[238.695s] GC(5179) Pause Incremental GC (Collect on allocation) 35.37M->26.87M 1.439ms
[238.733s] GC(5180) Pause Incremental GC (Collect on allocation) 34.87M->26.87M 1.389ms
[238.774s] GC(5181) Pause Incremental GC (Collect on allocation) 35.87M->26.87M 1.429ms
[238.819s] GC(5182) Pause Incremental GC (Collect on allocation) 36.87M->26.87M 1.300ms
[238.864s] GC(5183) Pause Incremental GC (Collect on allocation) 36.37M->26.87M 1.415ms
[238.904s] GC(5184) Pause Incremental GC (Collect on allocation) 35.87M->26.87M 1.430ms
[238.940s] GC(5185) Pause Incremental GC (Collect on allocation) 35.37M->26.87M 1.389ms
[238.974s] GC(5186) Pause Incremental GC (Collect on allocation) 34.87M->26.87M 1.403ms
[239.016s] GC(5187) Pause Incremental GC (Collect on allocation) 35.87M->27.37M 1.439ms
[239.061s] GC(5188) Pause Incremental GC (Collect on allocation) 37.37M->27.37M 1.429ms
[239.123s] GC(5189) Pause Full GC (Collect on allocation) 36.87M->26.37M 18.997ms
[239.144s] GC(5190) Pause Incremental GC (Collect on allocation) 34.87M->26.37M 2.496ms
[239.187s] GC(5191) Pause Incremental GC (Collect on allocation) 35.87M->26.37M 1.324ms
[239.234s] GC(5192) Pause Incremental GC (Collect on allocation) 36.87M->26.37M 1.618ms
[239.290s] GC(5193) Pause Incremental GC (Collect on allocation) 38.37M->26.37M 1.411ms
[239.351s] GC(5194) Pause Incremental GC (Collect on allocation) 39.87M->26.37M 1.495ms
[239.412s] GC(5195) Pause Incremental GC (Collect on allocation) 39.37M->26.37M 1.363ms
[239.471s] GC(5196) Pause Incremental GC (Collect on allocation) 38.87M->26.37M 1.395ms
[239.526s] GC(5197) Pause Incremental GC (Collect on allocation) 38.37M->26.87M 1.740ms
[239.577s] GC(5198) Pause Incremental GC (Collect on allocation) 38.37M->26.87M 1.705ms
[239.629s] GC(5199) Pause Incremental GC (Collect on allocation) 37.87M->26.87M 1.836ms
[239.676s] GC(5200) Pause Incremental GC (Collect on allocation) 37.37M->26.87M 1.343ms
[239.723s] GC(5201) Pause Incremental GC (Collect on allocation) 36.87M->26.87M 1.931ms
[239.765s] GC(5202) Pause Incremental GC (Collect on allocation) 36.37M->26.87M 1.389ms
[239.806s] GC(5203) Pause Incremental GC (Collect on allocation) 35.87M->26.87M 1.631ms
[239.846s] GC(5204) Pause Incremental GC (Collect on allocation) 35.37M->26.87M 1.303ms
[239.882s] GC(5205) Pause Incremental GC (Collect on allocation) 34.87M->26.87M 1.373ms
[239.916s] GC(5206) Pause Incremental GC (Collect on allocation) 34.37M->26.87M 1.356ms
[239.954s] GC(5207) Pause Incremental GC (Collect on allocation) 35.37M->26.87M 1.401ms
[239.998s] GC(5208) Pause Incremental GC (Collect on allocation) 36.37M->26.87M 1.353ms
[240.047s] GC(5209) Pause Incremental GC (Collect on allocation) 37.37M->26.87M 1.916ms
[240.103s] GC(5210) Pause Incremental GC (Collect on allocation) 38.87M->27.37M 1.324ms
[240.152s] GC(5211) Pause Incremental GC (Collect on allocation) 38.87M->27.37M 1.402ms
[240.199s] GC(5212) Pause Incremental GC (Collect on allocation) 38.37M->27.37M 1.496ms
[240.248s] GC(5213) Pause Incremental GC (Collect on allocation) 37.87M->27.37M 1.363ms
[240.293s] GC(5214) Pause Incremental GC (Collect on allocation) 37.37M->27.37M 1.352ms
[240.335s] GC(5215) Pause Incremental GC (Collect on allocation) 36.87M->27.37M 1.337ms
[240.374s] GC(5216) Pause Incremental GC (Collect on allocation) 36.37M->27.37M 1.430ms
[240.431s] GC(5217) Pause Full GC (Collect on allocation) 35.87M->26.37M 18.835ms
[240.443s] GC(5218) Pause Incremental GC (Collect on allocation) 33.87M->26.37M 1.811ms
[240.480s] GC(5219) Pause Incremental GC (Collect on allocation) 34.87M->26.37M 1.348ms
[240.524s] GC(5220) Pause Incremental GC (Collect on allocation) 35.87M->26.37M 1.365ms
[240.571s] GC(5221) Pause Incremental GC (Collect on allocation) 36.87M->26.37M 1.462ms
[240.627s] GC(5222) Pause Incremental GC (Collect on allocation) 38.37M->26.37M 1.414ms
[240.680s] GC(5223) Pause Incremental GC (Collect on allocation) 37.87M->26.37M 1.429ms
[240.732s] GC(5224) Pause Incremental GC (Collect on allocation) 37.37M->26.37M 1.429ms
[240.780s] GC(5225) Pause Incremental GC (Collect on allocation) 36.87M->26.37M 1.614ms
[240.824s] GC(5226) Pause Incremental GC (Collect on allocation) 36.37M->26.87M 1.332ms
[240.866s] GC(5227) Pause Incremental GC (Collect on allocation) 36.37M->26.87M 1.373ms
[240.908s] GC(5228) Pause Incremental GC (Collect on allocation) 35.87M->26.87M 1.335ms
[240.948s] GC(5229) Pause Incremental GC (Collect on allocation) 35.37M->26.87M 1.281ms
[240.984s] GC(5230) Pause Incremental GC (Collect on allocation) 34.87M->26.87M 1.357ms
[241.018s] GC(5231) Pause Incremental GC (Collect on allocation) 34.37M->26.87M 1.334ms
[241.048s] GC(5232) Pause Incremental GC (Collect on allocation) 33.87M->26.87M 1.395ms
[241.085s] GC(5233) Pause Incremental GC (Collect on allocation) 34.87M->26.87M 1.284ms
[241.125s] GC(5234) Pause Incremental GC (Collect on allocation) 35.87M->26.87M 1.428ms
[241.169s] GC(5235) Pause Incremental GC (Collect on allocation) 36.87M->26.87M 1.421ms
[241.214s] GC(5236) Pause Incremental GC (Collect on allocation) 36.37M->26.87M 1.415ms
[241.255s] GC(5237) Pause Incremental GC (Collect on allocation) 35.87M->26.87M 1.298ms
[241.295s] GC(5238) Pause Incremental GC (Collect on allocation) 35.37M->26.87M 1.315ms
[241.332s] GC(5239) Pause Incremental GC (Collect on allocation) 34.87M->26.87M 1.437ms
[241.366s] GC(5240) Pause Incremental GC (Collect on allocation) 34.37M->27.37M 1.381ms
[241.405s] GC(5241) Pause Incremental GC (Collect on allocation) 35.87M->27.37M 1.343ms
[241.441s] GC(5242) Pause Incremental GC (Collect on allocation) 35.37M->27.37M 1.400ms
[241.482s] GC(5243) Pause Incremental GC (Collect on allocation) 36.37M->27.37M 1.323ms
[241.528s] GC(5244) Pause Incremental GC (Collect on allocation) 37.37M->27.37M 1.307ms
[241.571s] GC(5245) Pause Incremental GC (Collect on allocation) 36.87M->27.37M 1.319ms
[241.629s] GC(5246) Pause Full GC (Collect on allocation) 36.37M->26.37M 18.882ms
[241.645s] GC(5247) Pause Incremental GC (Collect on allocation) 34.37M->26.37M 1.739ms
[241.683s] GC(5248) Pause Incremental GC (Collect on allocation) 35.37M->26.37M 1.375ms
[241.729s] GC(5249) Pause Incremental GC (Collect on allocation) 36.37M->26.37M 1.304ms
[241.774s] GC(5250) Pause Incremental GC (Collect on allocation) 35.87M->26.37M 1.317ms
[241.815s] GC(5251) Pause Incremental GC (Collect on allocation) 35.37M->26.37M 1.387ms
[241.854s] GC(5252) Pause Incremental GC (Collect on allocation) 34.87M->26.37M 1.309ms
[241.891s] GC(5253) Pause Incremental GC (Collect on allocation) 34.37M->26.37M 1.329ms
[241.924s] GC(5254) Pause Incremental GC (Collect on allocation) 33.87M->26.37M 1.370ms
[241.956s] GC(5255) Pause Incremental GC (Collect on allocation) 33.37M->26.37M 1.284ms
[241.993s] GC(5256) Pause Incremental GC (Collect on allocation) 34.37M->26.37M 1.316ms
[242.033s] GC(5257) Pause Incremental GC (Collect on allocation) 35.37M->26.37M 1.337ms
[242.070s] GC(5258) Pause Incremental GC (Collect on allocation) 34.87M->26.37M 1.372ms
[242.114s] GC(5259) Pause Incremental GC (Collect on allocation) 35.87M->26.87M 1.379ms
[242.157s] GC(5260) Pause Incremental GC (Collect on allocation) 35.87M->26.87M 1.319ms
[242.196s] GC(5261) Pause Incremental GC (Collect on allocation) 35.37M->26.87M 1.398ms
[242.233s] GC(5262) Pause Incremental GC (Collect on allocation) 34.87M->26.87M 1.304ms
[242.267s] GC(5263) Pause Incremental GC (Collect on allocation) 34.37M->26.87M 1.371ms
[242.297s] GC(5264) Pause Incremental GC (Collect on allocation) 33.87M->26.87M 1.313ms
[242.355s] GC(5265) Pause Full GC (Collect on allocation) 34.87M->25.87M 23.141ms
[242.377s] GC(5266) Pause Incremental GC (Collect on allocation) 35.87M->26.37M 1.822ms
[242.430s] GC(5267) Pause Incremental GC (Collect on allocation) 37.37M->26.37M 1.331ms
[242.489s] GC(5268) Pause Incremental GC (Collect on allocation) 38.87M->26.37M 1.326ms
[242.555s] GC(5269) Pause Incremental GC (Collect on allocation) 40.37M->26.37M 1.252ms
[242.626s] GC(5270) Pause Incremental GC (Collect on allocation) 41.87M->26.37M 1.403ms
[242.697s] GC(5271) Pause Incremental GC (Collect on allocation) 41.37M->26.37M 1.449ms
[242.765s] GC(5272) Pause Incremental GC (Collect on allocation) 40.87M->26.37M 1.380ms
[242.831s] GC(5273) Pause Incremental GC (Collect on allocation) 40.37M->26.37M 1.313ms
[242.893s] GC(5274) Pause Incremental GC (Collect on allocation) 39.87M->26.37M 1.431ms
[242.953s] GC(5275) Pause Incremental GC (Collect on allocation) 39.37M->26.37M 1.385ms
[243.012s] GC(5276) Pause Incremental GC (Collect on allocation) 38.87M->26.37M 1.444ms
[243.069s] GC(5277) Pause Incremental GC (Collect on allocation) 38.37M->26.37M 1.283ms
[243.122s] GC(5278) Pause Incremental GC (Collect on allocation) 37.87M->26.37M 1.392ms
[243.174s] GC(5279) Pause Incremental GC (Collect on allocation) 37.37M->26.37M 1.352ms
[243.223s] GC(5280) Pause Incremental GC (Collect on allocation) 36.87M->26.37M 1.503ms
[243.269s] GC(5281) Pause Incremental GC (Collect on allocation) 36.37M->26.37M 1.290ms
[243.314s] GC(5282) Pause Incremental GC (Collect on allocation) 35.87M->26.37M 1.270ms
[243.356s] GC(5283) Pause Incremental GC (Collect on allocation) 35.37M->26.87M 1.310ms
[243.394s] GC(5284) Pause Incremental GC (Collect on allocation) 35.37M->26.87M 1.437ms
[243.429s] GC(5285) Pause Incremental GC (Collect on allocation) 34.87M->26.87M 1.409ms
[243.463s] GC(5286) Pause Incremental GC (Collect on allocation) 34.37M->26.87M 1.359ms
[243.501s] GC(5287) Pause Incremental GC (Collect on allocation) 35.37M->26.87M 1.859ms
[243.544s] GC(5288) Pause Incremental GC (Collect on allocation) 36.37M->26.87M 1.419ms
[243.593s] GC(5289) Pause Incremental GC (Collect on allocation) 37.37M->26.87M 1.594ms
[243.666s] GC(5290) Pause Full GC (Collect on allocation) 38.87M->26.37M 18.481ms
[243.706s] GC(5291) Pause Incremental GC (Collect on allocation) 38.87M->26.37M 1.792ms
[243.760s] GC(5292) Pause Incremental GC (Collect on allocation) 38.37M->26.37M 1.437ms
[243.812s] GC(5293) Pause Incremental GC (Collect on allocation) 37.87M->26.37M 1.342ms
[243.862s] GC(5294) Pause Incremental GC (Collect on allocation) 37.37M->26.37M 1.309ms
[243.911s] GC(5295) Pause Incremental GC (Collect on allocation) 36.87M->26.37M 1.340ms
[243.956s] GC(5296) Pause Incremental GC (Collect on allocation) 36.37M->26.37M 1.364ms
[243.998s] GC(5297) Pause Incremental GC (Collect on allocation) 35.87M->26.37M 1.366ms
[244.039s] GC(5298) Pause Incremental GC (Collect on allocation) 35.37M->26.37M 1.370ms
[244.079s] GC(5299) Pause Incremental GC (Collect on allocation) 34.87M->26.37M 1.289ms
[244.115s] GC(5300) Pause Incremental GC (Collect on allocation) 34.37M->26.37M 1.413ms
[244.149s] GC(5301) Pause Incremental GC (Collect on allocation) 33.87M->26.37M 1.429ms
[244.191s] GC(5302) Pause Incremental GC (Collect on allocation) 34.87M->26.37M 1.440ms
[244.232s] GC(5303) Pause Incremental GC (Collect on allocation) 35.87M->26.37M 1.424ms
[244.282s] GC(5304) Pause Incremental GC (Collect on allocation) 36.87M->26.37M 1.446ms
[244.328s] GC(5305) Pause Incremental GC (Collect on allocation) 36.37M->26.37M 1.472ms
[244.368s] GC(5306) Pause Incremental GC (Collect on allocation) 35.87M->26.87M 1.504ms
[244.409s] GC(5307) Pause Incremental GC (Collect on allocation) 35.87M->26.87M 1.421ms
[244.449s] GC(5308) Pause Incremental GC (Collect on allocation) 35.37M->26.87M 1.371ms
[244.486s] GC(5309) Pause Incremental GC (Collect on allocation) 34.87M->26.87M 1.324ms
[244.528s] GC(5310) Pause Incremental GC (Collect on allocation) 35.87M->26.87M 1.443ms
[244.572s] GC(5311) Pause Incremental GC (Collect on allocation) 36.87M->26.87M 1.354ms
[244.617s] GC(5312) Pause Incremental GC (Collect on allocation) 36.37M->26.87M 1.363ms
[244.659s] GC(5313) Pause Incremental GC (Collect on allocation) 35.87M->26.87M 1.360ms
[244.697s] GC(5314) Pause Incremental GC (Collect on allocation) 35.37M->26.87M 1.289ms
[244.732s] GC(5315) Pause Incremental GC (Collect on allocation) 34.87M->26.87M 1.464ms
[244.773s] GC(5316) Pause Incremental GC (Collect on allocation) 35.87M->26.87M 1.371ms
[244.820s] GC(5317) Pause Incremental GC (Collect on allocation) 36.87M->26.87M 1.266ms
[244.881s] GC(5318) Pause Full GC (Collect on allocation) 36.37M->26.37M 18.472ms
[244.900s] GC(5319) Pause Incremental GC (Collect on allocation) 34.87M->26.37M 1.673ms
[244.944s] GC(5320) Pause Incremental GC (Collect on allocation) 35.87M->26.37M 1.270ms
[244.986s] GC(5321) Pause Incremental GC (Collect on allocation) 35.37M->26.37M 1.266ms
[245.024s] GC(5322) Pause Incremental GC (Collect on allocation) 34.87M->26.37M 1.447ms
[245.060s] GC(5323) Pause Incremental GC (Collect on allocation) 34.37M->26.37M 1.321ms
[245.102s] GC(5324) Pause Incremental GC (Collect on allocation) 35.37M->26.37M 1.349ms
[245.141s] GC(5325) Pause Incremental GC (Collect on allocation) 34.87M->26.37M 1.437ms
[245.178s] GC(5326) Pause Incremental GC (Collect on allocation) 34.37M->26.37M 1.350ms
[245.220s] GC(5327) Pause Incremental GC (Collect on allocation) 35.37M->26.37M 1.316ms
[245.258s] GC(5328) Pause Incremental GC (Collect on allocation) 34.87M->26.37M 1.394ms
[245.295s] GC(5329) Pause Incremental GC (Collect on allocation) 34.37M->26.37M 1.320ms
[245.336s] GC(5330) Pause Incremental GC (Collect on allocation) 35.37M->26.37M 1.336ms
[245.371s] GC(5331) Pause Incremental GC (Collect on allocation) 34.87M->26.37M 1.407ms
[245.415s] GC(5332) Pause Incremental GC (Collect on allocation) 35.87M->26.87M 1.381ms
[245.458s] GC(5333) Pause Incremental GC (Collect on allocation) 35.87M->26.87M 1.337ms
[245.497s] GC(5334) Pause Incremental GC (Collect on allocation) 35.37M->26.87M 1.315ms
[245.532s] GC(5335) Pause Incremental GC (Collect on allocation) 34.87M->26.87M 1.350ms
[245.567s] GC(5336) Pause Incremental GC (Collect on allocation) 34.37M->26.87M 1.341ms
[245.605s] GC(5337) Pause Incremental GC (Collect on allocation) 35.37M->26.87M 1.319ms
[245.649s] GC(5338) Pause Incremental GC (Collect on allocation) 36.37M->26.87M 1.443ms
[245.698s] GC(5339) Pause Incremental GC (Collect on allocation) 37.37M->26.87M 1.300ms
[245.745s] GC(5340) Pause Incremental GC (Collect on allocation) 36.87M->26.87M 1.247ms
[245.789s] GC(5341) Pause Incremental GC (Collect on allocation) 36.37M->26.87M 1.285ms
[245.828s] GC(5342) Pause Incremental GC (Collect on allocation) 35.87M->26.87M 1.443ms
[245.868s] GC(5343) Pause Incremental GC (Collect on allocation) 35.37M->26.87M 1.269ms
[245.904s] GC(5344) Pause Incremental GC (Collect on allocation) 34.87M->26.87M 1.268ms
[245.938s] GC(5345) Pause Incremental GC (Collect on allocation) 34.37M->26.87M 1.278ms
[245.969s] GC(5346) Pause Incremental GC (Collect on allocation) 33.87M->26.87M 1.313ms
[246.024s] GC(5347) Pause Full GC (Collect on allocation) 34.87M->26.37M 20.444ms
[246.050s] GC(5348) Pause Incremental GC (Collect on allocation) 36.37M->26.37M 1.934ms
[246.099s] GC(5349) Pause Incremental GC (Collect on allocation) 37.37M->26.37M 1.351ms
[246.158s] GC(5350) Pause Incremental GC (Collect on allocation) 38.87M->26.37M 1.511ms
[246.212s] GC(5351) Pause Incremental GC (Collect on allocation) 38.37M->26.37M 1.341ms
[246.266s] GC(5352) Pause Incremental GC (Collect on allocation) 37.87M->26.37M 1.335ms
[246.318s] GC(5353) Pause Incremental GC (Collect on allocation) 37.37M->26.37M 1.378ms
[246.366s] GC(5354) Pause Incremental GC (Collect on allocation) 36.87M->26.37M 1.518ms
[246.411s] GC(5355) Pause Incremental GC (Collect on allocation) 36.37M->26.37M 1.570ms
[246.455s] GC(5356) Pause Incremental GC (Collect on allocation) 35.87M->26.37M 1.360ms
[246.497s] GC(5357) Pause Incremental GC (Collect on allocation) 35.37M->26.37M 1.415ms
[246.532s] GC(5358) Pause Incremental GC (Collect on allocation) 34.87M->26.37M 1.364ms
[246.569s] GC(5359) Pause Incremental GC (Collect on allocation) 34.37M->26.37M 1.431ms
[246.603s] GC(5360) Pause Incremental GC (Collect on allocation) 33.87M->26.87M 1.371ms
[246.641s] GC(5361) Pause Incremental GC (Collect on allocation) 35.37M->26.87M 1.876ms
[246.684s] GC(5362) Pause Incremental GC (Collect on allocation) 36.37M->26.87M 1.436ms
[246.733s] GC(5363) Pause Incremental GC (Collect on allocation) 37.37M->26.87M 1.434ms
[246.789s] GC(5364) Pause Incremental GC (Collect on allocation) 38.87M->26.87M 1.425ms
[246.844s] GC(5365) Pause Incremental GC (Collect on allocation) 38.37M->26.87M 1.487ms
[246.895s] GC(5366) Pause Incremental GC (Collect on allocation) 37.87M->26.87M 1.397ms
[246.942s] GC(5367) Pause Incremental GC (Collect on allocation) 37.37M->26.87M 1.423ms
[246.989s] GC(5368) Pause Incremental GC (Collect on allocation) 36.87M->26.87M 1.382ms
[247.032s] GC(5369) Pause Incremental GC (Collect on allocation) 36.37M->26.87M 1.369ms
[247.074s] GC(5370) Pause Incremental GC (Collect on allocation) 35.87M->26.87M 1.518ms
[247.113s] GC(5371) Pause Incremental GC (Collect on allocation) 35.37M->26.87M 1.299ms
[247.150s] GC(5372) Pause Incremental GC (Collect on allocation) 34.87M->26.87M 1.306ms
[247.184s] GC(5373) Pause Incremental GC (Collect on allocation) 34.37M->26.87M 1.343ms
[247.215s] GC(5374) Pause Incremental GC (Collect on allocation) 33.87M->26.87M 1.342ms
[247.270s] GC(5375) Pause Full GC (Collect on allocation) 34.87M->26.37M 19.347ms
[247.295s] GC(5376) Pause Incremental GC (Collect on allocation) 36.37M->26.37M 1.826ms
[247.344s] GC(5377) Pause Incremental GC (Collect on allocation) 37.37M->26.37M 1.471ms
[247.402s] GC(5378) Pause Incremental GC (Collect on allocation) 38.87M->26.37M 1.390ms
[247.458s] GC(5379) Pause Incremental GC (Collect on allocation) 38.37M->26.37M 1.844ms
[247.512s] GC(5380) Pause Incremental GC (Collect on allocation) 37.87M->26.37M 1.763ms
[247.562s] GC(5381) Pause Incremental GC (Collect on allocation) 37.37M->26.37M 1.591ms
[247.612s] GC(5382) Pause Incremental GC (Collect on allocation) 36.87M->26.37M 1.536ms
[247.658s] GC(5383) Pause Incremental GC (Collect on allocation) 36.37M->26.37M 1.494ms
[247.702s] GC(5384) Pause Incremental GC (Collect on allocation) 35.87M->26.37M 1.424ms
[247.744s] GC(5385) Pause Incremental GC (Collect on allocation) 35.37M->26.37M 1.430ms
[247.783s] GC(5386) Pause Incremental GC (Collect on allocation) 34.87M->26.37M 1.411ms
[247.820s] GC(5387) Pause Incremental GC (Collect on allocation) 34.37M->26.37M 1.317ms
[247.854s] GC(5388) Pause Incremental GC (Collect on allocation) 33.87M->26.87M 1.352ms
[247.884s] GC(5389) Pause Incremental GC (Collect on allocation) 33.87M->26.87M 1.374ms
[247.921s] GC(5390) Pause Incremental GC (Collect on allocation) 34.87M->26.87M 1.376ms
[247.961s] GC(5391) Pause Incremental GC (Collect on allocation) 35.87M->26.87M 1.391ms
[248.008s] GC(5392) Pause Incremental GC (Collect on allocation) 36.87M->26.87M 1.406ms
[248.060s] GC(5393) Pause Incremental GC (Collect on allocation) 37.87M->26.87M 1.925ms
[248.117s] GC(5394) Pause Incremental GC (Collect on allocation) 39.37M->26.87M 1.422ms
[248.173s] GC(5395) Pause Incremental GC (Collect on allocation) 38.87M->26.87M 1.418ms
[248.227s] GC(5396) Pause Incremental GC (Collect on allocation) 38.37M->26.87M 1.445ms
[248.279s] GC(5397) Pause Incremental GC (Collect on allocation) 37.87M->26.87M 1.494ms
[248.324s] GC(5398) Pause Incremental GC (Collect on allocation) 37.37M->26.87M 2.132ms
[248.393s] GC(5399) Pause Full GC (Collect on allocation) 36.87M->26.37M 25.802ms
[248.422s] GC(5400) Pause Incremental GC (Collect on allocation) 38.87M->26.37M 2.178ms
[248.476s] GC(5401) Pause Incremental GC (Collect on allocation) 38.37M->26.37M 1.540ms
[248.529s] GC(5402) Pause Incremental GC (Collect on allocation) 37.87M->26.37M 1.892ms
[248.579s] GC(5403) Pause Incremental GC (Collect on allocation) 37.37M->26.37M 1.343ms
[248.627s] GC(5404) Pause Incremental GC (Collect on allocation) 36.87M->26.37M 1.369ms
[248.673s] GC(5405) Pause Incremental GC (Collect on allocation) 36.37M->26.37M 1.404ms
[248.718s] GC(5406) Pause Incremental GC (Collect on allocation) 35.87M->26.87M 1.402ms
[248.760s] GC(5407) Pause Incremental GC (Collect on allocation) 35.87M->26.87M 1.373ms
[248.798s] GC(5408) Pause Incremental GC (Collect on allocation) 35.37M->26.87M 1.380ms
[248.835s] GC(5409) Pause Incremental GC (Collect on allocation) 34.87M->26.87M 1.321ms
[248.870s] GC(5410) Pause Incremental GC (Collect on allocation) 34.37M->26.87M 1.294ms
[248.910s] GC(5411) Pause Incremental GC (Collect on allocation) 35.37M->26.87M 1.466ms
[248.952s] GC(5412) Pause Incremental GC (Collect on allocation) 36.37M->26.87M 1.408ms
[248.993s] GC(5413) Pause Incremental GC (Collect on allocation) 35.87M->26.87M 1.360ms
[249.028s] GC(5414) Pause Incremental GC (Collect on allocation) 35.37M->26.87M 1.336ms
[249.073s] GC(5415) Pause Incremental GC (Collect on allocation) 36.37M->26.87M 1.403ms
[249.112s] GC(5416) Pause Incremental GC (Collect on allocation) 35.87M->26.87M 1.305ms
[249.158s] GC(5417) Pause Incremental GC (Collect on allocation) 36.87M->26.87M 1.356ms
[249.202s] GC(5418) Pause Incremental GC (Collect on allocation) 36.37M->26.87M 1.357ms
[249.245s] GC(5419) Pause Incremental GC (Collect on allocation) 35.87M->26.87M 1.343ms
[249.283s] GC(5420) Pause Incremental GC (Collect on allocation) 35.37M->26.87M 1.405ms
[249.318s] GC(5421) Pause Incremental GC (Collect on allocation) 34.87M->27.37M 1.538ms
[249.359s] GC(5422) Pause Incremental GC (Collect on allocation) 36.37M->27.37M 1.670ms
[249.402s] GC(5423) Pause Incremental GC (Collect on allocation) 37.37M->27.87M 1.591ms
[249.451s] GC(5424) Pause Incremental GC (Collect on allocation) 38.87M->28.37M 1.581ms
[249.526s] GC(5425) Pause Full GC (Collect on allocation) 40.87M->24.37M 22.616ms
[249.552s] GC(5426) Pause Incremental GC (Collect on allocation) 35.87M->25.37M 2.400ms
[249.599s] GC(5427) Pause Incremental GC (Collect on allocation) 36.37M->25.87M 1.689ms
[249.641s] GC(5428) Pause Incremental GC (Collect on allocation) 36.37M->26.37M 1.731ms
[249.686s] GC(5429) Pause Incremental GC (Collect on allocation) 36.37M->26.37M 1.473ms
[249.729s] GC(5430) Pause Incremental GC (Collect on allocation) 35.87M->26.37M 1.333ms
[249.770s] GC(5431) Pause Incremental GC (Collect on allocation) 35.37M->26.87M 1.364ms
[249.811s] GC(5432) Pause Incremental GC (Collect on allocation) 35.37M->26.87M 1.413ms
[249.845s] GC(5433) Pause Incremental GC (Collect on allocation) 34.87M->26.87M 1.409ms
[249.879s] GC(5434) Pause Incremental GC (Collect on allocation) 34.37M->26.87M 1.381ms
[249.912s] GC(5435) Pause Incremental GC (Collect on allocation) 33.87M->26.87M 1.350ms
[249.940s] GC(5436) Pause Incremental GC (Collect on allocation) 33.37M->26.87M 1.322ms
[249.967s] GC(5437) Pause Incremental GC (Collect on allocation) 32.87M->26.87M 1.266ms
[249.999s] GC(5438) Pause Incremental GC (Collect on allocation) 33.87M->26.87M 1.279ms
[250.028s] GC(5439) Pause Incremental GC (Collect on allocation) 33.37M->26.87M 1.350ms
[250.062s] GC(5440) Pause Incremental GC (Collect on allocation) 34.37M->26.87M 1.315ms
[250.101s] GC(5441) Pause Incremental GC (Collect on allocation) 35.37M->26.87M 1.307ms
[250.139s] GC(5442) Pause Incremental GC (Collect on allocation) 34.87M->26.87M 1.382ms
[250.179s] GC(5443) Pause Incremental GC (Collect on allocation) 35.87M->27.37M 1.486ms
[250.217s] GC(5444) Pause Incremental GC (Collect on allocation) 35.87M->27.37M 1.446ms
[250.253s] GC(5445) Pause Incremental GC (Collect on allocation) 35.37M->27.37M 1.355ms
[250.294s] GC(5446) Pause Incremental GC (Collect on allocation) 36.37M->27.37M 1.808ms
[250.333s] GC(5447) Pause Incremental GC (Collect on allocation) 35.87M->27.37M 1.571ms
[250.370s] GC(5448) Pause Incremental GC (Collect on allocation) 35.37M->27.37M 1.369ms
[250.404s] GC(5449) Pause Incremental GC (Collect on allocation) 34.87M->27.37M 1.334ms
[250.434s] GC(5450) Pause Incremental GC (Collect on allocation) 34.37M->27.37M 1.355ms
[250.470s] GC(5451) Pause Incremental GC (Collect on allocation) 35.37M->27.37M 1.369ms
[250.509s] GC(5452) Pause Incremental GC (Collect on allocation) 36.37M->27.37M 1.354ms
[250.549s] GC(5453) Pause Incremental GC (Collect on allocation) 35.87M->27.37M 1.669ms
[250.586s] GC(5454) Pause Incremental GC (Collect on allocation) 35.37M->27.37M 1.369ms
[250.645s] GC(5455) Pause Full GC (Collect on allocation) 36.37M->26.37M 19.387ms
[250.667s] GC(5456) Pause Incremental GC (Collect on allocation) 35.87M->26.37M 1.771ms
[250.708s] GC(5457) Pause Incremental GC (Collect on allocation) 35.37M->26.37M 1.257ms
[250.748s] GC(5458) Pause Incremental GC (Collect on allocation) 34.87M->26.37M 1.257ms
[250.782s] GC(5459) Pause Incremental GC (Collect on allocation) 34.37M->26.37M 1.368ms
[250.821s] GC(5460) Pause Incremental GC (Collect on allocation) 35.37M->26.37M 1.306ms
[250.866s] GC(5461) Pause Incremental GC (Collect on allocation) 36.37M->26.37M 1.304ms
[250.918s] GC(5462) Pause Incremental GC (Collect on allocation) 37.37M->26.37M 1.367ms
[250.966s] GC(5463) Pause Incremental GC (Collect on allocation) 36.87M->26.37M 1.374ms
[251.012s] GC(5464) Pause Incremental GC (Collect on allocation) 36.37M->26.37M 1.375ms
[251.056s] GC(5465) Pause Incremental GC (Collect on allocation) 35.87M->26.37M 1.322ms
[251.096s] GC(5466) Pause Incremental GC (Collect on allocation) 35.37M->26.37M 1.315ms
[251.133s] GC(5467) Pause Incremental GC (Collect on allocation) 34.87M->26.37M 1.283ms
[251.169s] GC(5468) Pause Incremental GC (Collect on allocation) 34.37M->26.37M 1.331ms
[251.204s] GC(5469) Pause Incremental GC (Collect on allocation) 33.87M->26.37M 1.227ms
[251.242s] GC(5470) Pause Incremental GC (Collect on allocation) 34.87M->26.37M 1.259ms
[251.286s] GC(5471) Pause Incremental GC (Collect on allocation) 35.87M->26.37M 1.314ms
[251.327s] GC(5472) Pause Incremental GC (Collect on allocation) 35.37M->26.87M 1.626ms
[251.371s] GC(5473) Pause Incremental GC (Collect on allocation) 36.87M->26.87M 1.374ms
[251.422s] GC(5474) Pause Incremental GC (Collect on allocation) 37.87M->26.87M 1.370ms
[251.472s] GC(5475) Pause Incremental GC (Collect on allocation) 37.37M->26.87M 1.271ms
[251.517s] GC(5476) Pause Incremental GC (Collect on allocation) 36.87M->26.87M 1.540ms
[251.560s] GC(5477) Pause Incremental GC (Collect on allocation) 36.37M->26.87M 1.403ms
[251.600s] GC(5478) Pause Incremental GC (Collect on allocation) 35.87M->26.87M 1.473ms
[251.640s] GC(5479) Pause Incremental GC (Collect on allocation) 35.37M->26.87M 1.464ms
[251.683s] GC(5480) Pause Incremental GC (Collect on allocation) 36.37M->26.87M 1.441ms
[251.724s] GC(5481) Pause Incremental GC (Collect on allocation) 35.87M->26.87M 1.423ms
[251.771s] GC(5482) Pause Incremental GC (Collect on allocation) 36.87M->26.87M 1.402ms
[251.814s] GC(5483) Pause Incremental GC (Collect on allocation) 36.37M->26.87M 1.319ms
[251.854s] GC(5484) Pause Incremental GC (Collect on allocation) 35.87M->26.87M 1.363ms
[251.894s] GC(5485) Pause Incremental GC (Collect on allocation) 35.37M->26.87M 1.256ms
[251.931s] GC(5486) Pause Incremental GC (Collect on allocation) 34.87M->26.87M 1.249ms
[251.982s] GC(5487) Pause Full GC (Collect on allocation) 34.37M->25.87M 20.199ms
[252.005s] GC(5488) Pause Incremental GC (Collect on allocation) 35.37M->26.37M 1.786ms
[252.054s] GC(5489) Pause Incremental GC (Collect on allocation) 36.87M->26.37M 1.439ms
[252.106s] GC(5490) Pause Incremental GC (Collect on allocation) 38.37M->26.37M 1.440ms
[252.159s] GC(5491) Pause Incremental GC (Collect on allocation) 37.87M->26.37M 1.387ms
[252.210s] GC(5492) Pause Incremental GC (Collect on allocation) 37.37M->26.37M 1.356ms
[252.259s] GC(5493) Pause Incremental GC (Collect on allocation) 36.87M->26.37M 1.335ms
[252.306s] GC(5494) Pause Incremental GC (Collect on allocation) 36.37M->26.37M 1.393ms
[252.346s] GC(5495) Pause Incremental GC (Collect on allocation) 35.87M->26.37M 1.379ms
[252.389s] GC(5496) Pause Incremental GC (Collect on allocation) 35.37M->26.37M 1.382ms
[252.425s] GC(5497) Pause Incremental GC (Collect on allocation) 34.87M->26.37M 1.607ms
[252.462s] GC(5498) Pause Incremental GC (Collect on allocation) 34.37M->26.37M 1.304ms
[252.502s] GC(5499) Pause Incremental GC (Collect on allocation) 35.37M->26.37M 1.348ms
[252.538s] GC(5500) Pause Incremental GC (Collect on allocation) 34.87M->26.37M 1.266ms
[252.582s] GC(5501) Pause Incremental GC (Collect on allocation) 35.87M->26.87M 1.393ms
[252.621s] GC(5502) Pause Incremental GC (Collect on allocation) 35.87M->26.87M 1.294ms
[252.660s] GC(5503) Pause Incremental GC (Collect on allocation) 35.37M->26.87M 1.328ms
[252.696s] GC(5504) Pause Incremental GC (Collect on allocation) 34.87M->26.87M 1.289ms
[252.731s] GC(5505) Pause Incremental GC (Collect on allocation) 34.37M->26.87M 1.326ms
[252.769s] GC(5506) Pause Incremental GC (Collect on allocation) 35.37M->26.87M 1.354ms
[252.813s] GC(5507) Pause Incremental GC (Collect on allocation) 36.37M->26.87M 1.290ms
[252.854s] GC(5508) Pause Incremental GC (Collect on allocation) 35.87M->26.87M 1.258ms
[252.894s] GC(5509) Pause Incremental GC (Collect on allocation) 35.37M->26.87M 1.389ms
[252.930s] GC(5510) Pause Incremental GC (Collect on allocation) 34.87M->26.87M 1.361ms
[252.964s] GC(5511) Pause Incremental GC (Collect on allocation) 34.37M->26.87M 1.245ms
[253.003s] GC(5512) Pause Incremental GC (Collect on allocation) 35.37M->26.87M 1.282ms
[253.046s] GC(5513) Pause Incremental GC (Collect on allocation) 36.37M->26.87M 1.377ms
[253.088s] GC(5514) Pause Incremental GC (Collect on allocation) 35.87M->26.87M 1.310ms
[253.127s] GC(5515) Pause Incremental GC (Collect on allocation) 35.37M->26.87M 1.492ms
[253.171s] GC(5516) Pause Incremental GC (Collect on allocation) 36.37M->26.87M 1.269ms
[253.212s] GC(5517) Pause Incremental GC (Collect on allocation) 35.87M->26.87M 1.460ms
[253.268s] GC(5518) Pause Full GC (Collect on allocation) 35.37M->26.37M 19.785ms
[253.297s] GC(5519) Pause Incremental GC (Collect on allocation) 36.87M->26.37M 1.760ms
[253.353s] GC(5520) Pause Incremental GC (Collect on allocation) 38.37M->26.37M 1.575ms
[253.407s] GC(5521) Pause Incremental GC (Collect on allocation) 37.87M->26.37M 1.351ms
[253.458s] GC(5522) Pause Incremental GC (Collect on allocation) 37.37M->26.37M 1.331ms
[253.507s] GC(5523) Pause Incremental GC (Collect on allocation) 36.87M->26.37M 1.301ms
[253.555s] GC(5524) Pause Incremental GC (Collect on allocation) 36.37M->26.37M 1.314ms
[253.599s] GC(5525) Pause Incremental GC (Collect on allocation) 35.87M->26.37M 1.392ms
[253.638s] GC(5526) Pause Incremental GC (Collect on allocation) 35.37M->26.37M 1.429ms
[253.677s] GC(5527) Pause Incremental GC (Collect on allocation) 34.87M->26.37M 1.435ms
[253.713s] GC(5528) Pause Incremental GC (Collect on allocation) 34.37M->26.37M 1.494ms
[253.748s] GC(5529) Pause Incremental GC (Collect on allocation) 33.87M->26.37M 1.297ms
[253.785s] GC(5530) Pause Incremental GC (Collect on allocation) 34.87M->26.87M 1.526ms
[253.828s] GC(5531) Pause Incremental GC (Collect on allocation) 36.37M->26.87M 1.377ms
[253.875s] GC(5532) Pause Incremental GC (Collect on allocation) 37.37M->26.87M 1.325ms
[253.923s] GC(5533) Pause Incremental GC (Collect on allocation) 36.87M->26.87M 1.354ms
[253.966s] GC(5534) Pause Incremental GC (Collect on allocation) 36.37M->26.87M 1.414ms
[254.007s] GC(5535) Pause Incremental GC (Collect on allocation) 35.87M->26.87M 1.265ms
[254.047s] GC(5536) Pause Incremental GC (Collect on allocation) 35.37M->26.87M 1.240ms
[254.083s] GC(5537) Pause Incremental GC (Collect on allocation) 34.87M->26.87M 1.469ms
[254.118s] GC(5538) Pause Incremental GC (Collect on allocation) 34.37M->26.87M 1.349ms
[254.150s] GC(5539) Pause Incremental GC (Collect on allocation) 33.87M->26.87M 1.363ms
[254.186s] GC(5540) Pause Incremental GC (Collect on allocation) 34.87M->26.87M 1.314ms
[254.224s] GC(5541) Pause Incremental GC (Collect on allocation) 35.87M->26.87M 1.339ms
[254.271s] GC(5542) Pause Incremental GC (Collect on allocation) 36.87M->26.87M 1.245ms
[254.315s] GC(5543) Pause Incremental GC (Collect on allocation) 36.37M->26.87M 1.349ms
[254.357s] GC(5544) Pause Incremental GC (Collect on allocation) 35.87M->26.87M 1.453ms
[254.394s] GC(5545) Pause Incremental GC (Collect on allocation) 35.37M->27.37M 1.439ms
[254.430s] GC(5546) Pause Incremental GC (Collect on allocation) 35.37M->27.37M 1.290ms
[254.464s] GC(5547) Pause Incremental GC (Collect on allocation) 34.87M->27.37M 1.271ms
[254.503s] GC(5548) Pause Incremental GC (Collect on allocation) 35.87M->27.37M 1.335ms
[254.566s] GC(5549) Pause Full GC (Collect on allocation) 36.87M->26.37M 20.454ms
[254.589s] GC(5550) Pause Incremental GC (Collect on allocation) 36.37M->26.37M 1.887ms
[254.633s] GC(5551) Pause Incremental GC (Collect on allocation) 35.87M->26.37M 1.445ms
[254.680s] GC(5552) Pause Incremental GC (Collect on allocation) 36.87M->26.37M 1.613ms
[254.726s] GC(5553) Pause Incremental GC (Collect on allocation) 36.37M->26.37M 1.463ms
[254.769s] GC(5554) Pause Incremental GC (Collect on allocation) 35.87M->26.37M 1.689ms
[254.810s] GC(5555) Pause Incremental GC (Collect on allocation) 35.37M->26.37M 1.316ms
[254.849s] GC(5556) Pause Incremental GC (Collect on allocation) 34.87M->26.37M 1.379ms
[254.886s] GC(5557) Pause Incremental GC (Collect on allocation) 34.37M->26.37M 1.299ms
[254.920s] GC(5558) Pause Incremental GC (Collect on allocation) 33.87M->26.37M 1.266ms
[254.952s] GC(5559) Pause Incremental GC (Collect on allocation) 33.37M->26.37M 1.258ms
[254.988s] GC(5560) Pause Incremental GC (Collect on allocation) 34.37M->26.37M 1.310ms
[255.023s] GC(5561) Pause Incremental GC (Collect on allocation) 33.87M->26.37M 1.311ms
[255.061s] GC(5562) Pause Incremental GC (Collect on allocation) 34.87M->26.87M 1.455ms
[255.096s] GC(5563) Pause Incremental GC (Collect on allocation) 34.87M->26.87M 1.326ms
[255.131s] GC(5564) Pause Incremental GC (Collect on allocation) 34.37M->26.87M 1.300ms
[255.163s] GC(5565) Pause Incremental GC (Collect on allocation) 33.87M->26.87M 1.333ms
[255.198s] GC(5566) Pause Incremental GC (Collect on allocation) 34.87M->26.87M 1.303ms
[255.240s] GC(5567) Pause Incremental GC (Collect on allocation) 35.87M->26.87M 1.274ms
[255.286s] GC(5568) Pause Incremental GC (Collect on allocation) 36.87M->26.87M 1.308ms
[255.328s] GC(5569) Pause Incremental GC (Collect on allocation) 36.37M->26.87M 1.309ms
[255.371s] GC(5570) Pause Incremental GC (Collect on allocation) 35.87M->26.87M 1.259ms
[255.409s] GC(5571) Pause Incremental GC (Collect on allocation) 35.37M->26.87M 1.356ms
[255.445s] GC(5572) Pause Incremental GC (Collect on allocation) 34.87M->26.87M 1.299ms
[255.478s] GC(5573) Pause Incremental GC (Collect on allocation) 34.37M->26.87M 1.347ms
[255.516s] GC(5574) Pause Incremental GC (Collect on allocation) 35.37M->26.87M 1.427ms
[255.559s] GC(5575) Pause Incremental GC (Collect on allocation) 36.37M->26.87M 1.342ms
[255.600s] GC(5576) Pause Incremental GC (Collect on allocation) 35.87M->26.87M 1.384ms
[255.641s] GC(5577) Pause Incremental GC (Collect on allocation) 35.37M->26.87M 1.595ms
[255.701s] GC(5578) Pause Full GC (Collect on allocation) 36.37M->26.37M 18.691ms
[255.721s] GC(5579) Pause Incremental GC (Collect on allocation) 34.87M->26.37M 1.621ms
[255.765s] GC(5580) Pause Incremental GC (Collect on allocation) 35.87M->26.37M 1.283ms
[255.805s] GC(5581) Pause Incremental GC (Collect on allocation) 35.37M->26.37M 1.454ms
[255.845s] GC(5582) Pause Incremental GC (Collect on allocation) 34.87M->26.37M 1.342ms
[255.881s] GC(5583) Pause Incremental GC (Collect on allocation) 34.37M->26.37M 1.324ms
[255.922s] GC(5584) Pause Incremental GC (Collect on allocation) 35.37M->26.37M 1.272ms
[255.961s] GC(5585) Pause Incremental GC (Collect on allocation) 34.87M->26.37M 1.276ms
[255.997s] GC(5586) Pause Incremental GC (Collect on allocation) 34.37M->26.37M 1.304ms
[256.032s] GC(5587) Pause Incremental GC (Collect on allocation) 33.87M->26.37M 1.348ms
[256.064s] GC(5588) Pause Incremental GC (Collect on allocation) 33.37M->26.37M 1.375ms
[256.101s] GC(5589) Pause Incremental GC (Collect on allocation) 34.37M->26.87M 1.336ms
[256.142s] GC(5590) Pause Incremental GC (Collect on allocation) 35.87M->26.87M 1.420ms
[256.188s] GC(5591) Pause Incremental GC (Collect on allocation) 36.87M->26.87M 1.274ms
[256.230s] GC(5592) Pause Incremental GC (Collect on allocation) 36.37M->26.87M 1.330ms
[256.273s] GC(5593) Pause Incremental GC (Collect on allocation) 35.87M->26.87M 1.257ms
[256.312s] GC(5594) Pause Incremental GC (Collect on allocation) 35.37M->26.87M 1.308ms
[256.347s] GC(5595) Pause Incremental GC (Collect on allocation) 34.87M->26.87M 1.437ms
[256.381s] GC(5596) Pause Incremental GC (Collect on allocation) 34.37M->26.87M 1.332ms
[256.420s] GC(5597) Pause Incremental GC (Collect on allocation) 35.37M->26.87M 1.311ms
[256.464s] GC(5598) Pause Incremental GC (Collect on allocation) 36.37M->26.87M 1.301ms
[256.506s] GC(5599) Pause Incremental GC (Collect on allocation) 35.87M->26.87M 1.380ms
[256.545s] GC(5600) Pause Incremental GC (Collect on allocation) 35.37M->26.87M 1.360ms
[256.581s] GC(5601) Pause Incremental GC (Collect on allocation) 34.87M->26.87M 1.329ms
[256.615s] GC(5602) Pause Incremental GC (Collect on allocation) 34.37M->27.37M 1.390ms
[256.654s] GC(5603) Pause Incremental GC (Collect on allocation) 35.87M->27.37M 1.304ms
[256.696s] GC(5604) Pause Incremental GC (Collect on allocation) 36.87M->27.37M 1.333ms
[256.738s] GC(5605) Pause Incremental GC (Collect on allocation) 36.37M->27.37M 1.354ms
[256.777s] GC(5606) Pause Incremental GC (Collect on allocation) 35.87M->27.37M 1.340ms
[256.813s] GC(5607) Pause Incremental GC (Collect on allocation) 35.37M->27.37M 1.362ms
[256.848s] GC(5608) Pause Incremental GC (Collect on allocation) 34.87M->27.37M 1.285ms
[256.901s] GC(5609) Pause Full GC (Collect on allocation) 34.37M->26.37M 23.293ms
[256.917s] GC(5610) Pause Incremental GC (Collect on allocation) 35.37M->26.37M 1.797ms
[256.964s] GC(5611) Pause Incremental GC (Collect on allocation) 36.37M->26.37M 1.398ms
[257.015s] GC(5612) Pause Incremental GC (Collect on allocation) 37.37M->26.37M 1.301ms
[257.075s] GC(5613) Pause Incremental GC (Collect on allocation) 38.87M->26.37M 1.426ms
[257.130s] GC(5614) Pause Incremental GC (Collect on allocation) 38.37M->26.37M 1.754ms
[257.184s] GC(5615) Pause Incremental GC (Collect on allocation) 37.87M->26.37M 1.533ms
[257.234s] GC(5616) Pause Incremental GC (Collect on allocation) 37.37M->26.37M 1.373ms
[257.283s] GC(5617) Pause Incremental GC (Collect on allocation) 36.87M->26.37M 1.490ms
[257.329s] GC(5618) Pause Incremental GC (Collect on allocation) 36.37M->26.37M 1.445ms
[257.374s] GC(5619) Pause Incremental GC (Collect on allocation) 35.87M->26.37M 1.376ms
[257.415s] GC(5620) Pause Incremental GC (Collect on allocation) 35.37M->26.37M 1.395ms
[257.455s] GC(5621) Pause Incremental GC (Collect on allocation) 34.87M->26.37M 1.320ms
[257.492s] GC(5622) Pause Incremental GC (Collect on allocation) 34.37M->26.87M 1.408ms
[257.524s] GC(5623) Pause Incremental GC (Collect on allocation) 34.37M->26.87M 1.312ms
[257.563s] GC(5624) Pause Incremental GC (Collect on allocation) 35.37M->26.87M 1.277ms
[257.606s] GC(5625) Pause Incremental GC (Collect on allocation) 36.37M->26.87M 1.352ms
[257.647s] GC(5626) Pause Incremental GC (Collect on allocation) 35.87M->26.87M 1.432ms
[257.687s] GC(5627) Pause Incremental GC (Collect on allocation) 35.37M->26.87M 1.352ms
[257.724s] GC(5628) Pause Incremental GC (Collect on allocation) 34.87M->26.87M 1.350ms
[257.759s] GC(5629) Pause Incremental GC (Collect on allocation) 34.37M->26.87M 1.238ms
[257.798s] GC(5630) Pause Incremental GC (Collect on allocation) 35.37M->26.87M 1.325ms
[257.832s] GC(5631) Pause Incremental GC (Collect on allocation) 34.87M->26.87M 1.273ms
[257.874s] GC(5632) Pause Incremental GC (Collect on allocation) 35.87M->26.87M 1.270ms
[257.913s] GC(5633) Pause Incremental GC (Collect on allocation) 35.37M->26.87M 1.483ms
[257.956s] GC(5634) Pause Incremental GC (Collect on allocation) 36.37M->26.87M 1.444ms
[258.003s] GC(5635) Pause Incremental GC (Collect on allocation) 37.37M->26.87M 1.633ms
[258.057s] GC(5636) Pause Incremental GC (Collect on allocation) 38.87M->26.87M 1.754ms
[258.128s] GC(5637) Pause Full GC (Collect on allocation) 38.37M->26.37M 19.790ms
[258.157s] GC(5638) Pause Incremental GC (Collect on allocation) 36.87M->26.37M 1.970ms
[258.202s] GC(5639) Pause Incremental GC (Collect on allocation) 36.37M->26.37M 1.469ms
[258.246s] GC(5640) Pause Incremental GC (Collect on allocation) 35.87M->26.37M 1.425ms
[258.288s] GC(5641) Pause Incremental GC (Collect on allocation) 35.37M->26.37M 1.271ms
[258.328s] GC(5642) Pause Incremental GC (Collect on allocation) 34.87M->26.37M 1.274ms
[258.361s] GC(5643) Pause Incremental GC (Collect on allocation) 34.37M->26.37M 1.373ms
[258.394s] GC(5644) Pause Incremental GC (Collect on allocation) 33.87M->26.37M 1.388ms
[258.433s] GC(5645) Pause Incremental GC (Collect on allocation) 34.87M->26.37M 1.348ms
[258.476s] GC(5646) Pause Incremental GC (Collect on allocation) 35.87M->26.37M 1.339ms
[258.525s] GC(5647) Pause Incremental GC (Collect on allocation) 36.87M->26.37M 1.340ms
[258.573s] GC(5648) Pause Incremental GC (Collect on allocation) 36.37M->26.37M 1.368ms
[258.617s] GC(5649) Pause Incremental GC (Collect on allocation) 35.87M->26.37M 1.544ms
[258.655s] GC(5650) Pause Incremental GC (Collect on allocation) 35.37M->26.37M 1.344ms
[258.694s] GC(5651) Pause Incremental GC (Collect on allocation) 34.87M->26.37M 1.630ms
[258.738s] GC(5652) Pause Incremental GC (Collect on allocation) 35.87M->26.87M 1.314ms
[258.779s] GC(5653) Pause Incremental GC (Collect on allocation) 35.87M->26.87M 1.270ms
[258.820s] GC(5654) Pause Incremental GC (Collect on allocation) 35.37M->26.87M 1.293ms
[258.856s] GC(5655) Pause Incremental GC (Collect on allocation) 34.87M->26.87M 1.312ms
[258.890s] GC(5656) Pause Incremental GC (Collect on allocation) 34.37M->26.87M 1.345ms
[258.921s] GC(5657) Pause Incremental GC (Collect on allocation) 33.87M->26.87M 1.349ms
[258.957s] GC(5658) Pause Incremental GC (Collect on allocation) 34.87M->26.87M 1.498ms
[258.999s] GC(5659) Pause Incremental GC (Collect on allocation) 35.87M->26.87M 1.298ms
[259.046s] GC(5660) Pause Incremental GC (Collect on allocation) 36.87M->26.87M 1.299ms
[259.090s] GC(5661) Pause Incremental GC (Collect on allocation) 36.37M->26.87M 1.616ms
[259.131s] GC(5662) Pause Incremental GC (Collect on allocation) 35.87M->26.87M 1.556ms
[259.176s] GC(5663) Pause Incremental GC (Collect on allocation) 36.87M->26.87M 1.481ms
[259.220s] GC(5664) Pause Incremental GC (Collect on allocation) 36.37M->26.87M 1.407ms
[259.279s] GC(5665) Pause Full GC (Collect on allocation) 35.87M->26.37M 19.745ms
[259.308s] GC(5666) Pause Incremental GC (Collect on allocation) 37.37M->26.37M 2.021ms
[259.354s] GC(5667) Pause Incremental GC (Collect on allocation) 36.87M->26.37M 1.452ms
[259.399s] GC(5668) Pause Incremental GC (Collect on allocation) 36.37M->26.37M 1.395ms
[259.441s] GC(5669) Pause Incremental GC (Collect on allocation) 35.87M->26.37M 1.358ms
[259.482s] GC(5670) Pause Incremental GC (Collect on allocation) 35.37M->26.37M 1.355ms
[259.520s] GC(5671) Pause Incremental GC (Collect on allocation) 34.87M->26.37M 1.492ms
[259.557s] GC(5672) Pause Incremental GC (Collect on allocation) 34.37M->26.37M 1.305ms
[259.597s] GC(5673) Pause Incremental GC (Collect on allocation) 35.37M->26.37M 1.502ms
[259.643s] GC(5674) Pause Incremental GC (Collect on allocation) 36.37M->26.37M 1.586ms
[259.686s] GC(5675) Pause Incremental GC (Collect on allocation) 35.87M->26.87M 1.474ms
[259.727s] GC(5676) Pause Incremental GC (Collect on allocation) 35.87M->26.87M 1.387ms
[259.774s] GC(5677) Pause Incremental GC (Collect on allocation) 36.87M->26.87M 1.319ms
[259.817s] GC(5678) Pause Incremental GC (Collect on allocation) 36.37M->26.87M 1.430ms
[259.859s] GC(5679) Pause Incremental GC (Collect on allocation) 35.87M->26.87M 1.441ms
[259.896s] GC(5680) Pause Incremental GC (Collect on allocation) 35.37M->26.87M 1.377ms
[259.933s] GC(5681) Pause Incremental GC (Collect on allocation) 34.87M->26.87M 1.395ms
[259.967s] GC(5682) Pause Incremental GC (Collect on allocation) 34.37M->26.87M 1.497ms
[260.007s] GC(5683) Pause Incremental GC (Collect on allocation) 35.37M->26.87M 1.216ms
[260.051s] GC(5684) Pause Incremental GC (Collect on allocation) 36.37M->26.87M 1.368ms
[260.092s] GC(5685) Pause Incremental GC (Collect on allocation) 35.87M->26.87M 1.378ms
[260.132s] GC(5686) Pause Incremental GC (Collect on allocation) 35.37M->26.87M 1.384ms
[260.169s] GC(5687) Pause Incremental GC (Collect on allocation) 34.87M->26.87M 1.412ms
[260.210s] GC(5688) Pause Incremental GC (Collect on allocation) 35.87M->26.87M 1.525ms
[260.257s] GC(5689) Pause Incremental GC (Collect on allocation) 36.87M->26.87M 1.512ms
[260.300s] GC(5690) Pause Incremental GC (Collect on allocation) 36.37M->27.37M 1.510ms
[260.341s] GC(5691) Pause Incremental GC (Collect on allocation) 36.37M->27.37M 1.528ms
[260.386s] GC(5692) Pause Incremental GC (Collect on allocation) 37.37M->27.37M 1.414ms
[260.429s] GC(5693) Pause Incremental GC (Collect on allocation) 36.87M->27.37M 1.285ms
[260.491s] GC(5694) Pause Full GC (Collect on allocation) 36.37M->26.37M 22.182ms
[260.518s] GC(5695) Pause Incremental GC (Collect on allocation) 37.37M->26.37M 2.150ms
[260.566s] GC(5696) Pause Incremental GC (Collect on allocation) 36.87M->26.37M 1.353ms
[260.612s] GC(5697) Pause Incremental GC (Collect on allocation) 36.37M->26.37M 1.443ms
[260.657s] GC(5698) Pause Incremental GC (Collect on allocation) 35.87M->26.37M 1.465ms
[260.698s] GC(5699) Pause Incremental GC (Collect on allocation) 35.37M->26.37M 1.382ms
[260.736s] GC(5700) Pause Incremental GC (Collect on allocation) 34.87M->26.37M 1.344ms
[260.772s] GC(5701) Pause Incremental GC (Collect on allocation) 34.37M->26.37M 1.339ms
[260.806s] GC(5702) Pause Incremental GC (Collect on allocation) 33.87M->26.37M 1.335ms
[260.844s] GC(5703) Pause Incremental GC (Collect on allocation) 34.87M->26.37M 1.664ms
[260.888s] GC(5704) Pause Incremental GC (Collect on allocation) 35.87M->26.37M 1.678ms
[260.934s] GC(5705) Pause Incremental GC (Collect on allocation) 36.87M->26.37M 1.297ms
[260.990s] GC(5706) Pause Incremental GC (Collect on allocation) 38.37M->26.37M 1.346ms
[261.044s] GC(5707) Pause Incremental GC (Collect on allocation) 37.87M->26.37M 1.297ms
[261.095s] GC(5708) Pause Incremental GC (Collect on allocation) 37.37M->26.37M 1.489ms
[261.145s] GC(5709) Pause Incremental GC (Collect on allocation) 36.87M->26.37M 1.432ms
[261.191s] GC(5710) Pause Incremental GC (Collect on allocation) 36.37M->26.87M 1.488ms
[261.234s] GC(5711) Pause Incremental GC (Collect on allocation) 36.37M->26.87M 1.979ms
[261.271s] GC(5712) Pause Incremental GC (Collect on allocation) 35.87M->26.87M 1.360ms
[261.318s] GC(5713) Pause Incremental GC (Collect on allocation) 36.87M->26.87M 1.287ms
[261.363s] GC(5714) Pause Incremental GC (Collect on allocation) 36.37M->26.87M 1.670ms
[261.402s] GC(5715) Pause Incremental GC (Collect on allocation) 35.87M->26.87M 1.439ms
[261.441s] GC(5716) Pause Incremental GC (Collect on allocation) 35.37M->26.87M 1.370ms
[261.486s] GC(5717) Pause Incremental GC (Collect on allocation) 36.37M->26.87M 1.444ms
[261.527s] GC(5718) Pause Incremental GC (Collect on allocation) 35.87M->26.87M 1.457ms
[261.567s] GC(5719) Pause Incremental GC (Collect on allocation) 35.37M->26.87M 1.508ms
[261.611s] GC(5720) Pause Incremental GC (Collect on allocation) 36.37M->26.87M 1.401ms
[261.652s] GC(5721) Pause Incremental GC (Collect on allocation) 35.87M->26.87M 1.315ms
[261.690s] GC(5722) Pause Incremental GC (Collect on allocation) 35.37M->27.37M 1.416ms
[261.727s] GC(5723) Pause Incremental GC (Collect on allocation) 35.37M->27.37M 1.398ms
[261.788s] GC(5724) Pause Full GC (Collect on allocation) 36.37M->26.37M 20.598ms
[261.810s] GC(5725) Pause Incremental GC (Collect on allocation) 35.87M->26.37M 1.937ms
[261.857s] GC(5726) Pause Incremental GC (Collect on allocation) 36.87M->26.37M 1.327ms
[261.913s] GC(5727) Pause Incremental GC (Collect on allocation) 38.37M->26.37M 1.382ms
[261.968s] GC(5728) Pause Incremental GC (Collect on allocation) 37.87M->26.37M 1.422ms
[262.020s] GC(5729) Pause Incremental GC (Collect on allocation) 37.37M->26.37M 1.554ms
[262.043s] GC(5730) Pause Incremental GC (Collect on allocation) 36.87M->26.37M 1.553ms
[262.087s] GC(5731) Pause Incremental GC (Collect on allocation) 36.37M->26.37M 1.401ms
[262.138s] GC(5732) Pause Incremental GC (Collect on allocation) 37.37M->26.37M 1.461ms
[262.195s] GC(5733) Pause Incremental GC (Collect on allocation) 38.87M->26.37M 1.441ms
[262.251s] GC(5734) Pause Incremental GC (Collect on allocation) 38.37M->26.87M 1.394ms
[262.305s] GC(5735) Pause Incremental GC (Collect on allocation) 38.37M->26.87M 1.513ms
[262.356s] GC(5736) Pause Incremental GC (Collect on allocation) 37.87M->26.87M 1.866ms
[262.404s] GC(5737) Pause Incremental GC (Collect on allocation) 37.37M->26.87M 1.552ms
[262.430s] GC(5738) Pause Incremental GC (Collect on allocation) 36.87M->26.87M 1.472ms
[262.482s] GC(5739) Pause Incremental GC (Collect on allocation) 37.87M->26.87M 1.599ms
[262.542s] GC(5740) Pause Incremental GC (Collect on allocation) 39.37M->26.87M 1.551ms
[262.598s] GC(5741) Pause Incremental GC (Collect on allocation) 38.87M->26.87M 1.352ms
[262.651s] GC(5742) Pause Incremental GC (Collect on allocation) 38.37M->26.87M 1.328ms
[262.703s] GC(5743) Pause Incremental GC (Collect on allocation) 37.87M->26.87M 1.531ms
[262.750s] GC(5744) Pause Incremental GC (Collect on allocation) 37.37M->27.37M 1.626ms
2026-10-04T02:06:28.844Z  INFO 1 --- [shortener] [ionShutdownHook] o.s.boot.tomcat.GracefulShutdown         : Commencing graceful shutdown. Waiting for active requests to complete
2026-10-04T02:06:28.848Z  INFO 1 --- [shortener] [tomcat-shutdown] o.s.boot.tomcat.GracefulShutdown         : Graceful shutdown complete
2026-10-04T02:06:28.848Z  INFO 1 --- [shortener] [ionShutdownHook] o.s.boot.tomcat.GracefulShutdown         : Commencing graceful shutdown. Waiting for active requests to complete
2026-10-04T02:06:28.852Z  INFO 1 --- [shortener] [tomcat-shutdown] o.s.boot.tomcat.GracefulShutdown         : Graceful shutdown complete
2026-10-04T02:06:28.852Z  INFO 1 --- [shortener] [ionShutdownHook] o.apache.catalina.core.StandardService   : Stopping service [Tomcat]
2026-10-04T02:06:28.852Z  INFO 1 --- [shortener] [ionShutdownHook] o.a.c.c.C.[Tomcat-1].[localhost].[/]     : Destroying Spring FrameworkServlet 'dispatcherServletRegistration'
2026-10-04T02:06:28.853Z  INFO 1 --- [shortener] [ionShutdownHook] com.zaxxer.hikari.HikariDataSource       : HikariPool-1 - Shutdown initiated...
2026-10-04T02:06:28.854Z  INFO 1 --- [shortener] [ionShutdownHook] com.zaxxer.hikari.HikariDataSource       : HikariPool-1 - Shutdown completed.
