
  .   ____          _            __ _ _
 /\\ / ___'_ __ _ _(_)_ __  __ _ \ \ \ \
( ( )\___ | '_ | '_| | '_ \/ _` | \ \ \ \
 \\/  ___)| |_)| | | | | || (_| |  ) ) ) )
  '  |____| .__|_| |_|_| |_\__, | / / / /
 =========|_|==============|___/=/_/_/_/

 :: Spring Boot ::                (v4.1.1)

2026-10-04T02:51:39.541Z  INFO 1 --- [shortener] [           main] uy.ct.shortener.ShortenerApplicationKt   : Starting AOT-processed ShortenerApplicationKt using Java 25.0.4.1 with PID 1 (/workspace/uy.ct.shortener.ShortenerApplicationKt started by cnb in /workspace)
2026-10-04T02:51:39.541Z  INFO 1 --- [shortener] [           main] uy.ct.shortener.ShortenerApplicationKt   : No active profile set, falling back to 1 default profile: "default"
2026-10-04T02:51:39.568Z  INFO 1 --- [shortener] [           main] o.s.boot.tomcat.TomcatWebServer          : Tomcat initialized with port 8080 (http)
2026-10-04T02:51:39.569Z  INFO 1 --- [shortener] [           main] o.apache.catalina.core.StandardService   : Starting service [Tomcat]
2026-10-04T02:51:39.569Z  INFO 1 --- [shortener] [           main] o.apache.catalina.core.StandardEngine    : Starting Servlet engine: [Apache Tomcat/11.0.24]
2026-10-04T02:51:39.574Z  INFO 1 --- [shortener] [           main] b.w.c.s.WebApplicationContextInitializer : Root WebApplicationContext: initialization completed in 33 ms
2026-10-04T02:51:39.611Z  INFO 1 --- [shortener] [           main] com.zaxxer.hikari.HikariDataSource       : HikariPool-1 - Starting...
2026-10-04T02:51:39.621Z  INFO 1 --- [shortener] [           main] com.zaxxer.hikari.pool.HikariPool        : HikariPool-1 - Added connection org.postgresql.jdbc.PgConnection@1dd96243
2026-10-04T02:51:39.621Z  INFO 1 --- [shortener] [           main] com.zaxxer.hikari.HikariDataSource       : HikariPool-1 - Start completed.
2026-10-04T02:51:39.622Z  WARN 1 --- [shortener] [           main] org.flywaydb.core.FlywayExecutor         : Unable to scan location: /db/migration (unsupported protocol: resource)
2026-10-04T02:51:39.622Z  WARN 1 --- [shortener] [           main] org.flywaydb.core.FlywayExecutor         : Unable to scan location: /db/migration (unsupported protocol: resource)
2026-10-04T02:51:39.622Z  INFO 1 --- [shortener] [           main] org.flywaydb.core.FlywayExecutor         : Database: jdbc:postgresql://localhost:32781/mydatabase (PostgreSQL 18.6)
2026-10-04T02:51:39.622Z  WARN 1 --- [shortener] [           main] o.f.c.i.s.classpath.ClassPathScanner     : Unable to scan location: /db/migration (unsupported protocol: resource)
2026-10-04T02:51:39.622Z  WARN 1 --- [shortener] [           main] o.f.c.i.s.classpath.ClassPathScanner     : Unable to scan location: /db/migration (unsupported protocol: resource)
[0.116s] GC(0) Pause Full GC (Collect on allocation) 48.00M->9.50M 17.827ms
2026-10-04T02:51:39.645Z  INFO 1 --- [shortener] [           main] o.f.core.internal.command.DbValidate     : Successfully validated 5 migrations (execution time 00:00.020s)
2026-10-04T02:51:39.655Z  INFO 1 --- [shortener] [           main] o.f.core.internal.command.DbMigrate      : Current version of schema "public": 5
2026-10-04T02:51:39.655Z  INFO 1 --- [shortener] [           main] o.f.core.internal.command.DbMigrate      : Schema "public" is up to date. No migration necessary.
[0.228s] GC(1) Pause Incremental GC (Collect on allocation) 66.50M->17.50M 11.117ms
2026-10-04T02:51:39.768Z  WARN 1 --- [shortener] [           main] i.m.c.i.binder.jvm.JvmGcMetrics          : GC notifications will not be available because no GarbageCollectorMXBean of the JVM provides any. GCs=[young generation scavenger, complete scavenger]
2026-10-04T02:51:39.784Z  INFO 1 --- [shortener] [           main] o.s.boot.tomcat.TomcatWebServer          : Tomcat started on port 8080 (http) with context path '/'
2026-10-04T02:51:39.787Z  INFO 1 --- [shortener] [           main] o.s.boot.tomcat.TomcatWebServer          : Tomcat initialized with port 8081 (http)
2026-10-04T02:51:39.787Z  INFO 1 --- [shortener] [           main] o.apache.catalina.core.StandardService   : Starting service [Tomcat]
2026-10-04T02:51:39.787Z  INFO 1 --- [shortener] [           main] o.apache.catalina.core.StandardEngine    : Starting Servlet engine: [Apache Tomcat/11.0.24]
2026-10-04T02:51:39.787Z  INFO 1 --- [shortener] [           main] b.w.c.s.WebApplicationContextInitializer : Root WebApplicationContext: initialization completed in 3 ms
2026-10-04T02:51:39.789Z  INFO 1 --- [shortener] [           main] o.s.b.a.e.web.EndpointLinksResolver      : Exposing 2 endpoints beneath base path '/actuator'
2026-10-04T02:51:39.794Z  INFO 1 --- [shortener] [           main] o.s.boot.tomcat.TomcatWebServer          : Tomcat started on port 8081 (http) with context path '/'
2026-10-04T02:51:39.795Z  INFO 1 --- [shortener] [           main] o.s.s.config.TaskSchedulerRouter         : No TaskScheduler/ScheduledExecutorService bean found for scheduled processing
2026-10-04T02:51:39.795Z  INFO 1 --- [shortener] [           main] uy.ct.shortener.ShortenerApplicationKt   : Started ShortenerApplicationKt in 0.265 seconds (process running for 0.268)
2026-10-04T02:51:39.857Z  INFO 1 --- [shortener] [omcat-handler-0] o.a.c.c.C.[Tomcat-1].[localhost].[/]     : Initializing Spring DispatcherServlet 'dispatcherServletRegistration'
2026-10-04T02:51:39.857Z  INFO 1 --- [shortener] [omcat-handler-0] o.s.web.servlet.DispatcherServlet        : Initializing Servlet 'dispatcherServletRegistration'
2026-10-04T02:51:39.857Z  INFO 1 --- [shortener] [omcat-handler-0] o.s.web.servlet.DispatcherServlet        : Completed initialization in 0 ms
2026-10-04T02:51:46.107Z  INFO 1 --- [shortener] [omcat-handler-0] o.a.c.c.C.[Tomcat].[localhost].[/]       : Initializing Spring DispatcherServlet 'dispatcherServlet'
2026-10-04T02:51:46.107Z  INFO 1 --- [shortener] [omcat-handler-0] o.s.web.servlet.DispatcherServlet        : Initializing Servlet 'dispatcherServlet'
2026-10-04T02:51:46.107Z  INFO 1 --- [shortener] [omcat-handler-0] o.s.web.servlet.DispatcherServlet        : Completed initialization in 0 ms
[6.806s] GC(2) Pause Full GC (Collect on allocation) 78.62M->20.12M 31.706ms
[7.365s] GC(3) Pause Incremental GC (Collect on allocation) 89.12M->20.62M 1.417ms
[7.719s] GC(4) Pause Incremental GC (Collect on allocation) 94.12M->26.62M 3.909ms
[7.994s] GC(5) Pause Incremental GC (Collect on allocation) 104.62M->27.12M 4.434ms
[8.364s] GC(6) Pause Full GC (Collect on allocation) 109.62M->26.12M 20.293ms
[8.752s] GC(7) Pause Incremental GC (Collect on allocation) 118.12M->26.62M 1.521ms
[9.150s] GC(8) Pause Incremental GC (Collect on allocation) 117.12M->27.12M 1.393ms
[9.544s] GC(9) Pause Incremental GC (Collect on allocation) 116.12M->27.62M 1.906ms
[9.927s] GC(10) Pause Incremental GC (Collect on allocation) 115.12M->28.12M 1.318ms
[10.308s] GC(11) Pause Incremental GC (Collect on allocation) 114.12M->28.62M 1.482ms
[10.679s] GC(12) Pause Incremental GC (Collect on allocation) 113.12M->29.12M 1.417ms
[11.042s] GC(13) Pause Incremental GC (Collect on allocation) 112.12M->29.62M 1.456ms
[11.400s] GC(14) Pause Incremental GC (Collect on allocation) 111.12M->30.12M 1.527ms
[11.757s] GC(15) Pause Incremental GC (Collect on allocation) 110.12M->30.62M 1.436ms
[12.104s] GC(16) Pause Incremental GC (Collect on allocation) 109.12M->31.12M 1.437ms
[12.439s] GC(17) Pause Incremental GC (Collect on allocation) 108.12M->31.62M 1.389ms
[12.775s] GC(18) Pause Incremental GC (Collect on allocation) 107.12M->32.12M 1.464ms
[13.037s] GC(19) Pause Incremental GC (Collect on allocation) 106.12M->32.62M 1.449ms
[13.357s] GC(20) Pause Incremental GC (Collect on allocation) 105.12M->33.12M 1.455ms
[13.669s] GC(21) Pause Incremental GC (Collect on allocation) 104.12M->33.62M 1.636ms
[13.972s] GC(22) Pause Incremental GC (Collect on allocation) 103.12M->33.62M 1.404ms
[14.280s] GC(23) Pause Incremental GC (Collect on allocation) 102.12M->33.62M 1.420ms
[14.579s] GC(24) Pause Incremental GC (Collect on allocation) 101.12M->33.62M 1.527ms
[14.867s] GC(25) Pause Incremental GC (Collect on allocation) 100.12M->33.62M 1.413ms
[15.156s] GC(26) Pause Incremental GC (Collect on allocation) 99.12M->33.62M 1.470ms
[15.439s] GC(27) Pause Incremental GC (Collect on allocation) 98.12M->33.62M 1.428ms
[15.721s] GC(28) Pause Incremental GC (Collect on allocation) 97.12M->33.62M 1.317ms
[16.001s] GC(29) Pause Incremental GC (Collect on allocation) 96.12M->33.62M 1.393ms
[16.284s] GC(30) Pause Full GC (Collect on allocation) 95.12M->26.12M 16.788ms
[16.533s] GC(31) Pause Incremental GC (Collect on allocation) 85.62M->26.62M 1.466ms
[16.787s] GC(32) Pause Incremental GC (Collect on allocation) 85.12M->27.12M 1.236ms
[17.044s] GC(33) Pause Incremental GC (Collect on allocation) 84.62M->27.62M 1.306ms
[17.294s] GC(34) Pause Incremental GC (Collect on allocation) 84.12M->28.12M 1.212ms
[17.533s] GC(35) Pause Incremental GC (Collect on allocation) 83.62M->28.62M 1.442ms
[17.754s] GC(36) Pause Incremental GC (Collect on allocation) 83.12M->32.62M 2.802ms
[17.973s] GC(37) Pause Incremental GC (Collect on allocation) 86.12M->33.12M 2.563ms
[18.152s] GC(38) Pause Incremental GC (Collect on allocation) 85.62M->33.62M 2.021ms
[18.375s] GC(39) Pause Incremental GC (Collect on allocation) 85.12M->34.12M 2.256ms
[18.597s] GC(40) Pause Incremental GC (Collect on allocation) 84.62M->34.62M 1.913ms
[18.812s] GC(41) Pause Incremental GC (Collect on allocation) 84.12M->35.12M 1.912ms
[19.022s] GC(42) Pause Incremental GC (Collect on allocation) 83.62M->35.62M 2.356ms
[19.232s] GC(43) Pause Incremental GC (Collect on allocation) 83.12M->36.12M 1.760ms
[19.436s] GC(44) Pause Incremental GC (Collect on allocation) 82.62M->36.62M 1.720ms
[19.637s] GC(45) Pause Incremental GC (Collect on allocation) 82.12M->37.12M 1.838ms
[19.833s] GC(46) Pause Incremental GC (Collect on allocation) 81.62M->37.12M 1.885ms
[20.023s] GC(47) Pause Incremental GC (Collect on allocation) 80.62M->37.12M 1.882ms
[20.231s] GC(48) Pause Full GC (Collect on allocation) 80.12M->26.12M 19.458ms
[20.400s] GC(49) Pause Incremental GC (Collect on allocation) 68.12M->26.62M 1.906ms
[20.586s] GC(50) Pause Incremental GC (Collect on allocation) 68.12M->27.12M 1.624ms
[20.769s] GC(51) Pause Incremental GC (Collect on allocation) 68.12M->27.62M 1.652ms
[20.944s] GC(52) Pause Incremental GC (Collect on allocation) 68.12M->27.62M 1.557ms
[21.117s] GC(53) Pause Incremental GC (Collect on allocation) 67.62M->28.12M 1.335ms
[21.291s] GC(54) Pause Incremental GC (Collect on allocation) 67.62M->28.62M 1.410ms
[21.462s] GC(55) Pause Incremental GC (Collect on allocation) 67.62M->29.12M 1.357ms
[21.633s] GC(56) Pause Incremental GC (Collect on allocation) 67.62M->29.62M 1.357ms
[21.799s] GC(57) Pause Incremental GC (Collect on allocation) 67.62M->30.12M 1.366ms
[21.965s] GC(58) Pause Incremental GC (Collect on allocation) 67.62M->30.62M 1.667ms
[22.128s] GC(59) Pause Incremental GC (Collect on allocation) 67.62M->31.12M 1.312ms
[22.288s] GC(60) Pause Incremental GC (Collect on allocation) 67.62M->31.62M 1.335ms
[22.447s] GC(61) Pause Incremental GC (Collect on allocation) 67.62M->32.12M 1.485ms
[22.604s] GC(62) Pause Incremental GC (Collect on allocation) 67.62M->32.62M 1.549ms
[22.756s] GC(63) Pause Incremental GC (Collect on allocation) 67.62M->33.12M 1.474ms
[22.910s] GC(64) Pause Incremental GC (Collect on allocation) 67.62M->33.12M 1.230ms
[22.993s] GC(65) Pause Incremental GC (Collect on allocation) 67.12M->33.12M 1.476ms
[23.139s] GC(66) Pause Incremental GC (Collect on allocation) 66.62M->33.62M 1.504ms
[23.285s] GC(67) Pause Incremental GC (Collect on allocation) 66.62M->33.62M 1.627ms
[23.428s] GC(68) Pause Incremental GC (Collect on allocation) 66.12M->33.62M 1.257ms
[23.569s] GC(69) Pause Incremental GC (Collect on allocation) 65.62M->33.62M 1.416ms
[23.706s] GC(70) Pause Incremental GC (Collect on allocation) 65.12M->33.62M 1.449ms
[23.841s] GC(71) Pause Incremental GC (Collect on allocation) 64.62M->33.62M 1.362ms
[23.976s] GC(72) Pause Incremental GC (Collect on allocation) 64.12M->33.62M 1.491ms
[24.121s] GC(73) Pause Full GC (Collect on allocation) 63.62M->26.12M 19.281ms
[24.232s] GC(74) Pause Incremental GC (Collect on allocation) 55.12M->26.62M 1.588ms
[24.354s] GC(75) Pause Incremental GC (Collect on allocation) 55.12M->27.12M 1.273ms
[24.477s] GC(76) Pause Incremental GC (Collect on allocation) 55.12M->27.62M 1.289ms
[24.598s] GC(77) Pause Incremental GC (Collect on allocation) 55.12M->28.12M 1.547ms
[24.716s] GC(78) Pause Incremental GC (Collect on allocation) 55.12M->28.62M 1.165ms
[24.831s] GC(79) Pause Incremental GC (Collect on allocation) 55.12M->28.62M 1.308ms
[24.946s] GC(80) Pause Incremental GC (Collect on allocation) 54.62M->29.12M 1.152ms
[25.055s] GC(81) Pause Incremental GC (Collect on allocation) 54.62M->29.62M 1.169ms
[25.165s] GC(82) Pause Incremental GC (Collect on allocation) 54.62M->29.62M 1.361ms
[25.272s] GC(83) Pause Incremental GC (Collect on allocation) 54.12M->30.12M 1.192ms
[25.374s] GC(84) Pause Incremental GC (Collect on allocation) 54.12M->30.62M 1.225ms
[25.476s] GC(85) Pause Incremental GC (Collect on allocation) 54.12M->30.62M 1.241ms
[25.577s] GC(86) Pause Incremental GC (Collect on allocation) 53.62M->31.12M 1.169ms
[25.678s] GC(87) Pause Incremental GC (Collect on allocation) 53.62M->31.12M 1.206ms
[25.772s] GC(88) Pause Incremental GC (Collect on allocation) 53.12M->31.62M 1.233ms
[25.865s] GC(89) Pause Incremental GC (Collect on allocation) 53.12M->31.62M 1.234ms
[25.957s] GC(90) Pause Incremental GC (Collect on allocation) 52.62M->31.12M 1.350ms
[26.046s] GC(91) Pause Incremental GC (Collect on allocation) 51.62M->31.12M 1.242ms
[26.132s] GC(92) Pause Incremental GC (Collect on allocation) 51.12M->31.12M 1.281ms
[26.217s] GC(93) Pause Incremental GC (Collect on allocation) 50.62M->31.62M 1.621ms
[26.299s] GC(94) Pause Incremental GC (Collect on allocation) 50.62M->31.12M 1.384ms
[26.376s] GC(95) Pause Incremental GC (Collect on allocation) 49.62M->31.12M 1.635ms
[26.453s] GC(96) Pause Incremental GC (Collect on allocation) 49.12M->30.62M 1.263ms
[26.529s] GC(97) Pause Incremental GC (Collect on allocation) 48.12M->30.12M 1.253ms
[26.603s] GC(98) Pause Incremental GC (Collect on allocation) 47.12M->30.12M 1.271ms
[26.676s] GC(99) Pause Incremental GC (Collect on allocation) 46.62M->29.62M 1.210ms
[26.746s] GC(100) Pause Incremental GC (Collect on allocation) 45.62M->29.12M 1.253ms
[26.811s] GC(101) Pause Incremental GC (Collect on allocation) 44.62M->28.62M 1.212ms
[26.874s] GC(102) Pause Incremental GC (Collect on allocation) 43.62M->27.62M 1.304ms
[26.937s] GC(103) Pause Incremental GC (Collect on allocation) 42.12M->27.62M 1.123ms
[27.018s] GC(104) Pause Full GC (Collect on allocation) 41.62M->26.12M 20.790ms
[27.055s] GC(105) Pause Incremental GC (Collect on allocation) 39.12M->26.62M 1.492ms
[27.110s] GC(106) Pause Incremental GC (Collect on allocation) 39.12M->27.12M 1.293ms
[27.159s] GC(107) Pause Incremental GC (Collect on allocation) 39.12M->26.62M 1.707ms
[27.208s] GC(108) Pause Incremental GC (Collect on allocation) 38.12M->26.62M 1.308ms
[27.256s] GC(109) Pause Incremental GC (Collect on allocation) 37.62M->26.62M 1.517ms
[27.299s] GC(110) Pause Incremental GC (Collect on allocation) 37.12M->26.62M 1.699ms
[27.341s] GC(111) Pause Incremental GC (Collect on allocation) 36.62M->26.62M 1.944ms
[27.381s] GC(112) Pause Incremental GC (Collect on allocation) 36.12M->26.62M 1.421ms
[27.418s] GC(113) Pause Incremental GC (Collect on allocation) 35.62M->26.62M 1.532ms
[27.455s] GC(114) Pause Incremental GC (Collect on allocation) 35.12M->26.62M 1.651ms
[27.487s] GC(115) Pause Incremental GC (Collect on allocation) 34.62M->26.62M 1.267ms
[27.519s] GC(116) Pause Incremental GC (Collect on allocation) 34.12M->26.62M 1.243ms
[27.545s] GC(117) Pause Incremental GC (Collect on allocation) 33.62M->27.12M 1.402ms
[27.574s] GC(118) Pause Incremental GC (Collect on allocation) 35.12M->28.12M 1.853ms
[27.607s] GC(119) Pause Incremental GC (Collect on allocation) 37.12M->29.62M 1.868ms
[27.647s] GC(120) Pause Incremental GC (Collect on allocation) 39.62M->30.12M 1.894ms
[27.692s] GC(121) Pause Incremental GC (Collect on allocation) 41.12M->30.62M 1.120ms
[27.748s] GC(122) Pause Incremental GC (Collect on allocation) 43.12M->30.62M 1.655ms
[27.808s] GC(123) Pause Incremental GC (Collect on allocation) 44.62M->30.62M 1.451ms
[27.867s] GC(124) Pause Incremental GC (Collect on allocation) 44.12M->30.62M 1.337ms
[27.924s] GC(125) Pause Incremental GC (Collect on allocation) 43.62M->30.62M 1.683ms
[27.972s] GC(126) Pause Incremental GC (Collect on allocation) 43.12M->30.62M 1.533ms
[27.975s] GC(127) Pause Incremental GC (Collect on allocation) 42.62M->30.62M 1.213ms
[28.011s] GC(128) Pause Incremental GC (Collect on allocation) 42.12M->30.62M 1.354ms
[28.058s] GC(129) Pause Incremental GC (Collect on allocation) 41.62M->30.62M 1.217ms
[28.103s] GC(130) Pause Incremental GC (Collect on allocation) 41.12M->30.62M 1.102ms
[28.146s] GC(131) Pause Incremental GC (Collect on allocation) 40.62M->31.12M 1.237ms
[28.186s] GC(132) Pause Incremental GC (Collect on allocation) 40.62M->31.12M 1.130ms
[28.225s] GC(133) Pause Incremental GC (Collect on allocation) 40.12M->31.12M 1.247ms
[28.259s] GC(134) Pause Incremental GC (Collect on allocation) 39.62M->31.12M 1.183ms
[28.293s] GC(135) Pause Incremental GC (Collect on allocation) 39.12M->31.12M 1.284ms
[28.354s] GC(136) Pause Full GC (Collect on allocation) 38.62M->26.62M 30.974ms
[28.366s] GC(137) Pause Incremental GC (Collect on allocation) 33.12M->26.62M 1.931ms
[28.378s] GC(138) Pause Incremental GC (Collect on allocation) 32.62M->26.62M 1.430ms
[28.403s] GC(139) Pause Incremental GC (Collect on allocation) 33.62M->26.62M 1.463ms
[28.436s] GC(140) Pause Incremental GC (Collect on allocation) 34.62M->26.62M 1.218ms
[28.437s] GC(141) Pause Incremental GC (Collect on allocation) 27.12M->26.62M 0.984ms
[28.472s] GC(142) Pause Incremental GC (Collect on allocation) 35.12M->26.62M 1.484ms
[28.505s] GC(143) Pause Incremental GC (Collect on allocation) 34.62M->26.62M 1.437ms
[28.536s] GC(144) Pause Incremental GC (Collect on allocation) 34.12M->26.62M 1.331ms
[28.565s] GC(145) Pause Incremental GC (Collect on allocation) 33.62M->26.62M 1.165ms
[28.591s] GC(146) Pause Incremental GC (Collect on allocation) 33.12M->26.62M 1.165ms
[28.616s] GC(147) Pause Incremental GC (Collect on allocation) 32.62M->26.62M 1.079ms
[28.638s] GC(148) Pause Incremental GC (Collect on allocation) 32.12M->26.62M 1.067ms
[28.658s] GC(149) Pause Incremental GC (Collect on allocation) 31.62M->26.62M 1.184ms
[28.675s] GC(150) Pause Incremental GC (Collect on allocation) 31.12M->26.62M 1.116ms
[28.691s] GC(151) Pause Incremental GC (Collect on allocation) 30.62M->26.62M 1.076ms
[28.707s] GC(152) Pause Incremental GC (Collect on allocation) 30.62M->26.62M 1.076ms
[28.722s] GC(153) Pause Incremental GC (Collect on allocation) 30.62M->26.62M 1.069ms
[28.738s] GC(154) Pause Incremental GC (Collect on allocation) 30.62M->27.12M 1.107ms
[28.754s] GC(155) Pause Incremental GC (Collect on allocation) 31.12M->27.12M 1.225ms
[28.770s] GC(156) Pause Incremental GC (Collect on allocation) 31.12M->27.12M 1.060ms
[28.785s] GC(157) Pause Incremental GC (Collect on allocation) 31.12M->27.12M 1.204ms
[28.800s] GC(158) Pause Incremental GC (Collect on allocation) 31.12M->27.12M 1.166ms
[28.816s] GC(159) Pause Incremental GC (Collect on allocation) 31.12M->27.12M 1.098ms
[28.831s] GC(160) Pause Incremental GC (Collect on allocation) 31.12M->27.12M 1.036ms
[28.847s] GC(161) Pause Incremental GC (Collect on allocation) 31.12M->27.12M 1.121ms
[28.864s] GC(162) Pause Incremental GC (Collect on allocation) 31.12M->27.12M 1.028ms
[28.879s] GC(163) Pause Incremental GC (Collect on allocation) 31.12M->27.12M 1.062ms
[28.895s] GC(164) Pause Incremental GC (Collect on allocation) 31.12M->27.12M 1.061ms
[28.911s] GC(165) Pause Incremental GC (Collect on allocation) 31.12M->27.12M 1.069ms
[28.926s] GC(166) Pause Incremental GC (Collect on allocation) 31.12M->27.12M 1.074ms
[28.942s] GC(167) Pause Incremental GC (Collect on allocation) 31.12M->27.12M 1.021ms
[28.957s] GC(168) Pause Incremental GC (Collect on allocation) 31.12M->27.12M 1.133ms
[28.972s] GC(169) Pause Incremental GC (Collect on allocation) 31.12M->27.12M 1.075ms
[28.988s] GC(170) Pause Incremental GC (Collect on allocation) 31.12M->27.12M 1.073ms
[29.005s] GC(171) Pause Incremental GC (Collect on allocation) 31.12M->27.12M 1.046ms
[29.020s] GC(172) Pause Incremental GC (Collect on allocation) 31.12M->27.62M 1.246ms
[29.036s] GC(173) Pause Incremental GC (Collect on allocation) 31.62M->27.62M 1.558ms
[29.052s] GC(174) Pause Incremental GC (Collect on allocation) 31.62M->27.62M 1.448ms
[29.097s] GC(175) Pause Full GC (Collect on allocation) 31.62M->26.62M 30.789ms
[29.107s] GC(176) Pause Incremental GC (Collect on allocation) 30.62M->26.62M 1.460ms
[29.112s] GC(177) Pause Incremental GC (Collect on allocation) 30.62M->26.62M 1.303ms
[29.117s] GC(178) Pause Incremental GC (Collect on allocation) 30.62M->26.62M 1.227ms
[29.128s] GC(179) Pause Incremental GC (Collect on allocation) 31.12M->26.62M 1.056ms
[29.147s] GC(180) Pause Incremental GC (Collect on allocation) 31.62M->26.62M 1.070ms
[29.169s] GC(181) Pause Incremental GC (Collect on allocation) 32.12M->26.62M 1.129ms
[29.196s] GC(182) Pause Incremental GC (Collect on allocation) 33.12M->26.62M 1.100ms
[29.227s] GC(183) Pause Incremental GC (Collect on allocation) 34.12M->26.62M 1.079ms
[29.262s] GC(184) Pause Incremental GC (Collect on allocation) 35.12M->26.62M 1.104ms
[29.303s] GC(185) Pause Incremental GC (Collect on allocation) 36.12M->27.12M 1.123ms
[29.346s] GC(186) Pause Incremental GC (Collect on allocation) 37.62M->27.12M 1.116ms
[29.397s] GC(187) Pause Incremental GC (Collect on allocation) 39.12M->27.12M 1.145ms
[29.453s] GC(188) Pause Incremental GC (Collect on allocation) 40.12M->27.12M 1.051ms
[29.514s] GC(189) Pause Incremental GC (Collect on allocation) 41.12M->27.12M 1.156ms
[29.576s] GC(190) Pause Incremental GC (Collect on allocation) 42.12M->27.12M 1.248ms
[29.638s] GC(191) Pause Incremental GC (Collect on allocation) 41.62M->27.12M 1.275ms
[29.699s] GC(192) Pause Incremental GC (Collect on allocation) 41.12M->27.12M 1.195ms
[29.757s] GC(193) Pause Incremental GC (Collect on allocation) 40.62M->27.12M 1.283ms
[29.813s] GC(194) Pause Incremental GC (Collect on allocation) 40.12M->27.12M 1.210ms
[29.867s] GC(195) Pause Incremental GC (Collect on allocation) 39.62M->27.12M 1.168ms
[29.919s] GC(196) Pause Incremental GC (Collect on allocation) 39.12M->27.12M 1.143ms
[29.970s] GC(197) Pause Incremental GC (Collect on allocation) 38.62M->27.12M 1.572ms
[30.015s] GC(198) Pause Incremental GC (Collect on allocation) 38.12M->27.12M 1.136ms
[30.060s] GC(199) Pause Incremental GC (Collect on allocation) 37.62M->27.12M 1.060ms
[30.102s] GC(200) Pause Incremental GC (Collect on allocation) 37.12M->27.12M 1.146ms
[30.141s] GC(201) Pause Incremental GC (Collect on allocation) 36.62M->27.12M 1.385ms
[30.179s] GC(202) Pause Incremental GC (Collect on allocation) 36.12M->27.12M 1.212ms
[30.214s] GC(203) Pause Incremental GC (Collect on allocation) 35.62M->27.12M 1.234ms
[30.248s] GC(204) Pause Incremental GC (Collect on allocation) 35.12M->27.12M 1.161ms
[30.285s] GC(205) Pause Incremental GC (Collect on allocation) 36.12M->27.12M 1.202ms
[30.327s] GC(206) Pause Incremental GC (Collect on allocation) 37.12M->27.62M 1.130ms
[30.375s] GC(207) Pause Incremental GC (Collect on allocation) 38.62M->27.62M 1.085ms
[30.420s] GC(208) Pause Incremental GC (Collect on allocation) 38.12M->27.62M 1.183ms
[30.463s] GC(209) Pause Incremental GC (Collect on allocation) 37.62M->27.62M 1.138ms
[30.501s] GC(210) Pause Incremental GC (Collect on allocation) 37.12M->27.62M 1.174ms
[30.537s] GC(211) Pause Incremental GC (Collect on allocation) 36.62M->27.62M 1.171ms
[30.571s] GC(212) Pause Incremental GC (Collect on allocation) 36.12M->27.62M 1.129ms
[30.605s] GC(213) Pause Incremental GC (Collect on allocation) 35.62M->27.62M 1.074ms
[30.642s] GC(214) Pause Incremental GC (Collect on allocation) 36.62M->27.62M 1.110ms
[30.679s] GC(215) Pause Incremental GC (Collect on allocation) 36.12M->27.62M 1.167ms
[30.720s] GC(216) Pause Incremental GC (Collect on allocation) 37.12M->27.62M 1.118ms
[30.757s] GC(217) Pause Incremental GC (Collect on allocation) 36.62M->27.62M 1.295ms
[30.799s] GC(218) Pause Incremental GC (Collect on allocation) 37.62M->27.62M 1.177ms
[30.840s] GC(219) Pause Incremental GC (Collect on allocation) 37.12M->27.62M 1.114ms
[30.878s] GC(220) Pause Incremental GC (Collect on allocation) 36.62M->27.62M 1.117ms
[30.914s] GC(221) Pause Incremental GC (Collect on allocation) 36.12M->27.62M 1.161ms
[30.947s] GC(222) Pause Incremental GC (Collect on allocation) 35.62M->27.62M 1.118ms
[30.985s] GC(223) Pause Incremental GC (Collect on allocation) 36.62M->27.62M 1.146ms
[31.028s] GC(224) Pause Incremental GC (Collect on allocation) 37.62M->27.62M 1.107ms
[31.088s] GC(225) Pause Full GC (Collect on allocation) 37.12M->26.12M 20.453ms
[31.102s] GC(226) Pause Incremental GC (Collect on allocation) 34.62M->26.62M 1.478ms
[31.134s] GC(227) Pause Incremental GC (Collect on allocation) 34.62M->26.62M 1.156ms
[31.173s] GC(228) Pause Incremental GC (Collect on allocation) 35.62M->26.62M 1.246ms
[31.215s] GC(229) Pause Incremental GC (Collect on allocation) 36.62M->26.62M 1.146ms
[31.256s] GC(230) Pause Incremental GC (Collect on allocation) 36.12M->26.62M 1.123ms
[31.294s] GC(231) Pause Incremental GC (Collect on allocation) 35.62M->26.62M 1.111ms
[31.329s] GC(232) Pause Incremental GC (Collect on allocation) 35.12M->26.62M 1.159ms
[31.364s] GC(233) Pause Incremental GC (Collect on allocation) 34.62M->26.62M 1.130ms
[31.395s] GC(234) Pause Incremental GC (Collect on allocation) 34.12M->26.62M 1.140ms
[31.424s] GC(235) Pause Incremental GC (Collect on allocation) 33.62M->26.62M 1.123ms
[31.458s] GC(236) Pause Incremental GC (Collect on allocation) 34.62M->26.62M 1.073ms
[31.495s] GC(237) Pause Incremental GC (Collect on allocation) 35.62M->26.62M 1.182ms
[31.537s] GC(238) Pause Incremental GC (Collect on allocation) 36.62M->26.62M 1.181ms
[31.576s] GC(239) Pause Incremental GC (Collect on allocation) 36.12M->26.62M 1.240ms
[31.613s] GC(240) Pause Incremental GC (Collect on allocation) 35.62M->26.62M 1.171ms
[31.649s] GC(241) Pause Incremental GC (Collect on allocation) 35.12M->26.62M 1.278ms
[31.680s] GC(242) Pause Incremental GC (Collect on allocation) 34.62M->26.62M 1.124ms
[31.712s] GC(243) Pause Incremental GC (Collect on allocation) 34.12M->27.12M 1.480ms
[31.748s] GC(244) Pause Incremental GC (Collect on allocation) 35.62M->27.12M 1.195ms
[31.789s] GC(245) Pause Incremental GC (Collect on allocation) 36.62M->27.12M 1.100ms
[31.831s] GC(246) Pause Incremental GC (Collect on allocation) 37.62M->27.12M 1.185ms
[31.873s] GC(247) Pause Incremental GC (Collect on allocation) 37.12M->27.12M 1.115ms
[31.912s] GC(248) Pause Incremental GC (Collect on allocation) 36.62M->27.12M 1.148ms
[31.950s] GC(249) Pause Incremental GC (Collect on allocation) 36.12M->27.12M 1.229ms
[31.985s] GC(250) Pause Incremental GC (Collect on allocation) 35.62M->27.12M 1.062ms
[32.017s] GC(251) Pause Incremental GC (Collect on allocation) 35.12M->27.12M 1.148ms
[32.049s] GC(252) Pause Incremental GC (Collect on allocation) 34.62M->27.12M 1.102ms
[32.077s] GC(253) Pause Incremental GC (Collect on allocation) 34.12M->27.12M 1.131ms
[32.111s] GC(254) Pause Incremental GC (Collect on allocation) 35.12M->27.12M 1.067ms
[32.150s] GC(255) Pause Incremental GC (Collect on allocation) 36.12M->27.12M 1.127ms
[32.186s] GC(256) Pause Incremental GC (Collect on allocation) 35.62M->27.12M 1.041ms
[32.219s] GC(257) Pause Incremental GC (Collect on allocation) 35.12M->27.12M 1.120ms
[32.251s] GC(258) Pause Incremental GC (Collect on allocation) 34.62M->27.12M 1.147ms
[32.280s] GC(259) Pause Incremental GC (Collect on allocation) 34.12M->27.12M 1.098ms
[32.314s] GC(260) Pause Incremental GC (Collect on allocation) 35.12M->27.12M 1.075ms
[32.351s] GC(261) Pause Incremental GC (Collect on allocation) 36.12M->27.12M 1.085ms
[32.388s] GC(262) Pause Incremental GC (Collect on allocation) 35.62M->27.12M 1.164ms
[32.421s] GC(263) Pause Incremental GC (Collect on allocation) 35.12M->27.12M 1.489ms
[32.459s] GC(264) Pause Incremental GC (Collect on allocation) 36.12M->27.12M 1.163ms
[32.502s] GC(265) Pause Incremental GC (Collect on allocation) 37.12M->27.12M 1.098ms
[32.542s] GC(266) Pause Incremental GC (Collect on allocation) 36.62M->27.12M 1.232ms
[32.580s] GC(267) Pause Incremental GC (Collect on allocation) 36.12M->27.12M 1.280ms
[32.615s] GC(268) Pause Incremental GC (Collect on allocation) 35.62M->27.12M 1.222ms
[32.649s] GC(269) Pause Incremental GC (Collect on allocation) 35.12M->27.62M 1.118ms
[32.680s] GC(270) Pause Incremental GC (Collect on allocation) 35.12M->27.62M 1.096ms
[32.730s] GC(271) Pause Full GC (Collect on allocation) 34.62M->26.62M 21.226ms
[32.748s] GC(272) Pause Incremental GC (Collect on allocation) 35.62M->26.62M 1.286ms
[32.792s] GC(273) Pause Incremental GC (Collect on allocation) 36.62M->26.62M 1.129ms
[32.831s] GC(274) Pause Incremental GC (Collect on allocation) 36.12M->26.62M 1.190ms
[32.869s] GC(275) Pause Incremental GC (Collect on allocation) 35.62M->26.62M 1.248ms
[32.905s] GC(276) Pause Incremental GC (Collect on allocation) 35.12M->26.62M 1.205ms
[32.938s] GC(277) Pause Incremental GC (Collect on allocation) 34.62M->26.62M 1.102ms
[32.969s] GC(278) Pause Incremental GC (Collect on allocation) 34.12M->26.62M 1.167ms
[32.973s] GC(279) Pause Incremental GC (Collect on allocation) 33.62M->26.62M 1.241ms
[32.975s] GC(280) Pause Incremental GC (Collect on allocation) 34.62M->26.62M 1.116ms
[33.004s] GC(281) Pause Incremental GC (Collect on allocation) 35.62M->26.62M 1.118ms
[33.046s] GC(282) Pause Incremental GC (Collect on allocation) 36.62M->27.12M 1.210ms
[33.093s] GC(283) Pause Incremental GC (Collect on allocation) 38.12M->27.12M 1.122ms
[33.147s] GC(284) Pause Incremental GC (Collect on allocation) 39.62M->27.12M 1.242ms
[33.208s] GC(285) Pause Incremental GC (Collect on allocation) 41.12M->27.12M 1.344ms
[33.270s] GC(286) Pause Incremental GC (Collect on allocation) 42.62M->27.12M 1.343ms
[33.346s] GC(287) Pause Incremental GC (Collect on allocation) 44.62M->27.12M 1.137ms
[33.431s] GC(288) Pause Incremental GC (Collect on allocation) 46.62M->27.12M 1.216ms
[33.522s] GC(289) Pause Incremental GC (Collect on allocation) 48.12M->27.12M 1.297ms
[33.624s] GC(290) Pause Incremental GC (Collect on allocation) 50.12M->27.12M 1.185ms
[33.722s] GC(291) Pause Incremental GC (Collect on allocation) 49.62M->27.12M 1.190ms
[33.819s] GC(292) Pause Incremental GC (Collect on allocation) 49.12M->27.12M 1.352ms
[33.911s] GC(293) Pause Incremental GC (Collect on allocation) 48.62M->27.12M 1.120ms
[34.002s] GC(294) Pause Incremental GC (Collect on allocation) 48.12M->27.12M 1.191ms
[34.091s] GC(295) Pause Incremental GC (Collect on allocation) 47.62M->27.12M 1.636ms
[34.178s] GC(296) Pause Incremental GC (Collect on allocation) 47.12M->27.12M 1.179ms
[34.261s] GC(297) Pause Incremental GC (Collect on allocation) 46.62M->27.12M 1.222ms
[34.342s] GC(298) Pause Incremental GC (Collect on allocation) 46.12M->27.12M 1.206ms
[34.423s] GC(299) Pause Incremental GC (Collect on allocation) 45.62M->27.12M 1.258ms
[34.500s] GC(300) Pause Incremental GC (Collect on allocation) 45.12M->27.12M 1.250ms
[34.576s] GC(301) Pause Incremental GC (Collect on allocation) 44.62M->27.12M 1.165ms
[34.649s] GC(302) Pause Incremental GC (Collect on allocation) 44.12M->27.12M 1.216ms
[34.718s] GC(303) Pause Incremental GC (Collect on allocation) 43.62M->27.12M 1.153ms
[34.788s] GC(304) Pause Incremental GC (Collect on allocation) 43.12M->27.12M 1.283ms
[34.856s] GC(305) Pause Incremental GC (Collect on allocation) 42.62M->27.12M 1.223ms
[34.920s] GC(306) Pause Incremental GC (Collect on allocation) 42.12M->27.12M 1.328ms
[34.983s] GC(307) Pause Incremental GC (Collect on allocation) 41.62M->27.12M 1.147ms
[35.044s] GC(308) Pause Incremental GC (Collect on allocation) 41.12M->27.12M 1.112ms
[35.101s] GC(309) Pause Incremental GC (Collect on allocation) 40.62M->27.12M 1.168ms
[35.159s] GC(310) Pause Incremental GC (Collect on allocation) 40.12M->27.12M 1.103ms
[35.213s] GC(311) Pause Incremental GC (Collect on allocation) 39.62M->27.12M 1.070ms
[35.265s] GC(312) Pause Incremental GC (Collect on allocation) 39.12M->27.62M 1.110ms
[35.315s] GC(313) Pause Incremental GC (Collect on allocation) 39.12M->27.62M 1.136ms
[35.362s] GC(314) Pause Incremental GC (Collect on allocation) 38.62M->27.62M 1.151ms
[35.407s] GC(315) Pause Incremental GC (Collect on allocation) 38.12M->27.62M 1.133ms
[35.468s] GC(316) Pause Full GC (Collect on allocation) 37.62M->26.62M 19.807ms
[35.487s] GC(317) Pause Incremental GC (Collect on allocation) 35.62M->26.62M 1.420ms
[35.522s] GC(318) Pause Incremental GC (Collect on allocation) 35.12M->26.62M 1.121ms
[35.556s] GC(319) Pause Incremental GC (Collect on allocation) 34.62M->26.62M 1.097ms
[35.587s] GC(320) Pause Incremental GC (Collect on allocation) 34.12M->26.62M 1.102ms
[35.616s] GC(321) Pause Incremental GC (Collect on allocation) 33.62M->26.62M 1.095ms
[35.644s] GC(322) Pause Incremental GC (Collect on allocation) 33.12M->26.62M 1.075ms
[35.669s] GC(323) Pause Incremental GC (Collect on allocation) 32.62M->26.62M 1.073ms
[35.691s] GC(324) Pause Incremental GC (Collect on allocation) 32.12M->26.62M 1.075ms
[35.717s] GC(325) Pause Incremental GC (Collect on allocation) 33.12M->26.62M 1.232ms
[35.747s] GC(326) Pause Incremental GC (Collect on allocation) 34.12M->26.62M 1.207ms
[35.783s] GC(327) Pause Incremental GC (Collect on allocation) 35.12M->26.62M 1.097ms
[35.824s] GC(328) Pause Incremental GC (Collect on allocation) 36.12M->26.62M 1.153ms
[35.863s] GC(329) Pause Incremental GC (Collect on allocation) 35.62M->26.62M 1.245ms
[35.898s] GC(330) Pause Incremental GC (Collect on allocation) 35.12M->26.62M 1.159ms
[35.932s] GC(331) Pause Incremental GC (Collect on allocation) 34.62M->26.62M 1.305ms
[35.963s] GC(332) Pause Incremental GC (Collect on allocation) 34.12M->26.62M 1.105ms
[35.993s] GC(333) Pause Incremental GC (Collect on allocation) 33.62M->26.62M 1.078ms
[36.019s] GC(334) Pause Incremental GC (Collect on allocation) 33.12M->26.62M 1.115ms
[36.043s] GC(335) Pause Incremental GC (Collect on allocation) 32.62M->26.62M 1.088ms
[36.072s] GC(336) Pause Incremental GC (Collect on allocation) 33.62M->26.62M 1.205ms
[36.106s] GC(337) Pause Incremental GC (Collect on allocation) 34.62M->26.62M 1.112ms
[36.144s] GC(338) Pause Incremental GC (Collect on allocation) 35.62M->26.62M 1.104ms
[36.180s] GC(339) Pause Incremental GC (Collect on allocation) 35.12M->26.62M 1.135ms
[36.214s] GC(340) Pause Incremental GC (Collect on allocation) 34.62M->26.62M 1.131ms
[36.245s] GC(341) Pause Incremental GC (Collect on allocation) 34.12M->27.12M 1.237ms
[36.273s] GC(342) Pause Incremental GC (Collect on allocation) 34.12M->27.12M 1.181ms
[36.300s] GC(343) Pause Incremental GC (Collect on allocation) 33.62M->27.12M 1.210ms
[36.331s] GC(344) Pause Incremental GC (Collect on allocation) 34.62M->27.12M 1.141ms
[36.368s] GC(345) Pause Incremental GC (Collect on allocation) 35.62M->27.12M 1.287ms
[36.402s] GC(346) Pause Incremental GC (Collect on allocation) 35.12M->27.12M 1.444ms
[36.440s] GC(347) Pause Incremental GC (Collect on allocation) 36.12M->27.12M 1.132ms
[36.476s] GC(348) Pause Incremental GC (Collect on allocation) 35.62M->27.12M 1.188ms
[36.509s] GC(349) Pause Incremental GC (Collect on allocation) 35.12M->27.12M 1.184ms
[36.543s] GC(350) Pause Incremental GC (Collect on allocation) 34.62M->27.12M 1.243ms
[36.570s] GC(351) Pause Incremental GC (Collect on allocation) 34.12M->27.12M 1.288ms
[36.605s] GC(352) Pause Incremental GC (Collect on allocation) 35.12M->27.12M 1.238ms
[36.642s] GC(353) Pause Incremental GC (Collect on allocation) 36.12M->27.12M 1.377ms
[36.713s] GC(354) Pause Full GC (Collect on allocation) 37.12M->26.62M 29.654ms
[36.739s] GC(355) Pause Incremental GC (Collect on allocation) 39.12M->26.62M 1.968ms
[36.799s] GC(356) Pause Incremental GC (Collect on allocation) 40.62M->26.62M 1.506ms
[36.858s] GC(357) Pause Incremental GC (Collect on allocation) 40.12M->26.62M 1.365ms
[36.913s] GC(358) Pause Incremental GC (Collect on allocation) 39.62M->26.62M 1.293ms
[36.967s] GC(359) Pause Incremental GC (Collect on allocation) 39.12M->26.62M 1.257ms
[37.018s] GC(360) Pause Incremental GC (Collect on allocation) 38.62M->26.62M 1.466ms
[37.068s] GC(361) Pause Incremental GC (Collect on allocation) 38.12M->26.62M 1.433ms
[37.114s] GC(362) Pause Incremental GC (Collect on allocation) 37.62M->26.62M 1.172ms
[37.158s] GC(363) Pause Incremental GC (Collect on allocation) 37.12M->26.62M 1.221ms
[37.200s] GC(364) Pause Incremental GC (Collect on allocation) 36.62M->26.62M 1.188ms
[37.241s] GC(365) Pause Incremental GC (Collect on allocation) 36.12M->26.62M 1.316ms
[37.279s] GC(366) Pause Incremental GC (Collect on allocation) 35.62M->26.62M 1.196ms
[37.312s] GC(367) Pause Incremental GC (Collect on allocation) 35.12M->26.62M 1.330ms
[37.345s] GC(368) Pause Incremental GC (Collect on allocation) 34.62M->26.62M 1.126ms
[37.377s] GC(369) Pause Incremental GC (Collect on allocation) 34.12M->26.62M 1.147ms
[37.405s] GC(370) Pause Incremental GC (Collect on allocation) 33.62M->26.62M 1.231ms
[37.438s] GC(371) Pause Incremental GC (Collect on allocation) 34.62M->26.62M 1.159ms
[37.476s] GC(372) Pause Incremental GC (Collect on allocation) 35.62M->26.62M 1.200ms
[37.512s] GC(373) Pause Incremental GC (Collect on allocation) 35.12M->27.12M 1.427ms
[37.973s] GC(374) Pause Incremental GC (Collect on allocation) 36.62M->27.12M 1.550ms
[37.975s] GC(375) Pause Incremental GC (Collect on allocation) 36.12M->27.12M 1.107ms
[38.312s] GC(376) Pause Incremental GC (Collect on allocation) 37.12M->27.12M 1.222ms
[38.395s] GC(377) Pause Incremental GC (Collect on allocation) 38.12M->27.12M 1.227ms
[38.485s] GC(378) Pause Incremental GC (Collect on allocation) 39.62M->27.62M 1.202ms
[38.618s] GC(379) Pause Incremental GC (Collect on allocation) 41.62M->27.62M 1.579ms
[38.762s] GC(380) Pause Incremental GC (Collect on allocation) 43.12M->27.62M 1.172ms
[38.913s] GC(381) Pause Incremental GC (Collect on allocation) 45.12M->27.62M 1.682ms
[39.072s] GC(382) Pause Incremental GC (Collect on allocation) 46.62M->27.62M 1.196ms
[39.209s] GC(383) Pause Incremental GC (Collect on allocation) 46.12M->28.12M 1.675ms
[39.254s] GC(384) Pause Incremental GC (Collect on allocation) 46.12M->29.62M 2.462ms
[39.319s] GC(385) Pause Full GC (Collect on allocation) 47.12M->30.12M 27.443ms
[39.345s] GC(386) Pause Incremental GC (Collect on allocation) 51.62M->37.62M 7.784ms
[39.371s] GC(387) Pause Incremental GC (Collect on allocation) 58.62M->45.62M 10.372ms
[39.404s] GC(388) Pause Incremental GC (Collect on allocation) 66.12M->47.12M 5.550ms
[39.431s] GC(389) Pause Incremental GC (Collect on allocation) 67.12M->48.12M 3.186ms
[39.457s] GC(390) Pause Incremental GC (Collect on allocation) 67.62M->48.62M 2.745ms
[39.483s] GC(391) Pause Incremental GC (Collect on allocation) 67.62M->49.62M 3.552ms
[39.508s] GC(392) Pause Incremental GC (Collect on allocation) 68.12M->50.12M 2.557ms
[39.537s] GC(393) Pause Incremental GC (Collect on allocation) 68.12M->50.12M 1.453ms
[39.572s] GC(394) Pause Incremental GC (Collect on allocation) 67.62M->50.62M 2.703ms
[39.597s] GC(395) Pause Incremental GC (Collect on allocation) 67.62M->50.62M 2.445ms
[39.624s] GC(396) Pause Incremental GC (Collect on allocation) 67.12M->50.62M 2.051ms
[39.651s] GC(397) Pause Incremental GC (Collect on allocation) 66.62M->50.62M 1.674ms
[39.678s] GC(398) Pause Incremental GC (Collect on allocation) 66.12M->50.62M 1.582ms
[39.704s] GC(399) Pause Incremental GC (Collect on allocation) 65.62M->50.62M 1.862ms
[39.729s] GC(400) Pause Incremental GC (Collect on allocation) 65.12M->51.12M 1.891ms
[39.752s] GC(401) Pause Incremental GC (Collect on allocation) 65.12M->51.12M 1.370ms
[39.776s] GC(402) Pause Incremental GC (Collect on allocation) 64.62M->51.12M 1.402ms
[39.798s] GC(403) Pause Incremental GC (Collect on allocation) 64.12M->51.12M 1.869ms
[39.819s] GC(404) Pause Incremental GC (Collect on allocation) 63.62M->51.12M 1.464ms
[39.846s] GC(405) Pause Incremental GC (Collect on allocation) 63.12M->51.12M 1.670ms
[39.876s] GC(406) Pause Incremental GC (Collect on allocation) 62.62M->51.12M 2.125ms
[39.903s] GC(407) Pause Incremental GC (Collect on allocation) 62.12M->51.12M 1.870ms
[39.921s] GC(408) Pause Incremental GC (Collect on allocation) 61.62M->51.62M 2.015ms
[39.936s] GC(409) Pause Incremental GC (Collect on allocation) 61.62M->51.62M 1.677ms
[39.950s] GC(410) Pause Incremental GC (Collect on allocation) 61.12M->52.12M 2.063ms
[39.967s] GC(411) Pause Incremental GC (Collect on allocation) 62.62M->52.12M 1.724ms
[39.983s] GC(412) Pause Incremental GC (Collect on allocation) 64.12M->52.12M 1.578ms
[40.034s] GC(413) Pause Full GC (Collect on allocation) 65.62M->40.62M 33.555ms
[40.054s] GC(414) Pause Incremental GC (Collect on allocation) 55.12M->40.62M 1.877ms
[40.073s] GC(415) Pause Incremental GC (Collect on allocation) 56.62M->41.12M 1.533ms
[40.096s] GC(416) Pause Incremental GC (Collect on allocation) 59.12M->41.12M 1.774ms
[40.126s] GC(417) Pause Incremental GC (Collect on allocation) 61.12M->41.62M 2.293ms
[40.155s] GC(418) Pause Incremental GC (Collect on allocation) 63.62M->41.62M 2.791ms
[40.187s] GC(419) Pause Incremental GC (Collect on allocation) 63.12M->41.62M 1.509ms
[40.230s] GC(420) Pause Incremental GC (Collect on allocation) 65.12M->41.62M 1.420ms
[40.272s] GC(421) Pause Incremental GC (Collect on allocation) 67.12M->41.62M 1.260ms
[40.322s] GC(422) Pause Incremental GC (Collect on allocation) 69.62M->42.12M 1.376ms
[40.376s] GC(423) Pause Incremental GC (Collect on allocation) 72.62M->42.12M 1.484ms
[40.434s] GC(424) Pause Incremental GC (Collect on allocation) 75.12M->42.12M 1.736ms
[40.496s] GC(425) Pause Incremental GC (Collect on allocation) 77.62M->42.12M 1.326ms
[40.563s] GC(426) Pause Incremental GC (Collect on allocation) 80.12M->42.12M 1.250ms
[40.635s] GC(427) Pause Incremental GC (Collect on allocation) 82.62M->42.12M 1.292ms
[40.706s] GC(428) Pause Incremental GC (Collect on allocation) 82.12M->42.12M 1.222ms
[40.775s] GC(429) Pause Incremental GC (Collect on allocation) 81.62M->42.12M 1.328ms
[40.844s] GC(430) Pause Incremental GC (Collect on allocation) 81.12M->42.12M 1.256ms
[40.912s] GC(431) Pause Incremental GC (Collect on allocation) 80.62M->42.12M 1.274ms
[40.980s] GC(432) Pause Incremental GC (Collect on allocation) 80.12M->42.12M 1.187ms
[41.046s] GC(433) Pause Incremental GC (Collect on allocation) 79.62M->42.12M 1.352ms
[41.112s] GC(434) Pause Incremental GC (Collect on allocation) 79.12M->42.12M 1.228ms
[41.176s] GC(435) Pause Incremental GC (Collect on allocation) 78.62M->42.62M 1.317ms
[41.240s] GC(436) Pause Incremental GC (Collect on allocation) 78.62M->43.12M 1.421ms
[41.302s] GC(437) Pause Incremental GC (Collect on allocation) 78.62M->43.12M 1.361ms
[41.364s] GC(438) Pause Incremental GC (Collect on allocation) 78.12M->43.12M 1.376ms
[41.427s] GC(439) Pause Incremental GC (Collect on allocation) 77.62M->42.62M 1.494ms
[41.486s] GC(440) Pause Incremental GC (Collect on allocation) 76.62M->43.12M 1.247ms
[41.546s] GC(441) Pause Incremental GC (Collect on allocation) 76.62M->43.12M 1.190ms
[41.604s] GC(442) Pause Incremental GC (Collect on allocation) 76.12M->43.12M 1.285ms
[41.662s] GC(443) Pause Incremental GC (Collect on allocation) 75.62M->42.62M 1.279ms
[41.718s] GC(444) Pause Incremental GC (Collect on allocation) 74.62M->43.12M 1.198ms
[41.774s] GC(445) Pause Incremental GC (Collect on allocation) 74.62M->42.62M 1.443ms
[41.836s] GC(446) Pause Incremental GC (Collect on allocation) 73.62M->43.12M 1.860ms
[41.882s] GC(447) Pause Incremental GC (Collect on allocation) 73.62M->43.12M 1.791ms
[41.935s] GC(448) Pause Incremental GC (Collect on allocation) 73.12M->42.62M 1.770ms
[41.991s] GC(449) Pause Incremental GC (Collect on allocation) 74.62M->42.12M 1.394ms
[42.047s] GC(450) Pause Incremental GC (Collect on allocation) 73.62M->42.12M 1.351ms
[42.108s] GC(451) Pause Incremental GC (Collect on allocation) 73.12M->42.12M 1.688ms
[42.177s] GC(452) Pause Full GC (Collect on allocation) 72.62M->40.12M 24.126ms
[42.209s] GC(453) Pause Incremental GC (Collect on allocation) 69.62M->40.12M 1.547ms
[42.258s] GC(454) Pause Incremental GC (Collect on allocation) 69.12M->40.12M 1.426ms
[42.310s] GC(455) Pause Incremental GC (Collect on allocation) 68.62M->40.12M 1.452ms
[42.356s] GC(456) Pause Incremental GC (Collect on allocation) 68.12M->40.12M 1.395ms
[42.405s] GC(457) Pause Incremental GC (Collect on allocation) 67.62M->40.12M 1.357ms
[42.452s] GC(458) Pause Incremental GC (Collect on allocation) 67.12M->40.12M 1.291ms
[42.498s] GC(459) Pause Incremental GC (Collect on allocation) 66.62M->40.12M 1.283ms
[42.544s] GC(460) Pause Incremental GC (Collect on allocation) 66.12M->40.12M 1.268ms
[42.588s] GC(461) Pause Incremental GC (Collect on allocation) 65.62M->40.62M 1.326ms
[42.632s] GC(462) Pause Incremental GC (Collect on allocation) 65.62M->40.62M 1.204ms
[42.675s] GC(463) Pause Incremental GC (Collect on allocation) 65.12M->40.62M 1.180ms
[42.717s] GC(464) Pause Incremental GC (Collect on allocation) 64.62M->40.62M 1.410ms
[42.758s] GC(465) Pause Incremental GC (Collect on allocation) 64.12M->40.62M 1.392ms
[42.799s] GC(466) Pause Incremental GC (Collect on allocation) 63.62M->40.62M 1.377ms
[42.838s] GC(467) Pause Incremental GC (Collect on allocation) 63.12M->40.62M 1.203ms
[42.877s] GC(468) Pause Incremental GC (Collect on allocation) 62.62M->40.62M 1.233ms
[42.915s] GC(469) Pause Incremental GC (Collect on allocation) 62.12M->40.62M 1.772ms
[42.956s] GC(470) Pause Incremental GC (Collect on allocation) 64.12M->40.62M 1.229ms
[42.978s] GC(471) Pause Incremental GC (Collect on allocation) 66.12M->40.62M 1.256ms
[43.024s] GC(472) Pause Incremental GC (Collect on allocation) 68.62M->40.62M 1.271ms
[43.076s] GC(473) Pause Incremental GC (Collect on allocation) 70.62M->40.62M 1.260ms
[43.133s] GC(474) Pause Incremental GC (Collect on allocation) 72.62M->40.62M 1.303ms
[43.188s] GC(475) Pause Incremental GC (Collect on allocation) 72.12M->40.62M 1.307ms
[43.243s] GC(476) Pause Incremental GC (Collect on allocation) 71.62M->41.12M 1.411ms
[43.296s] GC(477) Pause Incremental GC (Collect on allocation) 71.62M->41.12M 1.449ms
[43.349s] GC(478) Pause Incremental GC (Collect on allocation) 71.12M->41.12M 1.347ms
[43.401s] GC(479) Pause Incremental GC (Collect on allocation) 70.62M->41.12M 1.333ms
[43.451s] GC(480) Pause Incremental GC (Collect on allocation) 70.12M->41.12M 1.290ms
[43.501s] GC(481) Pause Incremental GC (Collect on allocation) 69.62M->41.12M 1.321ms
[43.550s] GC(482) Pause Incremental GC (Collect on allocation) 69.12M->41.12M 1.225ms
[43.599s] GC(483) Pause Incremental GC (Collect on allocation) 68.62M->41.12M 1.265ms
[43.646s] GC(484) Pause Incremental GC (Collect on allocation) 68.12M->41.12M 1.235ms
[43.693s] GC(485) Pause Incremental GC (Collect on allocation) 67.62M->41.12M 1.271ms
[43.737s] GC(486) Pause Incremental GC (Collect on allocation) 67.12M->41.12M 1.278ms
[43.783s] GC(487) Pause Incremental GC (Collect on allocation) 66.62M->41.12M 1.681ms
[43.825s] GC(488) Pause Incremental GC (Collect on allocation) 66.12M->41.12M 1.282ms
[43.868s] GC(489) Pause Incremental GC (Collect on allocation) 65.62M->41.12M 1.203ms
[43.911s] GC(490) Pause Incremental GC (Collect on allocation) 65.12M->41.12M 1.259ms
[43.953s] GC(491) Pause Incremental GC (Collect on allocation) 64.62M->41.62M 1.396ms
[43.991s] GC(492) Pause Incremental GC (Collect on allocation) 64.62M->41.62M 1.433ms
[44.052s] GC(493) Pause Full GC (Collect on allocation) 64.12M->39.12M 23.192ms
[44.079s] GC(494) Pause Incremental GC (Collect on allocation) 63.12M->40.12M 1.845ms
[44.115s] GC(495) Pause Incremental GC (Collect on allocation) 66.12M->41.12M 1.728ms
[44.162s] GC(496) Pause Incremental GC (Collect on allocation) 69.62M->42.12M 1.770ms
[44.215s] GC(497) Pause Incremental GC (Collect on allocation) 73.12M->42.62M 1.579ms
[44.273s] GC(498) Pause Incremental GC (Collect on allocation) 76.12M->43.12M 1.441ms
[44.331s] GC(499) Pause Incremental GC (Collect on allocation) 76.12M->43.12M 1.314ms
[44.388s] GC(500) Pause Incremental GC (Collect on allocation) 75.62M->43.12M 1.259ms
[44.446s] GC(501) Pause Incremental GC (Collect on allocation) 75.12M->43.12M 1.424ms
[44.501s] GC(502) Pause Incremental GC (Collect on allocation) 74.62M->43.12M 1.407ms
[44.555s] GC(503) Pause Incremental GC (Collect on allocation) 74.12M->43.12M 1.270ms
[44.609s] GC(504) Pause Incremental GC (Collect on allocation) 73.62M->43.12M 1.383ms
[44.661s] GC(505) Pause Incremental GC (Collect on allocation) 73.12M->43.12M 1.604ms
[44.713s] GC(506) Pause Incremental GC (Collect on allocation) 72.62M->43.12M 1.327ms
[44.765s] GC(507) Pause Incremental GC (Collect on allocation) 72.12M->43.62M 1.426ms
[44.816s] GC(508) Pause Incremental GC (Collect on allocation) 72.12M->43.62M 1.416ms
[44.863s] GC(509) Pause Incremental GC (Collect on allocation) 71.62M->43.62M 1.316ms
[44.911s] GC(510) Pause Incremental GC (Collect on allocation) 71.12M->43.62M 1.374ms
[44.959s] GC(511) Pause Incremental GC (Collect on allocation) 70.62M->43.62M 1.311ms
[45.005s] GC(512) Pause Incremental GC (Collect on allocation) 70.12M->43.62M 1.319ms
[45.052s] GC(513) Pause Incremental GC (Collect on allocation) 69.62M->43.62M 1.753ms
[45.096s] GC(514) Pause Incremental GC (Collect on allocation) 69.12M->43.62M 1.200ms
[45.140s] GC(515) Pause Incremental GC (Collect on allocation) 68.62M->43.62M 1.245ms
[45.183s] GC(516) Pause Incremental GC (Collect on allocation) 68.12M->43.62M 1.398ms
[45.225s] GC(517) Pause Incremental GC (Collect on allocation) 67.62M->43.62M 1.321ms
[45.266s] GC(518) Pause Incremental GC (Collect on allocation) 67.12M->43.62M 1.265ms
[45.307s] GC(519) Pause Incremental GC (Collect on allocation) 66.62M->43.62M 1.245ms
[45.347s] GC(520) Pause Incremental GC (Collect on allocation) 66.12M->43.62M 1.223ms
[45.385s] GC(521) Pause Incremental GC (Collect on allocation) 65.62M->43.62M 1.348ms
[45.421s] GC(522) Pause Incremental GC (Collect on allocation) 65.12M->44.12M 1.432ms
[45.457s] GC(523) Pause Incremental GC (Collect on allocation) 65.12M->44.12M 1.269ms
[45.497s] GC(524) Pause Incremental GC (Collect on allocation) 67.12M->44.12M 1.254ms
[45.536s] GC(525) Pause Incremental GC (Collect on allocation) 66.62M->44.12M 1.306ms
[45.575s] GC(526) Pause Incremental GC (Collect on allocation) 66.12M->44.12M 1.779ms
[45.617s] GC(527) Pause Incremental GC (Collect on allocation) 68.12M->44.12M 1.328ms
[45.662s] GC(528) Pause Incremental GC (Collect on allocation) 70.12M->44.12M 1.375ms
[45.711s] GC(529) Pause Incremental GC (Collect on allocation) 72.12M->44.12M 1.294ms
[45.759s] GC(530) Pause Incremental GC (Collect on allocation) 71.62M->44.12M 1.422ms
[45.806s] GC(531) Pause Incremental GC (Collect on allocation) 71.12M->44.12M 1.248ms
[45.876s] GC(532) Pause Full GC (Collect on allocation) 70.62M->40.12M 23.295ms
[45.907s] GC(533) Pause Incremental GC (Collect on allocation) 65.62M->40.12M 1.732ms
[45.941s] GC(534) Pause Incremental GC (Collect on allocation) 65.12M->40.12M 1.389ms
[45.984s] GC(535) Pause Incremental GC (Collect on allocation) 64.62M->40.12M 1.304ms
[46.026s] GC(536) Pause Incremental GC (Collect on allocation) 64.12M->40.12M 1.418ms
[46.068s] GC(537) Pause Incremental GC (Collect on allocation) 63.62M->40.12M 2.053ms
[46.112s] GC(538) Pause Incremental GC (Collect on allocation) 65.62M->40.62M 1.839ms
[46.160s] GC(539) Pause Incremental GC (Collect on allocation) 68.62M->40.62M 1.631ms
[46.215s] GC(540) Pause Incremental GC (Collect on allocation) 71.12M->40.62M 1.484ms
[46.265s] GC(541) Pause Incremental GC (Collect on allocation) 70.62M->40.62M 1.842ms
[46.317s] GC(542) Pause Incremental GC (Collect on allocation) 70.12M->40.62M 1.527ms
[46.368s] GC(543) Pause Incremental GC (Collect on allocation) 69.62M->40.62M 1.452ms
[46.421s] GC(544) Pause Incremental GC (Collect on allocation) 69.12M->40.62M 1.891ms
[46.476s] GC(545) Pause Incremental GC (Collect on allocation) 68.62M->40.62M 1.534ms
[46.516s] GC(546) Pause Incremental GC (Collect on allocation) 68.12M->40.62M 1.772ms
[46.563s] GC(547) Pause Incremental GC (Collect on allocation) 67.62M->40.62M 1.615ms
[46.610s] GC(548) Pause Incremental GC (Collect on allocation) 67.12M->40.62M 1.406ms
[46.654s] GC(549) Pause Incremental GC (Collect on allocation) 66.62M->40.62M 1.260ms
[46.699s] GC(550) Pause Incremental GC (Collect on allocation) 66.12M->40.62M 1.284ms
[46.742s] GC(551) Pause Incremental GC (Collect on allocation) 65.62M->40.62M 1.374ms
[46.785s] GC(552) Pause Incremental GC (Collect on allocation) 65.12M->40.62M 1.311ms
[46.827s] GC(553) Pause Incremental GC (Collect on allocation) 64.62M->40.62M 1.316ms
[46.869s] GC(554) Pause Incremental GC (Collect on allocation) 64.12M->40.62M 1.507ms
[46.910s] GC(555) Pause Incremental GC (Collect on allocation) 63.62M->40.62M 1.173ms
[46.948s] GC(556) Pause Incremental GC (Collect on allocation) 63.12M->40.62M 1.284ms
[46.987s] GC(557) Pause Incremental GC (Collect on allocation) 62.62M->40.62M 1.289ms
[47.025s] GC(558) Pause Incremental GC (Collect on allocation) 62.12M->41.12M 1.425ms
[47.060s] GC(559) Pause Incremental GC (Collect on allocation) 62.12M->41.12M 1.357ms
[47.096s] GC(560) Pause Incremental GC (Collect on allocation) 61.62M->41.12M 1.322ms
[47.132s] GC(561) Pause Incremental GC (Collect on allocation) 61.12M->41.12M 1.455ms
[47.169s] GC(562) Pause Incremental GC (Collect on allocation) 62.62M->41.12M 1.575ms
[47.210s] GC(563) Pause Incremental GC (Collect on allocation) 64.62M->41.12M 1.615ms
[47.255s] GC(564) Pause Incremental GC (Collect on allocation) 66.62M->41.12M 1.704ms
[47.304s] GC(565) Pause Incremental GC (Collect on allocation) 69.12M->41.12M 1.532ms
[47.387s] GC(566) Pause Full GC (Collect on allocation) 71.62M->40.12M 31.065ms
[47.443s] GC(567) Pause Incremental GC (Collect on allocation) 75.62M->40.62M 2.606ms
[47.495s] GC(568) Pause Incremental GC (Collect on allocation) 79.12M->40.62M 2.294ms
[47.554s] GC(569) Pause Incremental GC (Collect on allocation) 78.62M->40.62M 1.585ms
[47.621s] GC(570) Pause Incremental GC (Collect on allocation) 78.12M->40.62M 1.385ms
[47.692s] GC(571) Pause Incremental GC (Collect on allocation) 77.62M->40.62M 1.462ms
[47.753s] GC(572) Pause Incremental GC (Collect on allocation) 77.12M->40.62M 1.462ms
[47.815s] GC(573) Pause Incremental GC (Collect on allocation) 76.62M->40.62M 1.449ms
[47.877s] GC(574) Pause Incremental GC (Collect on allocation) 76.12M->40.62M 1.296ms
[47.938s] GC(575) Pause Incremental GC (Collect on allocation) 75.62M->40.62M 1.378ms
[47.973s] GC(576) Pause Incremental GC (Collect on allocation) 75.12M->41.12M 1.623ms
[48.033s] GC(577) Pause Incremental GC (Collect on allocation) 75.12M->41.12M 1.619ms
[48.090s] GC(578) Pause Incremental GC (Collect on allocation) 74.62M->41.12M 1.590ms
[48.148s] GC(579) Pause Incremental GC (Collect on allocation) 74.12M->41.12M 1.516ms
[48.205s] GC(580) Pause Incremental GC (Collect on allocation) 73.62M->41.12M 1.277ms
[48.260s] GC(581) Pause Incremental GC (Collect on allocation) 73.12M->41.12M 1.349ms
[48.316s] GC(582) Pause Incremental GC (Collect on allocation) 72.62M->41.12M 1.525ms
[48.370s] GC(583) Pause Incremental GC (Collect on allocation) 72.12M->41.12M 1.331ms
[48.424s] GC(584) Pause Incremental GC (Collect on allocation) 71.62M->41.12M 1.360ms
[48.477s] GC(585) Pause Incremental GC (Collect on allocation) 71.12M->41.12M 1.402ms
[48.529s] GC(586) Pause Incremental GC (Collect on allocation) 70.62M->41.12M 1.411ms
[48.579s] GC(587) Pause Incremental GC (Collect on allocation) 70.12M->41.12M 1.290ms
[48.629s] GC(588) Pause Incremental GC (Collect on allocation) 69.62M->41.12M 1.298ms
[48.678s] GC(589) Pause Incremental GC (Collect on allocation) 69.12M->41.62M 1.305ms
[48.727s] GC(590) Pause Incremental GC (Collect on allocation) 69.12M->41.62M 1.304ms
[48.776s] GC(591) Pause Incremental GC (Collect on allocation) 68.62M->41.62M 1.477ms
[48.820s] GC(592) Pause Incremental GC (Collect on allocation) 68.12M->41.62M 1.500ms
[48.865s] GC(593) Pause Incremental GC (Collect on allocation) 67.62M->42.12M 1.569ms
[48.912s] GC(594) Pause Incremental GC (Collect on allocation) 67.62M->43.12M 1.883ms
[48.952s] GC(595) Pause Incremental GC (Collect on allocation) 68.12M->43.62M 2.013ms
[48.995s] GC(596) Pause Incremental GC (Collect on allocation) 70.62M->44.62M 1.968ms
[49.068s] GC(597) Pause Full GC (Collect on allocation) 74.12M->40.12M 25.306ms
[49.114s] GC(598) Pause Incremental GC (Collect on allocation) 75.12M->40.12M 2.304ms
[49.172s] GC(599) Pause Incremental GC (Collect on allocation) 77.62M->40.62M 1.548ms
[49.246s] GC(600) Pause Incremental GC (Collect on allocation) 81.12M->40.62M 1.529ms
[49.315s] GC(601) Pause Incremental GC (Collect on allocation) 80.62M->40.62M 1.501ms
[49.388s] GC(602) Pause Incremental GC (Collect on allocation) 80.12M->40.62M 2.111ms
[49.454s] GC(603) Pause Incremental GC (Collect on allocation) 79.62M->40.62M 1.596ms
[49.522s] GC(604) Pause Incremental GC (Collect on allocation) 79.12M->40.62M 1.735ms
[49.590s] GC(605) Pause Incremental GC (Collect on allocation) 78.62M->40.62M 1.510ms
[49.655s] GC(606) Pause Incremental GC (Collect on allocation) 78.12M->41.12M 1.339ms
[49.720s] GC(607) Pause Incremental GC (Collect on allocation) 78.12M->41.12M 1.301ms
[49.784s] GC(608) Pause Incremental GC (Collect on allocation) 77.62M->41.12M 1.316ms
[49.847s] GC(609) Pause Incremental GC (Collect on allocation) 77.12M->41.12M 1.342ms
[49.911s] GC(610) Pause Incremental GC (Collect on allocation) 76.62M->41.12M 1.412ms
[49.972s] GC(611) Pause Incremental GC (Collect on allocation) 76.12M->41.12M 1.504ms
[50.034s] GC(612) Pause Incremental GC (Collect on allocation) 75.62M->41.12M 1.331ms
[50.093s] GC(613) Pause Incremental GC (Collect on allocation) 75.12M->41.12M 1.361ms
[50.154s] GC(614) Pause Incremental GC (Collect on allocation) 74.62M->41.12M 1.343ms
[50.210s] GC(615) Pause Incremental GC (Collect on allocation) 74.12M->41.12M 1.342ms
[50.266s] GC(616) Pause Incremental GC (Collect on allocation) 73.62M->41.12M 1.413ms
[50.322s] GC(617) Pause Incremental GC (Collect on allocation) 73.12M->41.12M 1.300ms
[50.377s] GC(618) Pause Incremental GC (Collect on allocation) 72.62M->41.12M 1.415ms
[50.431s] GC(619) Pause Incremental GC (Collect on allocation) 72.12M->41.62M 1.427ms
[50.485s] GC(620) Pause Incremental GC (Collect on allocation) 72.12M->41.62M 1.273ms
[50.539s] GC(621) Pause Incremental GC (Collect on allocation) 71.62M->41.62M 1.442ms
[50.594s] GC(622) Pause Incremental GC (Collect on allocation) 71.12M->41.62M 1.496ms
[50.641s] GC(623) Pause Incremental GC (Collect on allocation) 70.62M->41.62M 1.295ms
[50.691s] GC(624) Pause Incremental GC (Collect on allocation) 70.12M->41.62M 1.439ms
[50.741s] GC(625) Pause Incremental GC (Collect on allocation) 69.62M->41.62M 1.448ms
[50.789s] GC(626) Pause Incremental GC (Collect on allocation) 69.12M->41.62M 1.279ms
[50.836s] GC(627) Pause Incremental GC (Collect on allocation) 68.62M->41.62M 1.263ms
[50.882s] GC(628) Pause Incremental GC (Collect on allocation) 68.12M->41.62M 1.455ms
[50.928s] GC(629) Pause Incremental GC (Collect on allocation) 67.62M->41.62M 1.287ms
[50.973s] GC(630) Pause Incremental GC (Collect on allocation) 67.12M->41.62M 1.267ms
[51.017s] GC(631) Pause Incremental GC (Collect on allocation) 66.62M->41.62M 1.500ms
[51.060s] GC(632) Pause Incremental GC (Collect on allocation) 66.12M->41.62M 1.225ms
[51.102s] GC(633) Pause Incremental GC (Collect on allocation) 65.62M->41.62M 1.193ms
[51.144s] GC(634) Pause Incremental GC (Collect on allocation) 65.12M->41.62M 1.748ms
[51.184s] GC(635) Pause Incremental GC (Collect on allocation) 64.62M->41.62M 1.410ms
[51.224s] GC(636) Pause Incremental GC (Collect on allocation) 64.12M->41.62M 1.380ms
[51.262s] GC(637) Pause Incremental GC (Collect on allocation) 63.62M->41.62M 1.321ms
[51.323s] GC(638) Pause Full GC (Collect on allocation) 63.12M->40.12M 24.643ms
[51.349s] GC(639) Pause Incremental GC (Collect on allocation) 60.62M->40.12M 1.701ms
[51.371s] GC(640) Pause Incremental GC (Collect on allocation) 60.12M->40.12M 1.333ms
[51.408s] GC(641) Pause Incremental GC (Collect on allocation) 61.62M->40.12M 1.309ms
[51.450s] GC(642) Pause Incremental GC (Collect on allocation) 63.62M->40.12M 1.230ms
[51.494s] GC(643) Pause Incremental GC (Collect on allocation) 65.62M->40.12M 1.291ms
[51.538s] GC(644) Pause Incremental GC (Collect on allocation) 65.12M->40.12M 1.322ms
[51.580s] GC(645) Pause Incremental GC (Collect on allocation) 64.62M->40.12M 1.286ms
[51.622s] GC(646) Pause Incremental GC (Collect on allocation) 64.12M->40.62M 1.295ms
[51.664s] GC(647) Pause Incremental GC (Collect on allocation) 64.12M->40.62M 1.209ms
[51.704s] GC(648) Pause Incremental GC (Collect on allocation) 63.62M->40.62M 1.339ms
[51.744s] GC(649) Pause Incremental GC (Collect on allocation) 63.12M->40.62M 1.424ms
[51.783s] GC(650) Pause Incremental GC (Collect on allocation) 62.62M->40.62M 1.500ms
[51.820s] GC(651) Pause Incremental GC (Collect on allocation) 62.12M->40.62M 1.344ms
[51.857s] GC(652) Pause Incremental GC (Collect on allocation) 61.62M->40.62M 1.408ms
[51.898s] GC(653) Pause Incremental GC (Collect on allocation) 61.12M->40.62M 1.743ms
[51.936s] GC(654) Pause Incremental GC (Collect on allocation) 63.12M->40.62M 1.564ms
[51.977s] GC(655) Pause Incremental GC (Collect on allocation) 65.12M->40.62M 1.512ms
[52.023s] GC(656) Pause Incremental GC (Collect on allocation) 67.12M->40.62M 2.158ms
[52.072s] GC(657) Pause Incremental GC (Collect on allocation) 69.62M->40.62M 1.757ms
[52.129s] GC(658) Pause Incremental GC (Collect on allocation) 72.12M->40.62M 1.364ms
[52.182s] GC(659) Pause Incremental GC (Collect on allocation) 71.62M->40.62M 1.485ms
[52.236s] GC(660) Pause Incremental GC (Collect on allocation) 71.12M->40.62M 1.568ms
[52.288s] GC(661) Pause Incremental GC (Collect on allocation) 70.62M->41.12M 1.275ms
[52.340s] GC(662) Pause Incremental GC (Collect on allocation) 70.62M->41.12M 1.340ms
[52.391s] GC(663) Pause Incremental GC (Collect on allocation) 70.12M->41.12M 1.220ms
[52.441s] GC(664) Pause Incremental GC (Collect on allocation) 69.62M->41.12M 1.326ms
[52.491s] GC(665) Pause Incremental GC (Collect on allocation) 69.12M->41.12M 1.632ms
[52.540s] GC(666) Pause Incremental GC (Collect on allocation) 68.62M->41.12M 1.803ms
[52.587s] GC(667) Pause Incremental GC (Collect on allocation) 68.12M->41.12M 1.551ms
[52.633s] GC(668) Pause Incremental GC (Collect on allocation) 67.62M->41.12M 1.326ms
[52.679s] GC(669) Pause Incremental GC (Collect on allocation) 67.12M->41.12M 1.539ms
[52.723s] GC(670) Pause Incremental GC (Collect on allocation) 66.62M->41.12M 1.504ms
[52.768s] GC(671) Pause Incremental GC (Collect on allocation) 66.12M->41.12M 1.606ms
[52.846s] GC(672) Pause Full GC (Collect on allocation) 65.62M->40.12M 30.308ms
[52.878s] GC(673) Pause Incremental GC (Collect on allocation) 63.62M->40.12M 2.201ms
[52.911s] GC(674) Pause Incremental GC (Collect on allocation) 63.12M->40.12M 1.727ms
[52.949s] GC(675) Pause Incremental GC (Collect on allocation) 65.12M->40.62M 1.937ms
[52.986s] GC(676) Pause Incremental GC (Collect on allocation) 67.62M->40.62M 2.076ms
[53.039s] GC(677) Pause Incremental GC (Collect on allocation) 70.12M->41.12M 2.243ms
[53.080s] GC(678) Pause Incremental GC (Collect on allocation) 73.12M->41.12M 2.409ms
[53.119s] GC(679) Pause Incremental GC (Collect on allocation) 72.62M->41.12M 1.734ms
[53.173s] GC(680) Pause Incremental GC (Collect on allocation) 72.12M->41.12M 2.065ms
[53.228s] GC(681) Pause Incremental GC (Collect on allocation) 71.62M->41.12M 1.656ms
[53.280s] GC(682) Pause Incremental GC (Collect on allocation) 71.12M->41.12M 2.224ms
[53.333s] GC(683) Pause Incremental GC (Collect on allocation) 70.62M->41.62M 1.873ms
[53.382s] GC(684) Pause Incremental GC (Collect on allocation) 70.62M->41.62M 1.449ms
[53.435s] GC(685) Pause Incremental GC (Collect on allocation) 70.12M->41.62M 1.339ms
[53.481s] GC(686) Pause Incremental GC (Collect on allocation) 69.62M->41.62M 1.373ms
[53.530s] GC(687) Pause Incremental GC (Collect on allocation) 69.12M->41.62M 1.256ms
[53.577s] GC(688) Pause Incremental GC (Collect on allocation) 68.62M->41.62M 1.214ms
[53.624s] GC(689) Pause Incremental GC (Collect on allocation) 68.12M->41.62M 1.499ms
[53.669s] GC(690) Pause Incremental GC (Collect on allocation) 67.62M->42.12M 1.347ms
[53.713s] GC(691) Pause Incremental GC (Collect on allocation) 67.62M->42.62M 1.464ms
[53.755s] GC(692) Pause Incremental GC (Collect on allocation) 67.62M->43.12M 1.544ms
[53.797s] GC(693) Pause Incremental GC (Collect on allocation) 67.62M->44.12M 1.583ms
[53.837s] GC(694) Pause Incremental GC (Collect on allocation) 68.12M->44.62M 1.838ms
[53.881s] GC(695) Pause Incremental GC (Collect on allocation) 70.62M->45.62M 1.530ms
[53.931s] GC(696) Pause Incremental GC (Collect on allocation) 74.12M->45.62M 1.599ms
[53.985s] GC(697) Pause Incremental GC (Collect on allocation) 76.62M->46.12M 1.390ms
[54.038s] GC(698) Pause Incremental GC (Collect on allocation) 76.62M->46.12M 1.442ms
[54.090s] GC(699) Pause Incremental GC (Collect on allocation) 76.12M->46.12M 1.386ms
[54.142s] GC(700) Pause Incremental GC (Collect on allocation) 75.62M->46.12M 1.329ms
[54.193s] GC(701) Pause Incremental GC (Collect on allocation) 75.12M->46.12M 1.354ms
[54.243s] GC(702) Pause Incremental GC (Collect on allocation) 74.62M->46.12M 1.297ms
[54.292s] GC(703) Pause Incremental GC (Collect on allocation) 74.12M->46.12M 1.230ms
[54.340s] GC(704) Pause Incremental GC (Collect on allocation) 73.62M->46.12M 1.326ms
[54.387s] GC(705) Pause Incremental GC (Collect on allocation) 73.12M->46.12M 1.249ms
[54.433s] GC(706) Pause Incremental GC (Collect on allocation) 72.62M->46.12M 1.331ms
[54.478s] GC(707) Pause Incremental GC (Collect on allocation) 72.12M->46.12M 1.244ms
[54.523s] GC(708) Pause Incremental GC (Collect on allocation) 71.62M->46.62M 1.267ms
[54.567s] GC(709) Pause Incremental GC (Collect on allocation) 71.62M->46.62M 1.318ms
[54.610s] GC(710) Pause Incremental GC (Collect on allocation) 71.12M->46.62M 1.304ms
[54.652s] GC(711) Pause Incremental GC (Collect on allocation) 70.62M->46.62M 1.405ms
[54.692s] GC(712) Pause Incremental GC (Collect on allocation) 70.12M->46.62M 1.305ms
[54.733s] GC(713) Pause Incremental GC (Collect on allocation) 69.62M->46.62M 1.453ms
[54.772s] GC(714) Pause Incremental GC (Collect on allocation) 69.12M->46.62M 1.310ms
[54.811s] GC(715) Pause Incremental GC (Collect on allocation) 68.62M->46.62M 1.207ms
[54.871s] GC(716) Pause Full GC (Collect on allocation) 68.12M->40.12M 23.388ms
[54.892s] GC(717) Pause Incremental GC (Collect on allocation) 60.62M->40.12M 1.468ms
[54.919s] GC(718) Pause Incremental GC (Collect on allocation) 60.12M->40.12M 1.219ms
[54.954s] GC(719) Pause Incremental GC (Collect on allocation) 59.62M->40.12M 1.377ms
[54.987s] GC(720) Pause Incremental GC (Collect on allocation) 59.12M->40.12M 1.281ms
[55.023s] GC(721) Pause Incremental GC (Collect on allocation) 60.62M->40.12M 1.247ms
[55.062s] GC(722) Pause Incremental GC (Collect on allocation) 60.12M->40.62M 1.483ms
[55.096s] GC(723) Pause Incremental GC (Collect on allocation) 62.12M->40.62M 1.325ms
[55.137s] GC(724) Pause Incremental GC (Collect on allocation) 64.12M->40.62M 1.267ms
[55.176s] GC(725) Pause Incremental GC (Collect on allocation) 63.62M->40.62M 1.264ms
[55.215s] GC(726) Pause Incremental GC (Collect on allocation) 63.12M->40.62M 1.272ms
[55.254s] GC(727) Pause Incremental GC (Collect on allocation) 62.62M->40.62M 1.209ms
[55.291s] GC(728) Pause Incremental GC (Collect on allocation) 62.12M->40.62M 1.249ms
[55.328s] GC(729) Pause Incremental GC (Collect on allocation) 61.62M->40.62M 1.195ms
[55.364s] GC(730) Pause Incremental GC (Collect on allocation) 61.12M->40.62M 1.197ms
[55.398s] GC(731) Pause Incremental GC (Collect on allocation) 60.62M->40.62M 1.195ms
[55.433s] GC(732) Pause Incremental GC (Collect on allocation) 60.12M->40.62M 1.229ms
[55.466s] GC(733) Pause Incremental GC (Collect on allocation) 59.62M->40.62M 1.509ms
[55.499s] GC(734) Pause Incremental GC (Collect on allocation) 59.12M->40.62M 1.677ms
[55.533s] GC(735) Pause Incremental GC (Collect on allocation) 60.62M->40.62M 1.281ms
[55.571s] GC(736) Pause Incremental GC (Collect on allocation) 62.12M->40.62M 1.288ms
[55.613s] GC(737) Pause Incremental GC (Collect on allocation) 64.12M->40.62M 1.361ms
[55.657s] GC(738) Pause Incremental GC (Collect on allocation) 66.12M->40.62M 1.471ms
[55.700s] GC(739) Pause Incremental GC (Collect on allocation) 65.62M->40.62M 1.322ms
[55.744s] GC(740) Pause Incremental GC (Collect on allocation) 65.12M->41.12M 1.385ms
[55.784s] GC(741) Pause Incremental GC (Collect on allocation) 65.12M->41.12M 1.316ms
[55.826s] GC(742) Pause Incremental GC (Collect on allocation) 64.62M->41.12M 1.270ms
[55.866s] GC(743) Pause Incremental GC (Collect on allocation) 64.12M->41.12M 1.472ms
[55.905s] GC(744) Pause Incremental GC (Collect on allocation) 63.62M->41.12M 1.217ms
[55.945s] GC(745) Pause Incremental GC (Collect on allocation) 63.12M->41.12M 1.746ms
[55.982s] GC(746) Pause Incremental GC (Collect on allocation) 62.62M->41.12M 1.353ms
[56.018s] GC(747) Pause Incremental GC (Collect on allocation) 62.12M->41.12M 1.175ms
[56.055s] GC(748) Pause Incremental GC (Collect on allocation) 61.62M->41.12M 1.232ms
[56.090s] GC(749) Pause Incremental GC (Collect on allocation) 61.12M->41.12M 1.321ms
[56.123s] GC(750) Pause Incremental GC (Collect on allocation) 60.62M->41.12M 1.342ms
[56.156s] GC(751) Pause Incremental GC (Collect on allocation) 60.12M->41.12M 1.255ms
[56.189s] GC(752) Pause Incremental GC (Collect on allocation) 59.62M->41.12M 1.191ms
[56.221s] GC(753) Pause Incremental GC (Collect on allocation) 59.12M->41.12M 1.187ms
[56.254s] GC(754) Pause Incremental GC (Collect on allocation) 60.62M->41.12M 1.207ms
[56.290s] GC(755) Pause Incremental GC (Collect on allocation) 62.12M->41.12M 1.212ms
[56.327s] GC(756) Pause Incremental GC (Collect on allocation) 61.62M->41.12M 1.232ms
[56.364s] GC(757) Pause Incremental GC (Collect on allocation) 61.12M->41.12M 1.308ms
[56.395s] GC(758) Pause Incremental GC (Collect on allocation) 60.62M->41.12M 1.251ms
[56.428s] GC(759) Pause Incremental GC (Collect on allocation) 60.12M->41.12M 1.295ms
[56.487s] GC(760) Pause Full GC (Collect on allocation) 61.62M->40.12M 24.169ms
[56.514s] GC(761) Pause Incremental GC (Collect on allocation) 64.62M->40.12M 1.430ms
[56.549s] GC(762) Pause Incremental GC (Collect on allocation) 64.12M->40.12M 1.282ms
[56.591s] GC(763) Pause Incremental GC (Collect on allocation) 63.62M->40.12M 1.306ms
[56.631s] GC(764) Pause Incremental GC (Collect on allocation) 63.12M->40.12M 1.213ms
[56.669s] GC(765) Pause Incremental GC (Collect on allocation) 62.62M->40.12M 1.282ms
[56.708s] GC(766) Pause Incremental GC (Collect on allocation) 62.12M->40.12M 1.312ms
[56.746s] GC(767) Pause Incremental GC (Collect on allocation) 61.62M->40.12M 1.243ms
[56.783s] GC(768) Pause Incremental GC (Collect on allocation) 61.12M->40.12M 1.211ms
[56.819s] GC(769) Pause Incremental GC (Collect on allocation) 60.62M->40.12M 1.221ms
[56.853s] GC(770) Pause Incremental GC (Collect on allocation) 60.12M->40.12M 1.239ms
[56.887s] GC(771) Pause Incremental GC (Collect on allocation) 59.62M->40.12M 1.149ms
[56.921s] GC(772) Pause Incremental GC (Collect on allocation) 59.12M->40.12M 1.162ms
[56.953s] GC(773) Pause Incremental GC (Collect on allocation) 58.62M->40.12M 1.159ms
[56.985s] GC(774) Pause Incremental GC (Collect on allocation) 58.12M->40.12M 1.240ms
[57.015s] GC(775) Pause Incremental GC (Collect on allocation) 57.62M->40.62M 1.269ms
[57.047s] GC(776) Pause Incremental GC (Collect on allocation) 59.62M->40.62M 1.203ms
[57.090s] GC(777) Pause Incremental GC (Collect on allocation) 61.12M->40.62M 1.739ms
[57.123s] GC(778) Pause Incremental GC (Collect on allocation) 63.12M->40.62M 1.235ms
[57.166s] GC(779) Pause Incremental GC (Collect on allocation) 65.12M->40.62M 1.267ms
[57.208s] GC(780) Pause Incremental GC (Collect on allocation) 64.62M->40.62M 1.400ms
[57.248s] GC(781) Pause Incremental GC (Collect on allocation) 64.12M->40.62M 1.523ms
[57.289s] GC(782) Pause Incremental GC (Collect on allocation) 63.62M->40.62M 1.194ms
[57.328s] GC(783) Pause Incremental GC (Collect on allocation) 63.12M->40.62M 1.192ms
[57.367s] GC(784) Pause Incremental GC (Collect on allocation) 62.62M->40.62M 1.336ms
[57.404s] GC(785) Pause Incremental GC (Collect on allocation) 62.12M->40.62M 1.352ms
[57.441s] GC(786) Pause Incremental GC (Collect on allocation) 61.62M->40.62M 1.577ms
[57.477s] GC(787) Pause Incremental GC (Collect on allocation) 61.12M->40.62M 1.213ms
[57.512s] GC(788) Pause Incremental GC (Collect on allocation) 60.62M->40.62M 1.213ms
[57.546s] GC(789) Pause Incremental GC (Collect on allocation) 60.12M->40.62M 1.216ms
[57.580s] GC(790) Pause Incremental GC (Collect on allocation) 59.62M->40.62M 1.213ms
[57.613s] GC(791) Pause Incremental GC (Collect on allocation) 59.12M->40.62M 1.289ms
[57.643s] GC(792) Pause Incremental GC (Collect on allocation) 58.62M->40.62M 1.227ms
[57.677s] GC(793) Pause Incremental GC (Collect on allocation) 60.12M->40.62M 1.255ms
[57.714s] GC(794) Pause Incremental GC (Collect on allocation) 61.62M->40.62M 1.274ms
[57.754s] GC(795) Pause Incremental GC (Collect on allocation) 63.62M->41.12M 1.298ms
[57.793s] GC(796) Pause Incremental GC (Collect on allocation) 63.62M->41.12M 1.305ms
[57.831s] GC(797) Pause Incremental GC (Collect on allocation) 63.12M->41.12M 1.271ms
[57.869s] GC(798) Pause Incremental GC (Collect on allocation) 62.62M->41.12M 1.455ms
[57.905s] GC(799) Pause Incremental GC (Collect on allocation) 62.12M->41.12M 1.312ms
[57.941s] GC(800) Pause Incremental GC (Collect on allocation) 61.62M->41.12M 1.255ms
[57.972s] GC(801) Pause Incremental GC (Collect on allocation) 61.12M->41.12M 1.316ms
[57.987s] GC(802) Pause Incremental GC (Collect on allocation) 62.62M->41.12M 1.106ms
[58.029s] GC(803) Pause Incremental GC (Collect on allocation) 64.62M->41.12M 1.156ms
[58.095s] GC(804) Pause Full GC (Collect on allocation) 66.62M->40.12M 22.268ms
[58.129s] GC(805) Pause Incremental GC (Collect on allocation) 70.62M->40.12M 1.621ms
[58.180s] GC(806) Pause Incremental GC (Collect on allocation) 70.12M->40.12M 1.528ms
[58.231s] GC(807) Pause Incremental GC (Collect on allocation) 69.62M->40.12M 1.542ms
[58.282s] GC(808) Pause Incremental GC (Collect on allocation) 69.12M->40.12M 1.480ms
[58.331s] GC(809) Pause Incremental GC (Collect on allocation) 68.62M->40.12M 1.315ms
[58.380s] GC(810) Pause Incremental GC (Collect on allocation) 68.12M->40.12M 1.310ms
[58.430s] GC(811) Pause Incremental GC (Collect on allocation) 67.62M->40.62M 1.703ms
[58.475s] GC(812) Pause Incremental GC (Collect on allocation) 67.62M->40.62M 1.335ms
[58.521s] GC(813) Pause Incremental GC (Collect on allocation) 67.12M->41.12M 1.506ms
[58.564s] GC(814) Pause Incremental GC (Collect on allocation) 67.12M->41.62M 1.555ms
[58.608s] GC(815) Pause Incremental GC (Collect on allocation) 67.12M->42.12M 1.638ms
[58.650s] GC(816) Pause Incremental GC (Collect on allocation) 67.12M->43.12M 2.004ms
[58.695s] GC(817) Pause Incremental GC (Collect on allocation) 70.12M->44.12M 1.733ms
[58.749s] GC(818) Pause Incremental GC (Collect on allocation) 73.62M->44.62M 2.376ms
[58.807s] GC(819) Pause Incremental GC (Collect on allocation) 76.62M->44.62M 1.838ms
[58.869s] GC(820) Pause Incremental GC (Collect on allocation) 79.62M->45.12M 1.882ms
[58.924s] GC(821) Pause Incremental GC (Collect on allocation) 79.62M->45.12M 1.686ms
[58.982s] GC(822) Pause Incremental GC (Collect on allocation) 79.12M->45.62M 1.475ms
[59.041s] GC(823) Pause Incremental GC (Collect on allocation) 79.12M->45.62M 1.318ms
[59.100s] GC(824) Pause Incremental GC (Collect on allocation) 78.62M->45.62M 1.331ms
[59.157s] GC(825) Pause Incremental GC (Collect on allocation) 78.12M->45.62M 1.370ms
[59.213s] GC(826) Pause Incremental GC (Collect on allocation) 77.62M->45.62M 1.304ms
[59.268s] GC(827) Pause Incremental GC (Collect on allocation) 77.12M->45.62M 1.264ms
[59.324s] GC(828) Pause Incremental GC (Collect on allocation) 76.62M->45.62M 1.493ms
[59.376s] GC(829) Pause Incremental GC (Collect on allocation) 76.12M->45.62M 1.648ms
[59.429s] GC(830) Pause Incremental GC (Collect on allocation) 75.62M->45.62M 1.537ms
[59.480s] GC(831) Pause Incremental GC (Collect on allocation) 75.12M->45.62M 1.311ms
[59.532s] GC(832) Pause Incremental GC (Collect on allocation) 74.62M->45.62M 1.313ms
[59.582s] GC(833) Pause Incremental GC (Collect on allocation) 74.12M->45.62M 1.330ms
[59.631s] GC(834) Pause Incremental GC (Collect on allocation) 73.62M->45.62M 1.274ms
[59.679s] GC(835) Pause Incremental GC (Collect on allocation) 73.12M->45.62M 1.290ms
[59.727s] GC(836) Pause Incremental GC (Collect on allocation) 72.62M->45.62M 1.434ms
[59.773s] GC(837) Pause Incremental GC (Collect on allocation) 72.12M->45.62M 1.261ms
[59.819s] GC(838) Pause Incremental GC (Collect on allocation) 71.62M->45.62M 1.261ms
[59.864s] GC(839) Pause Incremental GC (Collect on allocation) 71.12M->45.62M 1.270ms
[59.908s] GC(840) Pause Incremental GC (Collect on allocation) 70.62M->45.62M 1.242ms
[59.951s] GC(841) Pause Incremental GC (Collect on allocation) 70.12M->45.62M 1.285ms
[59.994s] GC(842) Pause Incremental GC (Collect on allocation) 69.62M->45.62M 1.215ms
[60.035s] GC(843) Pause Incremental GC (Collect on allocation) 69.12M->45.62M 1.177ms
[60.075s] GC(844) Pause Incremental GC (Collect on allocation) 68.62M->46.12M 1.294ms
[60.115s] GC(845) Pause Incremental GC (Collect on allocation) 68.62M->46.12M 1.203ms
[60.154s] GC(846) Pause Incremental GC (Collect on allocation) 68.12M->46.12M 1.161ms
[60.192s] GC(847) Pause Incremental GC (Collect on allocation) 67.62M->46.12M 1.191ms
[60.250s] GC(848) Pause Full GC (Collect on allocation) 67.12M->40.12M 23.480ms
[60.272s] GC(849) Pause Incremental GC (Collect on allocation) 60.12M->40.12M 1.571ms
[60.297s] GC(850) Pause Incremental GC (Collect on allocation) 59.62M->40.12M 1.255ms
[60.331s] GC(851) Pause Incremental GC (Collect on allocation) 59.12M->40.12M 1.240ms
[60.363s] GC(852) Pause Incremental GC (Collect on allocation) 58.62M->40.12M 1.190ms
[60.394s] GC(853) Pause Incremental GC (Collect on allocation) 58.12M->40.12M 1.221ms
[60.425s] GC(854) Pause Incremental GC (Collect on allocation) 57.62M->40.12M 1.231ms
[60.454s] GC(855) Pause Incremental GC (Collect on allocation) 57.12M->40.12M 1.135ms
[60.483s] GC(856) Pause Incremental GC (Collect on allocation) 56.62M->40.12M 1.135ms
[60.515s] GC(857) Pause Incremental GC (Collect on allocation) 58.12M->40.12M 1.135ms
[60.545s] GC(858) Pause Incremental GC (Collect on allocation) 57.62M->40.12M 1.220ms
[60.576s] GC(859) Pause Incremental GC (Collect on allocation) 59.12M->40.62M 1.224ms
[60.612s] GC(860) Pause Incremental GC (Collect on allocation) 61.12M->40.62M 1.184ms
[60.647s] GC(861) Pause Incremental GC (Collect on allocation) 60.62M->40.62M 1.183ms
[60.681s] GC(862) Pause Incremental GC (Collect on allocation) 60.12M->40.62M 1.287ms
[60.714s] GC(863) Pause Incremental GC (Collect on allocation) 59.62M->40.62M 1.231ms
[60.746s] GC(864) Pause Incremental GC (Collect on allocation) 59.12M->40.62M 1.253ms
[60.777s] GC(865) Pause Incremental GC (Collect on allocation) 58.62M->40.62M 1.199ms
[60.807s] GC(866) Pause Incremental GC (Collect on allocation) 58.12M->40.62M 1.219ms
[60.841s] GC(867) Pause Incremental GC (Collect on allocation) 59.62M->40.62M 1.159ms
[60.872s] GC(868) Pause Incremental GC (Collect on allocation) 59.12M->40.62M 1.217ms
[60.903s] GC(869) Pause Incremental GC (Collect on allocation) 58.62M->40.62M 1.138ms
[60.934s] GC(870) Pause Incremental GC (Collect on allocation) 58.12M->40.62M 1.154ms
[60.964s] GC(871) Pause Incremental GC (Collect on allocation) 57.62M->40.62M 1.134ms
[60.993s] GC(872) Pause Incremental GC (Collect on allocation) 57.12M->40.62M 1.244ms
[61.024s] GC(873) Pause Incremental GC (Collect on allocation) 58.62M->40.62M 1.155ms
[61.057s] GC(874) Pause Incremental GC (Collect on allocation) 60.12M->40.62M 1.232ms
[61.094s] GC(875) Pause Incremental GC (Collect on allocation) 61.62M->40.62M 1.302ms
[61.130s] GC(876) Pause Incremental GC (Collect on allocation) 61.12M->40.62M 1.254ms
[61.169s] GC(877) Pause Incremental GC (Collect on allocation) 60.62M->40.62M 1.358ms
[61.199s] GC(878) Pause Incremental GC (Collect on allocation) 60.12M->40.62M 1.327ms
[61.235s] GC(879) Pause Incremental GC (Collect on allocation) 61.62M->40.62M 1.287ms
[61.271s] GC(880) Pause Incremental GC (Collect on allocation) 61.12M->40.62M 1.246ms
[61.306s] GC(881) Pause Incremental GC (Collect on allocation) 60.62M->40.62M 1.220ms
[61.341s] GC(882) Pause Incremental GC (Collect on allocation) 60.12M->41.12M 1.264ms
[61.373s] GC(883) Pause Incremental GC (Collect on allocation) 60.12M->41.12M 1.232ms
[61.406s] GC(884) Pause Incremental GC (Collect on allocation) 59.62M->41.12M 1.201ms
[61.437s] GC(885) Pause Incremental GC (Collect on allocation) 59.12M->41.12M 1.158ms
[61.468s] GC(886) Pause Incremental GC (Collect on allocation) 58.62M->41.12M 1.252ms
[61.523s] GC(887) Pause Full GC (Collect on allocation) 58.12M->40.12M 26.563ms
[61.550s] GC(888) Pause Incremental GC (Collect on allocation) 60.62M->40.12M 1.426ms
[61.573s] GC(889) Pause Incremental GC (Collect on allocation) 62.62M->40.12M 1.341ms
[61.615s] GC(890) Pause Incremental GC (Collect on allocation) 64.62M->40.12M 1.338ms
[61.662s] GC(891) Pause Incremental GC (Collect on allocation) 66.62M->40.12M 1.256ms
[61.713s] GC(892) Pause Incremental GC (Collect on allocation) 69.12M->40.62M 1.236ms
[61.763s] GC(893) Pause Incremental GC (Collect on allocation) 69.12M->40.62M 1.222ms
[61.814s] GC(894) Pause Incremental GC (Collect on allocation) 68.62M->40.62M 1.396ms
[61.860s] GC(895) Pause Incremental GC (Collect on allocation) 68.12M->40.62M 1.357ms
[61.908s] GC(896) Pause Incremental GC (Collect on allocation) 67.62M->40.62M 1.224ms
[61.954s] GC(897) Pause Incremental GC (Collect on allocation) 67.12M->40.62M 1.322ms
[61.999s] GC(898) Pause Incremental GC (Collect on allocation) 66.62M->40.62M 1.196ms
[62.044s] GC(899) Pause Incremental GC (Collect on allocation) 66.12M->40.62M 1.229ms
[62.088s] GC(900) Pause Incremental GC (Collect on allocation) 65.62M->40.62M 1.263ms
[62.131s] GC(901) Pause Incremental GC (Collect on allocation) 65.12M->40.62M 1.220ms
[62.173s] GC(902) Pause Incremental GC (Collect on allocation) 64.62M->40.62M 1.275ms
[62.214s] GC(903) Pause Incremental GC (Collect on allocation) 64.12M->40.62M 1.195ms
[62.255s] GC(904) Pause Incremental GC (Collect on allocation) 63.62M->40.62M 1.247ms
[62.294s] GC(905) Pause Incremental GC (Collect on allocation) 63.12M->40.62M 1.247ms
[62.333s] GC(906) Pause Incremental GC (Collect on allocation) 62.62M->40.62M 1.293ms
[62.371s] GC(907) Pause Incremental GC (Collect on allocation) 62.12M->40.62M 1.207ms
[62.407s] GC(908) Pause Incremental GC (Collect on allocation) 61.62M->40.62M 1.282ms
[62.443s] GC(909) Pause Incremental GC (Collect on allocation) 61.12M->40.62M 1.311ms
[62.478s] GC(910) Pause Incremental GC (Collect on allocation) 60.62M->40.62M 1.315ms
[62.512s] GC(911) Pause Incremental GC (Collect on allocation) 60.12M->40.62M 1.241ms
[62.545s] GC(912) Pause Incremental GC (Collect on allocation) 59.62M->40.62M 1.276ms
[62.578s] GC(913) Pause Incremental GC (Collect on allocation) 59.12M->40.62M 1.218ms
[62.609s] GC(914) Pause Incremental GC (Collect on allocation) 58.62M->41.12M 1.206ms
[62.643s] GC(915) Pause Incremental GC (Collect on allocation) 60.62M->41.12M 1.251ms
[62.681s] GC(916) Pause Incremental GC (Collect on allocation) 62.12M->41.12M 1.293ms
[62.716s] GC(917) Pause Incremental GC (Collect on allocation) 61.62M->41.12M 1.402ms
[62.755s] GC(918) Pause Incremental GC (Collect on allocation) 63.62M->41.12M 1.225ms
[62.794s] GC(919) Pause Incremental GC (Collect on allocation) 63.12M->41.12M 1.406ms
[62.831s] GC(920) Pause Incremental GC (Collect on allocation) 62.62M->41.12M 1.408ms
[62.868s] GC(921) Pause Incremental GC (Collect on allocation) 62.12M->41.12M 1.221ms
[62.904s] GC(922) Pause Incremental GC (Collect on allocation) 61.62M->41.12M 1.222ms
[62.939s] GC(923) Pause Incremental GC (Collect on allocation) 61.12M->41.12M 1.166ms
[62.972s] GC(924) Pause Incremental GC (Collect on allocation) 60.62M->41.12M 1.396ms
[62.980s] GC(925) Pause Incremental GC (Collect on allocation) 60.12M->41.12M 1.089ms
[63.017s] GC(926) Pause Incremental GC (Collect on allocation) 62.12M->41.12M 1.266ms
[63.056s] GC(927) Pause Incremental GC (Collect on allocation) 64.12M->41.12M 1.206ms
[63.100s] GC(928) Pause Incremental GC (Collect on allocation) 66.12M->41.12M 1.279ms
[63.168s] GC(929) Pause Full GC (Collect on allocation) 68.12M->40.12M 21.426ms
[63.204s] GC(930) Pause Incremental GC (Collect on allocation) 72.12M->40.12M 1.447ms
[63.261s] GC(931) Pause Incremental GC (Collect on allocation) 71.62M->40.12M 1.903ms
[63.314s] GC(932) Pause Incremental GC (Collect on allocation) 71.12M->40.62M 1.335ms
[63.366s] GC(933) Pause Incremental GC (Collect on allocation) 71.12M->41.12M 1.624ms
[63.417s] GC(934) Pause Incremental GC (Collect on allocation) 71.12M->41.62M 1.788ms
[63.467s] GC(935) Pause Incremental GC (Collect on allocation) 71.12M->42.62M 1.716ms
[63.516s] GC(936) Pause Incremental GC (Collect on allocation) 71.62M->43.62M 1.749ms
[63.565s] GC(937) Pause Incremental GC (Collect on allocation) 72.12M->44.12M 1.666ms
[63.614s] GC(938) Pause Incremental GC (Collect on allocation) 72.12M->44.62M 1.355ms
[63.662s] GC(939) Pause Incremental GC (Collect on allocation) 72.12M->44.62M 1.312ms
[63.710s] GC(940) Pause Incremental GC (Collect on allocation) 71.62M->44.62M 1.283ms
[63.755s] GC(941) Pause Incremental GC (Collect on allocation) 71.12M->44.62M 1.369ms
[63.801s] GC(942) Pause Incremental GC (Collect on allocation) 70.62M->45.12M 1.337ms
[63.845s] GC(943) Pause Incremental GC (Collect on allocation) 70.62M->45.12M 1.262ms
[63.889s] GC(944) Pause Incremental GC (Collect on allocation) 70.12M->45.12M 1.281ms
[63.933s] GC(945) Pause Incremental GC (Collect on allocation) 69.62M->45.12M 1.504ms
[63.974s] GC(946) Pause Incremental GC (Collect on allocation) 69.12M->45.12M 1.387ms
[64.015s] GC(947) Pause Incremental GC (Collect on allocation) 68.62M->45.12M 1.317ms
[64.054s] GC(948) Pause Incremental GC (Collect on allocation) 68.12M->45.12M 1.343ms
[64.094s] GC(949) Pause Incremental GC (Collect on allocation) 67.62M->45.12M 1.362ms
[64.133s] GC(950) Pause Incremental GC (Collect on allocation) 67.12M->45.12M 1.442ms
[64.170s] GC(951) Pause Incremental GC (Collect on allocation) 66.62M->45.12M 1.290ms
[64.207s] GC(952) Pause Incremental GC (Collect on allocation) 66.12M->45.12M 1.364ms
[64.243s] GC(953) Pause Incremental GC (Collect on allocation) 65.62M->45.62M 1.344ms
[64.277s] GC(954) Pause Incremental GC (Collect on allocation) 65.62M->45.62M 1.307ms
[64.311s] GC(955) Pause Incremental GC (Collect on allocation) 65.12M->45.62M 1.210ms
[64.344s] GC(956) Pause Incremental GC (Collect on allocation) 64.62M->45.62M 1.306ms
[64.377s] GC(957) Pause Incremental GC (Collect on allocation) 64.12M->45.62M 1.208ms
[64.408s] GC(958) Pause Incremental GC (Collect on allocation) 63.62M->45.62M 1.167ms
[64.440s] GC(959) Pause Incremental GC (Collect on allocation) 63.12M->45.62M 1.311ms
[64.472s] GC(960) Pause Incremental GC (Collect on allocation) 64.62M->45.62M 1.213ms
[64.507s] GC(961) Pause Incremental GC (Collect on allocation) 66.12M->45.62M 1.328ms
[64.546s] GC(962) Pause Incremental GC (Collect on allocation) 68.12M->45.62M 1.165ms
[64.585s] GC(963) Pause Incremental GC (Collect on allocation) 67.62M->45.62M 1.213ms
[64.622s] GC(964) Pause Incremental GC (Collect on allocation) 67.12M->45.62M 1.175ms
[64.659s] GC(965) Pause Incremental GC (Collect on allocation) 66.62M->45.62M 1.211ms
[64.695s] GC(966) Pause Incremental GC (Collect on allocation) 66.12M->45.62M 1.202ms
[64.730s] GC(967) Pause Incremental GC (Collect on allocation) 65.62M->45.62M 1.322ms
[64.764s] GC(968) Pause Incremental GC (Collect on allocation) 65.12M->45.62M 1.295ms
[64.798s] GC(969) Pause Incremental GC (Collect on allocation) 64.62M->45.62M 1.192ms
[64.831s] GC(970) Pause Incremental GC (Collect on allocation) 64.12M->45.62M 1.194ms
[64.862s] GC(971) Pause Incremental GC (Collect on allocation) 63.62M->45.62M 1.151ms
[64.915s] GC(972) Pause Full GC (Collect on allocation) 63.12M->40.12M 23.825ms
[64.934s] GC(973) Pause Incremental GC (Collect on allocation) 58.62M->40.12M 1.463ms
[64.956s] GC(974) Pause Incremental GC (Collect on allocation) 58.12M->40.12M 1.210ms
[64.991s] GC(975) Pause Incremental GC (Collect on allocation) 59.62M->40.12M 1.247ms
[65.029s] GC(976) Pause Incremental GC (Collect on allocation) 61.12M->40.12M 1.180ms
[65.067s] GC(977) Pause Incremental GC (Collect on allocation) 63.12M->40.12M 1.169ms
[65.107s] GC(978) Pause Incremental GC (Collect on allocation) 62.62M->40.12M 1.201ms
[65.145s] GC(979) Pause Incremental GC (Collect on allocation) 62.12M->40.12M 1.173ms
[65.183s] GC(980) Pause Incremental GC (Collect on allocation) 61.62M->40.12M 1.254ms
[65.220s] GC(981) Pause Incremental GC (Collect on allocation) 61.12M->40.12M 1.168ms
[65.256s] GC(982) Pause Incremental GC (Collect on allocation) 60.62M->40.12M 1.121ms
[65.290s] GC(983) Pause Incremental GC (Collect on allocation) 60.12M->40.12M 1.222ms
[65.323s] GC(984) Pause Incremental GC (Collect on allocation) 59.62M->40.12M 1.223ms
[65.356s] GC(985) Pause Incremental GC (Collect on allocation) 59.12M->40.62M 1.197ms
[65.389s] GC(986) Pause Incremental GC (Collect on allocation) 59.12M->40.62M 1.187ms
[65.420s] GC(987) Pause Incremental GC (Collect on allocation) 58.62M->40.62M 1.194ms
[65.451s] GC(988) Pause Incremental GC (Collect on allocation) 58.12M->40.62M 1.281ms
[65.480s] GC(989) Pause Incremental GC (Collect on allocation) 57.62M->40.62M 1.172ms
[65.512s] GC(990) Pause Incremental GC (Collect on allocation) 59.12M->40.62M 1.163ms
[65.547s] GC(991) Pause Incremental GC (Collect on allocation) 60.62M->40.62M 1.240ms
[65.583s] GC(992) Pause Incremental GC (Collect on allocation) 62.12M->40.62M 1.228ms
[65.619s] GC(993) Pause Incremental GC (Collect on allocation) 61.62M->40.62M 1.257ms
[65.655s] GC(994) Pause Incremental GC (Collect on allocation) 61.12M->40.62M 1.277ms
[65.690s] GC(995) Pause Incremental GC (Collect on allocation) 60.62M->40.62M 1.169ms
[65.724s] GC(996) Pause Incremental GC (Collect on allocation) 60.12M->40.62M 1.153ms
[65.758s] GC(997) Pause Incremental GC (Collect on allocation) 59.62M->40.62M 1.164ms
[65.790s] GC(998) Pause Incremental GC (Collect on allocation) 59.12M->40.62M 1.250ms
[65.821s] GC(999) Pause Incremental GC (Collect on allocation) 58.62M->40.62M 1.254ms
[65.851s] GC(1000) Pause Incremental GC (Collect on allocation) 58.12M->40.62M 1.307ms
[65.884s] GC(1001) Pause Incremental GC (Collect on allocation) 59.62M->40.62M 1.233ms
[65.920s] GC(1002) Pause Incremental GC (Collect on allocation) 61.12M->40.62M 1.223ms
[65.960s] GC(1003) Pause Incremental GC (Collect on allocation) 63.12M->40.62M 1.158ms
[65.998s] GC(1004) Pause Incremental GC (Collect on allocation) 62.62M->40.62M 1.220ms
[66.036s] GC(1005) Pause Incremental GC (Collect on allocation) 62.12M->40.62M 1.257ms
[66.073s] GC(1006) Pause Incremental GC (Collect on allocation) 61.62M->40.62M 1.228ms
[66.108s] GC(1007) Pause Incremental GC (Collect on allocation) 61.12M->41.12M 1.262ms
[66.144s] GC(1008) Pause Incremental GC (Collect on allocation) 61.12M->41.12M 1.200ms
[66.178s] GC(1009) Pause Incremental GC (Collect on allocation) 60.62M->41.12M 1.169ms
[66.211s] GC(1010) Pause Incremental GC (Collect on allocation) 60.12M->41.12M 1.214ms
[66.243s] GC(1011) Pause Incremental GC (Collect on allocation) 59.62M->41.12M 1.156ms
[66.275s] GC(1012) Pause Incremental GC (Collect on allocation) 59.12M->41.12M 1.167ms
[66.306s] GC(1013) Pause Incremental GC (Collect on allocation) 58.62M->41.12M 1.205ms
[66.359s] GC(1014) Pause Full GC (Collect on allocation) 58.12M->40.12M 25.009ms
[66.384s] GC(1015) Pause Incremental GC (Collect on allocation) 58.12M->40.12M 1.586ms
[66.403s] GC(1016) Pause Incremental GC (Collect on allocation) 57.62M->40.62M 1.467ms
[66.430s] GC(1017) Pause Incremental GC (Collect on allocation) 60.12M->40.62M 1.315ms
[66.468s] GC(1018) Pause Incremental GC (Collect on allocation) 62.12M->40.62M 1.189ms
[66.509s] GC(1019) Pause Incremental GC (Collect on allocation) 64.12M->40.62M 1.250ms
[66.553s] GC(1020) Pause Incremental GC (Collect on allocation) 66.12M->40.62M 1.305ms
[66.603s] GC(1021) Pause Incremental GC (Collect on allocation) 68.62M->40.62M 1.201ms
[66.654s] GC(1022) Pause Incremental GC (Collect on allocation) 68.12M->40.62M 1.760ms
[66.701s] GC(1023) Pause Incremental GC (Collect on allocation) 67.62M->40.62M 1.539ms
[66.746s] GC(1024) Pause Incremental GC (Collect on allocation) 67.12M->40.62M 1.253ms
[66.792s] GC(1025) Pause Incremental GC (Collect on allocation) 66.62M->40.62M 1.187ms
[66.837s] GC(1026) Pause Incremental GC (Collect on allocation) 66.12M->40.62M 1.287ms
[66.882s] GC(1027) Pause Incremental GC (Collect on allocation) 65.62M->40.62M 1.374ms
[66.923s] GC(1028) Pause Incremental GC (Collect on allocation) 65.12M->40.62M 1.258ms
[66.966s] GC(1029) Pause Incremental GC (Collect on allocation) 64.62M->40.62M 1.203ms
[67.007s] GC(1030) Pause Incremental GC (Collect on allocation) 64.12M->40.62M 1.191ms
[67.047s] GC(1031) Pause Incremental GC (Collect on allocation) 63.62M->40.62M 1.246ms
[67.087s] GC(1032) Pause Incremental GC (Collect on allocation) 63.12M->40.62M 1.149ms
[67.126s] GC(1033) Pause Incremental GC (Collect on allocation) 62.62M->40.62M 1.172ms
[67.163s] GC(1034) Pause Incremental GC (Collect on allocation) 62.12M->40.62M 1.177ms
[67.201s] GC(1035) Pause Incremental GC (Collect on allocation) 61.62M->41.12M 1.300ms
[67.236s] GC(1036) Pause Incremental GC (Collect on allocation) 61.62M->41.12M 1.234ms
[67.271s] GC(1037) Pause Incremental GC (Collect on allocation) 61.12M->41.12M 1.176ms
[67.305s] GC(1038) Pause Incremental GC (Collect on allocation) 60.62M->41.12M 1.268ms
[67.337s] GC(1039) Pause Incremental GC (Collect on allocation) 60.12M->41.12M 1.248ms
[67.369s] GC(1040) Pause Incremental GC (Collect on allocation) 59.62M->41.12M 1.364ms
[67.399s] GC(1041) Pause Incremental GC (Collect on allocation) 59.12M->41.12M 1.229ms
[67.433s] GC(1042) Pause Incremental GC (Collect on allocation) 60.62M->41.12M 1.209ms
[67.470s] GC(1043) Pause Incremental GC (Collect on allocation) 62.12M->41.12M 1.194ms
[67.506s] GC(1044) Pause Incremental GC (Collect on allocation) 61.62M->41.12M 1.370ms
[67.545s] GC(1045) Pause Incremental GC (Collect on allocation) 63.62M->41.12M 1.247ms
[67.584s] GC(1046) Pause Incremental GC (Collect on allocation) 63.12M->41.12M 1.167ms
[67.623s] GC(1047) Pause Incremental GC (Collect on allocation) 62.62M->41.12M 1.682ms
[67.659s] GC(1048) Pause Incremental GC (Collect on allocation) 62.12M->41.12M 1.176ms
[67.694s] GC(1049) Pause Incremental GC (Collect on allocation) 61.62M->41.12M 1.184ms
[67.730s] GC(1050) Pause Incremental GC (Collect on allocation) 61.12M->41.12M 1.186ms
[67.764s] GC(1051) Pause Incremental GC (Collect on allocation) 60.62M->41.12M 1.213ms
[67.829s] GC(1052) Pause Full GC (Collect on allocation) 60.12M->40.12M 32.489ms
[67.861s] GC(1053) Pause Incremental GC (Collect on allocation) 62.62M->40.12M 1.698ms
[67.892s] GC(1054) Pause Incremental GC (Collect on allocation) 64.62M->40.62M 1.545ms
[67.926s] GC(1055) Pause Incremental GC (Collect on allocation) 67.12M->40.62M 1.438ms
[67.972s] GC(1056) Pause Incremental GC (Collect on allocation) 66.62M->40.62M 1.453ms
[67.990s] GC(1057) Pause Incremental GC (Collect on allocation) 66.12M->40.62M 1.295ms
[68.034s] GC(1058) Pause Incremental GC (Collect on allocation) 65.62M->40.62M 1.287ms
[68.077s] GC(1059) Pause Incremental GC (Collect on allocation) 65.12M->40.62M 1.298ms
[68.119s] GC(1060) Pause Incremental GC (Collect on allocation) 64.62M->40.62M 1.244ms
[68.159s] GC(1061) Pause Incremental GC (Collect on allocation) 64.12M->41.12M 1.327ms
[68.198s] GC(1062) Pause Incremental GC (Collect on allocation) 64.12M->41.12M 1.414ms
[68.236s] GC(1063) Pause Incremental GC (Collect on allocation) 63.62M->41.62M 1.564ms
[68.274s] GC(1064) Pause Incremental GC (Collect on allocation) 63.62M->42.62M 1.593ms
[68.310s] GC(1065) Pause Incremental GC (Collect on allocation) 64.12M->43.12M 1.693ms
[68.346s] GC(1066) Pause Incremental GC (Collect on allocation) 64.12M->44.12M 1.673ms
[68.385s] GC(1067) Pause Incremental GC (Collect on allocation) 67.12M->44.62M 1.664ms
[68.423s] GC(1068) Pause Incremental GC (Collect on allocation) 67.12M->45.12M 1.565ms
[68.461s] GC(1069) Pause Incremental GC (Collect on allocation) 67.12M->45.12M 1.415ms
[68.501s] GC(1070) Pause Incremental GC (Collect on allocation) 66.62M->45.12M 1.313ms
[68.535s] GC(1071) Pause Incremental GC (Collect on allocation) 66.12M->45.62M 1.846ms
[68.575s] GC(1072) Pause Incremental GC (Collect on allocation) 68.62M->45.62M 1.227ms
[68.618s] GC(1073) Pause Incremental GC (Collect on allocation) 70.62M->45.62M 1.283ms
[68.665s] GC(1074) Pause Incremental GC (Collect on allocation) 72.62M->45.62M 1.499ms
[68.717s] GC(1075) Pause Incremental GC (Collect on allocation) 75.12M->45.62M 1.393ms
[68.768s] GC(1076) Pause Incremental GC (Collect on allocation) 74.62M->45.62M 1.196ms
[68.817s] GC(1077) Pause Incremental GC (Collect on allocation) 74.12M->45.62M 1.477ms
[68.867s] GC(1078) Pause Incremental GC (Collect on allocation) 73.62M->45.62M 1.243ms
[68.916s] GC(1079) Pause Incremental GC (Collect on allocation) 73.12M->45.62M 1.298ms
[68.963s] GC(1080) Pause Incremental GC (Collect on allocation) 72.62M->45.62M 1.489ms
[69.009s] GC(1081) Pause Incremental GC (Collect on allocation) 72.12M->45.62M 1.384ms
[69.053s] GC(1082) Pause Incremental GC (Collect on allocation) 71.62M->45.62M 1.279ms
[69.098s] GC(1083) Pause Incremental GC (Collect on allocation) 71.12M->46.12M 1.424ms
[69.141s] GC(1084) Pause Incremental GC (Collect on allocation) 71.12M->46.12M 1.288ms
[69.184s] GC(1085) Pause Incremental GC (Collect on allocation) 70.62M->46.12M 1.295ms
[69.226s] GC(1086) Pause Incremental GC (Collect on allocation) 70.12M->46.12M 1.273ms
[69.266s] GC(1087) Pause Incremental GC (Collect on allocation) 69.62M->46.12M 1.315ms
[69.306s] GC(1088) Pause Incremental GC (Collect on allocation) 69.12M->46.12M 1.261ms
[69.346s] GC(1089) Pause Incremental GC (Collect on allocation) 68.62M->46.12M 1.291ms
[69.384s] GC(1090) Pause Incremental GC (Collect on allocation) 68.12M->46.12M 1.301ms
[69.421s] GC(1091) Pause Incremental GC (Collect on allocation) 67.62M->46.12M 1.268ms
[69.483s] GC(1092) Pause Full GC (Collect on allocation) 67.12M->40.12M 27.067ms
[69.511s] GC(1093) Pause Incremental GC (Collect on allocation) 65.12M->41.12M 2.460ms
[69.547s] GC(1094) Pause Incremental GC (Collect on allocation) 68.12M->41.12M 1.683ms
[69.597s] GC(1095) Pause Incremental GC (Collect on allocation) 70.62M->41.12M 1.405ms
[69.652s] GC(1096) Pause Incremental GC (Collect on allocation) 73.12M->41.12M 1.287ms
[69.713s] GC(1097) Pause Incremental GC (Collect on allocation) 75.62M->41.12M 1.279ms
[69.772s] GC(1098) Pause Incremental GC (Collect on allocation) 75.12M->41.12M 1.294ms
[69.831s] GC(1099) Pause Incremental GC (Collect on allocation) 74.62M->41.12M 1.329ms
[69.888s] GC(1100) Pause Incremental GC (Collect on allocation) 74.12M->41.12M 1.356ms
[69.943s] GC(1101) Pause Incremental GC (Collect on allocation) 73.62M->41.12M 1.270ms
[70.000s] GC(1102) Pause Incremental GC (Collect on allocation) 73.12M->41.62M 1.234ms
[70.055s] GC(1103) Pause Incremental GC (Collect on allocation) 73.12M->41.62M 1.248ms
[70.110s] GC(1104) Pause Incremental GC (Collect on allocation) 72.62M->41.62M 1.501ms
[70.162s] GC(1105) Pause Incremental GC (Collect on allocation) 72.12M->41.62M 1.464ms
[70.215s] GC(1106) Pause Incremental GC (Collect on allocation) 71.62M->41.62M 1.351ms
[70.267s] GC(1107) Pause Incremental GC (Collect on allocation) 71.12M->41.62M 1.226ms
[70.318s] GC(1108) Pause Incremental GC (Collect on allocation) 70.62M->41.62M 1.236ms
[70.368s] GC(1109) Pause Incremental GC (Collect on allocation) 70.12M->41.62M 1.350ms
[70.417s] GC(1110) Pause Incremental GC (Collect on allocation) 69.62M->41.62M 1.386ms
[70.464s] GC(1111) Pause Incremental GC (Collect on allocation) 69.12M->41.62M 1.281ms
[70.512s] GC(1112) Pause Incremental GC (Collect on allocation) 68.62M->41.62M 1.290ms
[70.559s] GC(1113) Pause Incremental GC (Collect on allocation) 68.12M->41.62M 1.263ms
[70.605s] GC(1114) Pause Incremental GC (Collect on allocation) 67.62M->41.62M 1.248ms
[70.650s] GC(1115) Pause Incremental GC (Collect on allocation) 67.12M->41.62M 1.442ms
[70.691s] GC(1116) Pause Incremental GC (Collect on allocation) 66.62M->41.62M 1.315ms
[70.734s] GC(1117) Pause Incremental GC (Collect on allocation) 66.12M->42.12M 1.374ms
[70.776s] GC(1118) Pause Incremental GC (Collect on allocation) 66.12M->42.12M 1.217ms
[70.817s] GC(1119) Pause Incremental GC (Collect on allocation) 65.62M->42.12M 1.249ms
[70.858s] GC(1120) Pause Incremental GC (Collect on allocation) 65.12M->42.12M 1.192ms
[70.897s] GC(1121) Pause Incremental GC (Collect on allocation) 64.62M->42.12M 1.188ms
[70.935s] GC(1122) Pause Incremental GC (Collect on allocation) 64.12M->42.12M 1.240ms
[70.973s] GC(1123) Pause Incremental GC (Collect on allocation) 63.62M->42.12M 1.360ms
[71.012s] GC(1124) Pause Incremental GC (Collect on allocation) 63.12M->42.12M 1.403ms
[71.046s] GC(1125) Pause Incremental GC (Collect on allocation) 62.62M->42.12M 1.324ms
[71.080s] GC(1126) Pause Incremental GC (Collect on allocation) 62.12M->42.12M 1.305ms
[71.114s] GC(1127) Pause Incremental GC (Collect on allocation) 61.62M->42.12M 1.248ms
[71.150s] GC(1128) Pause Incremental GC (Collect on allocation) 63.12M->42.12M 1.204ms
[71.186s] GC(1129) Pause Incremental GC (Collect on allocation) 62.62M->42.12M 1.229ms
[71.220s] GC(1130) Pause Incremental GC (Collect on allocation) 62.12M->42.12M 1.268ms
[71.258s] GC(1131) Pause Incremental GC (Collect on allocation) 63.62M->42.12M 1.262ms
[71.295s] GC(1132) Pause Incremental GC (Collect on allocation) 63.12M->42.12M 1.316ms
[71.330s] GC(1133) Pause Incremental GC (Collect on allocation) 62.62M->42.12M 1.245ms
[71.391s] GC(1134) Pause Full GC (Collect on allocation) 62.12M->40.12M 27.998ms
[71.417s] GC(1135) Pause Incremental GC (Collect on allocation) 63.62M->40.12M 1.618ms
[71.450s] GC(1136) Pause Incremental GC (Collect on allocation) 65.62M->40.12M 1.302ms
[71.499s] GC(1137) Pause Incremental GC (Collect on allocation) 68.12M->40.12M 1.348ms
[71.548s] GC(1138) Pause Incremental GC (Collect on allocation) 67.62M->40.12M 1.310ms
[71.595s] GC(1139) Pause Incremental GC (Collect on allocation) 67.12M->40.12M 1.215ms
[71.642s] GC(1140) Pause Incremental GC (Collect on allocation) 66.62M->40.12M 1.219ms
[71.688s] GC(1141) Pause Incremental GC (Collect on allocation) 66.12M->40.12M 1.147ms
[71.735s] GC(1142) Pause Incremental GC (Collect on allocation) 65.62M->40.12M 1.506ms
[71.776s] GC(1143) Pause Incremental GC (Collect on allocation) 65.12M->40.12M 1.448ms
[71.822s] GC(1144) Pause Incremental GC (Collect on allocation) 64.62M->40.12M 1.340ms
[71.861s] GC(1145) Pause Incremental GC (Collect on allocation) 64.12M->40.62M 1.444ms
[71.903s] GC(1146) Pause Incremental GC (Collect on allocation) 64.12M->40.62M 1.369ms
[71.944s] GC(1147) Pause Incremental GC (Collect on allocation) 63.62M->40.62M 1.749ms
[71.983s] GC(1148) Pause Incremental GC (Collect on allocation) 63.12M->40.62M 1.619ms
[72.026s] GC(1149) Pause Incremental GC (Collect on allocation) 65.12M->40.62M 1.418ms
[72.069s] GC(1150) Pause Incremental GC (Collect on allocation) 64.62M->40.62M 1.758ms
[72.116s] GC(1151) Pause Incremental GC (Collect on allocation) 66.62M->40.62M 1.855ms
[72.166s] GC(1152) Pause Incremental GC (Collect on allocation) 69.12M->40.62M 1.999ms
[72.219s] GC(1153) Pause Incremental GC (Collect on allocation) 71.62M->40.62M 1.653ms
[72.278s] GC(1154) Pause Incremental GC (Collect on allocation) 74.12M->40.62M 1.426ms
[72.335s] GC(1155) Pause Incremental GC (Collect on allocation) 73.62M->40.62M 1.276ms
[72.390s] GC(1156) Pause Incremental GC (Collect on allocation) 73.12M->40.62M 1.352ms
[72.447s] GC(1157) Pause Incremental GC (Collect on allocation) 72.62M->40.62M 1.555ms
[72.503s] GC(1158) Pause Incremental GC (Collect on allocation) 72.12M->41.12M 1.344ms
[72.558s] GC(1159) Pause Incremental GC (Collect on allocation) 72.12M->41.12M 1.618ms
[72.611s] GC(1160) Pause Incremental GC (Collect on allocation) 71.62M->41.12M 1.385ms
[72.664s] GC(1161) Pause Incremental GC (Collect on allocation) 71.12M->41.12M 1.281ms
[72.716s] GC(1162) Pause Incremental GC (Collect on allocation) 70.62M->41.12M 1.511ms
[72.767s] GC(1163) Pause Incremental GC (Collect on allocation) 70.12M->41.12M 1.558ms
[72.817s] GC(1164) Pause Incremental GC (Collect on allocation) 69.62M->41.12M 1.714ms
[72.865s] GC(1165) Pause Incremental GC (Collect on allocation) 69.12M->41.12M 1.401ms
[72.913s] GC(1166) Pause Incremental GC (Collect on allocation) 68.62M->41.12M 1.357ms
[72.960s] GC(1167) Pause Incremental GC (Collect on allocation) 68.12M->41.12M 1.418ms
[72.980s] GC(1168) Pause Incremental GC (Collect on allocation) 67.62M->41.62M 1.285ms
[73.038s] GC(1169) Pause Incremental GC (Collect on allocation) 70.62M->41.62M 1.831ms
[73.107s] GC(1170) Pause Full GC (Collect on allocation) 73.12M->39.62M 23.283ms
[73.152s] GC(1171) Pause Incremental GC (Collect on allocation) 76.12M->40.62M 2.286ms
[73.215s] GC(1172) Pause Incremental GC (Collect on allocation) 80.12M->42.12M 1.912ms
[73.282s] GC(1173) Pause Incremental GC (Collect on allocation) 81.12M->42.62M 1.521ms
[73.350s] GC(1174) Pause Incremental GC (Collect on allocation) 81.12M->42.62M 1.615ms
[73.417s] GC(1175) Pause Incremental GC (Collect on allocation) 80.62M->42.62M 1.558ms
[73.483s] GC(1176) Pause Incremental GC (Collect on allocation) 80.12M->43.12M 1.318ms
[73.549s] GC(1177) Pause Incremental GC (Collect on allocation) 80.12M->43.12M 1.316ms
[73.614s] GC(1178) Pause Incremental GC (Collect on allocation) 79.62M->43.12M 1.269ms
[73.677s] GC(1179) Pause Incremental GC (Collect on allocation) 79.12M->43.12M 1.295ms
[73.741s] GC(1180) Pause Incremental GC (Collect on allocation) 78.62M->43.12M 1.329ms
[73.802s] GC(1181) Pause Incremental GC (Collect on allocation) 78.12M->43.12M 1.463ms
[73.863s] GC(1182) Pause Incremental GC (Collect on allocation) 77.62M->43.12M 1.316ms
[73.923s] GC(1183) Pause Incremental GC (Collect on allocation) 77.12M->43.12M 1.288ms
[73.983s] GC(1184) Pause Incremental GC (Collect on allocation) 76.62M->43.12M 1.317ms
[74.041s] GC(1185) Pause Incremental GC (Collect on allocation) 76.12M->43.12M 1.339ms
[74.099s] GC(1186) Pause Incremental GC (Collect on allocation) 75.62M->43.12M 1.262ms
[74.155s] GC(1187) Pause Incremental GC (Collect on allocation) 75.12M->43.12M 1.300ms
[74.211s] GC(1188) Pause Incremental GC (Collect on allocation) 74.62M->43.12M 1.254ms
[74.266s] GC(1189) Pause Incremental GC (Collect on allocation) 74.12M->43.12M 1.706ms
[74.320s] GC(1190) Pause Incremental GC (Collect on allocation) 73.62M->43.12M 1.551ms
[74.373s] GC(1191) Pause Incremental GC (Collect on allocation) 73.12M->43.12M 1.314ms
[74.425s] GC(1192) Pause Incremental GC (Collect on allocation) 72.62M->43.12M 1.747ms
[74.475s] GC(1193) Pause Incremental GC (Collect on allocation) 72.12M->43.12M 1.749ms
[74.536s] GC(1194) Pause Incremental GC (Collect on allocation) 71.62M->43.62M 2.369ms
[74.573s] GC(1195) Pause Incremental GC (Collect on allocation) 71.62M->43.62M 1.405ms
[74.621s] GC(1196) Pause Incremental GC (Collect on allocation) 71.12M->43.62M 1.292ms
[74.669s] GC(1197) Pause Incremental GC (Collect on allocation) 70.62M->43.62M 1.299ms
[74.716s] GC(1198) Pause Incremental GC (Collect on allocation) 70.12M->43.62M 1.281ms
[74.762s] GC(1199) Pause Incremental GC (Collect on allocation) 69.62M->43.62M 1.339ms
[74.807s] GC(1200) Pause Incremental GC (Collect on allocation) 69.12M->43.62M 1.302ms
[74.850s] GC(1201) Pause Incremental GC (Collect on allocation) 68.62M->43.62M 1.371ms
[74.893s] GC(1202) Pause Incremental GC (Collect on allocation) 68.12M->43.62M 1.277ms
[74.935s] GC(1203) Pause Incremental GC (Collect on allocation) 67.62M->43.62M 1.269ms
[74.977s] GC(1204) Pause Incremental GC (Collect on allocation) 67.12M->43.62M 1.464ms
[75.016s] GC(1205) Pause Incremental GC (Collect on allocation) 66.62M->43.62M 1.415ms
[75.055s] GC(1206) Pause Incremental GC (Collect on allocation) 66.12M->43.62M 1.236ms
[75.094s] GC(1207) Pause Incremental GC (Collect on allocation) 65.62M->43.62M 1.219ms
[75.133s] GC(1208) Pause Incremental GC (Collect on allocation) 65.12M->43.62M 1.346ms
[75.168s] GC(1209) Pause Incremental GC (Collect on allocation) 64.62M->43.62M 1.348ms
[75.204s] GC(1210) Pause Incremental GC (Collect on allocation) 64.12M->44.12M 1.319ms
[75.238s] GC(1211) Pause Incremental GC (Collect on allocation) 64.12M->44.12M 1.302ms
[75.290s] GC(1212) Pause Full GC (Collect on allocation) 63.62M->34.12M 19.644ms
[75.310s] GC(1213) Pause Incremental GC (Collect on allocation) 52.62M->34.62M 1.702ms
[75.338s] GC(1214) Pause Incremental GC (Collect on allocation) 54.62M->34.62M 1.259ms
[75.376s] GC(1215) Pause Incremental GC (Collect on allocation) 56.12M->34.62M 1.136ms
[75.412s] GC(1216) Pause Incremental GC (Collect on allocation) 55.62M->34.62M 1.240ms
[75.456s] GC(1217) Pause Incremental GC (Collect on allocation) 55.12M->34.62M 1.749ms
[75.504s] GC(1218) Pause Incremental GC (Collect on allocation) 54.62M->34.62M 1.878ms
[75.524s] GC(1219) Pause Incremental GC (Collect on allocation) 54.12M->34.62M 1.255ms
[75.555s] GC(1220) Pause Incremental GC (Collect on allocation) 56.12M->34.62M 1.255ms
[75.596s] GC(1221) Pause Incremental GC (Collect on allocation) 58.12M->34.62M 1.204ms
[75.641s] GC(1222) Pause Incremental GC (Collect on allocation) 60.12M->34.62M 1.185ms
[75.685s] GC(1223) Pause Incremental GC (Collect on allocation) 59.62M->35.12M 1.212ms
[75.728s] GC(1224) Pause Incremental GC (Collect on allocation) 59.62M->35.12M 1.194ms
[75.771s] GC(1225) Pause Incremental GC (Collect on allocation) 59.12M->35.12M 1.263ms
[75.812s] GC(1226) Pause Incremental GC (Collect on allocation) 58.62M->35.12M 1.250ms
[75.852s] GC(1227) Pause Incremental GC (Collect on allocation) 58.12M->35.12M 1.328ms
[75.892s] GC(1228) Pause Incremental GC (Collect on allocation) 57.62M->35.12M 1.194ms
[75.931s] GC(1229) Pause Incremental GC (Collect on allocation) 57.12M->35.12M 1.694ms
[75.969s] GC(1230) Pause Incremental GC (Collect on allocation) 56.62M->35.12M 1.321ms
[76.005s] GC(1231) Pause Incremental GC (Collect on allocation) 56.12M->35.12M 1.199ms
[76.041s] GC(1232) Pause Incremental GC (Collect on allocation) 55.62M->35.12M 1.282ms
[76.075s] GC(1233) Pause Incremental GC (Collect on allocation) 55.12M->35.12M 1.250ms
[76.109s] GC(1234) Pause Incremental GC (Collect on allocation) 54.62M->35.12M 1.213ms
[76.142s] GC(1235) Pause Incremental GC (Collect on allocation) 54.12M->35.12M 1.231ms
[76.174s] GC(1236) Pause Incremental GC (Collect on allocation) 53.62M->35.12M 1.178ms
[76.206s] GC(1237) Pause Incremental GC (Collect on allocation) 53.12M->35.12M 1.175ms
[76.236s] GC(1238) Pause Incremental GC (Collect on allocation) 52.62M->35.12M 1.160ms
[76.266s] GC(1239) Pause Incremental GC (Collect on allocation) 52.12M->35.12M 1.231ms
[76.293s] GC(1240) Pause Incremental GC (Collect on allocation) 51.62M->35.12M 1.214ms
[76.325s] GC(1241) Pause Incremental GC (Collect on allocation) 53.12M->35.12M 1.176ms
[76.362s] GC(1242) Pause Incremental GC (Collect on allocation) 54.62M->35.12M 1.697ms
[76.397s] GC(1243) Pause Incremental GC (Collect on allocation) 56.62M->35.12M 1.303ms
[76.438s] GC(1244) Pause Incremental GC (Collect on allocation) 58.62M->35.62M 1.262ms
[76.478s] GC(1245) Pause Incremental GC (Collect on allocation) 58.62M->35.62M 1.234ms
[76.518s] GC(1246) Pause Incremental GC (Collect on allocation) 58.12M->35.62M 1.289ms
[76.557s] GC(1247) Pause Incremental GC (Collect on allocation) 57.62M->35.62M 1.250ms
[76.594s] GC(1248) Pause Incremental GC (Collect on allocation) 57.12M->35.62M 1.224ms
[76.630s] GC(1249) Pause Incremental GC (Collect on allocation) 56.62M->35.62M 1.256ms
[76.666s] GC(1250) Pause Incremental GC (Collect on allocation) 56.12M->35.62M 1.263ms
[76.701s] GC(1251) Pause Incremental GC (Collect on allocation) 55.62M->35.62M 1.267ms
[76.735s] GC(1252) Pause Incremental GC (Collect on allocation) 55.12M->35.62M 1.173ms
[76.768s] GC(1253) Pause Incremental GC (Collect on allocation) 54.62M->35.62M 1.321ms
[76.818s] GC(1254) Pause Full GC (Collect on allocation) 54.12M->34.12M 18.984ms
[76.837s] GC(1255) Pause Incremental GC (Collect on allocation) 51.62M->34.62M 1.469ms
[76.861s] GC(1256) Pause Incremental GC (Collect on allocation) 51.62M->34.62M 1.236ms
[76.894s] GC(1257) Pause Incremental GC (Collect on allocation) 53.62M->34.62M 1.183ms
[76.930s] GC(1258) Pause Incremental GC (Collect on allocation) 55.62M->34.62M 1.222ms
[76.971s] GC(1259) Pause Incremental GC (Collect on allocation) 57.62M->34.62M 1.191ms
[77.010s] GC(1260) Pause Incremental GC (Collect on allocation) 57.12M->34.62M 1.156ms
[77.049s] GC(1261) Pause Incremental GC (Collect on allocation) 56.62M->34.62M 1.306ms
[77.087s] GC(1262) Pause Incremental GC (Collect on allocation) 56.12M->34.62M 1.195ms
[77.123s] GC(1263) Pause Incremental GC (Collect on allocation) 55.62M->34.62M 1.296ms
[77.159s] GC(1264) Pause Incremental GC (Collect on allocation) 55.12M->34.62M 1.212ms
[77.194s] GC(1265) Pause Incremental GC (Collect on allocation) 54.62M->34.62M 1.184ms
[77.229s] GC(1266) Pause Incremental GC (Collect on allocation) 54.12M->34.62M 1.669ms
[77.261s] GC(1267) Pause Incremental GC (Collect on allocation) 53.62M->34.62M 1.256ms
[77.293s] GC(1268) Pause Incremental GC (Collect on allocation) 53.12M->34.62M 1.195ms
[77.324s] GC(1269) Pause Incremental GC (Collect on allocation) 52.62M->34.62M 1.164ms
[77.355s] GC(1270) Pause Incremental GC (Collect on allocation) 52.12M->34.62M 1.157ms
[77.385s] GC(1271) Pause Incremental GC (Collect on allocation) 51.62M->34.62M 1.231ms
[77.413s] GC(1272) Pause Incremental GC (Collect on allocation) 51.12M->34.62M 1.128ms
[77.445s] GC(1273) Pause Incremental GC (Collect on allocation) 52.62M->34.62M 1.143ms
[77.476s] GC(1274) Pause Incremental GC (Collect on allocation) 52.12M->34.62M 1.186ms
[77.505s] GC(1275) Pause Incremental GC (Collect on allocation) 51.62M->34.62M 1.146ms
[77.534s] GC(1276) Pause Incremental GC (Collect on allocation) 51.12M->34.62M 1.163ms
[77.562s] GC(1277) Pause Incremental GC (Collect on allocation) 50.62M->34.62M 1.221ms
[77.594s] GC(1278) Pause Incremental GC (Collect on allocation) 52.62M->34.62M 1.108ms
[77.627s] GC(1279) Pause Incremental GC (Collect on allocation) 54.12M->35.12M 1.214ms
[77.661s] GC(1280) Pause Incremental GC (Collect on allocation) 54.12M->35.12M 1.683ms
[77.698s] GC(1281) Pause Incremental GC (Collect on allocation) 56.12M->35.12M 1.252ms
[77.738s] GC(1282) Pause Incremental GC (Collect on allocation) 58.12M->35.12M 1.208ms
[77.776s] GC(1283) Pause Incremental GC (Collect on allocation) 57.62M->35.12M 1.364ms
[77.814s] GC(1284) Pause Incremental GC (Collect on allocation) 57.12M->35.12M 1.284ms
[77.852s] GC(1285) Pause Incremental GC (Collect on allocation) 56.62M->35.12M 1.343ms
[77.889s] GC(1286) Pause Incremental GC (Collect on allocation) 56.12M->35.62M 1.366ms
[77.924s] GC(1287) Pause Incremental GC (Collect on allocation) 56.12M->36.12M 1.454ms
[77.957s] GC(1288) Pause Incremental GC (Collect on allocation) 56.12M->36.62M 1.427ms
[77.973s] GC(1289) Pause Incremental GC (Collect on allocation) 58.12M->37.12M 1.418ms
[78.021s] GC(1290) Pause Full GC (Collect on allocation) 58.12M->33.12M 18.816ms
[78.049s] GC(1291) Pause Incremental GC (Collect on allocation) 53.12M->34.12M 1.859ms
[78.070s] GC(1292) Pause Incremental GC (Collect on allocation) 53.62M->34.62M 1.408ms
[78.102s] GC(1293) Pause Incremental GC (Collect on allocation) 53.62M->35.12M 1.367ms
[78.134s] GC(1294) Pause Incremental GC (Collect on allocation) 53.62M->35.12M 1.386ms
[78.165s] GC(1295) Pause Incremental GC (Collect on allocation) 53.12M->35.12M 1.337ms
[78.195s] GC(1296) Pause Incremental GC (Collect on allocation) 52.62M->35.12M 1.310ms
[78.224s] GC(1297) Pause Incremental GC (Collect on allocation) 52.12M->35.62M 1.346ms
[78.254s] GC(1298) Pause Incremental GC (Collect on allocation) 52.12M->35.62M 1.369ms
[78.281s] GC(1299) Pause Incremental GC (Collect on allocation) 51.62M->35.62M 1.333ms
[78.307s] GC(1300) Pause Incremental GC (Collect on allocation) 51.12M->35.62M 1.266ms
[78.337s] GC(1301) Pause Incremental GC (Collect on allocation) 53.12M->35.62M 1.266ms
[78.367s] GC(1302) Pause Incremental GC (Collect on allocation) 52.62M->35.62M 1.362ms
[78.395s] GC(1303) Pause Incremental GC (Collect on allocation) 52.12M->35.62M 1.333ms
[78.427s] GC(1304) Pause Incremental GC (Collect on allocation) 54.12M->35.62M 1.159ms
[78.463s] GC(1305) Pause Incremental GC (Collect on allocation) 56.12M->35.62M 1.299ms
[78.502s] GC(1306) Pause Incremental GC (Collect on allocation) 58.12M->35.62M 1.279ms
[78.545s] GC(1307) Pause Incremental GC (Collect on allocation) 60.12M->35.62M 1.280ms
[78.587s] GC(1308) Pause Incremental GC (Collect on allocation) 59.62M->36.12M 1.436ms
[78.627s] GC(1309) Pause Incremental GC (Collect on allocation) 59.62M->36.12M 1.304ms
[78.668s] GC(1310) Pause Incremental GC (Collect on allocation) 59.12M->36.12M 1.244ms
[78.708s] GC(1311) Pause Incremental GC (Collect on allocation) 58.62M->36.12M 1.208ms
[78.747s] GC(1312) Pause Incremental GC (Collect on allocation) 58.12M->36.12M 1.263ms
[78.785s] GC(1313) Pause Incremental GC (Collect on allocation) 57.62M->36.12M 1.239ms
[78.821s] GC(1314) Pause Incremental GC (Collect on allocation) 57.12M->36.12M 1.221ms
[78.856s] GC(1315) Pause Incremental GC (Collect on allocation) 56.62M->36.12M 1.254ms
[78.891s] GC(1316) Pause Incremental GC (Collect on allocation) 56.12M->36.12M 1.165ms
[78.925s] GC(1317) Pause Incremental GC (Collect on allocation) 55.62M->36.12M 1.294ms
[78.958s] GC(1318) Pause Incremental GC (Collect on allocation) 55.12M->36.12M 1.188ms
[78.991s] GC(1319) Pause Incremental GC (Collect on allocation) 54.62M->36.12M 1.321ms
[79.022s] GC(1320) Pause Incremental GC (Collect on allocation) 54.12M->36.12M 1.278ms
[79.053s] GC(1321) Pause Incremental GC (Collect on allocation) 53.62M->36.12M 1.212ms
[79.087s] GC(1322) Pause Incremental GC (Collect on allocation) 55.12M->36.12M 1.317ms
[79.122s] GC(1323) Pause Incremental GC (Collect on allocation) 56.62M->36.12M 1.298ms
[79.161s] GC(1324) Pause Incremental GC (Collect on allocation) 58.62M->36.12M 1.295ms
[79.199s] GC(1325) Pause Incremental GC (Collect on allocation) 58.12M->36.12M 1.435ms
[79.236s] GC(1326) Pause Incremental GC (Collect on allocation) 57.62M->36.12M 1.359ms
[79.290s] GC(1327) Pause Full GC (Collect on allocation) 57.12M->34.12M 18.911ms
[79.313s] GC(1328) Pause Incremental GC (Collect on allocation) 54.12M->34.62M 1.506ms
[79.342s] GC(1329) Pause Incremental GC (Collect on allocation) 54.12M->34.62M 1.296ms
[79.378s] GC(1330) Pause Incremental GC (Collect on allocation) 55.62M->34.62M 1.387ms
[79.419s] GC(1331) Pause Incremental GC (Collect on allocation) 57.62M->34.62M 1.227ms
[79.459s] GC(1332) Pause Incremental GC (Collect on allocation) 57.12M->34.62M 1.461ms
[79.497s] GC(1333) Pause Incremental GC (Collect on allocation) 56.62M->34.62M 1.647ms
[79.537s] GC(1334) Pause Incremental GC (Collect on allocation) 56.12M->34.62M 1.571ms
[79.572s] GC(1335) Pause Incremental GC (Collect on allocation) 55.62M->34.62M 1.764ms
[79.612s] GC(1336) Pause Incremental GC (Collect on allocation) 57.62M->34.62M 1.472ms
[79.657s] GC(1337) Pause Incremental GC (Collect on allocation) 59.62M->34.62M 1.786ms
[79.709s] GC(1338) Pause Incremental GC (Collect on allocation) 61.62M->34.62M 1.993ms
[79.757s] GC(1339) Pause Incremental GC (Collect on allocation) 64.12M->34.62M 1.662ms
[79.812s] GC(1340) Pause Incremental GC (Collect on allocation) 66.62M->35.12M 1.302ms
[79.868s] GC(1341) Pause Incremental GC (Collect on allocation) 66.62M->35.12M 1.396ms
[79.922s] GC(1342) Pause Incremental GC (Collect on allocation) 66.12M->35.12M 1.803ms
[79.976s] GC(1343) Pause Incremental GC (Collect on allocation) 65.62M->35.12M 1.570ms
[80.028s] GC(1344) Pause Incremental GC (Collect on allocation) 65.12M->35.12M 1.234ms
[80.080s] GC(1345) Pause Incremental GC (Collect on allocation) 64.62M->35.12M 1.245ms
[80.131s] GC(1346) Pause Incremental GC (Collect on allocation) 64.12M->35.12M 1.351ms
[80.183s] GC(1347) Pause Incremental GC (Collect on allocation) 63.62M->35.12M 1.365ms
[80.231s] GC(1348) Pause Incremental GC (Collect on allocation) 63.12M->35.12M 1.285ms
[80.279s] GC(1349) Pause Incremental GC (Collect on allocation) 62.62M->35.12M 1.409ms
[80.326s] GC(1350) Pause Incremental GC (Collect on allocation) 62.12M->35.12M 1.394ms
[80.373s] GC(1351) Pause Incremental GC (Collect on allocation) 61.62M->35.12M 1.338ms
[80.418s] GC(1352) Pause Incremental GC (Collect on allocation) 61.12M->35.12M 1.248ms
[80.463s] GC(1353) Pause Incremental GC (Collect on allocation) 60.62M->35.12M 1.544ms
[80.511s] GC(1354) Pause Incremental GC (Collect on allocation) 60.12M->35.12M 1.876ms
[80.549s] GC(1355) Pause Incremental GC (Collect on allocation) 59.62M->35.12M 1.327ms
[80.591s] GC(1356) Pause Incremental GC (Collect on allocation) 59.12M->35.12M 1.264ms
[80.633s] GC(1357) Pause Incremental GC (Collect on allocation) 58.62M->35.12M 1.477ms
[80.693s] GC(1358) Pause Full GC (Collect on allocation) 58.12M->34.12M 21.184ms
[80.719s] GC(1359) Pause Incremental GC (Collect on allocation) 56.12M->34.62M 1.613ms
[80.749s] GC(1360) Pause Incremental GC (Collect on allocation) 56.12M->34.62M 1.428ms
[80.791s] GC(1361) Pause Incremental GC (Collect on allocation) 58.12M->34.62M 1.681ms
[80.835s] GC(1362) Pause Incremental GC (Collect on allocation) 60.12M->34.62M 1.978ms
[80.884s] GC(1363) Pause Incremental GC (Collect on allocation) 62.62M->34.62M 1.677ms
[80.945s] GC(1364) Pause Incremental GC (Collect on allocation) 65.12M->34.62M 2.007ms
[80.998s] GC(1365) Pause Incremental GC (Collect on allocation) 68.12M->34.62M 1.582ms
[81.053s] GC(1366) Pause Incremental GC (Collect on allocation) 67.62M->34.62M 1.447ms
[81.110s] GC(1367) Pause Incremental GC (Collect on allocation) 67.12M->35.12M 1.308ms
[81.166s] GC(1368) Pause Incremental GC (Collect on allocation) 67.12M->35.12M 1.542ms
[81.221s] GC(1369) Pause Incremental GC (Collect on allocation) 66.62M->35.12M 1.574ms
[81.275s] GC(1370) Pause Incremental GC (Collect on allocation) 66.12M->35.12M 1.304ms
[81.330s] GC(1371) Pause Incremental GC (Collect on allocation) 65.62M->35.12M 1.423ms
[81.381s] GC(1372) Pause Incremental GC (Collect on allocation) 65.12M->35.12M 1.764ms
[81.433s] GC(1373) Pause Incremental GC (Collect on allocation) 64.62M->35.12M 1.296ms
[81.484s] GC(1374) Pause Incremental GC (Collect on allocation) 64.12M->35.12M 1.584ms
[81.534s] GC(1375) Pause Incremental GC (Collect on allocation) 63.62M->35.12M 1.710ms
[81.584s] GC(1376) Pause Incremental GC (Collect on allocation) 63.12M->35.12M 2.109ms
[81.630s] GC(1377) Pause Incremental GC (Collect on allocation) 62.62M->35.12M 1.826ms
[81.678s] GC(1378) Pause Incremental GC (Collect on allocation) 62.12M->35.12M 1.395ms
[81.725s] GC(1379) Pause Incremental GC (Collect on allocation) 61.62M->35.12M 1.413ms
[81.769s] GC(1380) Pause Incremental GC (Collect on allocation) 61.12M->35.12M 1.534ms
[81.814s] GC(1381) Pause Incremental GC (Collect on allocation) 60.62M->35.12M 1.486ms
[81.860s] GC(1382) Pause Incremental GC (Collect on allocation) 60.12M->35.12M 1.774ms
[81.901s] GC(1383) Pause Incremental GC (Collect on allocation) 59.62M->35.12M 1.842ms
[81.944s] GC(1384) Pause Incremental GC (Collect on allocation) 59.12M->35.12M 1.823ms
[81.990s] GC(1385) Pause Incremental GC (Collect on allocation) 61.12M->35.12M 1.477ms
[82.033s] GC(1386) Pause Incremental GC (Collect on allocation) 60.62M->35.62M 1.348ms
[82.077s] GC(1387) Pause Incremental GC (Collect on allocation) 60.62M->35.62M 1.499ms
[82.119s] GC(1388) Pause Incremental GC (Collect on allocation) 60.12M->35.62M 1.373ms
[82.184s] GC(1389) Pause Full GC (Collect on allocation) 59.62M->34.12M 22.583ms
[82.213s] GC(1390) Pause Incremental GC (Collect on allocation) 57.12M->34.62M 1.957ms
[82.247s] GC(1391) Pause Incremental GC (Collect on allocation) 57.12M->34.62M 1.712ms
[82.284s] GC(1392) Pause Incremental GC (Collect on allocation) 59.12M->34.62M 1.392ms
[82.330s] GC(1393) Pause Incremental GC (Collect on allocation) 61.12M->34.62M 1.238ms
[82.376s] GC(1394) Pause Incremental GC (Collect on allocation) 60.62M->34.62M 1.289ms
[82.420s] GC(1395) Pause Incremental GC (Collect on allocation) 60.12M->34.62M 1.262ms
[82.464s] GC(1396) Pause Incremental GC (Collect on allocation) 59.62M->34.62M 1.217ms
[82.507s] GC(1397) Pause Incremental GC (Collect on allocation) 59.12M->34.62M 1.321ms
[82.549s] GC(1398) Pause Incremental GC (Collect on allocation) 58.62M->34.62M 1.408ms
[82.591s] GC(1399) Pause Incremental GC (Collect on allocation) 58.12M->34.62M 1.404ms
[82.630s] GC(1400) Pause Incremental GC (Collect on allocation) 57.62M->35.12M 1.381ms
[82.669s] GC(1401) Pause Incremental GC (Collect on allocation) 57.62M->35.12M 1.372ms
[82.708s] GC(1402) Pause Incremental GC (Collect on allocation) 57.12M->35.62M 1.959ms
[82.749s] GC(1403) Pause Incremental GC (Collect on allocation) 59.62M->35.62M 1.426ms
[82.790s] GC(1404) Pause Incremental GC (Collect on allocation) 59.12M->36.62M 2.107ms
[82.833s] GC(1405) Pause Incremental GC (Collect on allocation) 62.12M->37.12M 1.835ms
[82.881s] GC(1406) Pause Incremental GC (Collect on allocation) 65.12M->38.12M 1.702ms
[82.933s] GC(1407) Pause Incremental GC (Collect on allocation) 68.62M->39.12M 1.519ms
[82.974s] GC(1408) Pause Incremental GC (Collect on allocation) 72.62M->39.12M 1.642ms
[83.029s] GC(1409) Pause Incremental GC (Collect on allocation) 75.62M->39.62M 1.467ms
[83.092s] GC(1410) Pause Incremental GC (Collect on allocation) 75.62M->39.62M 1.399ms
[83.154s] GC(1411) Pause Incremental GC (Collect on allocation) 75.12M->39.62M 1.339ms
[83.215s] GC(1412) Pause Incremental GC (Collect on allocation) 74.62M->40.12M 1.575ms
[83.276s] GC(1413) Pause Incremental GC (Collect on allocation) 74.62M->40.12M 1.359ms
[83.336s] GC(1414) Pause Incremental GC (Collect on allocation) 74.12M->40.12M 1.341ms
[83.395s] GC(1415) Pause Incremental GC (Collect on allocation) 73.62M->40.12M 1.238ms
[83.454s] GC(1416) Pause Incremental GC (Collect on allocation) 73.12M->40.12M 1.243ms
[83.512s] GC(1417) Pause Incremental GC (Collect on allocation) 72.62M->40.12M 1.215ms
[83.568s] GC(1418) Pause Incremental GC (Collect on allocation) 72.12M->40.12M 1.436ms
[83.622s] GC(1419) Pause Incremental GC (Collect on allocation) 71.62M->40.12M 1.288ms
[83.677s] GC(1420) Pause Incremental GC (Collect on allocation) 71.12M->40.12M 1.393ms
[83.731s] GC(1421) Pause Incremental GC (Collect on allocation) 70.62M->40.12M 1.225ms
[83.784s] GC(1422) Pause Incremental GC (Collect on allocation) 70.12M->40.12M 1.272ms
[83.836s] GC(1423) Pause Incremental GC (Collect on allocation) 69.62M->40.12M 1.280ms
[83.887s] GC(1424) Pause Incremental GC (Collect on allocation) 69.12M->40.12M 1.258ms
[83.953s] GC(1425) Pause Full GC (Collect on allocation) 68.62M->34.12M 16.891ms
[83.985s] GC(1426) Pause Incremental GC (Collect on allocation) 61.62M->34.12M 1.559ms
[84.033s] GC(1427) Pause Incremental GC (Collect on allocation) 61.12M->34.12M 1.383ms
[84.080s] GC(1428) Pause Incremental GC (Collect on allocation) 60.62M->34.12M 1.174ms
[84.126s] GC(1429) Pause Incremental GC (Collect on allocation) 60.12M->34.62M 1.604ms
[84.171s] GC(1430) Pause Incremental GC (Collect on allocation) 60.12M->34.62M 1.389ms
[84.214s] GC(1431) Pause Incremental GC (Collect on allocation) 59.62M->34.62M 1.444ms
[84.258s] GC(1432) Pause Incremental GC (Collect on allocation) 59.12M->34.62M 1.645ms
[84.299s] GC(1433) Pause Incremental GC (Collect on allocation) 58.62M->34.62M 1.733ms
[84.341s] GC(1434) Pause Incremental GC (Collect on allocation) 58.12M->34.62M 1.802ms
[84.384s] GC(1435) Pause Incremental GC (Collect on allocation) 57.62M->34.62M 1.495ms
[84.420s] GC(1436) Pause Incremental GC (Collect on allocation) 57.12M->34.62M 1.340ms
[84.458s] GC(1437) Pause Incremental GC (Collect on allocation) 56.62M->34.62M 1.674ms
[84.496s] GC(1438) Pause Incremental GC (Collect on allocation) 56.12M->34.62M 1.206ms
[84.533s] GC(1439) Pause Incremental GC (Collect on allocation) 55.62M->34.62M 1.514ms
[84.568s] GC(1440) Pause Incremental GC (Collect on allocation) 55.12M->34.62M 1.461ms
[84.608s] GC(1441) Pause Incremental GC (Collect on allocation) 54.62M->34.62M 1.417ms
[84.636s] GC(1442) Pause Incremental GC (Collect on allocation) 54.12M->34.62M 1.360ms
[84.676s] GC(1443) Pause Incremental GC (Collect on allocation) 56.12M->35.12M 1.560ms
[84.718s] GC(1444) Pause Incremental GC (Collect on allocation) 58.62M->35.12M 1.543ms
[84.761s] GC(1445) Pause Incremental GC (Collect on allocation) 60.62M->35.12M 1.436ms
[84.804s] GC(1446) Pause Incremental GC (Collect on allocation) 60.12M->35.12M 1.337ms
[84.859s] GC(1447) Pause Incremental GC (Collect on allocation) 59.62M->35.12M 1.817ms
[84.919s] GC(1448) Pause Incremental GC (Collect on allocation) 59.12M->35.12M 1.568ms
[84.970s] GC(1449) Pause Incremental GC (Collect on allocation) 58.62M->35.12M 2.026ms
[85.053s] GC(1450) Pause Full GC (Collect on allocation) 58.12M->37.62M 29.764ms
[85.112s] GC(1451) Pause Incremental GC (Collect on allocation) 64.62M->38.12M 7.478ms
[85.151s] GC(1452) Pause Incremental GC (Collect on allocation) 64.62M->39.12M 3.698ms
[85.189s] GC(1453) Pause Incremental GC (Collect on allocation) 65.12M->39.12M 3.417ms
[85.237s] GC(1454) Pause Incremental GC (Collect on allocation) 64.62M->39.12M 4.930ms
[85.283s] GC(1455) Pause Incremental GC (Collect on allocation) 64.12M->39.62M 2.767ms
[85.320s] GC(1456) Pause Incremental GC (Collect on allocation) 64.12M->39.62M 2.948ms
[85.357s] GC(1457) Pause Incremental GC (Collect on allocation) 63.62M->39.62M 2.176ms
[85.393s] GC(1458) Pause Incremental GC (Collect on allocation) 63.12M->40.12M 2.124ms
[85.424s] GC(1459) Pause Incremental GC (Collect on allocation) 63.12M->40.12M 1.535ms
[85.454s] GC(1460) Pause Incremental GC (Collect on allocation) 62.62M->40.12M 1.814ms
[85.489s] GC(1461) Pause Incremental GC (Collect on allocation) 62.12M->40.12M 2.247ms
[85.527s] GC(1462) Pause Incremental GC (Collect on allocation) 61.62M->40.12M 1.673ms
[85.564s] GC(1463) Pause Incremental GC (Collect on allocation) 61.12M->40.12M 1.630ms
[85.598s] GC(1464) Pause Incremental GC (Collect on allocation) 60.62M->40.12M 1.279ms
[85.634s] GC(1465) Pause Incremental GC (Collect on allocation) 60.12M->40.12M 1.423ms
[85.668s] GC(1466) Pause Incremental GC (Collect on allocation) 59.62M->40.62M 1.606ms
[85.701s] GC(1467) Pause Incremental GC (Collect on allocation) 59.62M->40.62M 1.636ms
[85.736s] GC(1468) Pause Incremental GC (Collect on allocation) 59.12M->40.62M 1.664ms
[85.765s] GC(1469) Pause Incremental GC (Collect on allocation) 58.62M->40.62M 1.328ms
[85.795s] GC(1470) Pause Incremental GC (Collect on allocation) 58.12M->40.62M 1.347ms
[85.827s] GC(1471) Pause Incremental GC (Collect on allocation) 57.62M->40.62M 1.863ms
[85.855s] GC(1472) Pause Incremental GC (Collect on allocation) 57.12M->40.62M 1.933ms
[85.880s] GC(1473) Pause Incremental GC (Collect on allocation) 56.62M->40.62M 1.318ms
[85.907s] GC(1474) Pause Incremental GC (Collect on allocation) 56.12M->40.62M 1.272ms
[85.933s] GC(1475) Pause Incremental GC (Collect on allocation) 55.62M->40.62M 1.254ms
[85.958s] GC(1476) Pause Incremental GC (Collect on allocation) 55.12M->40.62M 1.300ms
[85.982s] GC(1477) Pause Incremental GC (Collect on allocation) 54.62M->40.62M 1.345ms
[86.005s] GC(1478) Pause Incremental GC (Collect on allocation) 54.12M->40.62M 1.251ms
[86.028s] GC(1479) Pause Incremental GC (Collect on allocation) 53.62M->40.62M 1.213ms
[86.049s] GC(1480) Pause Incremental GC (Collect on allocation) 53.12M->40.62M 1.239ms
[86.070s] GC(1481) Pause Incremental GC (Collect on allocation) 52.62M->40.62M 1.210ms
[86.090s] GC(1482) Pause Incremental GC (Collect on allocation) 52.12M->41.12M 1.185ms
[86.112s] GC(1483) Pause Incremental GC (Collect on allocation) 54.12M->41.12M 1.191ms
[86.137s] GC(1484) Pause Incremental GC (Collect on allocation) 55.62M->41.12M 1.228ms
[86.160s] GC(1485) Pause Incremental GC (Collect on allocation) 55.12M->41.12M 1.230ms
[86.183s] GC(1486) Pause Incremental GC (Collect on allocation) 54.62M->41.12M 1.293ms
[86.206s] GC(1487) Pause Incremental GC (Collect on allocation) 54.12M->41.12M 1.194ms
[86.227s] GC(1488) Pause Incremental GC (Collect on allocation) 53.62M->41.12M 1.143ms
[86.248s] GC(1489) Pause Incremental GC (Collect on allocation) 53.12M->41.12M 1.157ms
[86.272s] GC(1490) Pause Incremental GC (Collect on allocation) 54.62M->41.12M 1.220ms
[86.317s] GC(1491) Pause Full GC (Collect on allocation) 54.12M->37.12M 24.366ms
[86.331s] GC(1492) Pause Incremental GC (Collect on allocation) 49.12M->37.12M 1.488ms
[86.344s] GC(1493) Pause Incremental GC (Collect on allocation) 48.62M->37.62M 1.359ms
[86.362s] GC(1494) Pause Incremental GC (Collect on allocation) 50.62M->37.62M 1.687ms
[86.383s] GC(1495) Pause Incremental GC (Collect on allocation) 52.12M->37.62M 1.265ms
[86.411s] GC(1496) Pause Incremental GC (Collect on allocation) 53.62M->37.62M 1.135ms
[86.442s] GC(1497) Pause Incremental GC (Collect on allocation) 55.62M->37.62M 1.241ms
[86.478s] GC(1498) Pause Incremental GC (Collect on allocation) 57.62M->37.62M 1.525ms
[86.516s] GC(1499) Pause Incremental GC (Collect on allocation) 59.62M->37.62M 1.304ms
[86.558s] GC(1500) Pause Incremental GC (Collect on allocation) 61.62M->37.62M 1.269ms
[86.603s] GC(1501) Pause Incremental GC (Collect on allocation) 63.62M->37.62M 1.264ms
[86.654s] GC(1502) Pause Incremental GC (Collect on allocation) 66.12M->37.62M 1.231ms
[86.709s] GC(1503) Pause Incremental GC (Collect on allocation) 68.62M->37.62M 1.385ms
[86.763s] GC(1504) Pause Incremental GC (Collect on allocation) 68.12M->37.62M 1.264ms
[86.816s] GC(1505) Pause Incremental GC (Collect on allocation) 67.62M->37.62M 1.398ms
[86.867s] GC(1506) Pause Incremental GC (Collect on allocation) 67.12M->37.62M 1.270ms
[86.918s] GC(1507) Pause Incremental GC (Collect on allocation) 66.62M->37.62M 1.329ms
[86.968s] GC(1508) Pause Incremental GC (Collect on allocation) 66.12M->37.62M 1.350ms
[87.018s] GC(1509) Pause Incremental GC (Collect on allocation) 65.62M->37.62M 1.364ms
[87.065s] GC(1510) Pause Incremental GC (Collect on allocation) 65.12M->37.62M 1.367ms
[87.112s] GC(1511) Pause Incremental GC (Collect on allocation) 64.62M->37.62M 1.303ms
[87.159s] GC(1512) Pause Incremental GC (Collect on allocation) 64.12M->37.62M 1.278ms
[87.205s] GC(1513) Pause Incremental GC (Collect on allocation) 63.62M->38.12M 1.439ms
[87.248s] GC(1514) Pause Incremental GC (Collect on allocation) 63.62M->38.12M 1.336ms
[87.292s] GC(1515) Pause Incremental GC (Collect on allocation) 63.12M->38.12M 1.241ms
[87.336s] GC(1516) Pause Incremental GC (Collect on allocation) 62.62M->38.12M 1.401ms
[87.378s] GC(1517) Pause Incremental GC (Collect on allocation) 62.12M->38.12M 1.229ms
[87.420s] GC(1518) Pause Incremental GC (Collect on allocation) 61.62M->38.12M 1.664ms
[87.459s] GC(1519) Pause Incremental GC (Collect on allocation) 61.12M->38.12M 1.308ms
[87.499s] GC(1520) Pause Incremental GC (Collect on allocation) 60.62M->38.12M 1.477ms
[87.538s] GC(1521) Pause Incremental GC (Collect on allocation) 60.12M->38.12M 1.245ms
[87.577s] GC(1522) Pause Incremental GC (Collect on allocation) 59.62M->38.12M 1.337ms
[87.612s] GC(1523) Pause Incremental GC (Collect on allocation) 59.12M->38.12M 1.403ms
[87.648s] GC(1524) Pause Incremental GC (Collect on allocation) 58.62M->38.12M 1.243ms
[87.683s] GC(1525) Pause Incremental GC (Collect on allocation) 58.12M->38.12M 1.165ms
[87.717s] GC(1526) Pause Incremental GC (Collect on allocation) 57.62M->38.12M 1.297ms
[87.750s] GC(1527) Pause Incremental GC (Collect on allocation) 57.12M->38.12M 1.168ms
[87.782s] GC(1528) Pause Incremental GC (Collect on allocation) 56.62M->38.12M 1.199ms
[87.843s] GC(1529) Pause Full GC (Collect on allocation) 58.12M->37.12M 25.756ms
[87.878s] GC(1530) Pause Incremental GC (Collect on allocation) 60.62M->37.12M 1.770ms
[87.905s] GC(1531) Pause Incremental GC (Collect on allocation) 60.12M->37.62M 1.427ms
[87.944s] GC(1532) Pause Incremental GC (Collect on allocation) 62.62M->37.62M 2.078ms
[87.976s] GC(1533) Pause Incremental GC (Collect on allocation) 64.62M->38.12M 2.040ms
[88.011s] GC(1534) Pause Incremental GC (Collect on allocation) 64.62M->38.62M 1.896ms
[88.055s] GC(1535) Pause Incremental GC (Collect on allocation) 64.62M->39.12M 2.596ms
[88.101s] GC(1536) Pause Incremental GC (Collect on allocation) 64.62M->39.62M 2.246ms
[88.140s] GC(1537) Pause Incremental GC (Collect on allocation) 64.62M->40.12M 1.663ms
[88.182s] GC(1538) Pause Incremental GC (Collect on allocation) 64.62M->40.62M 1.590ms
[88.222s] GC(1539) Pause Incremental GC (Collect on allocation) 64.62M->41.12M 1.635ms
[88.263s] GC(1540) Pause Incremental GC (Collect on allocation) 64.62M->41.62M 1.526ms
[88.302s] GC(1541) Pause Incremental GC (Collect on allocation) 64.62M->42.12M 1.394ms
[88.343s] GC(1542) Pause Incremental GC (Collect on allocation) 64.62M->42.12M 1.489ms
[88.380s] GC(1543) Pause Incremental GC (Collect on allocation) 64.12M->42.12M 1.422ms
[88.416s] GC(1544) Pause Incremental GC (Collect on allocation) 63.62M->42.62M 1.390ms
[88.452s] GC(1545) Pause Incremental GC (Collect on allocation) 63.62M->42.62M 1.275ms
[88.489s] GC(1546) Pause Incremental GC (Collect on allocation) 63.12M->42.62M 1.806ms
[88.523s] GC(1547) Pause Incremental GC (Collect on allocation) 62.62M->42.62M 1.329ms
[88.556s] GC(1548) Pause Incremental GC (Collect on allocation) 62.12M->42.62M 1.513ms
[88.589s] GC(1549) Pause Incremental GC (Collect on allocation) 61.62M->42.62M 1.424ms
[88.621s] GC(1550) Pause Incremental GC (Collect on allocation) 61.12M->42.62M 1.310ms
[88.652s] GC(1551) Pause Incremental GC (Collect on allocation) 60.62M->42.62M 1.537ms
[88.682s] GC(1552) Pause Incremental GC (Collect on allocation) 60.12M->42.62M 1.199ms
[88.712s] GC(1553) Pause Incremental GC (Collect on allocation) 59.62M->42.62M 1.168ms
[88.741s] GC(1554) Pause Incremental GC (Collect on allocation) 59.12M->42.62M 1.283ms
[88.769s] GC(1555) Pause Incremental GC (Collect on allocation) 58.62M->42.62M 1.230ms
[88.796s] GC(1556) Pause Incremental GC (Collect on allocation) 58.12M->42.62M 1.236ms
[88.825s] GC(1557) Pause Incremental GC (Collect on allocation) 59.62M->42.62M 1.272ms
[88.854s] GC(1558) Pause Incremental GC (Collect on allocation) 59.12M->42.62M 1.249ms
[88.883s] GC(1559) Pause Incremental GC (Collect on allocation) 58.62M->43.12M 1.354ms
[88.911s] GC(1560) Pause Incremental GC (Collect on allocation) 60.62M->43.12M 1.315ms
[88.944s] GC(1561) Pause Incremental GC (Collect on allocation) 62.12M->43.12M 1.250ms
[88.980s] GC(1562) Pause Incremental GC (Collect on allocation) 63.62M->43.12M 1.930ms
[89.014s] GC(1563) Pause Incremental GC (Collect on allocation) 63.12M->43.12M 1.308ms
[89.047s] GC(1564) Pause Incremental GC (Collect on allocation) 62.62M->43.12M 1.290ms
[89.081s] GC(1565) Pause Incremental GC (Collect on allocation) 62.12M->43.12M 1.312ms
[89.113s] GC(1566) Pause Incremental GC (Collect on allocation) 61.62M->43.12M 1.220ms
[89.145s] GC(1567) Pause Incremental GC (Collect on allocation) 61.12M->43.12M 1.274ms
[89.195s] GC(1568) Pause Full GC (Collect on allocation) 60.62M->37.12M 20.872ms
[89.218s] GC(1569) Pause Incremental GC (Collect on allocation) 55.62M->37.12M 1.935ms
[89.239s] GC(1570) Pause Incremental GC (Collect on allocation) 55.12M->37.62M 1.310ms
[89.272s] GC(1571) Pause Incremental GC (Collect on allocation) 57.12M->37.62M 1.198ms
[89.309s] GC(1572) Pause Incremental GC (Collect on allocation) 58.62M->37.62M 1.294ms
[89.348s] GC(1573) Pause Incremental GC (Collect on allocation) 60.62M->37.62M 1.466ms
[89.392s] GC(1574) Pause Incremental GC (Collect on allocation) 62.62M->37.62M 1.207ms
[89.440s] GC(1575) Pause Incremental GC (Collect on allocation) 64.62M->37.62M 1.367ms
[89.497s] GC(1576) Pause Incremental GC (Collect on allocation) 67.12M->37.62M 1.810ms
[89.546s] GC(1577) Pause Incremental GC (Collect on allocation) 66.62M->37.62M 1.400ms
[89.594s] GC(1578) Pause Incremental GC (Collect on allocation) 66.12M->37.62M 1.565ms
[89.643s] GC(1579) Pause Incremental GC (Collect on allocation) 65.62M->37.62M 1.403ms
[89.691s] GC(1580) Pause Incremental GC (Collect on allocation) 65.12M->37.62M 1.546ms
[89.739s] GC(1581) Pause Incremental GC (Collect on allocation) 64.62M->37.62M 1.738ms
[89.785s] GC(1582) Pause Incremental GC (Collect on allocation) 64.12M->37.62M 1.405ms
[89.830s] GC(1583) Pause Incremental GC (Collect on allocation) 63.62M->37.62M 1.465ms
[89.875s] GC(1584) Pause Incremental GC (Collect on allocation) 63.12M->37.62M 1.199ms
[89.918s] GC(1585) Pause Incremental GC (Collect on allocation) 62.62M->37.62M 1.284ms
[89.961s] GC(1586) Pause Incremental GC (Collect on allocation) 62.12M->37.62M 1.267ms
[90.005s] GC(1587) Pause Incremental GC (Collect on allocation) 61.62M->37.62M 1.945ms
[90.045s] GC(1588) Pause Incremental GC (Collect on allocation) 61.12M->37.62M 1.654ms
[90.090s] GC(1589) Pause Incremental GC (Collect on allocation) 63.12M->37.62M 1.626ms
[90.139s] GC(1590) Pause Incremental GC (Collect on allocation) 65.62M->38.12M 1.630ms
[90.187s] GC(1591) Pause Incremental GC (Collect on allocation) 65.62M->38.12M 1.810ms
[90.239s] GC(1592) Pause Incremental GC (Collect on allocation) 68.12M->38.12M 1.323ms
[90.293s] GC(1593) Pause Incremental GC (Collect on allocation) 67.62M->38.12M 1.478ms
[90.344s] GC(1594) Pause Incremental GC (Collect on allocation) 67.12M->38.12M 1.594ms
[90.392s] GC(1595) Pause Incremental GC (Collect on allocation) 66.62M->38.12M 2.015ms
[90.441s] GC(1596) Pause Incremental GC (Collect on allocation) 66.12M->38.12M 1.829ms
[90.511s] GC(1597) Pause Full GC (Collect on allocation) 65.62M->37.12M 22.895ms
[90.549s] GC(1598) Pause Incremental GC (Collect on allocation) 63.62M->37.62M 2.450ms
[90.587s] GC(1599) Pause Incremental GC (Collect on allocation) 66.62M->37.62M 1.545ms
[90.641s] GC(1600) Pause Incremental GC (Collect on allocation) 69.12M->37.62M 1.611ms
[90.701s] GC(1601) Pause Incremental GC (Collect on allocation) 71.62M->38.12M 1.442ms
[90.759s] GC(1602) Pause Incremental GC (Collect on allocation) 71.62M->38.12M 1.468ms
[90.817s] GC(1603) Pause Incremental GC (Collect on allocation) 71.12M->38.12M 1.731ms
[90.875s] GC(1604) Pause Incremental GC (Collect on allocation) 70.62M->38.62M 1.583ms
[90.931s] GC(1605) Pause Incremental GC (Collect on allocation) 70.62M->38.62M 1.342ms
[90.987s] GC(1606) Pause Incremental GC (Collect on allocation) 70.12M->38.62M 1.333ms
[91.042s] GC(1607) Pause Incremental GC (Collect on allocation) 69.62M->38.62M 1.256ms
[91.097s] GC(1608) Pause Incremental GC (Collect on allocation) 69.12M->38.62M 1.486ms
[91.148s] GC(1609) Pause Incremental GC (Collect on allocation) 68.62M->38.62M 1.442ms
[91.200s] GC(1610) Pause Incremental GC (Collect on allocation) 68.12M->38.62M 1.577ms
[91.251s] GC(1611) Pause Incremental GC (Collect on allocation) 67.62M->38.62M 1.528ms
[91.300s] GC(1612) Pause Incremental GC (Collect on allocation) 67.12M->38.62M 1.458ms
[91.348s] GC(1613) Pause Incremental GC (Collect on allocation) 66.62M->38.62M 1.436ms
[91.396s] GC(1614) Pause Incremental GC (Collect on allocation) 66.12M->38.62M 1.500ms
[91.443s] GC(1615) Pause Incremental GC (Collect on allocation) 65.62M->38.62M 1.370ms
[91.489s] GC(1616) Pause Incremental GC (Collect on allocation) 65.12M->38.62M 1.282ms
[91.535s] GC(1617) Pause Incremental GC (Collect on allocation) 64.62M->38.62M 1.234ms
[91.580s] GC(1618) Pause Incremental GC (Collect on allocation) 64.12M->38.62M 1.214ms
[91.624s] GC(1619) Pause Incremental GC (Collect on allocation) 63.62M->38.62M 1.275ms
[91.667s] GC(1620) Pause Incremental GC (Collect on allocation) 63.12M->38.62M 1.272ms
[91.709s] GC(1621) Pause Incremental GC (Collect on allocation) 62.62M->38.62M 1.298ms
[91.751s] GC(1622) Pause Incremental GC (Collect on allocation) 62.12M->38.62M 1.235ms
[91.791s] GC(1623) Pause Incremental GC (Collect on allocation) 61.62M->38.62M 1.225ms
[91.830s] GC(1624) Pause Incremental GC (Collect on allocation) 61.12M->38.62M 1.262ms
[91.870s] GC(1625) Pause Incremental GC (Collect on allocation) 60.62M->38.62M 1.244ms
[91.907s] GC(1626) Pause Incremental GC (Collect on allocation) 60.12M->38.62M 1.294ms
[91.943s] GC(1627) Pause Incremental GC (Collect on allocation) 59.62M->38.62M 1.281ms
[91.979s] GC(1628) Pause Incremental GC (Collect on allocation) 59.12M->38.62M 1.193ms
[92.014s] GC(1629) Pause Incremental GC (Collect on allocation) 58.62M->38.62M 1.235ms
[92.048s] GC(1630) Pause Incremental GC (Collect on allocation) 58.12M->38.62M 1.206ms
[92.081s] GC(1631) Pause Incremental GC (Collect on allocation) 57.62M->38.62M 1.300ms
[92.114s] GC(1632) Pause Incremental GC (Collect on allocation) 57.12M->38.62M 1.175ms
[92.145s] GC(1633) Pause Incremental GC (Collect on allocation) 56.62M->38.62M 1.323ms
[92.199s] GC(1634) Pause Full GC (Collect on allocation) 58.12M->37.12M 20.394ms
[92.225s] GC(1635) Pause Incremental GC (Collect on allocation) 60.12M->37.62M 2.174ms
[92.263s] GC(1636) Pause Incremental GC (Collect on allocation) 62.62M->37.62M 1.317ms
[92.310s] GC(1637) Pause Incremental GC (Collect on allocation) 64.62M->37.62M 1.193ms
[92.357s] GC(1638) Pause Incremental GC (Collect on allocation) 64.12M->37.62M 1.225ms
[92.402s] GC(1639) Pause Incremental GC (Collect on allocation) 63.62M->37.62M 1.216ms
[92.448s] GC(1640) Pause Incremental GC (Collect on allocation) 63.12M->37.62M 1.271ms
[92.491s] GC(1641) Pause Incremental GC (Collect on allocation) 62.62M->37.62M 1.262ms
[92.535s] GC(1642) Pause Incremental GC (Collect on allocation) 62.12M->37.62M 1.157ms
[92.577s] GC(1643) Pause Incremental GC (Collect on allocation) 61.62M->37.62M 1.319ms
[92.618s] GC(1644) Pause Incremental GC (Collect on allocation) 61.12M->37.62M 1.266ms
[92.658s] GC(1645) Pause Incremental GC (Collect on allocation) 60.62M->37.62M 1.204ms
[92.697s] GC(1646) Pause Incremental GC (Collect on allocation) 60.12M->37.62M 1.204ms
[92.736s] GC(1647) Pause Incremental GC (Collect on allocation) 59.62M->37.62M 1.273ms
[92.773s] GC(1648) Pause Incremental GC (Collect on allocation) 59.12M->37.62M 1.238ms
[92.810s] GC(1649) Pause Incremental GC (Collect on allocation) 58.62M->37.62M 1.382ms
[92.846s] GC(1650) Pause Incremental GC (Collect on allocation) 58.12M->37.62M 1.245ms
[92.881s] GC(1651) Pause Incremental GC (Collect on allocation) 57.62M->37.62M 1.271ms
[92.915s] GC(1652) Pause Incremental GC (Collect on allocation) 57.12M->37.62M 1.252ms
[92.948s] GC(1653) Pause Incremental GC (Collect on allocation) 56.62M->37.62M 1.274ms
[92.972s] GC(1654) Pause Incremental GC (Collect on allocation) 56.12M->38.12M 1.386ms
[92.989s] GC(1655) Pause Incremental GC (Collect on allocation) 58.12M->38.12M 1.230ms
[93.026s] GC(1656) Pause Incremental GC (Collect on allocation) 60.12M->38.12M 1.215ms
[93.068s] GC(1657) Pause Incremental GC (Collect on allocation) 62.12M->38.12M 1.204ms
[93.114s] GC(1658) Pause Incremental GC (Collect on allocation) 64.12M->38.12M 1.308ms
[93.163s] GC(1659) Pause Incremental GC (Collect on allocation) 66.62M->38.12M 1.340ms
[93.213s] GC(1660) Pause Incremental GC (Collect on allocation) 66.12M->38.12M 1.507ms
[93.261s] GC(1661) Pause Incremental GC (Collect on allocation) 65.62M->38.12M 1.308ms
[93.308s] GC(1662) Pause Incremental GC (Collect on allocation) 65.12M->38.12M 1.241ms
[93.355s] GC(1663) Pause Incremental GC (Collect on allocation) 64.62M->38.12M 1.494ms
[93.401s] GC(1664) Pause Incremental GC (Collect on allocation) 64.12M->38.12M 1.334ms
[93.445s] GC(1665) Pause Incremental GC (Collect on allocation) 63.62M->38.12M 1.387ms
[93.488s] GC(1666) Pause Incremental GC (Collect on allocation) 63.12M->38.62M 1.323ms
[93.530s] GC(1667) Pause Incremental GC (Collect on allocation) 63.12M->38.62M 1.384ms
[93.571s] GC(1668) Pause Incremental GC (Collect on allocation) 62.62M->38.62M 1.286ms
[93.629s] GC(1669) Pause Full GC (Collect on allocation) 62.12M->36.62M 18.772ms
[93.654s] GC(1670) Pause Incremental GC (Collect on allocation) 59.12M->37.12M 1.842ms
[93.687s] GC(1671) Pause Incremental GC (Collect on allocation) 59.12M->37.62M 1.547ms
[93.729s] GC(1672) Pause Incremental GC (Collect on allocation) 61.62M->38.12M 1.504ms
[93.773s] GC(1673) Pause Incremental GC (Collect on allocation) 64.12M->38.62M 1.543ms
[93.822s] GC(1674) Pause Incremental GC (Collect on allocation) 67.12M->39.12M 1.463ms
[93.869s] GC(1675) Pause Incremental GC (Collect on allocation) 67.12M->40.12M 1.545ms
[93.918s] GC(1676) Pause Incremental GC (Collect on allocation) 67.62M->40.12M 1.421ms
[93.966s] GC(1677) Pause Incremental GC (Collect on allocation) 67.12M->40.12M 2.064ms
[94.010s] GC(1678) Pause Incremental GC (Collect on allocation) 66.62M->40.62M 1.354ms
[94.055s] GC(1679) Pause Incremental GC (Collect on allocation) 66.62M->40.62M 1.259ms
[94.099s] GC(1680) Pause Incremental GC (Collect on allocation) 66.12M->40.62M 1.342ms
[94.143s] GC(1681) Pause Incremental GC (Collect on allocation) 65.62M->40.62M 1.282ms
[94.185s] GC(1682) Pause Incremental GC (Collect on allocation) 65.12M->40.62M 1.276ms
[94.228s] GC(1683) Pause Incremental GC (Collect on allocation) 64.62M->40.62M 1.693ms
[94.268s] GC(1684) Pause Incremental GC (Collect on allocation) 64.12M->40.62M 1.253ms
[94.308s] GC(1685) Pause Incremental GC (Collect on allocation) 63.62M->40.62M 1.280ms
[94.351s] GC(1686) Pause Incremental GC (Collect on allocation) 63.12M->40.62M 1.375ms
[94.386s] GC(1687) Pause Incremental GC (Collect on allocation) 62.62M->40.62M 1.248ms
[94.423s] GC(1688) Pause Incremental GC (Collect on allocation) 62.12M->40.62M 1.266ms
[94.460s] GC(1689) Pause Incremental GC (Collect on allocation) 61.62M->40.62M 1.283ms
[94.496s] GC(1690) Pause Incremental GC (Collect on allocation) 61.12M->40.62M 1.267ms
[94.531s] GC(1691) Pause Incremental GC (Collect on allocation) 60.62M->40.62M 1.259ms
[94.566s] GC(1692) Pause Incremental GC (Collect on allocation) 60.12M->41.12M 1.548ms
[94.599s] GC(1693) Pause Incremental GC (Collect on allocation) 60.12M->41.12M 1.258ms
[94.635s] GC(1694) Pause Incremental GC (Collect on allocation) 61.62M->41.12M 1.286ms
[94.669s] GC(1695) Pause Incremental GC (Collect on allocation) 61.12M->41.12M 1.345ms
[94.707s] GC(1696) Pause Incremental GC (Collect on allocation) 62.62M->41.12M 1.271ms
[94.743s] GC(1697) Pause Incremental GC (Collect on allocation) 62.12M->41.12M 1.247ms
[94.779s] GC(1698) Pause Incremental GC (Collect on allocation) 61.62M->41.12M 1.178ms
[94.813s] GC(1699) Pause Incremental GC (Collect on allocation) 61.12M->41.12M 1.303ms
[94.848s] GC(1700) Pause Incremental GC (Collect on allocation) 60.62M->41.12M 1.217ms
[94.881s] GC(1701) Pause Incremental GC (Collect on allocation) 60.12M->41.12M 1.292ms
[94.912s] GC(1702) Pause Incremental GC (Collect on allocation) 59.62M->41.12M 1.224ms
[94.970s] GC(1703) Pause Full GC (Collect on allocation) 61.12M->37.12M 23.225ms
[94.995s] GC(1704) Pause Incremental GC (Collect on allocation) 60.62M->37.12M 1.648ms
[95.035s] GC(1705) Pause Incremental GC (Collect on allocation) 62.62M->37.12M 1.475ms
[95.083s] GC(1706) Pause Incremental GC (Collect on allocation) 65.12M->37.12M 1.464ms
[95.136s] GC(1707) Pause Incremental GC (Collect on allocation) 67.62M->37.62M 1.545ms
[95.190s] GC(1708) Pause Incremental GC (Collect on allocation) 67.62M->37.62M 1.541ms
[95.241s] GC(1709) Pause Incremental GC (Collect on allocation) 67.12M->37.62M 1.418ms
[95.292s] GC(1710) Pause Incremental GC (Collect on allocation) 66.62M->37.62M 1.389ms
[95.342s] GC(1711) Pause Incremental GC (Collect on allocation) 66.12M->37.62M 1.254ms
[95.391s] GC(1712) Pause Incremental GC (Collect on allocation) 65.62M->37.62M 1.377ms
[95.439s] GC(1713) Pause Incremental GC (Collect on allocation) 65.12M->37.62M 1.306ms
[95.486s] GC(1714) Pause Incremental GC (Collect on allocation) 64.62M->37.62M 1.282ms
[95.532s] GC(1715) Pause Incremental GC (Collect on allocation) 64.12M->37.62M 1.335ms
[95.577s] GC(1716) Pause Incremental GC (Collect on allocation) 63.62M->37.62M 1.296ms
[95.622s] GC(1717) Pause Incremental GC (Collect on allocation) 63.12M->37.62M 1.180ms
[95.665s] GC(1718) Pause Incremental GC (Collect on allocation) 62.62M->37.62M 1.292ms
[95.709s] GC(1719) Pause Incremental GC (Collect on allocation) 62.12M->37.62M 1.335ms
[95.751s] GC(1720) Pause Incremental GC (Collect on allocation) 61.62M->37.62M 1.315ms
[95.793s] GC(1721) Pause Incremental GC (Collect on allocation) 61.12M->37.62M 1.232ms
[95.832s] GC(1722) Pause Incremental GC (Collect on allocation) 60.62M->37.62M 1.314ms
[95.872s] GC(1723) Pause Incremental GC (Collect on allocation) 60.12M->37.62M 1.265ms
[95.910s] GC(1724) Pause Incremental GC (Collect on allocation) 59.62M->37.62M 1.269ms
[95.948s] GC(1725) Pause Incremental GC (Collect on allocation) 59.12M->37.62M 1.332ms
[95.984s] GC(1726) Pause Incremental GC (Collect on allocation) 58.62M->37.62M 1.232ms
[96.020s] GC(1727) Pause Incremental GC (Collect on allocation) 58.12M->37.62M 1.276ms
[96.055s] GC(1728) Pause Incremental GC (Collect on allocation) 57.62M->37.62M 1.337ms
[96.089s] GC(1729) Pause Incremental GC (Collect on allocation) 57.12M->37.62M 1.281ms
[96.122s] GC(1730) Pause Incremental GC (Collect on allocation) 56.62M->37.62M 1.247ms
[96.154s] GC(1731) Pause Incremental GC (Collect on allocation) 56.12M->38.12M 1.212ms
[96.186s] GC(1732) Pause Incremental GC (Collect on allocation) 56.12M->38.12M 1.308ms
[96.220s] GC(1733) Pause Incremental GC (Collect on allocation) 57.62M->38.12M 1.585ms
[96.256s] GC(1734) Pause Incremental GC (Collect on allocation) 59.12M->38.12M 1.378ms
[96.297s] GC(1735) Pause Incremental GC (Collect on allocation) 61.12M->38.62M 1.278ms
[96.340s] GC(1736) Pause Incremental GC (Collect on allocation) 63.62M->38.62M 1.406ms
[96.405s] GC(1737) Pause Full GC (Collect on allocation) 65.62M->37.12M 18.375ms
[96.433s] GC(1738) Pause Incremental GC (Collect on allocation) 63.12M->37.12M 1.581ms
[96.478s] GC(1739) Pause Incremental GC (Collect on allocation) 62.62M->37.12M 1.310ms
[96.522s] GC(1740) Pause Incremental GC (Collect on allocation) 62.12M->37.12M 1.358ms
[96.565s] GC(1741) Pause Incremental GC (Collect on allocation) 61.62M->37.12M 1.290ms
[96.607s] GC(1742) Pause Incremental GC (Collect on allocation) 61.12M->37.12M 1.328ms
[96.650s] GC(1743) Pause Incremental GC (Collect on allocation) 60.62M->37.62M 1.340ms
[96.689s] GC(1744) Pause Incremental GC (Collect on allocation) 60.62M->37.62M 1.256ms
[96.728s] GC(1745) Pause Incremental GC (Collect on allocation) 60.12M->37.62M 1.217ms
[96.767s] GC(1746) Pause Incremental GC (Collect on allocation) 59.62M->37.62M 1.268ms
[96.806s] GC(1747) Pause Incremental GC (Collect on allocation) 59.12M->37.62M 1.276ms
[96.842s] GC(1748) Pause Incremental GC (Collect on allocation) 58.62M->37.62M 1.279ms
[96.878s] GC(1749) Pause Incremental GC (Collect on allocation) 58.12M->37.62M 1.294ms
[96.912s] GC(1750) Pause Incremental GC (Collect on allocation) 57.62M->37.62M 1.209ms
[96.946s] GC(1751) Pause Incremental GC (Collect on allocation) 57.12M->37.62M 1.155ms
[96.980s] GC(1752) Pause Incremental GC (Collect on allocation) 56.62M->37.62M 1.205ms
[97.012s] GC(1753) Pause Incremental GC (Collect on allocation) 56.12M->37.62M 1.256ms
[97.043s] GC(1754) Pause Incremental GC (Collect on allocation) 55.62M->37.62M 1.168ms
[97.074s] GC(1755) Pause Incremental GC (Collect on allocation) 55.12M->37.62M 1.169ms
[97.103s] GC(1756) Pause Incremental GC (Collect on allocation) 54.62M->37.62M 1.222ms
[97.136s] GC(1757) Pause Incremental GC (Collect on allocation) 56.12M->37.62M 1.285ms
[97.171s] GC(1758) Pause Incremental GC (Collect on allocation) 57.62M->37.62M 1.237ms
[97.209s] GC(1759) Pause Incremental GC (Collect on allocation) 59.12M->37.62M 1.339ms
[97.246s] GC(1760) Pause Incremental GC (Collect on allocation) 58.62M->37.62M 1.169ms
[97.281s] GC(1761) Pause Incremental GC (Collect on allocation) 58.12M->37.62M 1.251ms
[97.316s] GC(1762) Pause Incremental GC (Collect on allocation) 57.62M->37.62M 1.320ms
[97.350s] GC(1763) Pause Incremental GC (Collect on allocation) 57.12M->37.62M 1.243ms
[97.383s] GC(1764) Pause Incremental GC (Collect on allocation) 56.62M->37.62M 1.302ms
[97.416s] GC(1765) Pause Incremental GC (Collect on allocation) 56.12M->37.62M 1.293ms
[97.451s] GC(1766) Pause Incremental GC (Collect on allocation) 57.62M->38.12M 1.199ms
[97.485s] GC(1767) Pause Incremental GC (Collect on allocation) 57.62M->38.12M 1.234ms
[97.518s] GC(1768) Pause Incremental GC (Collect on allocation) 57.12M->38.12M 1.238ms
[97.550s] GC(1769) Pause Incremental GC (Collect on allocation) 56.62M->38.12M 1.418ms
[97.585s] GC(1770) Pause Incremental GC (Collect on allocation) 58.12M->38.12M 1.225ms
[97.623s] GC(1771) Pause Incremental GC (Collect on allocation) 59.62M->38.12M 1.275ms
[97.660s] GC(1772) Pause Incremental GC (Collect on allocation) 59.12M->38.12M 1.188ms
[97.714s] GC(1773) Pause Full GC (Collect on allocation) 58.62M->37.12M 20.567ms
[97.735s] GC(1774) Pause Incremental GC (Collect on allocation) 56.62M->37.62M 1.496ms
[97.765s] GC(1775) Pause Incremental GC (Collect on allocation) 58.62M->37.62M 1.378ms
[97.806s] GC(1776) Pause Incremental GC (Collect on allocation) 60.62M->37.62M 1.279ms
[97.849s] GC(1777) Pause Incremental GC (Collect on allocation) 62.62M->37.62M 1.166ms
[97.893s] GC(1778) Pause Incremental GC (Collect on allocation) 62.12M->37.62M 1.206ms
[97.935s] GC(1779) Pause Incremental GC (Collect on allocation) 61.62M->37.62M 1.302ms
[97.971s] GC(1780) Pause Incremental GC (Collect on allocation) 61.12M->37.62M 1.533ms
[97.990s] GC(1781) Pause Incremental GC (Collect on allocation) 60.62M->37.62M 1.148ms
[98.034s] GC(1782) Pause Incremental GC (Collect on allocation) 62.62M->37.62M 1.479ms
[98.083s] GC(1783) Pause Incremental GC (Collect on allocation) 64.62M->37.62M 1.510ms
[98.133s] GC(1784) Pause Incremental GC (Collect on allocation) 67.12M->37.62M 1.330ms
[98.185s] GC(1785) Pause Incremental GC (Collect on allocation) 66.62M->37.62M 1.848ms
[98.234s] GC(1786) Pause Incremental GC (Collect on allocation) 66.12M->37.62M 1.329ms
[98.284s] GC(1787) Pause Incremental GC (Collect on allocation) 65.62M->37.62M 1.200ms
[98.332s] GC(1788) Pause Incremental GC (Collect on allocation) 65.12M->38.12M 1.494ms
[98.379s] GC(1789) Pause Incremental GC (Collect on allocation) 65.12M->38.12M 1.563ms
[98.425s] GC(1790) Pause Incremental GC (Collect on allocation) 64.62M->38.12M 1.251ms
[98.472s] GC(1791) Pause Incremental GC (Collect on allocation) 64.12M->38.12M 1.356ms
[98.515s] GC(1792) Pause Incremental GC (Collect on allocation) 63.62M->38.12M 1.258ms
[98.559s] GC(1793) Pause Incremental GC (Collect on allocation) 63.12M->38.12M 1.611ms
[98.602s] GC(1794) Pause Incremental GC (Collect on allocation) 62.62M->38.12M 1.242ms
[98.645s] GC(1795) Pause Incremental GC (Collect on allocation) 62.12M->38.12M 1.267ms
[98.686s] GC(1796) Pause Incremental GC (Collect on allocation) 61.62M->38.12M 1.290ms
[98.726s] GC(1797) Pause Incremental GC (Collect on allocation) 61.12M->38.12M 1.222ms
[98.766s] GC(1798) Pause Incremental GC (Collect on allocation) 60.62M->38.12M 1.297ms
[98.805s] GC(1799) Pause Incremental GC (Collect on allocation) 60.12M->38.12M 1.254ms
[98.843s] GC(1800) Pause Incremental GC (Collect on allocation) 59.62M->38.12M 1.793ms
[98.879s] GC(1801) Pause Incremental GC (Collect on allocation) 59.12M->38.12M 1.246ms
[98.915s] GC(1802) Pause Incremental GC (Collect on allocation) 58.62M->38.12M 1.217ms
[98.950s] GC(1803) Pause Incremental GC (Collect on allocation) 58.12M->38.12M 1.290ms
[98.985s] GC(1804) Pause Incremental GC (Collect on allocation) 57.62M->38.12M 1.292ms
[99.039s] GC(1805) Pause Full GC (Collect on allocation) 57.12M->37.12M 21.812ms
[99.063s] GC(1806) Pause Incremental GC (Collect on allocation) 59.62M->37.12M 1.472ms
[99.100s] GC(1807) Pause Incremental GC (Collect on allocation) 61.62M->37.62M 1.314ms
[99.146s] GC(1808) Pause Incremental GC (Collect on allocation) 64.12M->37.62M 1.419ms
[99.192s] GC(1809) Pause Incremental GC (Collect on allocation) 63.62M->37.62M 1.349ms
[107.972s] GC(1810) Pause Incremental GC (Collect on allocation) 63.12M->38.12M 1.469ms
