
  .   ____          _            __ _ _
 /\\ / ___'_ __ _ _(_)_ __  __ _ \ \ \ \
( ( )\___ | '_ | '_| | '_ \/ _` | \ \ \ \
 \\/  ___)| |_)| | | | | || (_| |  ) ) ) )
  '  |____| .__|_| |_|_| |_\__, | / / / /
 =========|_|==============|___/=/_/_/_/

 :: Spring Boot ::                (v4.1.1)

2026-10-04T01:30:20.560Z  INFO 1 --- [shortener] [           main] uy.ct.shortener.ShortenerApplicationKt   : Starting AOT-processed ShortenerApplicationKt using Java 25.0.4.1 with PID 1 (/workspace/uy.ct.shortener.ShortenerApplicationKt started by cnb in /workspace)
2026-10-04T01:30:20.561Z  INFO 1 --- [shortener] [           main] uy.ct.shortener.ShortenerApplicationKt   : No active profile set, falling back to 1 default profile: "default"
2026-10-04T01:30:20.605Z  INFO 1 --- [shortener] [           main] o.s.boot.tomcat.TomcatWebServer          : Tomcat initialized with port 8080 (http)
2026-10-04T01:30:20.607Z  INFO 1 --- [shortener] [           main] o.apache.catalina.core.StandardService   : Starting service [Tomcat]
2026-10-04T01:30:20.607Z  INFO 1 --- [shortener] [           main] o.apache.catalina.core.StandardEngine    : Starting Servlet engine: [Apache Tomcat/11.0.24]
2026-10-04T01:30:20.613Z  INFO 1 --- [shortener] [           main] b.w.c.s.WebApplicationContextInitializer : Root WebApplicationContext: initialization completed in 52 ms
2026-10-04T01:30:20.671Z  INFO 1 --- [shortener] [           main] com.zaxxer.hikari.HikariDataSource       : HikariPool-1 - Starting...
2026-10-04T01:30:20.695Z  INFO 1 --- [shortener] [           main] com.zaxxer.hikari.pool.HikariPool        : HikariPool-1 - Added connection org.postgresql.jdbc.PgConnection@6d08cbef
2026-10-04T01:30:20.695Z  INFO 1 --- [shortener] [           main] com.zaxxer.hikari.HikariDataSource       : HikariPool-1 - Start completed.
2026-10-04T01:30:20.696Z  WARN 1 --- [shortener] [           main] org.flywaydb.core.FlywayExecutor         : Unable to scan location: /db/migration (unsupported protocol: resource)
2026-10-04T01:30:20.696Z  WARN 1 --- [shortener] [           main] org.flywaydb.core.FlywayExecutor         : Unable to scan location: /db/migration (unsupported protocol: resource)
2026-10-04T01:30:20.696Z  INFO 1 --- [shortener] [           main] org.flywaydb.core.FlywayExecutor         : Database: jdbc:postgresql://localhost:32768/mydatabase (PostgreSQL 18.6)
2026-10-04T01:30:20.697Z  WARN 1 --- [shortener] [           main] o.f.c.i.s.classpath.ClassPathScanner     : Unable to scan location: /db/migration (unsupported protocol: resource)
2026-10-04T01:30:20.697Z  WARN 1 --- [shortener] [           main] o.f.c.i.s.classpath.ClassPathScanner     : Unable to scan location: /db/migration (unsupported protocol: resource)
2026-10-04T01:30:20.724Z  INFO 1 --- [shortener] [           main] o.f.core.internal.command.DbValidate     : Successfully validated 5 migrations (execution time 00:00.022s)
2026-10-04T01:30:20.740Z  INFO 1 --- [shortener] [           main] o.f.core.internal.command.DbMigrate      : Current version of schema "public": 5
2026-10-04T01:30:20.740Z  INFO 1 --- [shortener] [           main] o.f.core.internal.command.DbMigrate      : Schema "public" is up to date. No migration necessary.
2026-10-04T01:30:20.873Z  WARN 1 --- [shortener] [           main] i.m.c.i.binder.jvm.JvmGcMetrics          : GC notifications will not be available because no GarbageCollectorMXBean of the JVM provides any. GCs=[young generation scavenger, complete scavenger]
2026-10-04T01:30:20.892Z  INFO 1 --- [shortener] [           main] o.s.boot.tomcat.TomcatWebServer          : Tomcat started on port 8080 (http) with context path '/'
2026-10-04T01:30:20.895Z  INFO 1 --- [shortener] [           main] o.s.boot.tomcat.TomcatWebServer          : Tomcat initialized with port 8081 (http)
2026-10-04T01:30:20.895Z  INFO 1 --- [shortener] [           main] o.apache.catalina.core.StandardService   : Starting service [Tomcat]
2026-10-04T01:30:20.895Z  INFO 1 --- [shortener] [           main] o.apache.catalina.core.StandardEngine    : Starting Servlet engine: [Apache Tomcat/11.0.24]
2026-10-04T01:30:20.896Z  INFO 1 --- [shortener] [           main] b.w.c.s.WebApplicationContextInitializer : Root WebApplicationContext: initialization completed in 4 ms
2026-10-04T01:30:20.898Z  INFO 1 --- [shortener] [           main] o.s.b.a.e.web.EndpointLinksResolver      : Exposing 2 endpoints beneath base path '/actuator'
2026-10-04T01:30:20.904Z  INFO 1 --- [shortener] [           main] o.s.boot.tomcat.TomcatWebServer          : Tomcat started on port 8081 (http) with context path '/'
2026-10-04T01:30:20.904Z  INFO 1 --- [shortener] [           main] o.s.s.config.TaskSchedulerRouter         : No TaskScheduler/ScheduledExecutorService bean found for scheduled processing
2026-10-04T01:30:20.905Z  INFO 1 --- [shortener] [           main] uy.ct.shortener.ShortenerApplicationKt   : Started ShortenerApplicationKt in 0.384 seconds (process running for 0.42)
2026-10-04T01:30:20.955Z  INFO 1 --- [shortener] [omcat-handler-0] o.a.c.c.C.[Tomcat-1].[localhost].[/]     : Initializing Spring DispatcherServlet 'dispatcherServletRegistration'
2026-10-04T01:30:20.955Z  INFO 1 --- [shortener] [omcat-handler-0] o.s.web.servlet.DispatcherServlet        : Initializing Servlet 'dispatcherServletRegistration'
2026-10-04T01:30:20.955Z  INFO 1 --- [shortener] [omcat-handler-0] o.s.web.servlet.DispatcherServlet        : Completed initialization in 0 ms
2026-10-04T01:30:27.188Z  INFO 1 --- [shortener] [omcat-handler-0] o.a.c.c.C.[Tomcat].[localhost].[/]       : Initializing Spring DispatcherServlet 'dispatcherServlet'
2026-10-04T01:30:27.188Z  INFO 1 --- [shortener] [omcat-handler-0] o.s.web.servlet.DispatcherServlet        : Initializing Servlet 'dispatcherServlet'
2026-10-04T01:30:27.189Z  INFO 1 --- [shortener] [omcat-handler-0] o.s.web.servlet.DispatcherServlet        : Completed initialization in 1 ms
2026-10-04T01:32:24.176Z ERROR 1 --- [shortener] [-handler-161439] o.a.coyote.http11.Http11NioProtocol      : Failed to complete processing of a request

java.lang.OutOfMemoryError: Garbage-collected heap size exceeded. Consider increasing the maximum Java heap size, for example with '-Xmx'.

2026-10-04T01:32:26.726Z ERROR 1 --- [shortener] [-handler-161440] o.a.c.c.C.[.[.[/].[dispatcherServlet]    : Servlet.service() for servlet [dispatcherServlet] in context with path [] threw exception [Handler dispatch failed: java.lang.OutOfMemoryError: Garbage-collected heap size exceeded. Consider increasing the maximum Java heap size, for example with '-Xmx'.] with root cause

java.lang.OutOfMemoryError: Garbage-collected heap size exceeded. Consider increasing the maximum Java heap size, for example with '-Xmx'.

2026-10-04T01:32:26.725Z ERROR 1 --- [shortener] [-handler-161493] o.a.c.c.C.[.[.[/].[dispatcherServlet]    : Servlet.service() for servlet [dispatcherServlet] in context with path [] threw exception [Handler dispatch failed: java.lang.OutOfMemoryError: Garbage-collected heap size exceeded. Consider increasing the maximum Java heap size, for example with '-Xmx'.] with root cause

java.lang.OutOfMemoryError: Garbage-collected heap size exceeded. Consider increasing the maximum Java heap size, for example with '-Xmx'.

2026-10-04T01:32:26.743Z ERROR 1 --- [shortener] [-handler-161438] o.a.c.c.C.[.[.[/].[dispatcherServlet]    : Servlet.service() for servlet [dispatcherServlet] in context with path [] threw exception [Handler dispatch failed: java.lang.OutOfMemoryError: Garbage-collected heap size exceeded. Consider increasing the maximum Java heap size, for example with '-Xmx'.] with root cause

java.lang.OutOfMemoryError: Garbage-collected heap size exceeded. Consider increasing the maximum Java heap size, for example with '-Xmx'.

2026-10-04T01:32:26.744Z ERROR 1 --- [shortener] [-handler-161494] o.a.c.c.C.[.[.[/].[dispatcherServlet]    : Servlet.service() for servlet [dispatcherServlet] in context with path [] threw exception [Handler dispatch failed: java.lang.OutOfMemoryError: Garbage-collected heap size exceeded. Consider increasing the maximum Java heap size, for example with '-Xmx'.] with root cause

java.lang.OutOfMemoryError: Garbage-collected heap size exceeded. Consider increasing the maximum Java heap size, for example with '-Xmx'.

2026-10-04T01:32:26.744Z ERROR 1 --- [shortener] [-handler-161495] o.a.c.c.C.[.[.[/].[dispatcherServlet]    : Servlet.service() for servlet [dispatcherServlet] in context with path [] threw exception [Handler dispatch failed: java.lang.OutOfMemoryError: Garbage-collected heap size exceeded. Consider increasing the maximum Java heap size, for example with '-Xmx'.] with root cause

java.lang.OutOfMemoryError: Garbage-collected heap size exceeded. Consider increasing the maximum Java heap size, for example with '-Xmx'.

2026-10-04T01:32:26.745Z ERROR 1 --- [shortener] [-handler-161481] o.a.c.c.C.[.[.[/].[dispatcherServlet]    : Servlet.service() for servlet [dispatcherServlet] in context with path [] threw exception [Handler dispatch failed: java.lang.OutOfMemoryError: Garbage-collected heap size exceeded. Consider increasing the maximum Java heap size, for example with '-Xmx'.] with root cause

java.lang.OutOfMemoryError: Garbage-collected heap size exceeded. Consider increasing the maximum Java heap size, for example with '-Xmx'.

2026-10-04T01:32:26.745Z ERROR 1 --- [shortener] [-handler-161496] o.a.c.c.C.[.[.[/].[dispatcherServlet]    : Servlet.service() for servlet [dispatcherServlet] in context with path [] threw exception [Handler dispatch failed: java.lang.OutOfMemoryError: Garbage-collected heap size exceeded. Consider increasing the maximum Java heap size, for example with '-Xmx'.] with root cause

java.lang.OutOfMemoryError: Garbage-collected heap size exceeded. Consider increasing the maximum Java heap size, for example with '-Xmx'.

2026-10-04T01:32:26.746Z ERROR 1 --- [shortener] [-handler-161441] o.a.c.c.C.[.[.[/].[dispatcherServlet]    : Servlet.service() for servlet [dispatcherServlet] in context with path [] threw exception [Handler dispatch failed: java.lang.OutOfMemoryError: Garbage-collected heap size exceeded. Consider increasing the maximum Java heap size, for example with '-Xmx'.] with root cause

java.lang.OutOfMemoryError: Garbage-collected heap size exceeded. Consider increasing the maximum Java heap size, for example with '-Xmx'.

2026-10-04T01:32:26.746Z ERROR 1 --- [shortener] [-handler-161497] o.a.c.c.C.[.[.[/].[dispatcherServlet]    : Servlet.service() for servlet [dispatcherServlet] in context with path [] threw exception [Handler dispatch failed: java.lang.OutOfMemoryError: Garbage-collected heap size exceeded. Consider increasing the maximum Java heap size, for example with '-Xmx'.] with root cause

java.lang.OutOfMemoryError: Garbage-collected heap size exceeded. Consider increasing the maximum Java heap size, for example with '-Xmx'.

2026-10-04T01:32:26.746Z ERROR 1 --- [shortener] [-handler-161482] o.a.c.c.C.[.[.[/].[dispatcherServlet]    : Servlet.service() for servlet [dispatcherServlet] in context with path [] threw exception [Handler dispatch failed: java.lang.OutOfMemoryError: Garbage-collected heap size exceeded. Consider increasing the maximum Java heap size, for example with '-Xmx'.] with root cause

java.lang.OutOfMemoryError: Garbage-collected heap size exceeded. Consider increasing the maximum Java heap size, for example with '-Xmx'.

2026-10-04T01:32:26.746Z ERROR 1 --- [shortener] [-handler-161498] o.a.c.c.C.[.[.[/].[dispatcherServlet]    : Servlet.service() for servlet [dispatcherServlet] in context with path [] threw exception [Handler dispatch failed: java.lang.OutOfMemoryError: Garbage-collected heap size exceeded. Consider increasing the maximum Java heap size, for example with '-Xmx'.] with root cause

java.lang.OutOfMemoryError: Garbage-collected heap size exceeded. Consider increasing the maximum Java heap size, for example with '-Xmx'.

2026-10-04T01:32:26.747Z ERROR 1 --- [shortener] [-handler-161442] o.a.c.c.C.[.[.[/].[dispatcherServlet]    : Servlet.service() for servlet [dispatcherServlet] in context with path [] threw exception [Handler dispatch failed: java.lang.OutOfMemoryError: Garbage-collected heap size exceeded. Consider increasing the maximum Java heap size, for example with '-Xmx'.] with root cause

java.lang.OutOfMemoryError: Garbage-collected heap size exceeded. Consider increasing the maximum Java heap size, for example with '-Xmx'.

2026-10-04T01:32:26.747Z ERROR 1 --- [shortener] [-handler-161499] o.a.c.c.C.[.[.[/].[dispatcherServlet]    : Servlet.service() for servlet [dispatcherServlet] in context with path [] threw exception [Handler dispatch failed: java.lang.OutOfMemoryError: Garbage-collected heap size exceeded. Consider increasing the maximum Java heap size, for example with '-Xmx'.] with root cause

java.lang.OutOfMemoryError: Garbage-collected heap size exceeded. Consider increasing the maximum Java heap size, for example with '-Xmx'.

2026-10-04T01:32:26.747Z ERROR 1 --- [shortener] [-handler-161483] o.a.c.c.C.[.[.[/].[dispatcherServlet]    : Servlet.service() for servlet [dispatcherServlet] in context with path [] threw exception [Handler dispatch failed: java.lang.OutOfMemoryError: Garbage-collected heap size exceeded. Consider increasing the maximum Java heap size, for example with '-Xmx'.] with root cause

java.lang.OutOfMemoryError: Garbage-collected heap size exceeded. Consider increasing the maximum Java heap size, for example with '-Xmx'.

2026-10-04T01:32:26.747Z ERROR 1 --- [shortener] [-handler-161500] o.a.c.c.C.[.[.[/].[dispatcherServlet]    : Servlet.service() for servlet [dispatcherServlet] in context with path [] threw exception [Handler dispatch failed: java.lang.OutOfMemoryError: Garbage-collected heap size exceeded. Consider increasing the maximum Java heap size, for example with '-Xmx'.] with root cause

java.lang.OutOfMemoryError: Garbage-collected heap size exceeded. Consider increasing the maximum Java heap size, for example with '-Xmx'.

2026-10-04T01:32:26.748Z ERROR 1 --- [shortener] [-handler-161443] o.a.c.c.C.[.[.[/].[dispatcherServlet]    : Servlet.service() for servlet [dispatcherServlet] in context with path [] threw exception [Handler dispatch failed: java.lang.OutOfMemoryError: Garbage-collected heap size exceeded. Consider increasing the maximum Java heap size, for example with '-Xmx'.] with root cause

java.lang.OutOfMemoryError: Garbage-collected heap size exceeded. Consider increasing the maximum Java heap size, for example with '-Xmx'.

2026-10-04T01:32:26.748Z ERROR 1 --- [shortener] [-handler-161501] o.a.c.c.C.[.[.[/].[dispatcherServlet]    : Servlet.service() for servlet [dispatcherServlet] in context with path [] threw exception [Handler dispatch failed: java.lang.OutOfMemoryError: Garbage-collected heap size exceeded. Consider increasing the maximum Java heap size, for example with '-Xmx'.] with root cause

java.lang.OutOfMemoryError: Garbage-collected heap size exceeded. Consider increasing the maximum Java heap size, for example with '-Xmx'.

2026-10-04T01:32:26.748Z ERROR 1 --- [shortener] [-handler-161484] o.a.c.c.C.[.[.[/].[dispatcherServlet]    : Servlet.service() for servlet [dispatcherServlet] in context with path [] threw exception [Handler dispatch failed: java.lang.OutOfMemoryError: Garbage-collected heap size exceeded. Consider increasing the maximum Java heap size, for example with '-Xmx'.] with root cause

java.lang.OutOfMemoryError: Garbage-collected heap size exceeded. Consider increasing the maximum Java heap size, for example with '-Xmx'.

2026-10-04T01:32:26.749Z ERROR 1 --- [shortener] [-handler-161502] o.a.c.c.C.[.[.[/].[dispatcherServlet]    : Servlet.service() for servlet [dispatcherServlet] in context with path [] threw exception [Handler dispatch failed: java.lang.OutOfMemoryError: Garbage-collected heap size exceeded. Consider increasing the maximum Java heap size, for example with '-Xmx'.] with root cause

java.lang.OutOfMemoryError: Garbage-collected heap size exceeded. Consider increasing the maximum Java heap size, for example with '-Xmx'.

2026-10-04T01:32:26.749Z ERROR 1 --- [shortener] [-handler-161444] o.a.c.c.C.[.[.[/].[dispatcherServlet]    : Servlet.service() for servlet [dispatcherServlet] in context with path [] threw exception [Handler dispatch failed: java.lang.OutOfMemoryError: Garbage-collected heap size exceeded. Consider increasing the maximum Java heap size, for example with '-Xmx'.] with root cause

java.lang.OutOfMemoryError: Garbage-collected heap size exceeded. Consider increasing the maximum Java heap size, for example with '-Xmx'.

2026-10-04T01:32:26.749Z ERROR 1 --- [shortener] [-handler-161503] o.a.c.c.C.[.[.[/].[dispatcherServlet]    : Servlet.service() for servlet [dispatcherServlet] in context with path [] threw exception [Handler dispatch failed: java.lang.OutOfMemoryError: Garbage-collected heap size exceeded. Consider increasing the maximum Java heap size, for example with '-Xmx'.] with root cause

java.lang.OutOfMemoryError: Garbage-collected heap size exceeded. Consider increasing the maximum Java heap size, for example with '-Xmx'.

2026-10-04T01:32:26.750Z ERROR 1 --- [shortener] [-handler-161485] o.a.c.c.C.[.[.[/].[dispatcherServlet]    : Servlet.service() for servlet [dispatcherServlet] in context with path [] threw exception [Handler dispatch failed: java.lang.OutOfMemoryError: Garbage-collected heap size exceeded. Consider increasing the maximum Java heap size, for example with '-Xmx'.] with root cause

java.lang.OutOfMemoryError: Garbage-collected heap size exceeded. Consider increasing the maximum Java heap size, for example with '-Xmx'.

2026-10-04T01:32:26.750Z ERROR 1 --- [shortener] [-handler-161504] o.a.c.c.C.[.[.[/].[dispatcherServlet]    : Servlet.service() for servlet [dispatcherServlet] in context with path [] threw exception [Handler dispatch failed: java.lang.OutOfMemoryError: Garbage-collected heap size exceeded. Consider increasing the maximum Java heap size, for example with '-Xmx'.] with root cause

java.lang.OutOfMemoryError: Garbage-collected heap size exceeded. Consider increasing the maximum Java heap size, for example with '-Xmx'.

2026-10-04T01:32:26.750Z ERROR 1 --- [shortener] [-handler-161445] o.a.c.c.C.[.[.[/].[dispatcherServlet]    : Servlet.service() for servlet [dispatcherServlet] in context with path [] threw exception [Handler dispatch failed: java.lang.OutOfMemoryError: Garbage-collected heap size exceeded. Consider increasing the maximum Java heap size, for example with '-Xmx'.] with root cause

java.lang.OutOfMemoryError: Garbage-collected heap size exceeded. Consider increasing the maximum Java heap size, for example with '-Xmx'.

2026-10-04T01:32:26.751Z ERROR 1 --- [shortener] [-handler-161486] o.a.c.c.C.[.[.[/].[dispatcherServlet]    : Servlet.service() for servlet [dispatcherServlet] in context with path [] threw exception [Handler dispatch failed: java.lang.OutOfMemoryError: Garbage-collected heap size exceeded. Consider increasing the maximum Java heap size, for example with '-Xmx'.] with root cause

java.lang.OutOfMemoryError: Garbage-collected heap size exceeded. Consider increasing the maximum Java heap size, for example with '-Xmx'.

2026-10-04T01:32:26.751Z ERROR 1 --- [shortener] [-handler-161506] o.a.c.c.C.[.[.[/].[dispatcherServlet]    : Servlet.service() for servlet [dispatcherServlet] in context with path [] threw exception [Handler dispatch failed: java.lang.OutOfMemoryError: Garbage-collected heap size exceeded. Consider increasing the maximum Java heap size, for example with '-Xmx'.] with root cause

java.lang.OutOfMemoryError: Garbage-collected heap size exceeded. Consider increasing the maximum Java heap size, for example with '-Xmx'.

2026-10-04T01:32:26.751Z ERROR 1 --- [shortener] [-handler-161446] o.a.c.c.C.[.[.[/].[dispatcherServlet]    : Servlet.service() for servlet [dispatcherServlet] in context with path [] threw exception [Handler dispatch failed: java.lang.OutOfMemoryError: Garbage-collected heap size exceeded. Consider increasing the maximum Java heap size, for example with '-Xmx'.] with root cause

java.lang.OutOfMemoryError: Garbage-collected heap size exceeded. Consider increasing the maximum Java heap size, for example with '-Xmx'.

2026-10-04T01:32:26.752Z ERROR 1 --- [shortener] [-handler-161507] o.a.c.c.C.[.[.[/].[dispatcherServlet]    : Servlet.service() for servlet [dispatcherServlet] in context with path [] threw exception [Handler dispatch failed: java.lang.OutOfMemoryError: Garbage-collected heap size exceeded. Consider increasing the maximum Java heap size, for example with '-Xmx'.] with root cause

java.lang.OutOfMemoryError: Garbage-collected heap size exceeded. Consider increasing the maximum Java heap size, for example with '-Xmx'.

2026-10-04T01:32:26.752Z ERROR 1 --- [shortener] [-handler-161487] o.a.c.c.C.[.[.[/].[dispatcherServlet]    : Servlet.service() for servlet [dispatcherServlet] in context with path [] threw exception [Handler dispatch failed: java.lang.OutOfMemoryError: Garbage-collected heap size exceeded. Consider increasing the maximum Java heap size, for example with '-Xmx'.] with root cause

java.lang.OutOfMemoryError: Garbage-collected heap size exceeded. Consider increasing the maximum Java heap size, for example with '-Xmx'.

2026-10-04T01:32:26.751Z ERROR 1 --- [shortener] [-handler-161505] o.a.c.c.C.[.[.[/].[dispatcherServlet]    : Servlet.service() for servlet [dispatcherServlet] in context with path [] threw exception [Handler dispatch failed: java.lang.OutOfMemoryError: Garbage-collected heap size exceeded. Consider increasing the maximum Java heap size, for example with '-Xmx'.] with root cause

java.lang.OutOfMemoryError: Garbage-collected heap size exceeded. Consider increasing the maximum Java heap size, for example with '-Xmx'.

2026-10-04T01:32:26.752Z ERROR 1 --- [shortener] [-handler-161508] o.a.c.c.C.[.[.[/].[dispatcherServlet]    : Servlet.service() for servlet [dispatcherServlet] in context with path [] threw exception [Handler dispatch failed: java.lang.OutOfMemoryError: Garbage-collected heap size exceeded. Consider increasing the maximum Java heap size, for example with '-Xmx'.] with root cause

java.lang.OutOfMemoryError: Garbage-collected heap size exceeded. Consider increasing the maximum Java heap size, for example with '-Xmx'.

Exception in thread "http-nio-8080-Acceptor" java.lang.OutOfMemoryError: Garbage-collected heap size exceeded. Consider increasing the maximum Java heap size, for example with '-Xmx'.
2026-10-04T01:32:29.209Z ERROR 1 --- [shortener] [-handler-161509] o.a.c.c.C.[.[.[/].[dispatcherServlet]    : Servlet.service() for servlet [dispatcherServlet] in context with path [] threw exception [Handler dispatch failed: java.lang.OutOfMemoryError: Garbage-collected heap size exceeded. Consider increasing the maximum Java heap size, for example with '-Xmx'.] with root cause

java.lang.OutOfMemoryError: Garbage-collected heap size exceeded. Consider increasing the maximum Java heap size, for example with '-Xmx'.

2026-10-04T01:32:29.208Z ERROR 1 --- [shortener] [-handler-161447] o.a.c.c.C.[.[.[/].[dispatcherServlet]    : Servlet.service() for servlet [dispatcherServlet] in context with path [] threw exception [Handler dispatch failed: java.lang.OutOfMemoryError: Garbage-collected heap size exceeded. Consider increasing the maximum Java heap size, for example with '-Xmx'.] with root cause

java.lang.OutOfMemoryError: Garbage-collected heap size exceeded. Consider increasing the maximum Java heap size, for example with '-Xmx'.

2026-10-04T01:32:29.223Z ERROR 1 --- [shortener] [-handler-161510] o.a.c.c.C.[.[.[/].[dispatcherServlet]    : Servlet.service() for servlet [dispatcherServlet] in context with path [] threw exception [Handler dispatch failed: java.lang.OutOfMemoryError: Garbage-collected heap size exceeded. Consider increasing the maximum Java heap size, for example with '-Xmx'.] with root cause

java.lang.OutOfMemoryError: Garbage-collected heap size exceeded. Consider increasing the maximum Java heap size, for example with '-Xmx'.

2026-10-04T01:32:29.224Z ERROR 1 --- [shortener] [-handler-161511] o.a.c.c.C.[.[.[/].[dispatcherServlet]    : Servlet.service() for servlet [dispatcherServlet] in context with path [] threw exception [Handler dispatch failed: java.lang.OutOfMemoryError: Garbage-collected heap size exceeded. Consider increasing the maximum Java heap size, for example with '-Xmx'.] with root cause

java.lang.OutOfMemoryError: Garbage-collected heap size exceeded. Consider increasing the maximum Java heap size, for example with '-Xmx'.

2026-10-04T01:32:29.224Z ERROR 1 --- [shortener] [-handler-161512] o.a.c.c.C.[.[.[/].[dispatcherServlet]    : Servlet.service() for servlet [dispatcherServlet] in context with path [] threw exception [Handler dispatch failed: java.lang.OutOfMemoryError: Garbage-collected heap size exceeded. Consider increasing the maximum Java heap size, for example with '-Xmx'.] with root cause

java.lang.OutOfMemoryError: Garbage-collected heap size exceeded. Consider increasing the maximum Java heap size, for example with '-Xmx'.

2026-10-04T01:32:29.225Z ERROR 1 --- [shortener] [-handler-161513] o.a.c.c.C.[.[.[/].[dispatcherServlet]    : Servlet.service() for servlet [dispatcherServlet] in context with path [] threw exception [Handler dispatch failed: java.lang.OutOfMemoryError: Garbage-collected heap size exceeded. Consider increasing the maximum Java heap size, for example with '-Xmx'.] with root cause

java.lang.OutOfMemoryError: Garbage-collected heap size exceeded. Consider increasing the maximum Java heap size, for example with '-Xmx'.

2026-10-04T01:32:29.226Z ERROR 1 --- [shortener] [-handler-161514] o.a.c.c.C.[.[.[/].[dispatcherServlet]    : Servlet.service() for servlet [dispatcherServlet] in context with path [] threw exception [Handler dispatch failed: java.lang.OutOfMemoryError: Garbage-collected heap size exceeded. Consider increasing the maximum Java heap size, for example with '-Xmx'.] with root cause

java.lang.OutOfMemoryError: Garbage-collected heap size exceeded. Consider increasing the maximum Java heap size, for example with '-Xmx'.

2026-10-04T01:32:29.226Z ERROR 1 --- [shortener] [-handler-161515] o.a.c.c.C.[.[.[/].[dispatcherServlet]    : Servlet.service() for servlet [dispatcherServlet] in context with path [] threw exception [Handler dispatch failed: java.lang.OutOfMemoryError: Garbage-collected heap size exceeded. Consider increasing the maximum Java heap size, for example with '-Xmx'.] with root cause

java.lang.OutOfMemoryError: Garbage-collected heap size exceeded. Consider increasing the maximum Java heap size, for example with '-Xmx'.

2026-10-04T01:32:29.227Z ERROR 1 --- [shortener] [-handler-161516] o.a.c.c.C.[.[.[/].[dispatcherServlet]    : Servlet.service() for servlet [dispatcherServlet] in context with path [] threw exception [Handler dispatch failed: java.lang.OutOfMemoryError: Garbage-collected heap size exceeded. Consider increasing the maximum Java heap size, for example with '-Xmx'.] with root cause

java.lang.OutOfMemoryError: Garbage-collected heap size exceeded. Consider increasing the maximum Java heap size, for example with '-Xmx'.

2026-10-04T01:32:29.228Z ERROR 1 --- [shortener] [-handler-161517] o.a.c.c.C.[.[.[/].[dispatcherServlet]    : Servlet.service() for servlet [dispatcherServlet] in context with path [] threw exception [Handler dispatch failed: java.lang.OutOfMemoryError: Garbage-collected heap size exceeded. Consider increasing the maximum Java heap size, for example with '-Xmx'.] with root cause

java.lang.OutOfMemoryError: Garbage-collected heap size exceeded. Consider increasing the maximum Java heap size, for example with '-Xmx'.

2026-10-04T01:32:29.228Z ERROR 1 --- [shortener] [-handler-161518] o.a.c.c.C.[.[.[/].[dispatcherServlet]    : Servlet.service() for servlet [dispatcherServlet] in context with path [] threw exception [Handler dispatch failed: java.lang.OutOfMemoryError: Garbage-collected heap size exceeded. Consider increasing the maximum Java heap size, for example with '-Xmx'.] with root cause

java.lang.OutOfMemoryError: Garbage-collected heap size exceeded. Consider increasing the maximum Java heap size, for example with '-Xmx'.

2026-10-04T01:32:29.229Z ERROR 1 --- [shortener] [-handler-161519] o.a.c.c.C.[.[.[/].[dispatcherServlet]    : Servlet.service() for servlet [dispatcherServlet] in context with path [] threw exception [Handler dispatch failed: java.lang.OutOfMemoryError: Garbage-collected heap size exceeded. Consider increasing the maximum Java heap size, for example with '-Xmx'.] with root cause

java.lang.OutOfMemoryError: Garbage-collected heap size exceeded. Consider increasing the maximum Java heap size, for example with '-Xmx'.

2026-10-04T01:32:29.229Z ERROR 1 --- [shortener] [-handler-161488] o.a.c.c.C.[.[.[/].[dispatcherServlet]    : Servlet.service() for servlet [dispatcherServlet] in context with path [] threw exception [Handler dispatch failed: java.lang.OutOfMemoryError: Garbage-collected heap size exceeded. Consider increasing the maximum Java heap size, for example with '-Xmx'.] with root cause

java.lang.OutOfMemoryError: Garbage-collected heap size exceeded. Consider increasing the maximum Java heap size, for example with '-Xmx'.

2026-10-04T01:32:29.229Z ERROR 1 --- [shortener] [-handler-161520] o.a.c.c.C.[.[.[/].[dispatcherServlet]    : Servlet.service() for servlet [dispatcherServlet] in context with path [] threw exception [Handler dispatch failed: java.lang.OutOfMemoryError: Garbage-collected heap size exceeded. Consider increasing the maximum Java heap size, for example with '-Xmx'.] with root cause

java.lang.OutOfMemoryError: Garbage-collected heap size exceeded. Consider increasing the maximum Java heap size, for example with '-Xmx'.

2026-10-04T01:32:29.230Z ERROR 1 --- [shortener] [-handler-161521] o.a.c.c.C.[.[.[/].[dispatcherServlet]    : Servlet.service() for servlet [dispatcherServlet] in context with path [] threw exception [Handler dispatch failed: java.lang.OutOfMemoryError: Garbage-collected heap size exceeded. Consider increasing the maximum Java heap size, for example with '-Xmx'.] with root cause

java.lang.OutOfMemoryError: Garbage-collected heap size exceeded. Consider increasing the maximum Java heap size, for example with '-Xmx'.

2026-10-04T01:32:29.231Z ERROR 1 --- [shortener] [-handler-161522] o.a.c.c.C.[.[.[/].[dispatcherServlet]    : Servlet.service() for servlet [dispatcherServlet] in context with path [] threw exception [Handler dispatch failed: java.lang.OutOfMemoryError: Garbage-collected heap size exceeded. Consider increasing the maximum Java heap size, for example with '-Xmx'.] with root cause

java.lang.OutOfMemoryError: Garbage-collected heap size exceeded. Consider increasing the maximum Java heap size, for example with '-Xmx'.

2026-10-04T01:32:29.231Z ERROR 1 --- [shortener] [-handler-161448] o.a.c.c.C.[.[.[/].[dispatcherServlet]    : Servlet.service() for servlet [dispatcherServlet] in context with path [] threw exception [Handler dispatch failed: java.lang.OutOfMemoryError: Garbage-collected heap size exceeded. Consider increasing the maximum Java heap size, for example with '-Xmx'.] with root cause

java.lang.OutOfMemoryError: Garbage-collected heap size exceeded. Consider increasing the maximum Java heap size, for example with '-Xmx'.

2026-10-04T01:32:29.231Z ERROR 1 --- [shortener] [-handler-161523] o.a.c.c.C.[.[.[/].[dispatcherServlet]    : Servlet.service() for servlet [dispatcherServlet] in context with path [] threw exception [Handler dispatch failed: java.lang.OutOfMemoryError: Garbage-collected heap size exceeded. Consider increasing the maximum Java heap size, for example with '-Xmx'.] with root cause

java.lang.OutOfMemoryError: Garbage-collected heap size exceeded. Consider increasing the maximum Java heap size, for example with '-Xmx'.

2026-10-04T01:32:29.231Z ERROR 1 --- [shortener] [-handler-161489] o.a.c.c.C.[.[.[/].[dispatcherServlet]    : Servlet.service() for servlet [dispatcherServlet] in context with path [] threw exception [Handler dispatch failed: java.lang.OutOfMemoryError: Garbage-collected heap size exceeded. Consider increasing the maximum Java heap size, for example with '-Xmx'.] with root cause

java.lang.OutOfMemoryError: Garbage-collected heap size exceeded. Consider increasing the maximum Java heap size, for example with '-Xmx'.

2026-10-04T01:32:29.232Z ERROR 1 --- [shortener] [-handler-161449] o.a.c.c.C.[.[.[/].[dispatcherServlet]    : Servlet.service() for servlet [dispatcherServlet] in context with path [] threw exception [Handler dispatch failed: java.lang.OutOfMemoryError: Garbage-collected heap size exceeded. Consider increasing the maximum Java heap size, for example with '-Xmx'.] with root cause

java.lang.OutOfMemoryError: Garbage-collected heap size exceeded. Consider increasing the maximum Java heap size, for example with '-Xmx'.

2026-10-04T01:32:29.232Z ERROR 1 --- [shortener] [-handler-161524] o.a.c.c.C.[.[.[/].[dispatcherServlet]    : Servlet.service() for servlet [dispatcherServlet] in context with path [] threw exception [Handler dispatch failed: java.lang.OutOfMemoryError: Garbage-collected heap size exceeded. Consider increasing the maximum Java heap size, for example with '-Xmx'.] with root cause

java.lang.OutOfMemoryError: Garbage-collected heap size exceeded. Consider increasing the maximum Java heap size, for example with '-Xmx'.

2026-10-04T01:32:29.232Z ERROR 1 --- [shortener] [-handler-161490] o.a.c.c.C.[.[.[/].[dispatcherServlet]    : Servlet.service() for servlet [dispatcherServlet] in context with path [] threw exception [Handler dispatch failed: java.lang.OutOfMemoryError: Garbage-collected heap size exceeded. Consider increasing the maximum Java heap size, for example with '-Xmx'.] with root cause

java.lang.OutOfMemoryError: Garbage-collected heap size exceeded. Consider increasing the maximum Java heap size, for example with '-Xmx'.

2026-10-04T01:32:29.233Z ERROR 1 --- [shortener] [-handler-161525] o.a.c.c.C.[.[.[/].[dispatcherServlet]    : Servlet.service() for servlet [dispatcherServlet] in context with path [] threw exception [Handler dispatch failed: java.lang.OutOfMemoryError: Garbage-collected heap size exceeded. Consider increasing the maximum Java heap size, for example with '-Xmx'.] with root cause

java.lang.OutOfMemoryError: Garbage-collected heap size exceeded. Consider increasing the maximum Java heap size, for example with '-Xmx'.

2026-10-04T01:32:29.233Z ERROR 1 --- [shortener] [-handler-161450] o.a.c.c.C.[.[.[/].[dispatcherServlet]    : Servlet.service() for servlet [dispatcherServlet] in context with path [] threw exception [Handler dispatch failed: java.lang.OutOfMemoryError: Garbage-collected heap size exceeded. Consider increasing the maximum Java heap size, for example with '-Xmx'.] with root cause

java.lang.OutOfMemoryError: Garbage-collected heap size exceeded. Consider increasing the maximum Java heap size, for example with '-Xmx'.

2026-10-04T01:32:29.234Z ERROR 1 --- [shortener] [-handler-161491] o.a.c.c.C.[.[.[/].[dispatcherServlet]    : Servlet.service() for servlet [dispatcherServlet] in context with path [] threw exception [Handler dispatch failed: java.lang.OutOfMemoryError: Garbage-collected heap size exceeded. Consider increasing the maximum Java heap size, for example with '-Xmx'.] with root cause

java.lang.OutOfMemoryError: Garbage-collected heap size exceeded. Consider increasing the maximum Java heap size, for example with '-Xmx'.

2026-10-04T01:32:29.234Z ERROR 1 --- [shortener] [-handler-161526] o.a.c.c.C.[.[.[/].[dispatcherServlet]    : Servlet.service() for servlet [dispatcherServlet] in context with path [] threw exception [Handler dispatch failed: java.lang.OutOfMemoryError: Garbage-collected heap size exceeded. Consider increasing the maximum Java heap size, for example with '-Xmx'.] with root cause

java.lang.OutOfMemoryError: Garbage-collected heap size exceeded. Consider increasing the maximum Java heap size, for example with '-Xmx'.

2026-10-04T01:32:29.234Z ERROR 1 --- [shortener] [-handler-161451] o.a.c.c.C.[.[.[/].[dispatcherServlet]    : Servlet.service() for servlet [dispatcherServlet] in context with path [] threw exception [Handler dispatch failed: java.lang.OutOfMemoryError: Garbage-collected heap size exceeded. Consider increasing the maximum Java heap size, for example with '-Xmx'.] with root cause

java.lang.OutOfMemoryError: Garbage-collected heap size exceeded. Consider increasing the maximum Java heap size, for example with '-Xmx'.

2026-10-04T01:32:29.234Z ERROR 1 --- [shortener] [-handler-161527] o.a.c.c.C.[.[.[/].[dispatcherServlet]    : Servlet.service() for servlet [dispatcherServlet] in context with path [] threw exception [Handler dispatch failed: java.lang.OutOfMemoryError: Garbage-collected heap size exceeded. Consider increasing the maximum Java heap size, for example with '-Xmx'.] with root cause

java.lang.OutOfMemoryError: Garbage-collected heap size exceeded. Consider increasing the maximum Java heap size, for example with '-Xmx'.

2026-10-04T01:32:29.235Z ERROR 1 --- [shortener] [-handler-161492] o.a.c.c.C.[.[.[/].[dispatcherServlet]    : Servlet.service() for servlet [dispatcherServlet] in context with path [] threw exception [Handler dispatch failed: java.lang.OutOfMemoryError: Garbage-collected heap size exceeded. Consider increasing the maximum Java heap size, for example with '-Xmx'.] with root cause

java.lang.OutOfMemoryError: Garbage-collected heap size exceeded. Consider increasing the maximum Java heap size, for example with '-Xmx'.

2026-10-04T01:32:29.235Z ERROR 1 --- [shortener] [-handler-161452] o.a.c.c.C.[.[.[/].[dispatcherServlet]    : Servlet.service() for servlet [dispatcherServlet] in context with path [] threw exception [Handler dispatch failed: java.lang.OutOfMemoryError: Garbage-collected heap size exceeded. Consider increasing the maximum Java heap size, for example with '-Xmx'.] with root cause

java.lang.OutOfMemoryError: Garbage-collected heap size exceeded. Consider increasing the maximum Java heap size, for example with '-Xmx'.

2026-10-04T01:32:29.235Z ERROR 1 --- [shortener] [-handler-161528] o.a.c.c.C.[.[.[/].[dispatcherServlet]    : Servlet.service() for servlet [dispatcherServlet] in context with path [] threw exception [Handler dispatch failed: java.lang.OutOfMemoryError: Garbage-collected heap size exceeded. Consider increasing the maximum Java heap size, for example with '-Xmx'.] with root cause

java.lang.OutOfMemoryError: Garbage-collected heap size exceeded. Consider increasing the maximum Java heap size, for example with '-Xmx'.

2026-10-04T01:32:29.236Z ERROR 1 --- [shortener] [-handler-161453] o.a.c.c.C.[.[.[/].[dispatcherServlet]    : Servlet.service() for servlet [dispatcherServlet] in context with path [] threw exception [Handler dispatch failed: java.lang.OutOfMemoryError: Garbage-collected heap size exceeded. Consider increasing the maximum Java heap size, for example with '-Xmx'.] with root cause

java.lang.OutOfMemoryError: Garbage-collected heap size exceeded. Consider increasing the maximum Java heap size, for example with '-Xmx'.

2026-10-04T01:32:29.236Z ERROR 1 --- [shortener] [-handler-161529] o.a.c.c.C.[.[.[/].[dispatcherServlet]    : Servlet.service() for servlet [dispatcherServlet] in context with path [] threw exception [Handler dispatch failed: java.lang.OutOfMemoryError: Garbage-collected heap size exceeded. Consider increasing the maximum Java heap size, for example with '-Xmx'.] with root cause

java.lang.OutOfMemoryError: Garbage-collected heap size exceeded. Consider increasing the maximum Java heap size, for example with '-Xmx'.

2026-10-04T01:32:29.236Z ERROR 1 --- [shortener] [-handler-161454] o.a.c.c.C.[.[.[/].[dispatcherServlet]    : Servlet.service() for servlet [dispatcherServlet] in context with path [] threw exception [Handler dispatch failed: java.lang.OutOfMemoryError: Garbage-collected heap size exceeded. Consider increasing the maximum Java heap size, for example with '-Xmx'.] with root cause

java.lang.OutOfMemoryError: Garbage-collected heap size exceeded. Consider increasing the maximum Java heap size, for example with '-Xmx'.

2026-10-04T01:32:29.237Z ERROR 1 --- [shortener] [-handler-161530] o.a.c.c.C.[.[.[/].[dispatcherServlet]    : Servlet.service() for servlet [dispatcherServlet] in context with path [] threw exception [Handler dispatch failed: java.lang.OutOfMemoryError: Garbage-collected heap size exceeded. Consider increasing the maximum Java heap size, for example with '-Xmx'.] with root cause

java.lang.OutOfMemoryError: Garbage-collected heap size exceeded. Consider increasing the maximum Java heap size, for example with '-Xmx'.

2026-10-04T01:32:29.237Z ERROR 1 --- [shortener] [-handler-161455] o.a.c.c.C.[.[.[/].[dispatcherServlet]    : Servlet.service() for servlet [dispatcherServlet] in context with path [] threw exception [Handler dispatch failed: java.lang.OutOfMemoryError: Garbage-collected heap size exceeded. Consider increasing the maximum Java heap size, for example with '-Xmx'.] with root cause

java.lang.OutOfMemoryError: Garbage-collected heap size exceeded. Consider increasing the maximum Java heap size, for example with '-Xmx'.

2026-10-04T01:32:29.237Z ERROR 1 --- [shortener] [-handler-161456] o.a.c.c.C.[.[.[/].[dispatcherServlet]    : Servlet.service() for servlet [dispatcherServlet] in context with path [] threw exception [Handler dispatch failed: java.lang.OutOfMemoryError: Garbage-collected heap size exceeded. Consider increasing the maximum Java heap size, for example with '-Xmx'.] with root cause

java.lang.OutOfMemoryError: Garbage-collected heap size exceeded. Consider increasing the maximum Java heap size, for example with '-Xmx'.

2026-10-04T01:32:29.237Z ERROR 1 --- [shortener] [-handler-161531] o.a.c.c.C.[.[.[/].[dispatcherServlet]    : Servlet.service() for servlet [dispatcherServlet] in context with path [] threw exception [Handler dispatch failed: java.lang.OutOfMemoryError: Garbage-collected heap size exceeded. Consider increasing the maximum Java heap size, for example with '-Xmx'.] with root cause

java.lang.OutOfMemoryError: Garbage-collected heap size exceeded. Consider increasing the maximum Java heap size, for example with '-Xmx'.

2026-10-04T01:32:29.238Z ERROR 1 --- [shortener] [-handler-161457] o.a.c.c.C.[.[.[/].[dispatcherServlet]    : Servlet.service() for servlet [dispatcherServlet] in context with path [] threw exception [Handler dispatch failed: java.lang.OutOfMemoryError: Garbage-collected heap size exceeded. Consider increasing the maximum Java heap size, for example with '-Xmx'.] with root cause

java.lang.OutOfMemoryError: Garbage-collected heap size exceeded. Consider increasing the maximum Java heap size, for example with '-Xmx'.

2026-10-04T01:32:29.238Z ERROR 1 --- [shortener] [-handler-161458] o.a.c.c.C.[.[.[/].[dispatcherServlet]    : Servlet.service() for servlet [dispatcherServlet] in context with path [] threw exception [Handler dispatch failed: java.lang.OutOfMemoryError: Garbage-collected heap size exceeded. Consider increasing the maximum Java heap size, for example with '-Xmx'.] with root cause

java.lang.OutOfMemoryError: Garbage-collected heap size exceeded. Consider increasing the maximum Java heap size, for example with '-Xmx'.

2026-10-04T01:32:31.765Z ERROR 1 --- [shortener] [-handler-161533] o.a.coyote.http11.Http11NioProtocol      : Failed to complete processing of a request

java.lang.OutOfMemoryError: Garbage-collected heap size exceeded. Consider increasing the maximum Java heap size, for example with '-Xmx'.

2026-10-04T01:32:31.771Z ERROR 1 --- [shortener] [-handler-161459] o.a.c.c.C.[.[.[/].[dispatcherServlet]    : Servlet.service() for servlet [dispatcherServlet] in context with path [] threw exception [Handler dispatch failed: java.lang.OutOfMemoryError: Garbage-collected heap size exceeded. Consider increasing the maximum Java heap size, for example with '-Xmx'.] with root cause

java.lang.OutOfMemoryError: Garbage-collected heap size exceeded. Consider increasing the maximum Java heap size, for example with '-Xmx'.

2026-10-04T01:32:29.238Z ERROR 1 --- [shortener] [-handler-161532] o.a.c.c.C.[.[.[/].[dispatcherServlet]    : Servlet.service() for servlet [dispatcherServlet] in context with path [] threw exception [Handler dispatch failed: java.lang.OutOfMemoryError: Garbage-collected heap size exceeded. Consider increasing the maximum Java heap size, for example with '-Xmx'.] with root cause

java.lang.OutOfMemoryError: Garbage-collected heap size exceeded. Consider increasing the maximum Java heap size, for example with '-Xmx'.

2026-10-04T01:32:31.773Z ERROR 1 --- [shortener] [-handler-161460] o.a.c.c.C.[.[.[/].[dispatcherServlet]    : Servlet.service() for servlet [dispatcherServlet] in context with path [] threw exception [Handler dispatch failed: java.lang.OutOfMemoryError: Garbage-collected heap size exceeded. Consider increasing the maximum Java heap size, for example with '-Xmx'.] with root cause

java.lang.OutOfMemoryError: Garbage-collected heap size exceeded. Consider increasing the maximum Java heap size, for example with '-Xmx'.

2026-10-04T01:32:31.774Z ERROR 1 --- [shortener] [-handler-161461] o.a.c.c.C.[.[.[/].[dispatcherServlet]    : Servlet.service() for servlet [dispatcherServlet] in context with path [] threw exception [Handler dispatch failed: java.lang.OutOfMemoryError: Garbage-collected heap size exceeded. Consider increasing the maximum Java heap size, for example with '-Xmx'.] with root cause

java.lang.OutOfMemoryError: Garbage-collected heap size exceeded. Consider increasing the maximum Java heap size, for example with '-Xmx'.

2026-10-04T01:32:31.774Z ERROR 1 --- [shortener] [-handler-161462] o.a.c.c.C.[.[.[/].[dispatcherServlet]    : Servlet.service() for servlet [dispatcherServlet] in context with path [] threw exception [Handler dispatch failed: java.lang.OutOfMemoryError: Garbage-collected heap size exceeded. Consider increasing the maximum Java heap size, for example with '-Xmx'.] with root cause

java.lang.OutOfMemoryError: Garbage-collected heap size exceeded. Consider increasing the maximum Java heap size, for example with '-Xmx'.

2026-10-04T01:32:31.775Z ERROR 1 --- [shortener] [-handler-161463] o.a.c.c.C.[.[.[/].[dispatcherServlet]    : Servlet.service() for servlet [dispatcherServlet] in context with path [] threw exception [Handler dispatch failed: java.lang.OutOfMemoryError: Garbage-collected heap size exceeded. Consider increasing the maximum Java heap size, for example with '-Xmx'.] with root cause

java.lang.OutOfMemoryError: Garbage-collected heap size exceeded. Consider increasing the maximum Java heap size, for example with '-Xmx'.

2026-10-04T01:32:31.775Z ERROR 1 --- [shortener] [-handler-161464] o.a.c.c.C.[.[.[/].[dispatcherServlet]    : Servlet.service() for servlet [dispatcherServlet] in context with path [] threw exception [Handler dispatch failed: java.lang.OutOfMemoryError: Garbage-collected heap size exceeded. Consider increasing the maximum Java heap size, for example with '-Xmx'.] with root cause

java.lang.OutOfMemoryError: Garbage-collected heap size exceeded. Consider increasing the maximum Java heap size, for example with '-Xmx'.

2026-10-04T01:32:31.776Z ERROR 1 --- [shortener] [-handler-161465] o.a.c.c.C.[.[.[/].[dispatcherServlet]    : Servlet.service() for servlet [dispatcherServlet] in context with path [] threw exception [Handler dispatch failed: java.lang.OutOfMemoryError: Garbage-collected heap size exceeded. Consider increasing the maximum Java heap size, for example with '-Xmx'.] with root cause

java.lang.OutOfMemoryError: Garbage-collected heap size exceeded. Consider increasing the maximum Java heap size, for example with '-Xmx'.

2026-10-04T01:32:31.776Z ERROR 1 --- [shortener] [-handler-161466] o.a.c.c.C.[.[.[/].[dispatcherServlet]    : Servlet.service() for servlet [dispatcherServlet] in context with path [] threw exception [Handler dispatch failed: java.lang.OutOfMemoryError: Garbage-collected heap size exceeded. Consider increasing the maximum Java heap size, for example with '-Xmx'.] with root cause

java.lang.OutOfMemoryError: Garbage-collected heap size exceeded. Consider increasing the maximum Java heap size, for example with '-Xmx'.

2026-10-04T01:32:31.777Z ERROR 1 --- [shortener] [-handler-161467] o.a.c.c.C.[.[.[/].[dispatcherServlet]    : Servlet.service() for servlet [dispatcherServlet] in context with path [] threw exception [Handler dispatch failed: java.lang.OutOfMemoryError: Garbage-collected heap size exceeded. Consider increasing the maximum Java heap size, for example with '-Xmx'.] with root cause

java.lang.OutOfMemoryError: Garbage-collected heap size exceeded. Consider increasing the maximum Java heap size, for example with '-Xmx'.

2026-10-04T01:32:31.777Z ERROR 1 --- [shortener] [-handler-161468] o.a.c.c.C.[.[.[/].[dispatcherServlet]    : Servlet.service() for servlet [dispatcherServlet] in context with path [] threw exception [Handler dispatch failed: java.lang.OutOfMemoryError: Garbage-collected heap size exceeded. Consider increasing the maximum Java heap size, for example with '-Xmx'.] with root cause

java.lang.OutOfMemoryError: Garbage-collected heap size exceeded. Consider increasing the maximum Java heap size, for example with '-Xmx'.

2026-10-04T01:32:31.778Z ERROR 1 --- [shortener] [-handler-161469] o.a.c.c.C.[.[.[/].[dispatcherServlet]    : Servlet.service() for servlet [dispatcherServlet] in context with path [] threw exception [Handler dispatch failed: java.lang.OutOfMemoryError: Garbage-collected heap size exceeded. Consider increasing the maximum Java heap size, for example with '-Xmx'.] with root cause

java.lang.OutOfMemoryError: Garbage-collected heap size exceeded. Consider increasing the maximum Java heap size, for example with '-Xmx'.

2026-10-04T01:32:31.779Z ERROR 1 --- [shortener] [-handler-161470] o.a.c.c.C.[.[.[/].[dispatcherServlet]    : Servlet.service() for servlet [dispatcherServlet] in context with path [] threw exception [Handler dispatch failed: java.lang.OutOfMemoryError: Garbage-collected heap size exceeded. Consider increasing the maximum Java heap size, for example with '-Xmx'.] with root cause

java.lang.OutOfMemoryError: Garbage-collected heap size exceeded. Consider increasing the maximum Java heap size, for example with '-Xmx'.

2026-10-04T01:32:31.780Z ERROR 1 --- [shortener] [-handler-161471] o.a.c.c.C.[.[.[/].[dispatcherServlet]    : Servlet.service() for servlet [dispatcherServlet] in context with path [] threw exception [Handler dispatch failed: java.lang.OutOfMemoryError: Garbage-collected heap size exceeded. Consider increasing the maximum Java heap size, for example with '-Xmx'.] with root cause

java.lang.OutOfMemoryError: Garbage-collected heap size exceeded. Consider increasing the maximum Java heap size, for example with '-Xmx'.

2026-10-04T01:32:31.780Z ERROR 1 --- [shortener] [-handler-161472] o.a.c.c.C.[.[.[/].[dispatcherServlet]    : Servlet.service() for servlet [dispatcherServlet] in context with path [] threw exception [Handler dispatch failed: java.lang.OutOfMemoryError: Garbage-collected heap size exceeded. Consider increasing the maximum Java heap size, for example with '-Xmx'.] with root cause

java.lang.OutOfMemoryError: Garbage-collected heap size exceeded. Consider increasing the maximum Java heap size, for example with '-Xmx'.

2026-10-04T01:32:31.781Z ERROR 1 --- [shortener] [-handler-161473] o.a.c.c.C.[.[.[/].[dispatcherServlet]    : Servlet.service() for servlet [dispatcherServlet] in context with path [] threw exception [Handler dispatch failed: java.lang.OutOfMemoryError: Garbage-collected heap size exceeded. Consider increasing the maximum Java heap size, for example with '-Xmx'.] with root cause

java.lang.OutOfMemoryError: Garbage-collected heap size exceeded. Consider increasing the maximum Java heap size, for example with '-Xmx'.

2026-10-04T01:32:31.781Z ERROR 1 --- [shortener] [-handler-161474] o.a.c.c.C.[.[.[/].[dispatcherServlet]    : Servlet.service() for servlet [dispatcherServlet] in context with path [] threw exception [Handler dispatch failed: java.lang.OutOfMemoryError: Garbage-collected heap size exceeded. Consider increasing the maximum Java heap size, for example with '-Xmx'.] with root cause

java.lang.OutOfMemoryError: Garbage-collected heap size exceeded. Consider increasing the maximum Java heap size, for example with '-Xmx'.

2026-10-04T01:32:31.782Z ERROR 1 --- [shortener] [-handler-161475] o.a.c.c.C.[.[.[/].[dispatcherServlet]    : Servlet.service() for servlet [dispatcherServlet] in context with path [] threw exception [Handler dispatch failed: java.lang.OutOfMemoryError: Garbage-collected heap size exceeded. Consider increasing the maximum Java heap size, for example with '-Xmx'.] with root cause

java.lang.OutOfMemoryError: Garbage-collected heap size exceeded. Consider increasing the maximum Java heap size, for example with '-Xmx'.

2026-10-04T01:32:31.782Z ERROR 1 --- [shortener] [-handler-161476] o.a.c.c.C.[.[.[/].[dispatcherServlet]    : Servlet.service() for servlet [dispatcherServlet] in context with path [] threw exception [Handler dispatch failed: java.lang.OutOfMemoryError: Garbage-collected heap size exceeded. Consider increasing the maximum Java heap size, for example with '-Xmx'.] with root cause

java.lang.OutOfMemoryError: Garbage-collected heap size exceeded. Consider increasing the maximum Java heap size, for example with '-Xmx'.

2026-10-04T01:32:31.783Z ERROR 1 --- [shortener] [-handler-161477] o.a.c.c.C.[.[.[/].[dispatcherServlet]    : Servlet.service() for servlet [dispatcherServlet] in context with path [] threw exception [Handler dispatch failed: java.lang.OutOfMemoryError: Garbage-collected heap size exceeded. Consider increasing the maximum Java heap size, for example with '-Xmx'.] with root cause

java.lang.OutOfMemoryError: Garbage-collected heap size exceeded. Consider increasing the maximum Java heap size, for example with '-Xmx'.

2026-10-04T01:32:31.783Z ERROR 1 --- [shortener] [-handler-161478] o.a.c.c.C.[.[.[/].[dispatcherServlet]    : Servlet.service() for servlet [dispatcherServlet] in context with path [] threw exception [Handler dispatch failed: java.lang.OutOfMemoryError: Garbage-collected heap size exceeded. Consider increasing the maximum Java heap size, for example with '-Xmx'.] with root cause

java.lang.OutOfMemoryError: Garbage-collected heap size exceeded. Consider increasing the maximum Java heap size, for example with '-Xmx'.

2026-10-04T01:32:31.784Z ERROR 1 --- [shortener] [-handler-161534] o.a.c.c.C.[.[.[/].[dispatcherServlet]    : Servlet.service() for servlet [dispatcherServlet] in context with path [] threw exception [Handler dispatch failed: java.lang.OutOfMemoryError: Garbage-collected heap size exceeded. Consider increasing the maximum Java heap size, for example with '-Xmx'.] with root cause

java.lang.OutOfMemoryError: Garbage-collected heap size exceeded. Consider increasing the maximum Java heap size, for example with '-Xmx'.

2026-10-04T01:32:31.784Z ERROR 1 --- [shortener] [-handler-161479] o.a.c.c.C.[.[.[/].[dispatcherServlet]    : Servlet.service() for servlet [dispatcherServlet] in context with path [] threw exception [Handler dispatch failed: java.lang.OutOfMemoryError: Garbage-collected heap size exceeded. Consider increasing the maximum Java heap size, for example with '-Xmx'.] with root cause

java.lang.OutOfMemoryError: Garbage-collected heap size exceeded. Consider increasing the maximum Java heap size, for example with '-Xmx'.

2026-10-04T01:32:31.784Z ERROR 1 --- [shortener] [-handler-161535] o.a.c.c.C.[.[.[/].[dispatcherServlet]    : Servlet.service() for servlet [dispatcherServlet] in context with path [] threw exception [Handler dispatch failed: java.lang.OutOfMemoryError: Garbage-collected heap size exceeded. Consider increasing the maximum Java heap size, for example with '-Xmx'.] with root cause

java.lang.OutOfMemoryError: Garbage-collected heap size exceeded. Consider increasing the maximum Java heap size, for example with '-Xmx'.

2026-10-04T01:32:31.784Z ERROR 1 --- [shortener] [-handler-161480] o.a.c.c.C.[.[.[/].[dispatcherServlet]    : Servlet.service() for servlet [dispatcherServlet] in context with path [] threw exception [Handler dispatch failed: java.lang.OutOfMemoryError: Garbage-collected heap size exceeded. Consider increasing the maximum Java heap size, for example with '-Xmx'.] with root cause

java.lang.OutOfMemoryError: Garbage-collected heap size exceeded. Consider increasing the maximum Java heap size, for example with '-Xmx'.

2026-10-04T01:32:31.785Z ERROR 1 --- [shortener] [-handler-161536] o.a.c.c.C.[.[.[/].[dispatcherServlet]    : Servlet.service() for servlet [dispatcherServlet] in context with path [] threw exception [Handler dispatch failed: java.lang.OutOfMemoryError: Garbage-collected heap size exceeded. Consider increasing the maximum Java heap size, for example with '-Xmx'.] with root cause

java.lang.OutOfMemoryError: Garbage-collected heap size exceeded. Consider increasing the maximum Java heap size, for example with '-Xmx'.

2026-10-04T01:32:31.785Z ERROR 1 --- [shortener] [-handler-161537] o.a.c.c.C.[.[.[/].[dispatcherServlet]    : Servlet.service() for servlet [dispatcherServlet] in context with path [] threw exception [Handler dispatch failed: java.lang.OutOfMemoryError: Garbage-collected heap size exceeded. Consider increasing the maximum Java heap size, for example with '-Xmx'.] with root cause

java.lang.OutOfMemoryError: Garbage-collected heap size exceeded. Consider increasing the maximum Java heap size, for example with '-Xmx'.

2026-10-04T01:32:31.786Z ERROR 1 --- [shortener] [-handler-161538] o.a.c.c.C.[.[.[/].[dispatcherServlet]    : Servlet.service() for servlet [dispatcherServlet] in context with path [] threw exception [Handler dispatch failed: java.lang.OutOfMemoryError: Garbage-collected heap size exceeded. Consider increasing the maximum Java heap size, for example with '-Xmx'.] with root cause

java.lang.OutOfMemoryError: Garbage-collected heap size exceeded. Consider increasing the maximum Java heap size, for example with '-Xmx'.

2026-10-04T01:32:31.786Z ERROR 1 --- [shortener] [-handler-161539] o.a.c.c.C.[.[.[/].[dispatcherServlet]    : Servlet.service() for servlet [dispatcherServlet] in context with path [] threw exception [Handler dispatch failed: java.lang.OutOfMemoryError: Garbage-collected heap size exceeded. Consider increasing the maximum Java heap size, for example with '-Xmx'.] with root cause

java.lang.OutOfMemoryError: Garbage-collected heap size exceeded. Consider increasing the maximum Java heap size, for example with '-Xmx'.

2026-10-04T01:32:31.786Z ERROR 1 --- [shortener] [-handler-161540] o.a.c.c.C.[.[.[/].[dispatcherServlet]    : Servlet.service() for servlet [dispatcherServlet] in context with path [] threw exception [Handler dispatch failed: java.lang.OutOfMemoryError: Garbage-collected heap size exceeded. Consider increasing the maximum Java heap size, for example with '-Xmx'.] with root cause

java.lang.OutOfMemoryError: Garbage-collected heap size exceeded. Consider increasing the maximum Java heap size, for example with '-Xmx'.

2026-10-04T01:32:31.787Z ERROR 1 --- [shortener] [-handler-161542] o.a.c.c.C.[.[.[/].[dispatcherServlet]    : Servlet.service() for servlet [dispatcherServlet] in context with path [] threw exception [Handler dispatch failed: java.lang.OutOfMemoryError: Garbage-collected heap size exceeded. Consider increasing the maximum Java heap size, for example with '-Xmx'.] with root cause

java.lang.OutOfMemoryError: Garbage-collected heap size exceeded. Consider increasing the maximum Java heap size, for example with '-Xmx'.

2026-10-04T01:32:31.786Z ERROR 1 --- [shortener] [-handler-161541] o.a.c.c.C.[.[.[/].[dispatcherServlet]    : Servlet.service() for servlet [dispatcherServlet] in context with path [] threw exception [Handler dispatch failed: java.lang.OutOfMemoryError: Garbage-collected heap size exceeded. Consider increasing the maximum Java heap size, for example with '-Xmx'.] with root cause

java.lang.OutOfMemoryError: Garbage-collected heap size exceeded. Consider increasing the maximum Java heap size, for example with '-Xmx'.

2026-10-04T01:32:31.788Z ERROR 1 --- [shortener] [-handler-161543] o.a.c.c.C.[.[.[/].[dispatcherServlet]    : Servlet.service() for servlet [dispatcherServlet] in context with path [] threw exception [Handler dispatch failed: java.lang.OutOfMemoryError: Garbage-collected heap size exceeded. Consider increasing the maximum Java heap size, for example with '-Xmx'.] with root cause

java.lang.OutOfMemoryError: Garbage-collected heap size exceeded. Consider increasing the maximum Java heap size, for example with '-Xmx'.

2026-10-04T01:32:31.788Z ERROR 1 --- [shortener] [-handler-161544] o.a.c.c.C.[.[.[/].[dispatcherServlet]    : Servlet.service() for servlet [dispatcherServlet] in context with path [] threw exception [Handler dispatch failed: java.lang.OutOfMemoryError: Garbage-collected heap size exceeded. Consider increasing the maximum Java heap size, for example with '-Xmx'.] with root cause

java.lang.OutOfMemoryError: Garbage-collected heap size exceeded. Consider increasing the maximum Java heap size, for example with '-Xmx'.

2026-10-04T01:32:34.300Z ERROR 1 --- [shortener] [-handler-161543] o.a.coyote.http11.Http11NioProtocol      : Failed to complete processing of a request

java.lang.OutOfMemoryError: Garbage-collected heap size exceeded. Consider increasing the maximum Java heap size, for example with '-Xmx'.

2026-10-04T01:32:36.927Z ERROR 1 --- [shortener] [-handler-161545] o.a.c.c.C.[.[.[/].[dispatcherServlet]    : Servlet.service() for servlet [dispatcherServlet] in context with path [] threw exception [Handler dispatch failed: java.lang.OutOfMemoryError: Garbage-collected heap size exceeded. Consider increasing the maximum Java heap size, for example with '-Xmx'.] with root cause

java.lang.OutOfMemoryError: Garbage-collected heap size exceeded. Consider increasing the maximum Java heap size, for example with '-Xmx'.

2026-10-04T01:32:36.941Z ERROR 1 --- [shortener] [-handler-161546] o.a.c.c.C.[.[.[/].[dispatcherServlet]    : Servlet.service() for servlet [dispatcherServlet] in context with path [] threw exception [Handler dispatch failed: java.lang.OutOfMemoryError: Garbage-collected heap size exceeded. Consider increasing the maximum Java heap size, for example with '-Xmx'.] with root cause

java.lang.OutOfMemoryError: Garbage-collected heap size exceeded. Consider increasing the maximum Java heap size, for example with '-Xmx'.

2026-10-04T01:32:36.942Z ERROR 1 --- [shortener] [-handler-161547] o.a.c.c.C.[.[.[/].[dispatcherServlet]    : Servlet.service() for servlet [dispatcherServlet] in context with path [] threw exception [Handler dispatch failed: java.lang.OutOfMemoryError: Garbage-collected heap size exceeded. Consider increasing the maximum Java heap size, for example with '-Xmx'.] with root cause

java.lang.OutOfMemoryError: Garbage-collected heap size exceeded. Consider increasing the maximum Java heap size, for example with '-Xmx'.

2026-10-04T01:32:36.943Z ERROR 1 --- [shortener] [-handler-161548] o.a.c.c.C.[.[.[/].[dispatcherServlet]    : Servlet.service() for servlet [dispatcherServlet] in context with path [] threw exception [Handler dispatch failed: java.lang.OutOfMemoryError: Garbage-collected heap size exceeded. Consider increasing the maximum Java heap size, for example with '-Xmx'.] with root cause

java.lang.OutOfMemoryError: Garbage-collected heap size exceeded. Consider increasing the maximum Java heap size, for example with '-Xmx'.

2026-10-04T01:32:36.944Z ERROR 1 --- [shortener] [-handler-161549] o.a.c.c.C.[.[.[/].[dispatcherServlet]    : Servlet.service() for servlet [dispatcherServlet] in context with path [] threw exception [Handler dispatch failed: java.lang.OutOfMemoryError: Garbage-collected heap size exceeded. Consider increasing the maximum Java heap size, for example with '-Xmx'.] with root cause

java.lang.OutOfMemoryError: Garbage-collected heap size exceeded. Consider increasing the maximum Java heap size, for example with '-Xmx'.

2026-10-04T01:32:36.945Z ERROR 1 --- [shortener] [-handler-161550] o.a.c.c.C.[.[.[/].[dispatcherServlet]    : Servlet.service() for servlet [dispatcherServlet] in context with path [] threw exception [Handler dispatch failed: java.lang.OutOfMemoryError: Garbage-collected heap size exceeded. Consider increasing the maximum Java heap size, for example with '-Xmx'.] with root cause

java.lang.OutOfMemoryError: Garbage-collected heap size exceeded. Consider increasing the maximum Java heap size, for example with '-Xmx'.

2026-10-04T01:32:36.945Z ERROR 1 --- [shortener] [-handler-161551] o.a.c.c.C.[.[.[/].[dispatcherServlet]    : Servlet.service() for servlet [dispatcherServlet] in context with path [] threw exception [Handler dispatch failed: java.lang.OutOfMemoryError: Garbage-collected heap size exceeded. Consider increasing the maximum Java heap size, for example with '-Xmx'.] with root cause

java.lang.OutOfMemoryError: Garbage-collected heap size exceeded. Consider increasing the maximum Java heap size, for example with '-Xmx'.

2026-10-04T01:32:36.946Z ERROR 1 --- [shortener] [-handler-161552] o.a.c.c.C.[.[.[/].[dispatcherServlet]    : Servlet.service() for servlet [dispatcherServlet] in context with path [] threw exception [Handler dispatch failed: java.lang.OutOfMemoryError: Garbage-collected heap size exceeded. Consider increasing the maximum Java heap size, for example with '-Xmx'.] with root cause

java.lang.OutOfMemoryError: Garbage-collected heap size exceeded. Consider increasing the maximum Java heap size, for example with '-Xmx'.

2026-10-04T01:32:36.946Z ERROR 1 --- [shortener] [-handler-161553] o.a.c.c.C.[.[.[/].[dispatcherServlet]    : Servlet.service() for servlet [dispatcherServlet] in context with path [] threw exception [Handler dispatch failed: java.lang.OutOfMemoryError: Garbage-collected heap size exceeded. Consider increasing the maximum Java heap size, for example with '-Xmx'.] with root cause

java.lang.OutOfMemoryError: Garbage-collected heap size exceeded. Consider increasing the maximum Java heap size, for example with '-Xmx'.

2026-10-04T01:32:36.947Z ERROR 1 --- [shortener] [-handler-161554] o.a.c.c.C.[.[.[/].[dispatcherServlet]    : Servlet.service() for servlet [dispatcherServlet] in context with path [] threw exception [Handler dispatch failed: java.lang.OutOfMemoryError: Garbage-collected heap size exceeded. Consider increasing the maximum Java heap size, for example with '-Xmx'.] with root cause

java.lang.OutOfMemoryError: Garbage-collected heap size exceeded. Consider increasing the maximum Java heap size, for example with '-Xmx'.

2026-10-04T01:32:36.947Z ERROR 1 --- [shortener] [-handler-161555] o.a.c.c.C.[.[.[/].[dispatcherServlet]    : Servlet.service() for servlet [dispatcherServlet] in context with path [] threw exception [Handler dispatch failed: java.lang.OutOfMemoryError: Garbage-collected heap size exceeded. Consider increasing the maximum Java heap size, for example with '-Xmx'.] with root cause

java.lang.OutOfMemoryError: Garbage-collected heap size exceeded. Consider increasing the maximum Java heap size, for example with '-Xmx'.

2026-10-04T01:32:36.948Z ERROR 1 --- [shortener] [-handler-161556] o.a.c.c.C.[.[.[/].[dispatcherServlet]    : Servlet.service() for servlet [dispatcherServlet] in context with path [] threw exception [Handler dispatch failed: java.lang.OutOfMemoryError: Garbage-collected heap size exceeded. Consider increasing the maximum Java heap size, for example with '-Xmx'.] with root cause

java.lang.OutOfMemoryError: Garbage-collected heap size exceeded. Consider increasing the maximum Java heap size, for example with '-Xmx'.

2026-10-04T01:32:36.948Z ERROR 1 --- [shortener] [-handler-161557] o.a.c.c.C.[.[.[/].[dispatcherServlet]    : Servlet.service() for servlet [dispatcherServlet] in context with path [] threw exception [Handler dispatch failed: java.lang.OutOfMemoryError: Garbage-collected heap size exceeded. Consider increasing the maximum Java heap size, for example with '-Xmx'.] with root cause

java.lang.OutOfMemoryError: Garbage-collected heap size exceeded. Consider increasing the maximum Java heap size, for example with '-Xmx'.

2026-10-04T01:32:36.949Z ERROR 1 --- [shortener] [-handler-161558] o.a.c.c.C.[.[.[/].[dispatcherServlet]    : Servlet.service() for servlet [dispatcherServlet] in context with path [] threw exception [Handler dispatch failed: java.lang.OutOfMemoryError: Garbage-collected heap size exceeded. Consider increasing the maximum Java heap size, for example with '-Xmx'.] with root cause

java.lang.OutOfMemoryError: Garbage-collected heap size exceeded. Consider increasing the maximum Java heap size, for example with '-Xmx'.

2026-10-04T01:32:36.950Z ERROR 1 --- [shortener] [-handler-161559] o.a.c.c.C.[.[.[/].[dispatcherServlet]    : Servlet.service() for servlet [dispatcherServlet] in context with path [] threw exception [Handler dispatch failed: java.lang.OutOfMemoryError: Garbage-collected heap size exceeded. Consider increasing the maximum Java heap size, for example with '-Xmx'.] with root cause

java.lang.OutOfMemoryError: Garbage-collected heap size exceeded. Consider increasing the maximum Java heap size, for example with '-Xmx'.

2026-10-04T01:32:36.950Z ERROR 1 --- [shortener] [-handler-161560] o.a.c.c.C.[.[.[/].[dispatcherServlet]    : Servlet.service() for servlet [dispatcherServlet] in context with path [] threw exception [Handler dispatch failed: java.lang.OutOfMemoryError: Garbage-collected heap size exceeded. Consider increasing the maximum Java heap size, for example with '-Xmx'.] with root cause

java.lang.OutOfMemoryError: Garbage-collected heap size exceeded. Consider increasing the maximum Java heap size, for example with '-Xmx'.

2026-10-04T01:32:36.950Z ERROR 1 --- [shortener] [-handler-161561] o.a.c.c.C.[.[.[/].[dispatcherServlet]    : Servlet.service() for servlet [dispatcherServlet] in context with path [] threw exception [Handler dispatch failed: java.lang.OutOfMemoryError: Garbage-collected heap size exceeded. Consider increasing the maximum Java heap size, for example with '-Xmx'.] with root cause

java.lang.OutOfMemoryError: Garbage-collected heap size exceeded. Consider increasing the maximum Java heap size, for example with '-Xmx'.

2026-10-04T01:32:36.951Z ERROR 1 --- [shortener] [-handler-161562] o.a.c.c.C.[.[.[/].[dispatcherServlet]    : Servlet.service() for servlet [dispatcherServlet] in context with path [] threw exception [Handler dispatch failed: java.lang.OutOfMemoryError: Garbage-collected heap size exceeded. Consider increasing the maximum Java heap size, for example with '-Xmx'.] with root cause

java.lang.OutOfMemoryError: Garbage-collected heap size exceeded. Consider increasing the maximum Java heap size, for example with '-Xmx'.

2026-10-04T01:32:36.951Z ERROR 1 --- [shortener] [-handler-161563] o.a.c.c.C.[.[.[/].[dispatcherServlet]    : Servlet.service() for servlet [dispatcherServlet] in context with path [] threw exception [Handler dispatch failed: java.lang.OutOfMemoryError: Garbage-collected heap size exceeded. Consider increasing the maximum Java heap size, for example with '-Xmx'.] with root cause

java.lang.OutOfMemoryError: Garbage-collected heap size exceeded. Consider increasing the maximum Java heap size, for example with '-Xmx'.

2026-10-04T01:32:39.518Z ERROR 1 --- [shortener] [-handler-161562] o.a.coyote.http11.Http11NioProtocol      : Failed to complete processing of a request

java.lang.OutOfMemoryError: Garbage-collected heap size exceeded. Consider increasing the maximum Java heap size, for example with '-Xmx'.

2026-10-04T01:32:42.146Z ERROR 1 --- [shortener] [-handler-161586] o.a.c.c.C.[.[.[/].[dispatcherServlet]    : Servlet.service() for servlet [dispatcherServlet] in context with path [] threw exception [Handler dispatch failed: java.lang.OutOfMemoryError: Garbage-collected heap size exceeded. Consider increasing the maximum Java heap size, for example with '-Xmx'.] with root cause

java.lang.OutOfMemoryError: Garbage-collected heap size exceeded. Consider increasing the maximum Java heap size, for example with '-Xmx'.

2026-10-04T01:32:42.148Z ERROR 1 --- [shortener] [-handler-161604] o.a.c.c.C.[.[.[/].[dispatcherServlet]    : Servlet.service() for servlet [dispatcherServlet] in context with path [] threw exception [Handler dispatch failed: java.lang.OutOfMemoryError: Garbage-collected heap size exceeded. Consider increasing the maximum Java heap size, for example with '-Xmx'.] with root cause

java.lang.OutOfMemoryError: Garbage-collected heap size exceeded. Consider increasing the maximum Java heap size, for example with '-Xmx'.

2026-10-04T01:32:42.158Z ERROR 1 --- [shortener] [-handler-161605] o.a.c.c.C.[.[.[/].[dispatcherServlet]    : Servlet.service() for servlet [dispatcherServlet] in context with path [] threw exception [Handler dispatch failed: java.lang.OutOfMemoryError: Garbage-collected heap size exceeded. Consider increasing the maximum Java heap size, for example with '-Xmx'.] with root cause

java.lang.OutOfMemoryError: Garbage-collected heap size exceeded. Consider increasing the maximum Java heap size, for example with '-Xmx'.

2026-10-04T01:32:42.159Z ERROR 1 --- [shortener] [-handler-161606] o.a.c.c.C.[.[.[/].[dispatcherServlet]    : Servlet.service() for servlet [dispatcherServlet] in context with path [] threw exception [Handler dispatch failed: java.lang.OutOfMemoryError: Garbage-collected heap size exceeded. Consider increasing the maximum Java heap size, for example with '-Xmx'.] with root cause

java.lang.OutOfMemoryError: Garbage-collected heap size exceeded. Consider increasing the maximum Java heap size, for example with '-Xmx'.

2026-10-04T01:32:42.160Z ERROR 1 --- [shortener] [-handler-161607] o.a.c.c.C.[.[.[/].[dispatcherServlet]    : Servlet.service() for servlet [dispatcherServlet] in context with path [] threw exception [Handler dispatch failed: java.lang.OutOfMemoryError: Garbage-collected heap size exceeded. Consider increasing the maximum Java heap size, for example with '-Xmx'.] with root cause

java.lang.OutOfMemoryError: Garbage-collected heap size exceeded. Consider increasing the maximum Java heap size, for example with '-Xmx'.

2026-10-04T01:32:42.160Z ERROR 1 --- [shortener] [-handler-161608] o.a.c.c.C.[.[.[/].[dispatcherServlet]    : Servlet.service() for servlet [dispatcherServlet] in context with path [] threw exception [Handler dispatch failed: java.lang.OutOfMemoryError: Garbage-collected heap size exceeded. Consider increasing the maximum Java heap size, for example with '-Xmx'.] with root cause

java.lang.OutOfMemoryError: Garbage-collected heap size exceeded. Consider increasing the maximum Java heap size, for example with '-Xmx'.

2026-10-04T01:32:42.161Z ERROR 1 --- [shortener] [-handler-161609] o.a.c.c.C.[.[.[/].[dispatcherServlet]    : Servlet.service() for servlet [dispatcherServlet] in context with path [] threw exception [Handler dispatch failed: java.lang.OutOfMemoryError: Garbage-collected heap size exceeded. Consider increasing the maximum Java heap size, for example with '-Xmx'.] with root cause

java.lang.OutOfMemoryError: Garbage-collected heap size exceeded. Consider increasing the maximum Java heap size, for example with '-Xmx'.

2026-10-04T01:32:42.162Z ERROR 1 --- [shortener] [-handler-161610] o.a.c.c.C.[.[.[/].[dispatcherServlet]    : Servlet.service() for servlet [dispatcherServlet] in context with path [] threw exception [Handler dispatch failed: java.lang.OutOfMemoryError: Garbage-collected heap size exceeded. Consider increasing the maximum Java heap size, for example with '-Xmx'.] with root cause

java.lang.OutOfMemoryError: Garbage-collected heap size exceeded. Consider increasing the maximum Java heap size, for example with '-Xmx'.

2026-10-04T01:32:42.162Z ERROR 1 --- [shortener] [-handler-161611] o.a.c.c.C.[.[.[/].[dispatcherServlet]    : Servlet.service() for servlet [dispatcherServlet] in context with path [] threw exception [Handler dispatch failed: java.lang.OutOfMemoryError: Garbage-collected heap size exceeded. Consider increasing the maximum Java heap size, for example with '-Xmx'.] with root cause

java.lang.OutOfMemoryError: Garbage-collected heap size exceeded. Consider increasing the maximum Java heap size, for example with '-Xmx'.

2026-10-04T01:32:42.163Z ERROR 1 --- [shortener] [-handler-161612] o.a.c.c.C.[.[.[/].[dispatcherServlet]    : Servlet.service() for servlet [dispatcherServlet] in context with path [] threw exception [Handler dispatch failed: java.lang.OutOfMemoryError: Garbage-collected heap size exceeded. Consider increasing the maximum Java heap size, for example with '-Xmx'.] with root cause

java.lang.OutOfMemoryError: Garbage-collected heap size exceeded. Consider increasing the maximum Java heap size, for example with '-Xmx'.

2026-10-04T01:32:42.163Z ERROR 1 --- [shortener] [-handler-161613] o.a.c.c.C.[.[.[/].[dispatcherServlet]    : Servlet.service() for servlet [dispatcherServlet] in context with path [] threw exception [Handler dispatch failed: java.lang.OutOfMemoryError: Garbage-collected heap size exceeded. Consider increasing the maximum Java heap size, for example with '-Xmx'.] with root cause

java.lang.OutOfMemoryError: Garbage-collected heap size exceeded. Consider increasing the maximum Java heap size, for example with '-Xmx'.

2026-10-04T01:32:42.164Z ERROR 1 --- [shortener] [-handler-161614] o.a.c.c.C.[.[.[/].[dispatcherServlet]    : Servlet.service() for servlet [dispatcherServlet] in context with path [] threw exception [Handler dispatch failed: java.lang.OutOfMemoryError: Garbage-collected heap size exceeded. Consider increasing the maximum Java heap size, for example with '-Xmx'.] with root cause

java.lang.OutOfMemoryError: Garbage-collected heap size exceeded. Consider increasing the maximum Java heap size, for example with '-Xmx'.

2026-10-04T01:32:42.165Z ERROR 1 --- [shortener] [-handler-161615] o.a.c.c.C.[.[.[/].[dispatcherServlet]    : Servlet.service() for servlet [dispatcherServlet] in context with path [] threw exception [Handler dispatch failed: java.lang.OutOfMemoryError: Garbage-collected heap size exceeded. Consider increasing the maximum Java heap size, for example with '-Xmx'.] with root cause

java.lang.OutOfMemoryError: Garbage-collected heap size exceeded. Consider increasing the maximum Java heap size, for example with '-Xmx'.

2026-10-04T01:32:42.165Z ERROR 1 --- [shortener] [-handler-161616] o.a.c.c.C.[.[.[/].[dispatcherServlet]    : Servlet.service() for servlet [dispatcherServlet] in context with path [] threw exception [Handler dispatch failed: java.lang.OutOfMemoryError: Garbage-collected heap size exceeded. Consider increasing the maximum Java heap size, for example with '-Xmx'.] with root cause

java.lang.OutOfMemoryError: Garbage-collected heap size exceeded. Consider increasing the maximum Java heap size, for example with '-Xmx'.

2026-10-04T01:32:42.166Z ERROR 1 --- [shortener] [-handler-161564] o.a.c.c.C.[.[.[/].[dispatcherServlet]    : Servlet.service() for servlet [dispatcherServlet] in context with path [] threw exception [Handler dispatch failed: java.lang.OutOfMemoryError: Garbage-collected heap size exceeded. Consider increasing the maximum Java heap size, for example with '-Xmx'.] with root cause

java.lang.OutOfMemoryError: Garbage-collected heap size exceeded. Consider increasing the maximum Java heap size, for example with '-Xmx'.

2026-10-04T01:32:42.166Z ERROR 1 --- [shortener] [-handler-161617] o.a.c.c.C.[.[.[/].[dispatcherServlet]    : Servlet.service() for servlet [dispatcherServlet] in context with path [] threw exception [Handler dispatch failed: java.lang.OutOfMemoryError: Garbage-collected heap size exceeded. Consider increasing the maximum Java heap size, for example with '-Xmx'.] with root cause

java.lang.OutOfMemoryError: Garbage-collected heap size exceeded. Consider increasing the maximum Java heap size, for example with '-Xmx'.

2026-10-04T01:32:42.167Z ERROR 1 --- [shortener] [-handler-161566] o.a.c.c.C.[.[.[/].[dispatcherServlet]    : Servlet.service() for servlet [dispatcherServlet] in context with path [] threw exception [Handler dispatch failed: java.lang.OutOfMemoryError: Garbage-collected heap size exceeded. Consider increasing the maximum Java heap size, for example with '-Xmx'.] with root cause

java.lang.OutOfMemoryError: Garbage-collected heap size exceeded. Consider increasing the maximum Java heap size, for example with '-Xmx'.

2026-10-04T01:32:42.167Z ERROR 1 --- [shortener] [-handler-161618] o.a.c.c.C.[.[.[/].[dispatcherServlet]    : Servlet.service() for servlet [dispatcherServlet] in context with path [] threw exception [Handler dispatch failed: java.lang.OutOfMemoryError: Garbage-collected heap size exceeded. Consider increasing the maximum Java heap size, for example with '-Xmx'.] with root cause

java.lang.OutOfMemoryError: Garbage-collected heap size exceeded. Consider increasing the maximum Java heap size, for example with '-Xmx'.

2026-10-04T01:32:42.167Z ERROR 1 --- [shortener] [-handler-161567] o.a.c.c.C.[.[.[/].[dispatcherServlet]    : Servlet.service() for servlet [dispatcherServlet] in context with path [] threw exception [Handler dispatch failed: java.lang.OutOfMemoryError: Garbage-collected heap size exceeded. Consider increasing the maximum Java heap size, for example with '-Xmx'.] with root cause

java.lang.OutOfMemoryError: Garbage-collected heap size exceeded. Consider increasing the maximum Java heap size, for example with '-Xmx'.

2026-10-04T01:32:44.701Z ERROR 1 --- [shortener] [-handler-161619] o.a.c.c.C.[.[.[/].[dispatcherServlet]    : Servlet.service() for servlet [dispatcherServlet] in context with path [] threw exception [Handler dispatch failed: java.lang.OutOfMemoryError: Garbage-collected heap size exceeded. Consider increasing the maximum Java heap size, for example with '-Xmx'.] with root cause

java.lang.OutOfMemoryError: Garbage-collected heap size exceeded. Consider increasing the maximum Java heap size, for example with '-Xmx'.

2026-10-04T01:32:44.700Z ERROR 1 --- [shortener] [-handler-161567] o.a.coyote.http11.Http11NioProtocol      : Failed to complete processing of a request

java.lang.OutOfMemoryError: Garbage-collected heap size exceeded. Consider increasing the maximum Java heap size, for example with '-Xmx'.

2026-10-04T01:32:44.710Z ERROR 1 --- [shortener] [-handler-161568] o.a.c.c.C.[.[.[/].[dispatcherServlet]    : Servlet.service() for servlet [dispatcherServlet] in context with path [] threw exception [Handler dispatch failed: java.lang.OutOfMemoryError: Garbage-collected heap size exceeded. Consider increasing the maximum Java heap size, for example with '-Xmx'.] with root cause

java.lang.OutOfMemoryError: Garbage-collected heap size exceeded. Consider increasing the maximum Java heap size, for example with '-Xmx'.

2026-10-04T01:32:44.711Z ERROR 1 --- [shortener] [-handler-161569] o.a.c.c.C.[.[.[/].[dispatcherServlet]    : Servlet.service() for servlet [dispatcherServlet] in context with path [] threw exception [Handler dispatch failed: java.lang.OutOfMemoryError: Garbage-collected heap size exceeded. Consider increasing the maximum Java heap size, for example with '-Xmx'.] with root cause

java.lang.OutOfMemoryError: Garbage-collected heap size exceeded. Consider increasing the maximum Java heap size, for example with '-Xmx'.

2026-10-04T01:32:44.712Z ERROR 1 --- [shortener] [-handler-161570] o.a.c.c.C.[.[.[/].[dispatcherServlet]    : Servlet.service() for servlet [dispatcherServlet] in context with path [] threw exception [Handler dispatch failed: java.lang.OutOfMemoryError: Garbage-collected heap size exceeded. Consider increasing the maximum Java heap size, for example with '-Xmx'.] with root cause

java.lang.OutOfMemoryError: Garbage-collected heap size exceeded. Consider increasing the maximum Java heap size, for example with '-Xmx'.

2026-10-04T01:32:44.712Z ERROR 1 --- [shortener] [-handler-161571] o.a.c.c.C.[.[.[/].[dispatcherServlet]    : Servlet.service() for servlet [dispatcherServlet] in context with path [] threw exception [Handler dispatch failed: java.lang.OutOfMemoryError: Garbage-collected heap size exceeded. Consider increasing the maximum Java heap size, for example with '-Xmx'.] with root cause

java.lang.OutOfMemoryError: Garbage-collected heap size exceeded. Consider increasing the maximum Java heap size, for example with '-Xmx'.

2026-10-04T01:32:44.713Z ERROR 1 --- [shortener] [-handler-161572] o.a.c.c.C.[.[.[/].[dispatcherServlet]    : Servlet.service() for servlet [dispatcherServlet] in context with path [] threw exception [Handler dispatch failed: java.lang.OutOfMemoryError: Garbage-collected heap size exceeded. Consider increasing the maximum Java heap size, for example with '-Xmx'.] with root cause

java.lang.OutOfMemoryError: Garbage-collected heap size exceeded. Consider increasing the maximum Java heap size, for example with '-Xmx'.

2026-10-04T01:32:44.713Z ERROR 1 --- [shortener] [-handler-161573] o.a.c.c.C.[.[.[/].[dispatcherServlet]    : Servlet.service() for servlet [dispatcherServlet] in context with path [] threw exception [Handler dispatch failed: java.lang.OutOfMemoryError: Garbage-collected heap size exceeded. Consider increasing the maximum Java heap size, for example with '-Xmx'.] with root cause

java.lang.OutOfMemoryError: Garbage-collected heap size exceeded. Consider increasing the maximum Java heap size, for example with '-Xmx'.

2026-10-04T01:32:44.714Z ERROR 1 --- [shortener] [-handler-161574] o.a.c.c.C.[.[.[/].[dispatcherServlet]    : Servlet.service() for servlet [dispatcherServlet] in context with path [] threw exception [Handler dispatch failed: java.lang.OutOfMemoryError: Garbage-collected heap size exceeded. Consider increasing the maximum Java heap size, for example with '-Xmx'.] with root cause

java.lang.OutOfMemoryError: Garbage-collected heap size exceeded. Consider increasing the maximum Java heap size, for example with '-Xmx'.

2026-10-04T01:32:44.714Z ERROR 1 --- [shortener] [-handler-161575] o.a.c.c.C.[.[.[/].[dispatcherServlet]    : Servlet.service() for servlet [dispatcherServlet] in context with path [] threw exception [Handler dispatch failed: java.lang.OutOfMemoryError: Garbage-collected heap size exceeded. Consider increasing the maximum Java heap size, for example with '-Xmx'.] with root cause

java.lang.OutOfMemoryError: Garbage-collected heap size exceeded. Consider increasing the maximum Java heap size, for example with '-Xmx'.

2026-10-04T01:32:44.715Z ERROR 1 --- [shortener] [-handler-161576] o.a.c.c.C.[.[.[/].[dispatcherServlet]    : Servlet.service() for servlet [dispatcherServlet] in context with path [] threw exception [Handler dispatch failed: java.lang.OutOfMemoryError: Garbage-collected heap size exceeded. Consider increasing the maximum Java heap size, for example with '-Xmx'.] with root cause

java.lang.OutOfMemoryError: Garbage-collected heap size exceeded. Consider increasing the maximum Java heap size, for example with '-Xmx'.

2026-10-04T01:32:44.715Z ERROR 1 --- [shortener] [-handler-161577] o.a.c.c.C.[.[.[/].[dispatcherServlet]    : Servlet.service() for servlet [dispatcherServlet] in context with path [] threw exception [Handler dispatch failed: java.lang.OutOfMemoryError: Garbage-collected heap size exceeded. Consider increasing the maximum Java heap size, for example with '-Xmx'.] with root cause

java.lang.OutOfMemoryError: Garbage-collected heap size exceeded. Consider increasing the maximum Java heap size, for example with '-Xmx'.

2026-10-04T01:32:44.716Z ERROR 1 --- [shortener] [-handler-161578] o.a.c.c.C.[.[.[/].[dispatcherServlet]    : Servlet.service() for servlet [dispatcherServlet] in context with path [] threw exception [Handler dispatch failed: java.lang.OutOfMemoryError: Garbage-collected heap size exceeded. Consider increasing the maximum Java heap size, for example with '-Xmx'.] with root cause

java.lang.OutOfMemoryError: Garbage-collected heap size exceeded. Consider increasing the maximum Java heap size, for example with '-Xmx'.

2026-10-04T01:32:44.716Z ERROR 1 --- [shortener] [-handler-161579] o.a.c.c.C.[.[.[/].[dispatcherServlet]    : Servlet.service() for servlet [dispatcherServlet] in context with path [] threw exception [Handler dispatch failed: java.lang.OutOfMemoryError: Garbage-collected heap size exceeded. Consider increasing the maximum Java heap size, for example with '-Xmx'.] with root cause

java.lang.OutOfMemoryError: Garbage-collected heap size exceeded. Consider increasing the maximum Java heap size, for example with '-Xmx'.

2026-10-04T01:32:44.717Z ERROR 1 --- [shortener] [-handler-161580] o.a.c.c.C.[.[.[/].[dispatcherServlet]    : Servlet.service() for servlet [dispatcherServlet] in context with path [] threw exception [Handler dispatch failed: java.lang.OutOfMemoryError: Garbage-collected heap size exceeded. Consider increasing the maximum Java heap size, for example with '-Xmx'.] with root cause

java.lang.OutOfMemoryError: Garbage-collected heap size exceeded. Consider increasing the maximum Java heap size, for example with '-Xmx'.

2026-10-04T01:32:44.717Z ERROR 1 --- [shortener] [-handler-161620] o.a.c.c.C.[.[.[/].[dispatcherServlet]    : Servlet.service() for servlet [dispatcherServlet] in context with path [] threw exception [Handler dispatch failed: java.lang.OutOfMemoryError: Garbage-collected heap size exceeded. Consider increasing the maximum Java heap size, for example with '-Xmx'.] with root cause

java.lang.OutOfMemoryError: Garbage-collected heap size exceeded. Consider increasing the maximum Java heap size, for example with '-Xmx'.

2026-10-04T01:32:44.718Z ERROR 1 --- [shortener] [-handler-161581] o.a.c.c.C.[.[.[/].[dispatcherServlet]    : Servlet.service() for servlet [dispatcherServlet] in context with path [] threw exception [Handler dispatch failed: java.lang.OutOfMemoryError: Garbage-collected heap size exceeded. Consider increasing the maximum Java heap size, for example with '-Xmx'.] with root cause

java.lang.OutOfMemoryError: Garbage-collected heap size exceeded. Consider increasing the maximum Java heap size, for example with '-Xmx'.

2026-10-04T01:32:44.718Z ERROR 1 --- [shortener] [-handler-161621] o.a.c.c.C.[.[.[/].[dispatcherServlet]    : Servlet.service() for servlet [dispatcherServlet] in context with path [] threw exception [Handler dispatch failed: java.lang.OutOfMemoryError: Garbage-collected heap size exceeded. Consider increasing the maximum Java heap size, for example with '-Xmx'.] with root cause

java.lang.OutOfMemoryError: Garbage-collected heap size exceeded. Consider increasing the maximum Java heap size, for example with '-Xmx'.

2026-10-04T01:32:44.718Z ERROR 1 --- [shortener] [-handler-161582] o.a.c.c.C.[.[.[/].[dispatcherServlet]    : Servlet.service() for servlet [dispatcherServlet] in context with path [] threw exception [Handler dispatch failed: java.lang.OutOfMemoryError: Garbage-collected heap size exceeded. Consider increasing the maximum Java heap size, for example with '-Xmx'.] with root cause

java.lang.OutOfMemoryError: Garbage-collected heap size exceeded. Consider increasing the maximum Java heap size, for example with '-Xmx'.

2026-10-04T01:32:44.719Z ERROR 1 --- [shortener] [-handler-161583] o.a.c.c.C.[.[.[/].[dispatcherServlet]    : Servlet.service() for servlet [dispatcherServlet] in context with path [] threw exception [Handler dispatch failed: java.lang.OutOfMemoryError: Garbage-collected heap size exceeded. Consider increasing the maximum Java heap size, for example with '-Xmx'.] with root cause

java.lang.OutOfMemoryError: Garbage-collected heap size exceeded. Consider increasing the maximum Java heap size, for example with '-Xmx'.

2026-10-04T01:32:44.719Z ERROR 1 --- [shortener] [-handler-161584] o.a.c.c.C.[.[.[/].[dispatcherServlet]    : Servlet.service() for servlet [dispatcherServlet] in context with path [] threw exception [Handler dispatch failed: java.lang.OutOfMemoryError: Garbage-collected heap size exceeded. Consider increasing the maximum Java heap size, for example with '-Xmx'.] with root cause

java.lang.OutOfMemoryError: Garbage-collected heap size exceeded. Consider increasing the maximum Java heap size, for example with '-Xmx'.

2026-10-04T01:32:44.720Z ERROR 1 --- [shortener] [-handler-161585] o.a.c.c.C.[.[.[/].[dispatcherServlet]    : Servlet.service() for servlet [dispatcherServlet] in context with path [] threw exception [Handler dispatch failed: java.lang.OutOfMemoryError: Garbage-collected heap size exceeded. Consider increasing the maximum Java heap size, for example with '-Xmx'.] with root cause

java.lang.OutOfMemoryError: Garbage-collected heap size exceeded. Consider increasing the maximum Java heap size, for example with '-Xmx'.

2026-10-04T01:32:44.720Z ERROR 1 --- [shortener] [-handler-161565] o.a.c.c.C.[.[.[/].[dispatcherServlet]    : Servlet.service() for servlet [dispatcherServlet] in context with path [] threw exception [Handler dispatch failed: java.lang.OutOfMemoryError: Garbage-collected heap size exceeded. Consider increasing the maximum Java heap size, for example with '-Xmx'.] with root cause

java.lang.OutOfMemoryError: Garbage-collected heap size exceeded. Consider increasing the maximum Java heap size, for example with '-Xmx'.

2026-10-04T01:32:44.721Z ERROR 1 --- [shortener] [-handler-161587] o.a.c.c.C.[.[.[/].[dispatcherServlet]    : Servlet.service() for servlet [dispatcherServlet] in context with path [] threw exception [Handler dispatch failed: java.lang.OutOfMemoryError: Garbage-collected heap size exceeded. Consider increasing the maximum Java heap size, for example with '-Xmx'.] with root cause

java.lang.OutOfMemoryError: Garbage-collected heap size exceeded. Consider increasing the maximum Java heap size, for example with '-Xmx'.

2026-10-04T01:32:47.390Z ERROR 1 --- [shortener] [-handler-161588] o.a.coyote.http11.Http11NioProtocol      : Failed to complete processing of a request

java.lang.OutOfMemoryError: Garbage-collected heap size exceeded. Consider increasing the maximum Java heap size, for example with '-Xmx'.

2026-10-04T01:32:47.395Z ERROR 1 --- [shortener] [-handler-161623] o.a.c.c.C.[.[.[/].[dispatcherServlet]    : Servlet.service() for servlet [dispatcherServlet] in context with path [] threw exception [Handler dispatch failed: java.lang.OutOfMemoryError: Garbage-collected heap size exceeded. Consider increasing the maximum Java heap size, for example with '-Xmx'.] with root cause

java.lang.OutOfMemoryError: Garbage-collected heap size exceeded. Consider increasing the maximum Java heap size, for example with '-Xmx'.

2026-10-04T01:32:47.395Z ERROR 1 --- [shortener] [-handler-161589] o.a.c.c.C.[.[.[/].[dispatcherServlet]    : Servlet.service() for servlet [dispatcherServlet] in context with path [] threw exception [Handler dispatch failed: java.lang.OutOfMemoryError: Garbage-collected heap size exceeded. Consider increasing the maximum Java heap size, for example with '-Xmx'.] with root cause

java.lang.OutOfMemoryError: Garbage-collected heap size exceeded. Consider increasing the maximum Java heap size, for example with '-Xmx'.

2026-10-04T01:32:47.394Z ERROR 1 --- [shortener] [-handler-161622] o.a.c.c.C.[.[.[/].[dispatcherServlet]    : Servlet.service() for servlet [dispatcherServlet] in context with path [] threw exception [Handler dispatch failed: java.lang.OutOfMemoryError: Garbage-collected heap size exceeded. Consider increasing the maximum Java heap size, for example with '-Xmx'.] with root cause

java.lang.OutOfMemoryError: Garbage-collected heap size exceeded. Consider increasing the maximum Java heap size, for example with '-Xmx'.

2026-10-04T01:32:47.403Z ERROR 1 --- [shortener] [-handler-161590] o.a.c.c.C.[.[.[/].[dispatcherServlet]    : Servlet.service() for servlet [dispatcherServlet] in context with path [] threw exception [Handler dispatch failed: java.lang.OutOfMemoryError: Garbage-collected heap size exceeded. Consider increasing the maximum Java heap size, for example with '-Xmx'.] with root cause

java.lang.OutOfMemoryError: Garbage-collected heap size exceeded. Consider increasing the maximum Java heap size, for example with '-Xmx'.

2026-10-04T01:32:47.403Z ERROR 1 --- [shortener] [-handler-161591] o.a.c.c.C.[.[.[/].[dispatcherServlet]    : Servlet.service() for servlet [dispatcherServlet] in context with path [] threw exception [Handler dispatch failed: java.lang.OutOfMemoryError: Garbage-collected heap size exceeded. Consider increasing the maximum Java heap size, for example with '-Xmx'.] with root cause

java.lang.OutOfMemoryError: Garbage-collected heap size exceeded. Consider increasing the maximum Java heap size, for example with '-Xmx'.

2026-10-04T01:32:47.404Z ERROR 1 --- [shortener] [-handler-161592] o.a.c.c.C.[.[.[/].[dispatcherServlet]    : Servlet.service() for servlet [dispatcherServlet] in context with path [] threw exception [Handler dispatch failed: java.lang.OutOfMemoryError: Garbage-collected heap size exceeded. Consider increasing the maximum Java heap size, for example with '-Xmx'.] with root cause

java.lang.OutOfMemoryError: Garbage-collected heap size exceeded. Consider increasing the maximum Java heap size, for example with '-Xmx'.

2026-10-04T01:32:47.404Z ERROR 1 --- [shortener] [-handler-161593] o.a.c.c.C.[.[.[/].[dispatcherServlet]    : Servlet.service() for servlet [dispatcherServlet] in context with path [] threw exception [Handler dispatch failed: java.lang.OutOfMemoryError: Garbage-collected heap size exceeded. Consider increasing the maximum Java heap size, for example with '-Xmx'.] with root cause

java.lang.OutOfMemoryError: Garbage-collected heap size exceeded. Consider increasing the maximum Java heap size, for example with '-Xmx'.

2026-10-04T01:32:47.405Z ERROR 1 --- [shortener] [-handler-161594] o.a.c.c.C.[.[.[/].[dispatcherServlet]    : Servlet.service() for servlet [dispatcherServlet] in context with path [] threw exception [Handler dispatch failed: java.lang.OutOfMemoryError: Garbage-collected heap size exceeded. Consider increasing the maximum Java heap size, for example with '-Xmx'.] with root cause

java.lang.OutOfMemoryError: Garbage-collected heap size exceeded. Consider increasing the maximum Java heap size, for example with '-Xmx'.

2026-10-04T01:32:47.405Z ERROR 1 --- [shortener] [-handler-161595] o.a.c.c.C.[.[.[/].[dispatcherServlet]    : Servlet.service() for servlet [dispatcherServlet] in context with path [] threw exception [Handler dispatch failed: java.lang.OutOfMemoryError: Garbage-collected heap size exceeded. Consider increasing the maximum Java heap size, for example with '-Xmx'.] with root cause

java.lang.OutOfMemoryError: Garbage-collected heap size exceeded. Consider increasing the maximum Java heap size, for example with '-Xmx'.

2026-10-04T01:32:47.406Z ERROR 1 --- [shortener] [-handler-161596] o.a.c.c.C.[.[.[/].[dispatcherServlet]    : Servlet.service() for servlet [dispatcherServlet] in context with path [] threw exception [Handler dispatch failed: java.lang.OutOfMemoryError: Garbage-collected heap size exceeded. Consider increasing the maximum Java heap size, for example with '-Xmx'.] with root cause

java.lang.OutOfMemoryError: Garbage-collected heap size exceeded. Consider increasing the maximum Java heap size, for example with '-Xmx'.

2026-10-04T01:32:47.406Z ERROR 1 --- [shortener] [-handler-161597] o.a.c.c.C.[.[.[/].[dispatcherServlet]    : Servlet.service() for servlet [dispatcherServlet] in context with path [] threw exception [Handler dispatch failed: java.lang.OutOfMemoryError: Garbage-collected heap size exceeded. Consider increasing the maximum Java heap size, for example with '-Xmx'.] with root cause

java.lang.OutOfMemoryError: Garbage-collected heap size exceeded. Consider increasing the maximum Java heap size, for example with '-Xmx'.

2026-10-04T01:32:47.406Z ERROR 1 --- [shortener] [-handler-161598] o.a.c.c.C.[.[.[/].[dispatcherServlet]    : Servlet.service() for servlet [dispatcherServlet] in context with path [] threw exception [Handler dispatch failed: java.lang.OutOfMemoryError: Garbage-collected heap size exceeded. Consider increasing the maximum Java heap size, for example with '-Xmx'.] with root cause

java.lang.OutOfMemoryError: Garbage-collected heap size exceeded. Consider increasing the maximum Java heap size, for example with '-Xmx'.

2026-10-04T01:32:47.407Z ERROR 1 --- [shortener] [-handler-161599] o.a.c.c.C.[.[.[/].[dispatcherServlet]    : Servlet.service() for servlet [dispatcherServlet] in context with path [] threw exception [Handler dispatch failed: java.lang.OutOfMemoryError: Garbage-collected heap size exceeded. Consider increasing the maximum Java heap size, for example with '-Xmx'.] with root cause

java.lang.OutOfMemoryError: Garbage-collected heap size exceeded. Consider increasing the maximum Java heap size, for example with '-Xmx'.

2026-10-04T01:32:47.408Z ERROR 1 --- [shortener] [-handler-161600] o.a.c.c.C.[.[.[/].[dispatcherServlet]    : Servlet.service() for servlet [dispatcherServlet] in context with path [] threw exception [Handler dispatch failed: java.lang.OutOfMemoryError: Garbage-collected heap size exceeded. Consider increasing the maximum Java heap size, for example with '-Xmx'.] with root cause

java.lang.OutOfMemoryError: Garbage-collected heap size exceeded. Consider increasing the maximum Java heap size, for example with '-Xmx'.

2026-10-04T01:32:47.408Z ERROR 1 --- [shortener] [-handler-161601] o.a.c.c.C.[.[.[/].[dispatcherServlet]    : Servlet.service() for servlet [dispatcherServlet] in context with path [] threw exception [Handler dispatch failed: java.lang.OutOfMemoryError: Garbage-collected heap size exceeded. Consider increasing the maximum Java heap size, for example with '-Xmx'.] with root cause

java.lang.OutOfMemoryError: Garbage-collected heap size exceeded. Consider increasing the maximum Java heap size, for example with '-Xmx'.

2026-10-04T01:32:47.409Z ERROR 1 --- [shortener] [-handler-161602] o.a.c.c.C.[.[.[/].[dispatcherServlet]    : Servlet.service() for servlet [dispatcherServlet] in context with path [] threw exception [Handler dispatch failed: java.lang.OutOfMemoryError: Garbage-collected heap size exceeded. Consider increasing the maximum Java heap size, for example with '-Xmx'.] with root cause

java.lang.OutOfMemoryError: Garbage-collected heap size exceeded. Consider increasing the maximum Java heap size, for example with '-Xmx'.

2026-10-04T01:32:47.409Z ERROR 1 --- [shortener] [-handler-161624] o.a.c.c.C.[.[.[/].[dispatcherServlet]    : Servlet.service() for servlet [dispatcherServlet] in context with path [] threw exception [Handler dispatch failed: java.lang.OutOfMemoryError: Garbage-collected heap size exceeded. Consider increasing the maximum Java heap size, for example with '-Xmx'.] with root cause

java.lang.OutOfMemoryError: Garbage-collected heap size exceeded. Consider increasing the maximum Java heap size, for example with '-Xmx'.

2026-10-04T01:32:47.410Z ERROR 1 --- [shortener] [-handler-161603] o.a.c.c.C.[.[.[/].[dispatcherServlet]    : Servlet.service() for servlet [dispatcherServlet] in context with path [] threw exception [Handler dispatch failed: java.lang.OutOfMemoryError: Garbage-collected heap size exceeded. Consider increasing the maximum Java heap size, for example with '-Xmx'.] with root cause

java.lang.OutOfMemoryError: Garbage-collected heap size exceeded. Consider increasing the maximum Java heap size, for example with '-Xmx'.

2026-10-04T01:32:47.410Z ERROR 1 --- [shortener] [-handler-161625] o.a.c.c.C.[.[.[/].[dispatcherServlet]    : Servlet.service() for servlet [dispatcherServlet] in context with path [] threw exception [Handler dispatch failed: java.lang.OutOfMemoryError: Garbage-collected heap size exceeded. Consider increasing the maximum Java heap size, for example with '-Xmx'.] with root cause

java.lang.OutOfMemoryError: Garbage-collected heap size exceeded. Consider increasing the maximum Java heap size, for example with '-Xmx'.

2026-10-04T01:32:47.410Z ERROR 1 --- [shortener] [-handler-161626] o.a.c.c.C.[.[.[/].[dispatcherServlet]    : Servlet.service() for servlet [dispatcherServlet] in context with path [] threw exception [Handler dispatch failed: java.lang.OutOfMemoryError: Garbage-collected heap size exceeded. Consider increasing the maximum Java heap size, for example with '-Xmx'.] with root cause

java.lang.OutOfMemoryError: Garbage-collected heap size exceeded. Consider increasing the maximum Java heap size, for example with '-Xmx'.

2026-10-04T01:32:47.411Z ERROR 1 --- [shortener] [-handler-161627] o.a.c.c.C.[.[.[/].[dispatcherServlet]    : Servlet.service() for servlet [dispatcherServlet] in context with path [] threw exception [Handler dispatch failed: java.lang.OutOfMemoryError: Garbage-collected heap size exceeded. Consider increasing the maximum Java heap size, for example with '-Xmx'.] with root cause

java.lang.OutOfMemoryError: Garbage-collected heap size exceeded. Consider increasing the maximum Java heap size, for example with '-Xmx'.

2026-10-04T01:32:49.919Z ERROR 1 --- [shortener] [-handler-161628] o.a.coyote.http11.Http11NioProtocol      : Failed to complete processing of a request

java.lang.OutOfMemoryError: Garbage-collected heap size exceeded. Consider increasing the maximum Java heap size, for example with '-Xmx'.

2026-10-04T01:32:52.557Z ERROR 1 --- [shortener] [-handler-161629] o.a.c.c.C.[.[.[/].[dispatcherServlet]    : Servlet.service() for servlet [dispatcherServlet] in context with path [] threw exception [Handler dispatch failed: java.lang.OutOfMemoryError: Garbage-collected heap size exceeded. Consider increasing the maximum Java heap size, for example with '-Xmx'.] with root cause

java.lang.OutOfMemoryError: Garbage-collected heap size exceeded. Consider increasing the maximum Java heap size, for example with '-Xmx'.

2026-10-04T01:32:52.557Z ERROR 1 --- [shortener] [-handler-158656] o.a.c.c.C.[.[.[/].[dispatcherServlet]    : Servlet.service() for servlet [dispatcherServlet] in context with path [] threw exception [Handler dispatch failed: java.lang.OutOfMemoryError: Garbage-collected heap size exceeded. Consider increasing the maximum Java heap size, for example with '-Xmx'.] with root cause

java.lang.OutOfMemoryError: Garbage-collected heap size exceeded. Consider increasing the maximum Java heap size, for example with '-Xmx'.

2026-10-04T01:32:52.572Z ERROR 1 --- [shortener] [-handler-161630] o.a.c.c.C.[.[.[/].[dispatcherServlet]    : Servlet.service() for servlet [dispatcherServlet] in context with path [] threw exception [Handler dispatch failed: java.lang.OutOfMemoryError: Garbage-collected heap size exceeded. Consider increasing the maximum Java heap size, for example with '-Xmx'.] with root cause

java.lang.OutOfMemoryError: Garbage-collected heap size exceeded. Consider increasing the maximum Java heap size, for example with '-Xmx'.

2026-10-04T01:32:52.572Z ERROR 1 --- [shortener] [-handler-161631] o.a.c.c.C.[.[.[/].[dispatcherServlet]    : Servlet.service() for servlet [dispatcherServlet] in context with path [] threw exception [Handler dispatch failed: java.lang.OutOfMemoryError: Garbage-collected heap size exceeded. Consider increasing the maximum Java heap size, for example with '-Xmx'.] with root cause

java.lang.OutOfMemoryError: Garbage-collected heap size exceeded. Consider increasing the maximum Java heap size, for example with '-Xmx'.

2026-10-04T01:32:52.573Z ERROR 1 --- [shortener] [-handler-161632] o.a.c.c.C.[.[.[/].[dispatcherServlet]    : Servlet.service() for servlet [dispatcherServlet] in context with path [] threw exception [Handler dispatch failed: java.lang.OutOfMemoryError: Garbage-collected heap size exceeded. Consider increasing the maximum Java heap size, for example with '-Xmx'.] with root cause

java.lang.OutOfMemoryError: Garbage-collected heap size exceeded. Consider increasing the maximum Java heap size, for example with '-Xmx'.

2026-10-04T01:32:52.573Z ERROR 1 --- [shortener] [-handler-158657] o.a.c.c.C.[.[.[/].[dispatcherServlet]    : Servlet.service() for servlet [dispatcherServlet] in context with path [] threw exception [Handler dispatch failed: java.lang.OutOfMemoryError: Garbage-collected heap size exceeded. Consider increasing the maximum Java heap size, for example with '-Xmx'.] with root cause

java.lang.OutOfMemoryError: Garbage-collected heap size exceeded. Consider increasing the maximum Java heap size, for example with '-Xmx'.

2026-10-04T01:32:52.574Z ERROR 1 --- [shortener] [-handler-161633] o.a.c.c.C.[.[.[/].[dispatcherServlet]    : Servlet.service() for servlet [dispatcherServlet] in context with path [] threw exception [Handler dispatch failed: java.lang.OutOfMemoryError: Garbage-collected heap size exceeded. Consider increasing the maximum Java heap size, for example with '-Xmx'.] with root cause

java.lang.OutOfMemoryError: Garbage-collected heap size exceeded. Consider increasing the maximum Java heap size, for example with '-Xmx'.

2026-10-04T01:32:52.574Z ERROR 1 --- [shortener] [-handler-158658] o.a.c.c.C.[.[.[/].[dispatcherServlet]    : Servlet.service() for servlet [dispatcherServlet] in context with path [] threw exception [Handler dispatch failed: java.lang.OutOfMemoryError: Garbage-collected heap size exceeded. Consider increasing the maximum Java heap size, for example with '-Xmx'.] with root cause

java.lang.OutOfMemoryError: Garbage-collected heap size exceeded. Consider increasing the maximum Java heap size, for example with '-Xmx'.

2026-10-04T01:32:52.574Z ERROR 1 --- [shortener] [-handler-161634] o.a.c.c.C.[.[.[/].[dispatcherServlet]    : Servlet.service() for servlet [dispatcherServlet] in context with path [] threw exception [Handler dispatch failed: java.lang.OutOfMemoryError: Garbage-collected heap size exceeded. Consider increasing the maximum Java heap size, for example with '-Xmx'.] with root cause

java.lang.OutOfMemoryError: Garbage-collected heap size exceeded. Consider increasing the maximum Java heap size, for example with '-Xmx'.

2026-10-04T01:32:52.574Z ERROR 1 --- [shortener] [-handler-161635] o.a.c.c.C.[.[.[/].[dispatcherServlet]    : Servlet.service() for servlet [dispatcherServlet] in context with path [] threw exception [Handler dispatch failed: java.lang.OutOfMemoryError: Garbage-collected heap size exceeded. Consider increasing the maximum Java heap size, for example with '-Xmx'.] with root cause

java.lang.OutOfMemoryError: Garbage-collected heap size exceeded. Consider increasing the maximum Java heap size, for example with '-Xmx'.

2026-10-04T01:32:52.574Z ERROR 1 --- [shortener] [-handler-158659] o.a.c.c.C.[.[.[/].[dispatcherServlet]    : Servlet.service() for servlet [dispatcherServlet] in context with path [] threw exception [Handler dispatch failed: java.lang.OutOfMemoryError: Garbage-collected heap size exceeded. Consider increasing the maximum Java heap size, for example with '-Xmx'.] with root cause

java.lang.OutOfMemoryError: Garbage-collected heap size exceeded. Consider increasing the maximum Java heap size, for example with '-Xmx'.

2026-10-04T01:32:52.575Z ERROR 1 --- [shortener] [-handler-161636] o.a.c.c.C.[.[.[/].[dispatcherServlet]    : Servlet.service() for servlet [dispatcherServlet] in context with path [] threw exception [Handler dispatch failed: java.lang.OutOfMemoryError: Garbage-collected heap size exceeded. Consider increasing the maximum Java heap size, for example with '-Xmx'.] with root cause

java.lang.OutOfMemoryError: Garbage-collected heap size exceeded. Consider increasing the maximum Java heap size, for example with '-Xmx'.

2026-10-04T01:32:52.575Z ERROR 1 --- [shortener] [-handler-158660] o.a.c.c.C.[.[.[/].[dispatcherServlet]    : Servlet.service() for servlet [dispatcherServlet] in context with path [] threw exception [Handler dispatch failed: java.lang.OutOfMemoryError: Garbage-collected heap size exceeded. Consider increasing the maximum Java heap size, for example with '-Xmx'.] with root cause

java.lang.OutOfMemoryError: Garbage-collected heap size exceeded. Consider increasing the maximum Java heap size, for example with '-Xmx'.

2026-10-04T01:32:52.576Z ERROR 1 --- [shortener] [-handler-161637] o.a.c.c.C.[.[.[/].[dispatcherServlet]    : Servlet.service() for servlet [dispatcherServlet] in context with path [] threw exception [Handler dispatch failed: java.lang.OutOfMemoryError: Garbage-collected heap size exceeded. Consider increasing the maximum Java heap size, for example with '-Xmx'.] with root cause

java.lang.OutOfMemoryError: Garbage-collected heap size exceeded. Consider increasing the maximum Java heap size, for example with '-Xmx'.

2026-10-04T01:32:52.577Z ERROR 1 --- [shortener] [-handler-158662] o.a.c.c.C.[.[.[/].[dispatcherServlet]    : Servlet.service() for servlet [dispatcherServlet] in context with path [] threw exception [Handler dispatch failed: java.lang.OutOfMemoryError: Garbage-collected heap size exceeded. Consider increasing the maximum Java heap size, for example with '-Xmx'.] with root cause

java.lang.OutOfMemoryError: Garbage-collected heap size exceeded. Consider increasing the maximum Java heap size, for example with '-Xmx'.

2026-10-04T01:32:52.578Z ERROR 1 --- [shortener] [-handler-158661] o.a.c.c.C.[.[.[/].[dispatcherServlet]    : Servlet.service() for servlet [dispatcherServlet] in context with path [] threw exception [Handler dispatch failed: java.lang.OutOfMemoryError: Garbage-collected heap size exceeded. Consider increasing the maximum Java heap size, for example with '-Xmx'.] with root cause

java.lang.OutOfMemoryError: Garbage-collected heap size exceeded. Consider increasing the maximum Java heap size, for example with '-Xmx'.

2026-10-04T01:32:52.578Z ERROR 1 --- [shortener] [-handler-158663] o.a.c.c.C.[.[.[/].[dispatcherServlet]    : Servlet.service() for servlet [dispatcherServlet] in context with path [] threw exception [Handler dispatch failed: java.lang.OutOfMemoryError: Garbage-collected heap size exceeded. Consider increasing the maximum Java heap size, for example with '-Xmx'.] with root cause

java.lang.OutOfMemoryError: Garbage-collected heap size exceeded. Consider increasing the maximum Java heap size, for example with '-Xmx'.

2026-10-04T01:32:52.579Z ERROR 1 --- [shortener] [-handler-158664] o.a.c.c.C.[.[.[/].[dispatcherServlet]    : Servlet.service() for servlet [dispatcherServlet] in context with path [] threw exception [Handler dispatch failed: java.lang.OutOfMemoryError: Garbage-collected heap size exceeded. Consider increasing the maximum Java heap size, for example with '-Xmx'.] with root cause

java.lang.OutOfMemoryError: Garbage-collected heap size exceeded. Consider increasing the maximum Java heap size, for example with '-Xmx'.

2026-10-04T01:32:52.580Z ERROR 1 --- [shortener] [-handler-158666] o.a.c.c.C.[.[.[/].[dispatcherServlet]    : Servlet.service() for servlet [dispatcherServlet] in context with path [] threw exception [Handler dispatch failed: java.lang.OutOfMemoryError: Garbage-collected heap size exceeded. Consider increasing the maximum Java heap size, for example with '-Xmx'.] with root cause

java.lang.OutOfMemoryError: Garbage-collected heap size exceeded. Consider increasing the maximum Java heap size, for example with '-Xmx'.

2026-10-04T01:32:52.581Z ERROR 1 --- [shortener] [-handler-158671] o.a.c.c.C.[.[.[/].[dispatcherServlet]    : Servlet.service() for servlet [dispatcherServlet] in context with path [] threw exception [Handler dispatch failed: java.lang.OutOfMemoryError: Garbage-collected heap size exceeded. Consider increasing the maximum Java heap size, for example with '-Xmx'.] with root cause

java.lang.OutOfMemoryError: Garbage-collected heap size exceeded. Consider increasing the maximum Java heap size, for example with '-Xmx'.

2026-10-04T01:32:52.581Z ERROR 1 --- [shortener] [-handler-161638] o.a.c.c.C.[.[.[/].[dispatcherServlet]    : Servlet.service() for servlet [dispatcherServlet] in context with path [] threw exception [Handler dispatch failed: java.lang.OutOfMemoryError: Garbage-collected heap size exceeded. Consider increasing the maximum Java heap size, for example with '-Xmx'.] with root cause

java.lang.OutOfMemoryError: Garbage-collected heap size exceeded. Consider increasing the maximum Java heap size, for example with '-Xmx'.

2026-10-04T01:32:52.581Z ERROR 1 --- [shortener] [-handler-158672] o.a.c.c.C.[.[.[/].[dispatcherServlet]    : Servlet.service() for servlet [dispatcherServlet] in context with path [] threw exception [Handler dispatch failed: java.lang.OutOfMemoryError: Garbage-collected heap size exceeded. Consider increasing the maximum Java heap size, for example with '-Xmx'.] with root cause

java.lang.OutOfMemoryError: Garbage-collected heap size exceeded. Consider increasing the maximum Java heap size, for example with '-Xmx'.

2026-10-04T01:32:55.123Z ERROR 1 --- [shortener] [-handler-161639] o.a.coyote.http11.Http11NioProtocol      : Failed to complete processing of a request

java.lang.OutOfMemoryError: Garbage-collected heap size exceeded. Consider increasing the maximum Java heap size, for example with '-Xmx'.

2026-10-04T01:32:55.129Z ERROR 1 --- [shortener] [-handler-161640] o.a.c.c.C.[.[.[/].[dispatcherServlet]    : Servlet.service() for servlet [dispatcherServlet] in context with path [] threw exception [Handler dispatch failed: java.lang.OutOfMemoryError: Garbage-collected heap size exceeded. Consider increasing the maximum Java heap size, for example with '-Xmx'.] with root cause

java.lang.OutOfMemoryError: Garbage-collected heap size exceeded. Consider increasing the maximum Java heap size, for example with '-Xmx'.

2026-10-04T01:32:55.125Z ERROR 1 --- [shortener] [-handler-158673] o.a.c.c.C.[.[.[/].[dispatcherServlet]    : Servlet.service() for servlet [dispatcherServlet] in context with path [] threw exception [Handler dispatch failed: java.lang.OutOfMemoryError: Garbage-collected heap size exceeded. Consider increasing the maximum Java heap size, for example with '-Xmx'.] with root cause

java.lang.OutOfMemoryError: Garbage-collected heap size exceeded. Consider increasing the maximum Java heap size, for example with '-Xmx'.

2026-10-04T01:32:55.139Z ERROR 1 --- [shortener] [-handler-158674] o.a.c.c.C.[.[.[/].[dispatcherServlet]    : Servlet.service() for servlet [dispatcherServlet] in context with path [] threw exception [Handler dispatch failed: java.lang.OutOfMemoryError: Garbage-collected heap size exceeded. Consider increasing the maximum Java heap size, for example with '-Xmx'.] with root cause

java.lang.OutOfMemoryError: Garbage-collected heap size exceeded. Consider increasing the maximum Java heap size, for example with '-Xmx'.

2026-10-04T01:32:55.139Z ERROR 1 --- [shortener] [-handler-158675] o.a.c.c.C.[.[.[/].[dispatcherServlet]    : Servlet.service() for servlet [dispatcherServlet] in context with path [] threw exception [Handler dispatch failed: java.lang.OutOfMemoryError: Garbage-collected heap size exceeded. Consider increasing the maximum Java heap size, for example with '-Xmx'.] with root cause

java.lang.OutOfMemoryError: Garbage-collected heap size exceeded. Consider increasing the maximum Java heap size, for example with '-Xmx'.

2026-10-04T01:32:55.141Z ERROR 1 --- [shortener] [-handler-158678] o.a.c.c.C.[.[.[/].[dispatcherServlet]    : Servlet.service() for servlet [dispatcherServlet] in context with path [] threw exception [Handler dispatch failed: java.lang.OutOfMemoryError: Garbage-collected heap size exceeded. Consider increasing the maximum Java heap size, for example with '-Xmx'.] with root cause

java.lang.OutOfMemoryError: Garbage-collected heap size exceeded. Consider increasing the maximum Java heap size, for example with '-Xmx'.

2026-10-04T01:32:55.142Z ERROR 1 --- [shortener] [-handler-158680] o.a.c.c.C.[.[.[/].[dispatcherServlet]    : Servlet.service() for servlet [dispatcherServlet] in context with path [] threw exception [Handler dispatch failed: java.lang.OutOfMemoryError: Garbage-collected heap size exceeded. Consider increasing the maximum Java heap size, for example with '-Xmx'.] with root cause

java.lang.OutOfMemoryError: Garbage-collected heap size exceeded. Consider increasing the maximum Java heap size, for example with '-Xmx'.

2026-10-04T01:32:55.143Z ERROR 1 --- [shortener] [-handler-158679] o.a.c.c.C.[.[.[/].[dispatcherServlet]    : Servlet.service() for servlet [dispatcherServlet] in context with path [] threw exception [Handler dispatch failed: java.lang.OutOfMemoryError: Garbage-collected heap size exceeded. Consider increasing the maximum Java heap size, for example with '-Xmx'.] with root cause

java.lang.OutOfMemoryError: Garbage-collected heap size exceeded. Consider increasing the maximum Java heap size, for example with '-Xmx'.

2026-10-04T01:32:55.143Z ERROR 1 --- [shortener] [-handler-158676] o.a.c.c.C.[.[.[/].[dispatcherServlet]    : Servlet.service() for servlet [dispatcherServlet] in context with path [] threw exception [Handler dispatch failed: java.lang.OutOfMemoryError: Garbage-collected heap size exceeded. Consider increasing the maximum Java heap size, for example with '-Xmx'.] with root cause

java.lang.OutOfMemoryError: Garbage-collected heap size exceeded. Consider increasing the maximum Java heap size, for example with '-Xmx'.

2026-10-04T01:32:55.144Z ERROR 1 --- [shortener] [-handler-158677] o.a.c.c.C.[.[.[/].[dispatcherServlet]    : Servlet.service() for servlet [dispatcherServlet] in context with path [] threw exception [Handler dispatch failed: java.lang.OutOfMemoryError: Garbage-collected heap size exceeded. Consider increasing the maximum Java heap size, for example with '-Xmx'.] with root cause

java.lang.OutOfMemoryError: Garbage-collected heap size exceeded. Consider increasing the maximum Java heap size, for example with '-Xmx'.

2026-10-04T01:32:55.145Z ERROR 1 --- [shortener] [-handler-161641] o.a.c.c.C.[.[.[/].[dispatcherServlet]    : Servlet.service() for servlet [dispatcherServlet] in context with path [] threw exception [Handler dispatch failed: java.lang.OutOfMemoryError: Garbage-collected heap size exceeded. Consider increasing the maximum Java heap size, for example with '-Xmx'.] with root cause

java.lang.OutOfMemoryError: Garbage-collected heap size exceeded. Consider increasing the maximum Java heap size, for example with '-Xmx'.

2026-10-04T01:32:55.145Z ERROR 1 --- [shortener] [-handler-158681] o.a.c.c.C.[.[.[/].[dispatcherServlet]    : Servlet.service() for servlet [dispatcherServlet] in context with path [] threw exception [Handler dispatch failed: java.lang.OutOfMemoryError: Garbage-collected heap size exceeded. Consider increasing the maximum Java heap size, for example with '-Xmx'.] with root cause

java.lang.OutOfMemoryError: Garbage-collected heap size exceeded. Consider increasing the maximum Java heap size, for example with '-Xmx'.

2026-10-04T01:32:55.146Z ERROR 1 --- [shortener] [-handler-161642] o.a.c.c.C.[.[.[/].[dispatcherServlet]    : Servlet.service() for servlet [dispatcherServlet] in context with path [] threw exception [Handler dispatch failed: java.lang.OutOfMemoryError: Garbage-collected heap size exceeded. Consider increasing the maximum Java heap size, for example with '-Xmx'.] with root cause

java.lang.OutOfMemoryError: Garbage-collected heap size exceeded. Consider increasing the maximum Java heap size, for example with '-Xmx'.

2026-10-04T01:32:55.146Z ERROR 1 --- [shortener] [-handler-158685] o.a.c.c.C.[.[.[/].[dispatcherServlet]    : Servlet.service() for servlet [dispatcherServlet] in context with path [] threw exception [Handler dispatch failed: java.lang.OutOfMemoryError: Garbage-collected heap size exceeded. Consider increasing the maximum Java heap size, for example with '-Xmx'.] with root cause

java.lang.OutOfMemoryError: Garbage-collected heap size exceeded. Consider increasing the maximum Java heap size, for example with '-Xmx'.

2026-10-04T01:32:55.147Z ERROR 1 --- [shortener] [-handler-161643] o.a.c.c.C.[.[.[/].[dispatcherServlet]    : Servlet.service() for servlet [dispatcherServlet] in context with path [] threw exception [Handler dispatch failed: java.lang.OutOfMemoryError: Garbage-collected heap size exceeded. Consider increasing the maximum Java heap size, for example with '-Xmx'.] with root cause

java.lang.OutOfMemoryError: Garbage-collected heap size exceeded. Consider increasing the maximum Java heap size, for example with '-Xmx'.

2026-10-04T01:32:55.147Z ERROR 1 --- [shortener] [-handler-158683] o.a.c.c.C.[.[.[/].[dispatcherServlet]    : Servlet.service() for servlet [dispatcherServlet] in context with path [] threw exception [Handler dispatch failed: java.lang.OutOfMemoryError: Garbage-collected heap size exceeded. Consider increasing the maximum Java heap size, for example with '-Xmx'.] with root cause

java.lang.OutOfMemoryError: Garbage-collected heap size exceeded. Consider increasing the maximum Java heap size, for example with '-Xmx'.

2026-10-04T01:32:55.147Z ERROR 1 --- [shortener] [-handler-161644] o.a.c.c.C.[.[.[/].[dispatcherServlet]    : Servlet.service() for servlet [dispatcherServlet] in context with path [] threw exception [Handler dispatch failed: java.lang.OutOfMemoryError: Garbage-collected heap size exceeded. Consider increasing the maximum Java heap size, for example with '-Xmx'.] with root cause

java.lang.OutOfMemoryError: Garbage-collected heap size exceeded. Consider increasing the maximum Java heap size, for example with '-Xmx'.

2026-10-04T01:32:55.148Z ERROR 1 --- [shortener] [-handler-158684] o.a.c.c.C.[.[.[/].[dispatcherServlet]    : Servlet.service() for servlet [dispatcherServlet] in context with path [] threw exception [Handler dispatch failed: java.lang.OutOfMemoryError: Garbage-collected heap size exceeded. Consider increasing the maximum Java heap size, for example with '-Xmx'.] with root cause

java.lang.OutOfMemoryError: Garbage-collected heap size exceeded. Consider increasing the maximum Java heap size, for example with '-Xmx'.

2026-10-04T01:32:55.148Z ERROR 1 --- [shortener] [-handler-161645] o.a.c.c.C.[.[.[/].[dispatcherServlet]    : Servlet.service() for servlet [dispatcherServlet] in context with path [] threw exception [Handler dispatch failed: java.lang.OutOfMemoryError: Garbage-collected heap size exceeded. Consider increasing the maximum Java heap size, for example with '-Xmx'.] with root cause

java.lang.OutOfMemoryError: Garbage-collected heap size exceeded. Consider increasing the maximum Java heap size, for example with '-Xmx'.

2026-10-04T01:32:55.148Z ERROR 1 --- [shortener] [-handler-158682] o.a.c.c.C.[.[.[/].[dispatcherServlet]    : Servlet.service() for servlet [dispatcherServlet] in context with path [] threw exception [Handler dispatch failed: java.lang.OutOfMemoryError: Garbage-collected heap size exceeded. Consider increasing the maximum Java heap size, for example with '-Xmx'.] with root cause

java.lang.OutOfMemoryError: Garbage-collected heap size exceeded. Consider increasing the maximum Java heap size, for example with '-Xmx'.

2026-10-04T01:32:55.149Z ERROR 1 --- [shortener] [-handler-161646] o.a.c.c.C.[.[.[/].[dispatcherServlet]    : Servlet.service() for servlet [dispatcherServlet] in context with path [] threw exception [Handler dispatch failed: java.lang.OutOfMemoryError: Garbage-collected heap size exceeded. Consider increasing the maximum Java heap size, for example with '-Xmx'.] with root cause

java.lang.OutOfMemoryError: Garbage-collected heap size exceeded. Consider increasing the maximum Java heap size, for example with '-Xmx'.

2026-10-04T01:32:55.149Z ERROR 1 --- [shortener] [-handler-158686] o.a.c.c.C.[.[.[/].[dispatcherServlet]    : Servlet.service() for servlet [dispatcherServlet] in context with path [] threw exception [Handler dispatch failed: java.lang.OutOfMemoryError: Garbage-collected heap size exceeded. Consider increasing the maximum Java heap size, for example with '-Xmx'.] with root cause

java.lang.OutOfMemoryError: Garbage-collected heap size exceeded. Consider increasing the maximum Java heap size, for example with '-Xmx'.

2026-10-04T01:32:55.149Z ERROR 1 --- [shortener] [-handler-161647] o.a.c.c.C.[.[.[/].[dispatcherServlet]    : Servlet.service() for servlet [dispatcherServlet] in context with path [] threw exception [Handler dispatch failed: java.lang.OutOfMemoryError: Garbage-collected heap size exceeded. Consider increasing the maximum Java heap size, for example with '-Xmx'.] with root cause

java.lang.OutOfMemoryError: Garbage-collected heap size exceeded. Consider increasing the maximum Java heap size, for example with '-Xmx'.

2026-10-04T01:32:57.690Z ERROR 1 --- [shortener] [-handler-161647] o.a.c.c.C.[.[.[/].[dispatcherServlet]    : Servlet.service() for servlet [dispatcherServlet] threw exception

java.lang.OutOfMemoryError: Garbage-collected heap size exceeded. Consider increasing the maximum Java heap size, for example with '-Xmx'.

2026-10-04T01:32:57.696Z ERROR 1 --- [shortener] [-handler-158691] o.a.c.c.C.[.[.[/].[dispatcherServlet]    : Servlet.service() for servlet [dispatcherServlet] in context with path [] threw exception [Handler dispatch failed: java.lang.OutOfMemoryError: Garbage-collected heap size exceeded. Consider increasing the maximum Java heap size, for example with '-Xmx'.] with root cause

java.lang.OutOfMemoryError: Garbage-collected heap size exceeded. Consider increasing the maximum Java heap size, for example with '-Xmx'.

2026-10-04T01:32:57.704Z ERROR 1 --- [shortener] [-handler-158687] o.a.c.c.C.[.[.[/].[dispatcherServlet]    : Servlet.service() for servlet [dispatcherServlet] in context with path [] threw exception [Handler dispatch failed: java.lang.OutOfMemoryError: Garbage-collected heap size exceeded. Consider increasing the maximum Java heap size, for example with '-Xmx'.] with root cause

java.lang.OutOfMemoryError: Garbage-collected heap size exceeded. Consider increasing the maximum Java heap size, for example with '-Xmx'.

2026-10-04T01:32:57.705Z ERROR 1 --- [shortener] [-handler-158688] o.a.c.c.C.[.[.[/].[dispatcherServlet]    : Servlet.service() for servlet [dispatcherServlet] in context with path [] threw exception [Handler dispatch failed: java.lang.OutOfMemoryError: Garbage-collected heap size exceeded. Consider increasing the maximum Java heap size, for example with '-Xmx'.] with root cause

java.lang.OutOfMemoryError: Garbage-collected heap size exceeded. Consider increasing the maximum Java heap size, for example with '-Xmx'.

2026-10-04T01:32:57.694Z ERROR 1 --- [shortener] [-handler-161647] o.a.c.c.C.[Tomcat].[localhost]           : Exception Processing [ErrorPage[errorCode=0, location=/error]]

jakarta.servlet.ServletException: Handler dispatch failed: java.lang.OutOfMemoryError: Garbage-collected heap size exceeded. Consider increasing the maximum Java heap size, for example with '-Xmx'.
	at org.springframework.web.servlet.DispatcherServlet.doDispatch(DispatcherServlet.java:978) ~[uy.ct.shortener.ShortenerApplicationKt:7.0.9]
	at org.springframework.web.servlet.DispatcherServlet.doService(DispatcherServlet.java:866) ~[uy.ct.shortener.ShortenerApplicationKt:7.0.9]
	at org.springframework.web.servlet.FrameworkServlet.processRequest(FrameworkServlet.java:1000) ~[uy.ct.shortener.ShortenerApplicationKt:7.0.9]
	at org.springframework.web.servlet.FrameworkServlet.doGet(FrameworkServlet.java:892) ~[uy.ct.shortener.ShortenerApplicationKt:7.0.9]
	at jakarta.servlet.http.HttpServlet.service(HttpServlet.java:622) ~[uy.ct.shortener.ShortenerApplicationKt:6.1]
	at org.springframework.web.servlet.FrameworkServlet.service(FrameworkServlet.java:874) ~[uy.ct.shortener.ShortenerApplicationKt:7.0.9]
	at jakarta.servlet.http.HttpServlet.service(HttpServlet.java:710) ~[uy.ct.shortener.ShortenerApplicationKt:6.1]
	at org.apache.catalina.core.ApplicationFilterChain.doFilter(ApplicationFilterChain.java:132) ~[na:na]
	at org.springframework.web.filter.CompositeFilter$VirtualFilterChain.doFilter(CompositeFilter.java:108) ~[na:na]
	at org.springframework.web.filter.CompositeFilter$VirtualFilterChain.doFilter(CompositeFilter.java:108) ~[na:na]
	at org.springframework.security.web.FilterChainProxy.lambda$doFilterInternal$2(FilterChainProxy.java:235) ~[uy.ct.shortener.ShortenerApplicationKt:7.1.1]
	at org.springframework.security.web.ObservationFilterChainDecorator$FilterObservation$SimpleFilterObservation.lambda$wrap$1(ObservationFilterChainDecorator.java:491) ~[na:na]
	at org.springframework.security.web.ObservationFilterChainDecorator$AroundFilterObservation$SimpleAroundFilterObservation.lambda$wrap$1(ObservationFilterChainDecorator.java:353) ~[na:na]
	at org.springframework.security.web.ObservationFilterChainDecorator.lambda$wrapSecured$0(ObservationFilterChainDecorator.java:84) ~[na:na]
	at org.springframework.security.web.ObservationFilterChainDecorator$VirtualFilterChain.doFilter(ObservationFilterChainDecorator.java:131) ~[na:na]
	at org.springframework.security.web.access.intercept.AuthorizationFilter.doFilter(AuthorizationFilter.java:101) ~[na:na]
	at org.springframework.security.web.ObservationFilterChainDecorator$ObservationFilter.wrapFilter(ObservationFilterChainDecorator.java:243) ~[na:na]
	at org.springframework.security.web.ObservationFilterChainDecorator$ObservationFilter.doFilter(ObservationFilterChainDecorator.java:230) ~[na:na]
	at org.springframework.security.web.ObservationFilterChainDecorator$VirtualFilterChain.doFilter(ObservationFilterChainDecorator.java:140) ~[na:na]
	at org.springframework.security.web.access.ExceptionTranslationFilter.doFilter(ExceptionTranslationFilter.java:126) ~[na:na]
	at org.springframework.security.web.access.ExceptionTranslationFilter.doFilter(ExceptionTranslationFilter.java:120) ~[na:na]
	at org.springframework.security.web.ObservationFilterChainDecorator$ObservationFilter.wrapFilter(ObservationFilterChainDecorator.java:243) ~[na:na]
	at org.springframework.security.web.ObservationFilterChainDecorator$ObservationFilter.doFilter(ObservationFilterChainDecorator.java:230) ~[na:na]
	at org.springframework.security.web.ObservationFilterChainDecorator$VirtualFilterChain.doFilter(ObservationFilterChainDecorator.java:140) ~[na:na]
	at org.springframework.security.web.session.SessionManagementFilter.doFilter(SessionManagementFilter.java:92) ~[na:na]
	at org.springframework.security.web.session.SessionManagementFilter.doFilter(SessionManagementFilter.java:86) ~[na:na]
	at org.springframework.security.web.ObservationFilterChainDecorator$ObservationFilter.wrapFilter(ObservationFilterChainDecorator.java:243) ~[na:na]
	at org.springframework.security.web.ObservationFilterChainDecorator$ObservationFilter.doFilter(ObservationFilterChainDecorator.java:230) ~[na:na]
	at org.springframework.security.web.ObservationFilterChainDecorator$VirtualFilterChain.doFilter(ObservationFilterChainDecorator.java:140) ~[na:na]
	at org.springframework.security.web.authentication.AnonymousAuthenticationFilter.doFilter(AnonymousAuthenticationFilter.java:100) ~[na:na]
	at org.springframework.security.web.ObservationFilterChainDecorator$ObservationFilter.wrapFilter(ObservationFilterChainDecorator.java:243) ~[na:na]
	at org.springframework.security.web.ObservationFilterChainDecorator$ObservationFilter.doFilter(ObservationFilterChainDecorator.java:230) ~[na:na]
	at org.springframework.security.web.ObservationFilterChainDecorator$VirtualFilterChain.doFilter(ObservationFilterChainDecorator.java:140) ~[na:na]
	at org.springframework.security.web.servletapi.SecurityContextHolderAwareRequestFilter.doFilter(SecurityContextHolderAwareRequestFilter.java:181) ~[na:na]
	at org.springframework.security.web.ObservationFilterChainDecorator$ObservationFilter.wrapFilter(ObservationFilterChainDecorator.java:243) ~[na:na]
	at org.springframework.security.web.ObservationFilterChainDecorator$ObservationFilter.doFilter(ObservationFilterChainDecorator.java:230) ~[na:na]
	at org.springframework.security.web.ObservationFilterChainDecorator$VirtualFilterChain.doFilter(ObservationFilterChainDecorator.java:140) ~[na:na]
	at org.springframework.web.filter.OncePerRequestFilter.doFilter(OncePerRequestFilter.java:101) ~[uy.ct.shortener.ShortenerApplicationKt:na]
	at org.springframework.security.web.ObservationFilterChainDecorator$ObservationFilter.wrapFilter(ObservationFilterChainDecorator.java:243) ~[na:na]
	at org.springframework.security.web.ObservationFilterChainDecorator$ObservationFilter.doFilter(ObservationFilterChainDecorator.java:230) ~[na:na]
	at org.springframework.security.web.ObservationFilterChainDecorator$VirtualFilterChain.doFilter(ObservationFilterChainDecorator.java:140) ~[na:na]
	at org.springframework.web.filter.OncePerRequestFilter.doFilter(OncePerRequestFilter.java:101) ~[uy.ct.shortener.ShortenerApplicationKt:na]
	at org.springframework.security.web.ObservationFilterChainDecorator$ObservationFilter.wrapFilter(ObservationFilterChainDecorator.java:243) ~[na:na]
	at org.springframework.security.web.ObservationFilterChainDecorator$ObservationFilter.doFilter(ObservationFilterChainDecorator.java:230) ~[na:na]
	at org.springframework.security.web.ObservationFilterChainDecorator$VirtualFilterChain.doFilter(ObservationFilterChainDecorator.java:140) ~[na:na]
	at org.springframework.web.filter.OncePerRequestFilter.doFilter(OncePerRequestFilter.java:101) ~[uy.ct.shortener.ShortenerApplicationKt:na]
	at org.springframework.security.web.ObservationFilterChainDecorator$ObservationFilter.wrapFilter(ObservationFilterChainDecorator.java:243) ~[na:na]
	at org.springframework.security.web.ObservationFilterChainDecorator$ObservationFilter.doFilter(ObservationFilterChainDecorator.java:230) ~[na:na]
	at org.springframework.security.web.ObservationFilterChainDecorator$VirtualFilterChain.doFilter(ObservationFilterChainDecorator.java:140) ~[na:na]
	at org.springframework.web.filter.OncePerRequestFilter.doFilter(OncePerRequestFilter.java:101) ~[uy.ct.shortener.ShortenerApplicationKt:na]
	at org.springframework.security.web.ObservationFilterChainDecorator$ObservationFilter.wrapFilter(ObservationFilterChainDecorator.java:243) ~[na:na]
	at org.springframework.security.web.ObservationFilterChainDecorator$ObservationFilter.doFilter(ObservationFilterChainDecorator.java:230) ~[na:na]
	at org.springframework.security.web.ObservationFilterChainDecorator$VirtualFilterChain.doFilter(ObservationFilterChainDecorator.java:140) ~[na:na]
	at org.springframework.web.filter.OncePerRequestFilter.doFilter(OncePerRequestFilter.java:101) ~[uy.ct.shortener.ShortenerApplicationKt:na]
	at org.springframework.security.web.ObservationFilterChainDecorator$ObservationFilter.wrapFilter(ObservationFilterChainDecorator.java:243) ~[na:na]
	at org.springframework.security.web.ObservationFilterChainDecorator$ObservationFilter.doFilter(ObservationFilterChainDecorator.java:230) ~[na:na]
	at org.springframework.security.web.ObservationFilterChainDecorator$VirtualFilterChain.doFilter(ObservationFilterChainDecorator.java:140) ~[na:na]
	at org.springframework.security.web.authentication.logout.LogoutFilter.doFilter(LogoutFilter.java:110) ~[na:na]
	at org.springframework.security.web.authentication.logout.LogoutFilter.doFilter(LogoutFilter.java:96) ~[na:na]
	at org.springframework.security.web.ObservationFilterChainDecorator$ObservationFilter.wrapFilter(ObservationFilterChainDecorator.java:243) ~[na:na]
	at org.springframework.security.web.ObservationFilterChainDecorator$ObservationFilter.doFilter(ObservationFilterChainDecorator.java:230) ~[na:na]
	at org.springframework.security.web.ObservationFilterChainDecorator$VirtualFilterChain.doFilter(ObservationFilterChainDecorator.java:140) ~[na:na]
	at org.springframework.web.filter.OncePerRequestFilter.doFilter(OncePerRequestFilter.java:101) ~[uy.ct.shortener.ShortenerApplicationKt:na]
	at org.springframework.security.web.ObservationFilterChainDecorator$ObservationFilter.wrapFilter(ObservationFilterChainDecorator.java:243) ~[na:na]
	at org.springframework.security.web.ObservationFilterChainDecorator$ObservationFilter.doFilter(ObservationFilterChainDecorator.java:230) ~[na:na]
	at org.springframework.security.web.ObservationFilterChainDecorator$VirtualFilterChain.doFilter(ObservationFilterChainDecorator.java:140) ~[na:na]
	at org.springframework.security.web.context.SecurityContextHolderFilter.doFilter(SecurityContextHolderFilter.java:82) ~[na:na]
	at org.springframework.security.web.context.SecurityContextHolderFilter.doFilter(SecurityContextHolderFilter.java:69) ~[na:na]
	at org.springframework.security.web.ObservationFilterChainDecorator$ObservationFilter.wrapFilter(ObservationFilterChainDecorator.java:243) ~[na:na]
	at org.springframework.security.web.ObservationFilterChainDecorator$ObservationFilter.doFilter(ObservationFilterChainDecorator.java:230) ~[na:na]
	at org.springframework.security.web.ObservationFilterChainDecorator$VirtualFilterChain.doFilter(ObservationFilterChainDecorator.java:140) ~[na:na]
	at org.springframework.web.filter.OncePerRequestFilter.doFilter(OncePerRequestFilter.java:101) ~[uy.ct.shortener.ShortenerApplicationKt:na]
	at org.springframework.security.web.ObservationFilterChainDecorator$ObservationFilter.wrapFilter(ObservationFilterChainDecorator.java:243) ~[na:na]
	at org.springframework.security.web.ObservationFilterChainDecorator$ObservationFilter.doFilter(ObservationFilterChainDecorator.java:230) ~[na:na]
	at org.springframework.security.web.ObservationFilterChainDecorator$VirtualFilterChain.doFilter(ObservationFilterChainDecorator.java:140) ~[na:na]
	at org.springframework.web.filter.OncePerRequestFilter.doFilter(OncePerRequestFilter.java:101) ~[uy.ct.shortener.ShortenerApplicationKt:na]
	at org.springframework.security.web.ObservationFilterChainDecorator$ObservationFilter.wrapFilter(ObservationFilterChainDecorator.java:243) ~[na:na]
	at org.springframework.security.web.ObservationFilterChainDecorator$AroundFilterObservation$SimpleAroundFilterObservation.lambda$wrap$0(ObservationFilterChainDecorator.java:336) ~[na:na]
	at org.springframework.security.web.ObservationFilterChainDecorator$ObservationFilter.doFilter(ObservationFilterChainDecorator.java:227) ~[na:na]
	at org.springframework.security.web.ObservationFilterChainDecorator$VirtualFilterChain.doFilter(ObservationFilterChainDecorator.java:140) ~[na:na]
	at org.springframework.security.web.FilterChainProxy.doFilterInternal(FilterChainProxy.java:237) ~[uy.ct.shortener.ShortenerApplicationKt:7.1.1]
	at org.springframework.security.web.FilterChainProxy.doFilter(FilterChainProxy.java:195) ~[uy.ct.shortener.ShortenerApplicationKt:7.1.1]
	at org.springframework.web.filter.CompositeFilter$VirtualFilterChain.doFilter(CompositeFilter.java:113) ~[na:na]
	at org.springframework.web.filter.ServletRequestPathFilter.doFilter(ServletRequestPathFilter.java:52) ~[uy.ct.shortener.ShortenerApplicationKt:na]
	at org.springframework.web.filter.CompositeFilter$VirtualFilterChain.doFilter(CompositeFilter.java:113) ~[na:na]
	at org.springframework.web.filter.CompositeFilter.doFilter(CompositeFilter.java:74) ~[na:na]
	at org.springframework.security.config.annotation.web.configuration.WebSecurityConfiguration$CompositeFilterChainProxy.doFilter(WebSecurityConfiguration.java:317) ~[uy.ct.shortener.ShortenerApplicationKt:na]
	at org.springframework.web.filter.CompositeFilter$VirtualFilterChain.doFilter(CompositeFilter.java:113) ~[na:na]
	at org.springframework.web.filter.ServletRequestPathFilter.doFilter(ServletRequestPathFilter.java:52) ~[uy.ct.shortener.ShortenerApplicationKt:na]
	at org.springframework.web.filter.CompositeFilter$VirtualFilterChain.doFilter(CompositeFilter.java:113) ~[na:na]
	at org.springframework.web.filter.CompositeFilter.doFilter(CompositeFilter.java:74) ~[na:na]
	at org.springframework.security.config.annotation.web.configuration.WebSecurityConfiguration$CompositeFilterChainProxy.doFilter(WebSecurityConfiguration.java:317) ~[uy.ct.shortener.ShortenerApplicationKt:na]
	at org.springframework.web.filter.DelegatingFilterProxy.invokeDelegate(DelegatingFilterProxy.java:355) ~[uy.ct.shortener.ShortenerApplicationKt:na]
	at org.springframework.web.filter.DelegatingFilterProxy.doFilter(DelegatingFilterProxy.java:272) ~[uy.ct.shortener.ShortenerApplicationKt:na]
	at org.apache.catalina.core.ApplicationFilterChain.doFilter(ApplicationFilterChain.java:111) ~[na:na]
	at org.springframework.web.filter.RequestContextFilter.doFilterInternal(RequestContextFilter.java:100) ~[uy.ct.shortener.ShortenerApplicationKt:na]
	at org.springframework.web.filter.OncePerRequestFilter.doFilter(OncePerRequestFilter.java:116) ~[uy.ct.shortener.ShortenerApplicationKt:na]
	at org.apache.catalina.core.ApplicationFilterChain.doFilter(ApplicationFilterChain.java:111) ~[na:na]
	at org.springframework.web.filter.OncePerRequestFilter.doFilter(OncePerRequestFilter.java:101) ~[uy.ct.shortener.ShortenerApplicationKt:na]
	at org.apache.catalina.core.ApplicationFilterChain.doFilter(ApplicationFilterChain.java:111) ~[na:na]
	at org.springframework.web.filter.OncePerRequestFilter.doFilter(OncePerRequestFilter.java:101) ~[uy.ct.shortener.ShortenerApplicationKt:na]
	at org.apache.catalina.core.ApplicationFilterChain.doFilter(ApplicationFilterChain.java:111) ~[na:na]
	at org.apache.catalina.core.ApplicationDispatcher.invoke(ApplicationDispatcher.java:512) ~[na:na]
	at org.apache.catalina.core.ApplicationDispatcher.processRequest(ApplicationDispatcher.java:337) ~[na:na]
	at org.apache.catalina.core.ApplicationDispatcher.forward(ApplicationDispatcher.java:264) ~[na:na]
	at org.apache.catalina.core.StandardHostValve.custom(StandardHostValve.java:379) ~[na:na]
	at org.apache.catalina.core.StandardHostValve.status(StandardHostValve.java:209) ~[na:na]
	at org.apache.catalina.core.StandardHostValve.throwable(StandardHostValve.java:286) ~[na:na]
	at org.apache.catalina.core.StandardHostValve.invoke(StandardHostValve.java:149) ~[na:na]
	at org.apache.catalina.valves.ErrorReportValve.invoke(ErrorReportValve.java:86) ~[uy.ct.shortener.ShortenerApplicationKt:11.0.24]
	at org.apache.catalina.core.StandardEngineValve.invoke(StandardEngineValve.java:71) ~[na:na]
	at org.apache.catalina.valves.RemoteIpValve.invoke(RemoteIpValve.java:725) ~[na:na]
	at org.apache.catalina.connector.CoyoteAdapter.service(CoyoteAdapter.java:347) ~[na:na]
	at org.apache.coyote.http11.Http11Processor.service(Http11Processor.java:406) ~[na:na]
	at org.apache.coyote.AbstractProcessorLight.process(AbstractProcessorLight.java:71) ~[uy.ct.shortener.ShortenerApplicationKt:11.0.24]
	at org.apache.coyote.AbstractProtocol$ConnectionHandler.process(AbstractProtocol.java:1307) ~[uy.ct.shortener.ShortenerApplicationKt:11.0.24]
	at org.apache.tomcat.util.net.NioEndpoint$SocketProcessor.doRun(NioEndpoint.java:2036) ~[uy.ct.shortener.ShortenerApplicationKt:11.0.24]
	at org.apache.tomcat.util.net.SocketProcessorBase.run(SocketProcessorBase.java:74) ~[uy.ct.shortener.ShortenerApplicationKt:11.0.24]
	at java.base@25.0.4.1/java.lang.Thread.runWith(Thread.java:1487) ~[uy.ct.shortener.ShortenerApplicationKt:na]
	at java.base@25.0.4.1/java.lang.VirtualThread.run(VirtualThread.java:460) ~[uy.ct.shortener.ShortenerApplicationKt:na]
	at java.base@25.0.4.1/java.lang.VirtualThread$VThreadContinuation$1.run(VirtualThread.java:252) ~[na:na]
Caused by: java.lang.OutOfMemoryError: Garbage-collected heap size exceeded. Consider increasing the maximum Java heap size, for example with '-Xmx'.

2026-10-04T01:32:57.706Z ERROR 1 --- [shortener] [-handler-158689] o.a.c.c.C.[.[.[/].[dispatcherServlet]    : Servlet.service() for servlet [dispatcherServlet] in context with path [] threw exception [Handler dispatch failed: java.lang.OutOfMemoryError: Garbage-collected heap size exceeded. Consider increasing the maximum Java heap size, for example with '-Xmx'.] with root cause

java.lang.OutOfMemoryError: Garbage-collected heap size exceeded. Consider increasing the maximum Java heap size, for example with '-Xmx'.

2026-10-04T01:32:57.706Z ERROR 1 --- [shortener] [-handler-158690] o.a.c.c.C.[.[.[/].[dispatcherServlet]    : Servlet.service() for servlet [dispatcherServlet] in context with path [] threw exception [Handler dispatch failed: java.lang.OutOfMemoryError: Garbage-collected heap size exceeded. Consider increasing the maximum Java heap size, for example with '-Xmx'.] with root cause

java.lang.OutOfMemoryError: Garbage-collected heap size exceeded. Consider increasing the maximum Java heap size, for example with '-Xmx'.

2026-10-04T01:32:57.707Z ERROR 1 --- [shortener] [-handler-158692] o.a.c.c.C.[.[.[/].[dispatcherServlet]    : Servlet.service() for servlet [dispatcherServlet] in context with path [] threw exception [Handler dispatch failed: java.lang.OutOfMemoryError: Garbage-collected heap size exceeded. Consider increasing the maximum Java heap size, for example with '-Xmx'.] with root cause

java.lang.OutOfMemoryError: Garbage-collected heap size exceeded. Consider increasing the maximum Java heap size, for example with '-Xmx'.

2026-10-04T01:32:57.708Z ERROR 1 --- [shortener] [-handler-158693] o.a.c.c.C.[.[.[/].[dispatcherServlet]    : Servlet.service() for servlet [dispatcherServlet] in context with path [] threw exception [Handler dispatch failed: java.lang.OutOfMemoryError: Garbage-collected heap size exceeded. Consider increasing the maximum Java heap size, for example with '-Xmx'.] with root cause

java.lang.OutOfMemoryError: Garbage-collected heap size exceeded. Consider increasing the maximum Java heap size, for example with '-Xmx'.

2026-10-04T01:32:57.708Z ERROR 1 --- [shortener] [-handler-158694] o.a.c.c.C.[.[.[/].[dispatcherServlet]    : Servlet.service() for servlet [dispatcherServlet] in context with path [] threw exception [Handler dispatch failed: java.lang.OutOfMemoryError: Garbage-collected heap size exceeded. Consider increasing the maximum Java heap size, for example with '-Xmx'.] with root cause

java.lang.OutOfMemoryError: Garbage-collected heap size exceeded. Consider increasing the maximum Java heap size, for example with '-Xmx'.

2026-10-04T01:32:57.709Z ERROR 1 --- [shortener] [-handler-161648] o.a.c.c.C.[.[.[/].[dispatcherServlet]    : Servlet.service() for servlet [dispatcherServlet] in context with path [] threw exception [Handler dispatch failed: java.lang.OutOfMemoryError: Garbage-collected heap size exceeded. Consider increasing the maximum Java heap size, for example with '-Xmx'.] with root cause

java.lang.OutOfMemoryError: Garbage-collected heap size exceeded. Consider increasing the maximum Java heap size, for example with '-Xmx'.

2026-10-04T01:32:57.709Z ERROR 1 --- [shortener] [-handler-158695] o.a.c.c.C.[.[.[/].[dispatcherServlet]    : Servlet.service() for servlet [dispatcherServlet] in context with path [] threw exception [Handler dispatch failed: java.lang.OutOfMemoryError: Garbage-collected heap size exceeded. Consider increasing the maximum Java heap size, for example with '-Xmx'.] with root cause

java.lang.OutOfMemoryError: Garbage-collected heap size exceeded. Consider increasing the maximum Java heap size, for example with '-Xmx'.

2026-10-04T01:32:57.710Z ERROR 1 --- [shortener] [-handler-158696] o.a.c.c.C.[.[.[/].[dispatcherServlet]    : Servlet.service() for servlet [dispatcherServlet] in context with path [] threw exception [Handler dispatch failed: java.lang.OutOfMemoryError: Garbage-collected heap size exceeded. Consider increasing the maximum Java heap size, for example with '-Xmx'.] with root cause

java.lang.OutOfMemoryError: Garbage-collected heap size exceeded. Consider increasing the maximum Java heap size, for example with '-Xmx'.

2026-10-04T01:32:57.710Z ERROR 1 --- [shortener] [-handler-161650] o.a.c.c.C.[.[.[/].[dispatcherServlet]    : Servlet.service() for servlet [dispatcherServlet] in context with path [] threw exception [Handler dispatch failed: java.lang.OutOfMemoryError: Garbage-collected heap size exceeded. Consider increasing the maximum Java heap size, for example with '-Xmx'.] with root cause

java.lang.OutOfMemoryError: Garbage-collected heap size exceeded. Consider increasing the maximum Java heap size, for example with '-Xmx'.

2026-10-04T01:32:57.710Z ERROR 1 --- [shortener] [-handler-161649] o.a.c.c.C.[.[.[/].[dispatcherServlet]    : Servlet.service() for servlet [dispatcherServlet] in context with path [] threw exception [Handler dispatch failed: java.lang.OutOfMemoryError: Garbage-collected heap size exceeded. Consider increasing the maximum Java heap size, for example with '-Xmx'.] with root cause

java.lang.OutOfMemoryError: Garbage-collected heap size exceeded. Consider increasing the maximum Java heap size, for example with '-Xmx'.

2026-10-04T01:32:57.711Z ERROR 1 --- [shortener] [-handler-161651] o.a.c.c.C.[.[.[/].[dispatcherServlet]    : Servlet.service() for servlet [dispatcherServlet] in context with path [] threw exception [Handler dispatch failed: java.lang.OutOfMemoryError: Garbage-collected heap size exceeded. Consider increasing the maximum Java heap size, for example with '-Xmx'.] with root cause

java.lang.OutOfMemoryError: Garbage-collected heap size exceeded. Consider increasing the maximum Java heap size, for example with '-Xmx'.

2026-10-04T01:32:57.711Z ERROR 1 --- [shortener] [-handler-158697] o.a.c.c.C.[.[.[/].[dispatcherServlet]    : Servlet.service() for servlet [dispatcherServlet] in context with path [] threw exception [Handler dispatch failed: java.lang.OutOfMemoryError: Garbage-collected heap size exceeded. Consider increasing the maximum Java heap size, for example with '-Xmx'.] with root cause

java.lang.OutOfMemoryError: Garbage-collected heap size exceeded. Consider increasing the maximum Java heap size, for example with '-Xmx'.

2026-10-04T01:32:57.711Z ERROR 1 --- [shortener] [-handler-161652] o.a.c.c.C.[.[.[/].[dispatcherServlet]    : Servlet.service() for servlet [dispatcherServlet] in context with path [] threw exception [Handler dispatch failed: java.lang.OutOfMemoryError: Garbage-collected heap size exceeded. Consider increasing the maximum Java heap size, for example with '-Xmx'.] with root cause

java.lang.OutOfMemoryError: Garbage-collected heap size exceeded. Consider increasing the maximum Java heap size, for example with '-Xmx'.

2026-10-04T01:32:57.712Z ERROR 1 --- [shortener] [-handler-158698] o.a.c.c.C.[.[.[/].[dispatcherServlet]    : Servlet.service() for servlet [dispatcherServlet] in context with path [] threw exception [Handler dispatch failed: java.lang.OutOfMemoryError: Garbage-collected heap size exceeded. Consider increasing the maximum Java heap size, for example with '-Xmx'.] with root cause

java.lang.OutOfMemoryError: Garbage-collected heap size exceeded. Consider increasing the maximum Java heap size, for example with '-Xmx'.

2026-10-04T01:32:57.712Z ERROR 1 --- [shortener] [-handler-161653] o.a.c.c.C.[.[.[/].[dispatcherServlet]    : Servlet.service() for servlet [dispatcherServlet] in context with path [] threw exception [Handler dispatch failed: java.lang.OutOfMemoryError: Garbage-collected heap size exceeded. Consider increasing the maximum Java heap size, for example with '-Xmx'.] with root cause

java.lang.OutOfMemoryError: Garbage-collected heap size exceeded. Consider increasing the maximum Java heap size, for example with '-Xmx'.

2026-10-04T01:32:57.712Z ERROR 1 --- [shortener] [-handler-158699] o.a.c.c.C.[.[.[/].[dispatcherServlet]    : Servlet.service() for servlet [dispatcherServlet] in context with path [] threw exception [Handler dispatch failed: java.lang.OutOfMemoryError: Garbage-collected heap size exceeded. Consider increasing the maximum Java heap size, for example with '-Xmx'.] with root cause

java.lang.OutOfMemoryError: Garbage-collected heap size exceeded. Consider increasing the maximum Java heap size, for example with '-Xmx'.

2026-10-04T01:32:57.712Z ERROR 1 --- [shortener] [-handler-161654] o.a.c.c.C.[.[.[/].[dispatcherServlet]    : Servlet.service() for servlet [dispatcherServlet] in context with path [] threw exception [Handler dispatch failed: java.lang.OutOfMemoryError: Garbage-collected heap size exceeded. Consider increasing the maximum Java heap size, for example with '-Xmx'.] with root cause

java.lang.OutOfMemoryError: Garbage-collected heap size exceeded. Consider increasing the maximum Java heap size, for example with '-Xmx'.

2026-10-04T01:33:00.176Z ERROR 1 --- [shortener] [-handler-161654] o.a.coyote.http11.Http11NioProtocol      : Failed to complete processing of a request

java.lang.OutOfMemoryError: Garbage-collected heap size exceeded. Consider increasing the maximum Java heap size, for example with '-Xmx'.

2026-10-04T01:33:00.186Z ERROR 1 --- [shortener] [-handler-161655] o.a.c.c.C.[.[.[/].[dispatcherServlet]    : Servlet.service() for servlet [dispatcherServlet] in context with path [] threw exception [Handler dispatch failed: java.lang.OutOfMemoryError: Garbage-collected heap size exceeded. Consider increasing the maximum Java heap size, for example with '-Xmx'.] with root cause

java.lang.OutOfMemoryError: Garbage-collected heap size exceeded. Consider increasing the maximum Java heap size, for example with '-Xmx'.

2026-10-04T01:33:00.188Z ERROR 1 --- [shortener] [-handler-158626] o.a.c.c.C.[.[.[/].[dispatcherServlet]    : Servlet.service() for servlet [dispatcherServlet] in context with path [] threw exception [Handler dispatch failed: java.lang.OutOfMemoryError: Garbage-collected heap size exceeded. Consider increasing the maximum Java heap size, for example with '-Xmx'.] with root cause

java.lang.OutOfMemoryError: Garbage-collected heap size exceeded. Consider increasing the maximum Java heap size, for example with '-Xmx'.

2026-10-04T01:33:00.189Z ERROR 1 --- [shortener] [-handler-158629] o.a.c.c.C.[.[.[/].[dispatcherServlet]    : Servlet.service() for servlet [dispatcherServlet] in context with path [] threw exception [Handler dispatch failed: java.lang.OutOfMemoryError: Garbage-collected heap size exceeded. Consider increasing the maximum Java heap size, for example with '-Xmx'.] with root cause

java.lang.OutOfMemoryError: Garbage-collected heap size exceeded. Consider increasing the maximum Java heap size, for example with '-Xmx'.

2026-10-04T01:33:00.189Z ERROR 1 --- [shortener] [-handler-158631] o.a.c.c.C.[.[.[/].[dispatcherServlet]    : Servlet.service() for servlet [dispatcherServlet] in context with path [] threw exception [Handler dispatch failed: java.lang.OutOfMemoryError: Garbage-collected heap size exceeded. Consider increasing the maximum Java heap size, for example with '-Xmx'.] with root cause

java.lang.OutOfMemoryError: Garbage-collected heap size exceeded. Consider increasing the maximum Java heap size, for example with '-Xmx'.

2026-10-04T01:33:00.190Z ERROR 1 --- [shortener] [-handler-158632] o.a.c.c.C.[.[.[/].[dispatcherServlet]    : Servlet.service() for servlet [dispatcherServlet] in context with path [] threw exception [Handler dispatch failed: java.lang.OutOfMemoryError: Garbage-collected heap size exceeded. Consider increasing the maximum Java heap size, for example with '-Xmx'.] with root cause

java.lang.OutOfMemoryError: Garbage-collected heap size exceeded. Consider increasing the maximum Java heap size, for example with '-Xmx'.

2026-10-04T01:33:00.191Z ERROR 1 --- [shortener] [-handler-158634] o.a.c.c.C.[.[.[/].[dispatcherServlet]    : Servlet.service() for servlet [dispatcherServlet] in context with path [] threw exception [Handler dispatch failed: java.lang.OutOfMemoryError: Garbage-collected heap size exceeded. Consider increasing the maximum Java heap size, for example with '-Xmx'.] with root cause

java.lang.OutOfMemoryError: Garbage-collected heap size exceeded. Consider increasing the maximum Java heap size, for example with '-Xmx'.

2026-10-04T01:33:00.191Z ERROR 1 --- [shortener] [-handler-158627] o.a.c.c.C.[.[.[/].[dispatcherServlet]    : Servlet.service() for servlet [dispatcherServlet] in context with path [] threw exception [Handler dispatch failed: java.lang.OutOfMemoryError: Garbage-collected heap size exceeded. Consider increasing the maximum Java heap size, for example with '-Xmx'.] with root cause

java.lang.OutOfMemoryError: Garbage-collected heap size exceeded. Consider increasing the maximum Java heap size, for example with '-Xmx'.

2026-10-04T01:33:00.191Z ERROR 1 --- [shortener] [-handler-158628] o.a.c.c.C.[.[.[/].[dispatcherServlet]    : Servlet.service() for servlet [dispatcherServlet] in context with path [] threw exception [Handler dispatch failed: java.lang.OutOfMemoryError: Garbage-collected heap size exceeded. Consider increasing the maximum Java heap size, for example with '-Xmx'.] with root cause

java.lang.OutOfMemoryError: Garbage-collected heap size exceeded. Consider increasing the maximum Java heap size, for example with '-Xmx'.

2026-10-04T01:33:00.192Z ERROR 1 --- [shortener] [-handler-158630] o.a.c.c.C.[.[.[/].[dispatcherServlet]    : Servlet.service() for servlet [dispatcherServlet] in context with path [] threw exception [Handler dispatch failed: java.lang.OutOfMemoryError: Garbage-collected heap size exceeded. Consider increasing the maximum Java heap size, for example with '-Xmx'.] with root cause

java.lang.OutOfMemoryError: Garbage-collected heap size exceeded. Consider increasing the maximum Java heap size, for example with '-Xmx'.

2026-10-04T01:33:00.192Z ERROR 1 --- [shortener] [-handler-158701] o.a.c.c.C.[.[.[/].[dispatcherServlet]    : Servlet.service() for servlet [dispatcherServlet] in context with path [] threw exception [Handler dispatch failed: java.lang.OutOfMemoryError: Garbage-collected heap size exceeded. Consider increasing the maximum Java heap size, for example with '-Xmx'.] with root cause

java.lang.OutOfMemoryError: Garbage-collected heap size exceeded. Consider increasing the maximum Java heap size, for example with '-Xmx'.

2026-10-04T01:33:00.193Z ERROR 1 --- [shortener] [-handler-158633] o.a.c.c.C.[.[.[/].[dispatcherServlet]    : Servlet.service() for servlet [dispatcherServlet] in context with path [] threw exception [Handler dispatch failed: java.lang.OutOfMemoryError: Garbage-collected heap size exceeded. Consider increasing the maximum Java heap size, for example with '-Xmx'.] with root cause

java.lang.OutOfMemoryError: Garbage-collected heap size exceeded. Consider increasing the maximum Java heap size, for example with '-Xmx'.

2026-10-04T01:33:00.193Z ERROR 1 --- [shortener] [-handler-158635] o.a.c.c.C.[.[.[/].[dispatcherServlet]    : Servlet.service() for servlet [dispatcherServlet] in context with path [] threw exception [Handler dispatch failed: java.lang.OutOfMemoryError: Garbage-collected heap size exceeded. Consider increasing the maximum Java heap size, for example with '-Xmx'.] with root cause

java.lang.OutOfMemoryError: Garbage-collected heap size exceeded. Consider increasing the maximum Java heap size, for example with '-Xmx'.

2026-10-04T01:33:00.194Z ERROR 1 --- [shortener] [-handler-158700] o.a.c.c.C.[.[.[/].[dispatcherServlet]    : Servlet.service() for servlet [dispatcherServlet] in context with path [] threw exception [Handler dispatch failed: java.lang.OutOfMemoryError: Garbage-collected heap size exceeded. Consider increasing the maximum Java heap size, for example with '-Xmx'.] with root cause

java.lang.OutOfMemoryError: Garbage-collected heap size exceeded. Consider increasing the maximum Java heap size, for example with '-Xmx'.

2026-10-04T01:33:00.194Z ERROR 1 --- [shortener] [-handler-158637] o.a.c.c.C.[.[.[/].[dispatcherServlet]    : Servlet.service() for servlet [dispatcherServlet] in context with path [] threw exception [Handler dispatch failed: java.lang.OutOfMemoryError: Garbage-collected heap size exceeded. Consider increasing the maximum Java heap size, for example with '-Xmx'.] with root cause

java.lang.OutOfMemoryError: Garbage-collected heap size exceeded. Consider increasing the maximum Java heap size, for example with '-Xmx'.

2026-10-04T01:33:00.195Z ERROR 1 --- [shortener] [-handler-158702] o.a.c.c.C.[.[.[/].[dispatcherServlet]    : Servlet.service() for servlet [dispatcherServlet] in context with path [] threw exception [Handler dispatch failed: java.lang.OutOfMemoryError: Garbage-collected heap size exceeded. Consider increasing the maximum Java heap size, for example with '-Xmx'.] with root cause

java.lang.OutOfMemoryError: Garbage-collected heap size exceeded. Consider increasing the maximum Java heap size, for example with '-Xmx'.

2026-10-04T01:33:00.195Z ERROR 1 --- [shortener] [-handler-158638] o.a.c.c.C.[.[.[/].[dispatcherServlet]    : Servlet.service() for servlet [dispatcherServlet] in context with path [] threw exception [Handler dispatch failed: java.lang.OutOfMemoryError: Garbage-collected heap size exceeded. Consider increasing the maximum Java heap size, for example with '-Xmx'.] with root cause

java.lang.OutOfMemoryError: Garbage-collected heap size exceeded. Consider increasing the maximum Java heap size, for example with '-Xmx'.

2026-10-04T01:33:00.195Z ERROR 1 --- [shortener] [-handler-158703] o.a.c.c.C.[.[.[/].[dispatcherServlet]    : Servlet.service() for servlet [dispatcherServlet] in context with path [] threw exception [Handler dispatch failed: java.lang.OutOfMemoryError: Garbage-collected heap size exceeded. Consider increasing the maximum Java heap size, for example with '-Xmx'.] with root cause

java.lang.OutOfMemoryError: Garbage-collected heap size exceeded. Consider increasing the maximum Java heap size, for example with '-Xmx'.

2026-10-04T01:33:00.195Z ERROR 1 --- [shortener] [-handler-158640] o.a.c.c.C.[.[.[/].[dispatcherServlet]    : Servlet.service() for servlet [dispatcherServlet] in context with path [] threw exception [Handler dispatch failed: java.lang.OutOfMemoryError: Garbage-collected heap size exceeded. Consider increasing the maximum Java heap size, for example with '-Xmx'.] with root cause

java.lang.OutOfMemoryError: Garbage-collected heap size exceeded. Consider increasing the maximum Java heap size, for example with '-Xmx'.

2026-10-04T01:33:00.195Z ERROR 1 --- [shortener] [-handler-158636] o.a.c.c.C.[.[.[/].[dispatcherServlet]    : Servlet.service() for servlet [dispatcherServlet] in context with path [] threw exception [Handler dispatch failed: java.lang.OutOfMemoryError: Garbage-collected heap size exceeded. Consider increasing the maximum Java heap size, for example with '-Xmx'.] with root cause

java.lang.OutOfMemoryError: Garbage-collected heap size exceeded. Consider increasing the maximum Java heap size, for example with '-Xmx'.

2026-10-04T01:33:00.196Z ERROR 1 --- [shortener] [-handler-158639] o.a.c.c.C.[.[.[/].[dispatcherServlet]    : Servlet.service() for servlet [dispatcherServlet] in context with path [] threw exception [Handler dispatch failed: java.lang.OutOfMemoryError: Garbage-collected heap size exceeded. Consider increasing the maximum Java heap size, for example with '-Xmx'.] with root cause

java.lang.OutOfMemoryError: Garbage-collected heap size exceeded. Consider increasing the maximum Java heap size, for example with '-Xmx'.

2026-10-04T01:33:00.197Z ERROR 1 --- [shortener] [-handler-158705] o.a.c.c.C.[.[.[/].[dispatcherServlet]    : Servlet.service() for servlet [dispatcherServlet] in context with path [] threw exception [Handler dispatch failed: java.lang.OutOfMemoryError: Garbage-collected heap size exceeded. Consider increasing the maximum Java heap size, for example with '-Xmx'.] with root cause

java.lang.OutOfMemoryError: Garbage-collected heap size exceeded. Consider increasing the maximum Java heap size, for example with '-Xmx'.

2026-10-04T01:33:00.197Z ERROR 1 --- [shortener] [-handler-158641] o.a.c.c.C.[.[.[/].[dispatcherServlet]    : Servlet.service() for servlet [dispatcherServlet] in context with path [] threw exception [Handler dispatch failed: java.lang.OutOfMemoryError: Garbage-collected heap size exceeded. Consider increasing the maximum Java heap size, for example with '-Xmx'.] with root cause

java.lang.OutOfMemoryError: Garbage-collected heap size exceeded. Consider increasing the maximum Java heap size, for example with '-Xmx'.

2026-10-04T01:33:00.197Z ERROR 1 --- [shortener] [-handler-158642] o.a.c.c.C.[.[.[/].[dispatcherServlet]    : Servlet.service() for servlet [dispatcherServlet] in context with path [] threw exception [Handler dispatch failed: java.lang.OutOfMemoryError: Garbage-collected heap size exceeded. Consider increasing the maximum Java heap size, for example with '-Xmx'.] with root cause

java.lang.OutOfMemoryError: Garbage-collected heap size exceeded. Consider increasing the maximum Java heap size, for example with '-Xmx'.

2026-10-04T01:33:00.197Z ERROR 1 --- [shortener] [-handler-158706] o.a.c.c.C.[.[.[/].[dispatcherServlet]    : Servlet.service() for servlet [dispatcherServlet] in context with path [] threw exception [Handler dispatch failed: java.lang.OutOfMemoryError: Garbage-collected heap size exceeded. Consider increasing the maximum Java heap size, for example with '-Xmx'.] with root cause

java.lang.OutOfMemoryError: Garbage-collected heap size exceeded. Consider increasing the maximum Java heap size, for example with '-Xmx'.

2026-10-04T01:33:01.464Z ERROR 1 --- [shortener] [-handler-158643] o.a.c.c.C.[.[.[/].[dispatcherServlet]    : Servlet.service() for servlet [dispatcherServlet] in context with path [] threw exception [Handler dispatch failed: java.lang.OutOfMemoryError: Garbage-collected heap size exceeded. Consider increasing the maximum Java heap size, for example with '-Xmx'.] with root cause

java.lang.OutOfMemoryError: Garbage-collected heap size exceeded. Consider increasing the maximum Java heap size, for example with '-Xmx'.

2026-10-04T01:33:01.469Z ERROR 1 --- [shortener] [-handler-158645] o.a.c.c.C.[.[.[/].[dispatcherServlet]    : Servlet.service() for servlet [dispatcherServlet] in context with path [] threw exception [Handler dispatch failed: java.lang.OutOfMemoryError: Garbage-collected heap size exceeded. Consider increasing the maximum Java heap size, for example with '-Xmx'.] with root cause

java.lang.OutOfMemoryError: Garbage-collected heap size exceeded. Consider increasing the maximum Java heap size, for example with '-Xmx'.

2026-10-04T01:33:01.470Z ERROR 1 --- [shortener] [-handler-158644] o.a.c.c.C.[.[.[/].[dispatcherServlet]    : Servlet.service() for servlet [dispatcherServlet] in context with path [] threw exception [Handler dispatch failed: java.lang.OutOfMemoryError: Garbage-collected heap size exceeded. Consider increasing the maximum Java heap size, for example with '-Xmx'.] with root cause

java.lang.OutOfMemoryError: Garbage-collected heap size exceeded. Consider increasing the maximum Java heap size, for example with '-Xmx'.

2026-10-04T01:33:01.470Z ERROR 1 --- [shortener] [-handler-158646] o.a.c.c.C.[.[.[/].[dispatcherServlet]    : Servlet.service() for servlet [dispatcherServlet] in context with path [] threw exception [Handler dispatch failed: java.lang.OutOfMemoryError: Garbage-collected heap size exceeded. Consider increasing the maximum Java heap size, for example with '-Xmx'.] with root cause

java.lang.OutOfMemoryError: Garbage-collected heap size exceeded. Consider increasing the maximum Java heap size, for example with '-Xmx'.

2026-10-04T01:33:01.471Z ERROR 1 --- [shortener] [-handler-158648] o.a.c.c.C.[.[.[/].[dispatcherServlet]    : Servlet.service() for servlet [dispatcherServlet] in context with path [] threw exception [Handler dispatch failed: java.lang.OutOfMemoryError: Garbage-collected heap size exceeded. Consider increasing the maximum Java heap size, for example with '-Xmx'.] with root cause

java.lang.OutOfMemoryError: Garbage-collected heap size exceeded. Consider increasing the maximum Java heap size, for example with '-Xmx'.

2026-10-04T01:33:01.471Z ERROR 1 --- [shortener] [-handler-158647] o.a.c.c.C.[.[.[/].[dispatcherServlet]    : Servlet.service() for servlet [dispatcherServlet] in context with path [] threw exception [Handler dispatch failed: java.lang.OutOfMemoryError: Garbage-collected heap size exceeded. Consider increasing the maximum Java heap size, for example with '-Xmx'.] with root cause

java.lang.OutOfMemoryError: Garbage-collected heap size exceeded. Consider increasing the maximum Java heap size, for example with '-Xmx'.

2026-10-04T01:33:01.472Z ERROR 1 --- [shortener] [-handler-158650] o.a.c.c.C.[.[.[/].[dispatcherServlet]    : Servlet.service() for servlet [dispatcherServlet] in context with path [] threw exception [Handler dispatch failed: java.lang.OutOfMemoryError: Garbage-collected heap size exceeded. Consider increasing the maximum Java heap size, for example with '-Xmx'.] with root cause

java.lang.OutOfMemoryError: Garbage-collected heap size exceeded. Consider increasing the maximum Java heap size, for example with '-Xmx'.

2026-10-04T01:33:01.472Z ERROR 1 --- [shortener] [-handler-158649] o.a.c.c.C.[.[.[/].[dispatcherServlet]    : Servlet.service() for servlet [dispatcherServlet] in context with path [] threw exception [Handler dispatch failed: java.lang.OutOfMemoryError: Garbage-collected heap size exceeded. Consider increasing the maximum Java heap size, for example with '-Xmx'.] with root cause

java.lang.OutOfMemoryError: Garbage-collected heap size exceeded. Consider increasing the maximum Java heap size, for example with '-Xmx'.

2026-10-04T01:33:01.472Z ERROR 1 --- [shortener] [-handler-158707] o.a.c.c.C.[.[.[/].[dispatcherServlet]    : Servlet.service() for servlet [dispatcherServlet] in context with path [] threw exception [Handler dispatch failed: java.lang.OutOfMemoryError: Garbage-collected heap size exceeded. Consider increasing the maximum Java heap size, for example with '-Xmx'.] with root cause

java.lang.OutOfMemoryError: Garbage-collected heap size exceeded. Consider increasing the maximum Java heap size, for example with '-Xmx'.

2026-10-04T01:33:01.473Z ERROR 1 --- [shortener] [-handler-158651] o.a.c.c.C.[.[.[/].[dispatcherServlet]    : Servlet.service() for servlet [dispatcherServlet] in context with path [] threw exception [Handler dispatch failed: java.lang.OutOfMemoryError: Garbage-collected heap size exceeded. Consider increasing the maximum Java heap size, for example with '-Xmx'.] with root cause

java.lang.OutOfMemoryError: Garbage-collected heap size exceeded. Consider increasing the maximum Java heap size, for example with '-Xmx'.

2026-10-04T01:33:01.473Z ERROR 1 --- [shortener] [-handler-158708] o.a.c.c.C.[.[.[/].[dispatcherServlet]    : Servlet.service() for servlet [dispatcherServlet] in context with path [] threw exception [Handler dispatch failed: java.lang.OutOfMemoryError: Garbage-collected heap size exceeded. Consider increasing the maximum Java heap size, for example with '-Xmx'.] with root cause

java.lang.OutOfMemoryError: Garbage-collected heap size exceeded. Consider increasing the maximum Java heap size, for example with '-Xmx'.

2026-10-04T01:33:01.473Z ERROR 1 --- [shortener] [-handler-158652] o.a.c.c.C.[.[.[/].[dispatcherServlet]    : Servlet.service() for servlet [dispatcherServlet] in context with path [] threw exception [Handler dispatch failed: java.lang.OutOfMemoryError: Garbage-collected heap size exceeded. Consider increasing the maximum Java heap size, for example with '-Xmx'.] with root cause

java.lang.OutOfMemoryError: Garbage-collected heap size exceeded. Consider increasing the maximum Java heap size, for example with '-Xmx'.

2026-10-04T01:33:01.474Z ERROR 1 --- [shortener] [-handler-158704] o.a.c.c.C.[.[.[/].[dispatcherServlet]    : Servlet.service() for servlet [dispatcherServlet] in context with path [] threw exception [Handler dispatch failed: java.lang.OutOfMemoryError: Garbage-collected heap size exceeded. Consider increasing the maximum Java heap size, for example with '-Xmx'.] with root cause

java.lang.OutOfMemoryError: Garbage-collected heap size exceeded. Consider increasing the maximum Java heap size, for example with '-Xmx'.

2026-10-04T01:33:01.474Z ERROR 1 --- [shortener] [-handler-158653] o.a.c.c.C.[.[.[/].[dispatcherServlet]    : Servlet.service() for servlet [dispatcherServlet] in context with path [] threw exception [Handler dispatch failed: java.lang.OutOfMemoryError: Garbage-collected heap size exceeded. Consider increasing the maximum Java heap size, for example with '-Xmx'.] with root cause

java.lang.OutOfMemoryError: Garbage-collected heap size exceeded. Consider increasing the maximum Java heap size, for example with '-Xmx'.

2026-10-04T01:33:01.475Z ERROR 1 --- [shortener] [-handler-158654] o.a.c.c.C.[.[.[/].[dispatcherServlet]    : Servlet.service() for servlet [dispatcherServlet] in context with path [] threw exception [Handler dispatch failed: java.lang.OutOfMemoryError: Garbage-collected heap size exceeded. Consider increasing the maximum Java heap size, for example with '-Xmx'.] with root cause

java.lang.OutOfMemoryError: Garbage-collected heap size exceeded. Consider increasing the maximum Java heap size, for example with '-Xmx'.

2026-10-04T01:33:01.475Z ERROR 1 --- [shortener] [-handler-158711] o.a.c.c.C.[.[.[/].[dispatcherServlet]    : Servlet.service() for servlet [dispatcherServlet] in context with path [] threw exception [Handler dispatch failed: java.lang.OutOfMemoryError: Garbage-collected heap size exceeded. Consider increasing the maximum Java heap size, for example with '-Xmx'.] with root cause

java.lang.OutOfMemoryError: Garbage-collected heap size exceeded. Consider increasing the maximum Java heap size, for example with '-Xmx'.

2026-10-04T01:33:01.475Z ERROR 1 --- [shortener] [-handler-158655] o.a.c.c.C.[.[.[/].[dispatcherServlet]    : Servlet.service() for servlet [dispatcherServlet] in context with path [] threw exception [Handler dispatch failed: java.lang.OutOfMemoryError: Garbage-collected heap size exceeded. Consider increasing the maximum Java heap size, for example with '-Xmx'.] with root cause

java.lang.OutOfMemoryError: Garbage-collected heap size exceeded. Consider increasing the maximum Java heap size, for example with '-Xmx'.

2026-10-04T01:33:01.476Z ERROR 1 --- [shortener] [-handler-158712] o.a.c.c.C.[.[.[/].[dispatcherServlet]    : Servlet.service() for servlet [dispatcherServlet] in context with path [] threw exception [Handler dispatch failed: java.lang.OutOfMemoryError: Garbage-collected heap size exceeded. Consider increasing the maximum Java heap size, for example with '-Xmx'.] with root cause

java.lang.OutOfMemoryError: Garbage-collected heap size exceeded. Consider increasing the maximum Java heap size, for example with '-Xmx'.

2026-10-04T01:33:01.476Z ERROR 1 --- [shortener] [-handler-158713] o.a.c.c.C.[.[.[/].[dispatcherServlet]    : Servlet.service() for servlet [dispatcherServlet] in context with path [] threw exception [Handler dispatch failed: java.lang.OutOfMemoryError: Garbage-collected heap size exceeded. Consider increasing the maximum Java heap size, for example with '-Xmx'.] with root cause

java.lang.OutOfMemoryError: Garbage-collected heap size exceeded. Consider increasing the maximum Java heap size, for example with '-Xmx'.

2026-10-04T01:33:01.477Z ERROR 1 --- [shortener] [-handler-158709] o.a.c.c.C.[.[.[/].[dispatcherServlet]    : Servlet.service() for servlet [dispatcherServlet] in context with path [] threw exception [Handler dispatch failed: java.lang.OutOfMemoryError: Garbage-collected heap size exceeded. Consider increasing the maximum Java heap size, for example with '-Xmx'.] with root cause

java.lang.OutOfMemoryError: Garbage-collected heap size exceeded. Consider increasing the maximum Java heap size, for example with '-Xmx'.

2026-10-04T01:33:01.478Z ERROR 1 --- [shortener] [-handler-158710] o.a.c.c.C.[.[.[/].[dispatcherServlet]    : Servlet.service() for servlet [dispatcherServlet] in context with path [] threw exception [Handler dispatch failed: java.lang.OutOfMemoryError: Garbage-collected heap size exceeded. Consider increasing the maximum Java heap size, for example with '-Xmx'.] with root cause

java.lang.OutOfMemoryError: Garbage-collected heap size exceeded. Consider increasing the maximum Java heap size, for example with '-Xmx'.

2026-10-04T01:33:05.075Z ERROR 1 --- [shortener] [-handler-158715] o.a.c.c.C.[.[.[/].[dispatcherServlet]    : Servlet.service() for servlet [dispatcherServlet] in context with path [] threw exception [Handler dispatch failed: java.lang.OutOfMemoryError: Garbage-collected heap size exceeded. Consider increasing the maximum Java heap size, for example with '-Xmx'.] with root cause

java.lang.OutOfMemoryError: Garbage-collected heap size exceeded. Consider increasing the maximum Java heap size, for example with '-Xmx'.

2026-10-04T01:33:07.646Z ERROR 1 --- [shortener] [-handler-158714] o.a.c.c.C.[.[.[/].[dispatcherServlet]    : Servlet.service() for servlet [dispatcherServlet] in context with path [] threw exception [Handler dispatch failed: java.lang.OutOfMemoryError: Garbage-collected heap size exceeded. Consider increasing the maximum Java heap size, for example with '-Xmx'.] with root cause

java.lang.OutOfMemoryError: Garbage-collected heap size exceeded. Consider increasing the maximum Java heap size, for example with '-Xmx'.

2026-10-04T01:33:07.649Z ERROR 1 --- [shortener] [-handler-158716] o.a.c.c.C.[.[.[/].[dispatcherServlet]    : Servlet.service() for servlet [dispatcherServlet] in context with path [] threw exception [Handler dispatch failed: java.lang.OutOfMemoryError: Garbage-collected heap size exceeded. Consider increasing the maximum Java heap size, for example with '-Xmx'.] with root cause

java.lang.OutOfMemoryError: Garbage-collected heap size exceeded. Consider increasing the maximum Java heap size, for example with '-Xmx'.

2026-10-04T01:33:07.650Z ERROR 1 --- [shortener] [-handler-158717] o.a.c.c.C.[.[.[/].[dispatcherServlet]    : Servlet.service() for servlet [dispatcherServlet] in context with path [] threw exception [Handler dispatch failed: java.lang.OutOfMemoryError: Garbage-collected heap size exceeded. Consider increasing the maximum Java heap size, for example with '-Xmx'.] with root cause

java.lang.OutOfMemoryError: Garbage-collected heap size exceeded. Consider increasing the maximum Java heap size, for example with '-Xmx'.

2026-10-04T01:33:07.651Z ERROR 1 --- [shortener] [-handler-158720] o.a.c.c.C.[.[.[/].[dispatcherServlet]    : Servlet.service() for servlet [dispatcherServlet] in context with path [] threw exception [Handler dispatch failed: java.lang.OutOfMemoryError: Garbage-collected heap size exceeded. Consider increasing the maximum Java heap size, for example with '-Xmx'.] with root cause

java.lang.OutOfMemoryError: Garbage-collected heap size exceeded. Consider increasing the maximum Java heap size, for example with '-Xmx'.

2026-10-04T01:33:07.652Z ERROR 1 --- [shortener] [-handler-158721] o.a.c.c.C.[.[.[/].[dispatcherServlet]    : Servlet.service() for servlet [dispatcherServlet] in context with path [] threw exception [Handler dispatch failed: java.lang.OutOfMemoryError: Garbage-collected heap size exceeded. Consider increasing the maximum Java heap size, for example with '-Xmx'.] with root cause

java.lang.OutOfMemoryError: Garbage-collected heap size exceeded. Consider increasing the maximum Java heap size, for example with '-Xmx'.

2026-10-04T01:33:07.653Z ERROR 1 --- [shortener] [-handler-158718] o.a.c.c.C.[.[.[/].[dispatcherServlet]    : Servlet.service() for servlet [dispatcherServlet] in context with path [] threw exception [Handler dispatch failed: java.lang.OutOfMemoryError: Garbage-collected heap size exceeded. Consider increasing the maximum Java heap size, for example with '-Xmx'.] with root cause

java.lang.OutOfMemoryError: Garbage-collected heap size exceeded. Consider increasing the maximum Java heap size, for example with '-Xmx'.

2026-10-04T01:33:07.653Z ERROR 1 --- [shortener] [-handler-158722] o.a.c.c.C.[.[.[/].[dispatcherServlet]    : Servlet.service() for servlet [dispatcherServlet] in context with path [] threw exception [Handler dispatch failed: java.lang.OutOfMemoryError: Garbage-collected heap size exceeded. Consider increasing the maximum Java heap size, for example with '-Xmx'.] with root cause

java.lang.OutOfMemoryError: Garbage-collected heap size exceeded. Consider increasing the maximum Java heap size, for example with '-Xmx'.

2026-10-04T01:33:07.654Z ERROR 1 --- [shortener] [-handler-158719] o.a.c.c.C.[.[.[/].[dispatcherServlet]    : Servlet.service() for servlet [dispatcherServlet] in context with path [] threw exception [Handler dispatch failed: java.lang.OutOfMemoryError: Garbage-collected heap size exceeded. Consider increasing the maximum Java heap size, for example with '-Xmx'.] with root cause

java.lang.OutOfMemoryError: Garbage-collected heap size exceeded. Consider increasing the maximum Java heap size, for example with '-Xmx'.

2026-10-04T01:33:08.865Z ERROR 1 --- [shortener] [-handler-158724] o.a.c.c.C.[.[.[/].[dispatcherServlet]    : Servlet.service() for servlet [dispatcherServlet] in context with path [] threw exception [Handler dispatch failed: java.lang.OutOfMemoryError: Garbage-collected heap size exceeded. Consider increasing the maximum Java heap size, for example with '-Xmx'.] with root cause

java.lang.OutOfMemoryError: Garbage-collected heap size exceeded. Consider increasing the maximum Java heap size, for example with '-Xmx'.

2026-10-04T01:33:18.845Z ERROR 1 --- [shortener] [-handler-158723] o.a.c.c.C.[.[.[/].[dispatcherServlet]    : Servlet.service() for servlet [dispatcherServlet] in context with path [] threw exception [Handler dispatch failed: java.lang.OutOfMemoryError: Garbage-collected heap size exceeded. Consider increasing the maximum Java heap size, for example with '-Xmx'.] with root cause

java.lang.OutOfMemoryError: Garbage-collected heap size exceeded. Consider increasing the maximum Java heap size, for example with '-Xmx'.

2026-10-04T01:33:24.964Z ERROR 1 --- [shortener] [-handler-158725] o.a.c.c.C.[.[.[/].[dispatcherServlet]    : Servlet.service() for servlet [dispatcherServlet] in context with path [] threw exception [Handler dispatch failed: java.lang.OutOfMemoryError: Garbage-collected heap size exceeded. Consider increasing the maximum Java heap size, for example with '-Xmx'.] with root cause

java.lang.OutOfMemoryError: Garbage-collected heap size exceeded. Consider increasing the maximum Java heap size, for example with '-Xmx'.

2026-10-04T01:33:29.865Z ERROR 1 --- [shortener] [-handler-158726] o.a.c.c.C.[.[.[/].[dispatcherServlet]    : Servlet.service() for servlet [dispatcherServlet] in context with path [] threw exception [Handler dispatch failed: java.lang.OutOfMemoryError: Garbage-collected heap size exceeded. Consider increasing the maximum Java heap size, for example with '-Xmx'.] with root cause

java.lang.OutOfMemoryError: Garbage-collected heap size exceeded. Consider increasing the maximum Java heap size, for example with '-Xmx'.

2026-10-04T01:33:31.115Z ERROR 1 --- [shortener] [-handler-158727] o.a.c.c.C.[.[.[/].[dispatcherServlet]    : Servlet.service() for servlet [dispatcherServlet] in context with path [] threw exception [Handler dispatch failed: java.lang.OutOfMemoryError: Garbage-collected heap size exceeded. Consider increasing the maximum Java heap size, for example with '-Xmx'.] with root cause

java.lang.OutOfMemoryError: Garbage-collected heap size exceeded. Consider increasing the maximum Java heap size, for example with '-Xmx'.

2026-10-04T01:33:31.119Z ERROR 1 --- [shortener] [-handler-158732] o.a.c.c.C.[.[.[/].[dispatcherServlet]    : Servlet.service() for servlet [dispatcherServlet] in context with path [] threw exception [Handler dispatch failed: java.lang.OutOfMemoryError: Garbage-collected heap size exceeded. Consider increasing the maximum Java heap size, for example with '-Xmx'.] with root cause

java.lang.OutOfMemoryError: Garbage-collected heap size exceeded. Consider increasing the maximum Java heap size, for example with '-Xmx'.

2026-10-04T01:33:31.120Z ERROR 1 --- [shortener] [-handler-158728] o.a.c.c.C.[.[.[/].[dispatcherServlet]    : Servlet.service() for servlet [dispatcherServlet] in context with path [] threw exception [Handler dispatch failed: java.lang.OutOfMemoryError: Garbage-collected heap size exceeded. Consider increasing the maximum Java heap size, for example with '-Xmx'.] with root cause

java.lang.OutOfMemoryError: Garbage-collected heap size exceeded. Consider increasing the maximum Java heap size, for example with '-Xmx'.

2026-10-04T01:33:31.120Z ERROR 1 --- [shortener] [-handler-158729] o.a.c.c.C.[.[.[/].[dispatcherServlet]    : Servlet.service() for servlet [dispatcherServlet] in context with path [] threw exception [Handler dispatch failed: java.lang.OutOfMemoryError: Garbage-collected heap size exceeded. Consider increasing the maximum Java heap size, for example with '-Xmx'.] with root cause

java.lang.OutOfMemoryError: Garbage-collected heap size exceeded. Consider increasing the maximum Java heap size, for example with '-Xmx'.

2026-10-04T01:33:31.121Z ERROR 1 --- [shortener] [-handler-158731] o.a.c.c.C.[.[.[/].[dispatcherServlet]    : Servlet.service() for servlet [dispatcherServlet] in context with path [] threw exception [Handler dispatch failed: java.lang.OutOfMemoryError: Garbage-collected heap size exceeded. Consider increasing the maximum Java heap size, for example with '-Xmx'.] with root cause

java.lang.OutOfMemoryError: Garbage-collected heap size exceeded. Consider increasing the maximum Java heap size, for example with '-Xmx'.

2026-10-04T01:33:31.121Z ERROR 1 --- [shortener] [-handler-158730] o.a.c.c.C.[.[.[/].[dispatcherServlet]    : Servlet.service() for servlet [dispatcherServlet] in context with path [] threw exception [Handler dispatch failed: java.lang.OutOfMemoryError: Garbage-collected heap size exceeded. Consider increasing the maximum Java heap size, for example with '-Xmx'.] with root cause

java.lang.OutOfMemoryError: Garbage-collected heap size exceeded. Consider increasing the maximum Java heap size, for example with '-Xmx'.

2026-10-04T01:33:37.380Z ERROR 1 --- [shortener] [-handler-158733] o.a.c.c.C.[.[.[/].[dispatcherServlet]    : Servlet.service() for servlet [dispatcherServlet] in context with path [] threw exception [Handler dispatch failed: java.lang.OutOfMemoryError: Garbage-collected heap size exceeded. Consider increasing the maximum Java heap size, for example with '-Xmx'.] with root cause

java.lang.OutOfMemoryError: Garbage-collected heap size exceeded. Consider increasing the maximum Java heap size, for example with '-Xmx'.

2026-10-04T01:33:44.725Z ERROR 1 --- [shortener] [-handler-158734] o.a.c.c.C.[.[.[/].[dispatcherServlet]    : Servlet.service() for servlet [dispatcherServlet] in context with path [] threw exception [Handler dispatch failed: java.lang.OutOfMemoryError: Garbage-collected heap size exceeded. Consider increasing the maximum Java heap size, for example with '-Xmx'.] with root cause

java.lang.OutOfMemoryError: Garbage-collected heap size exceeded. Consider increasing the maximum Java heap size, for example with '-Xmx'.

2026-10-04T01:33:48.476Z ERROR 1 --- [shortener] [-handler-158735] o.a.c.c.C.[.[.[/].[dispatcherServlet]    : Servlet.service() for servlet [dispatcherServlet] in context with path [] threw exception [Handler dispatch failed: java.lang.OutOfMemoryError: Garbage-collected heap size exceeded. Consider increasing the maximum Java heap size, for example with '-Xmx'.] with root cause

java.lang.OutOfMemoryError: Garbage-collected heap size exceeded. Consider increasing the maximum Java heap size, for example with '-Xmx'.

2026-10-04T01:33:48.479Z ERROR 1 --- [shortener] [-handler-158736] o.a.c.c.C.[.[.[/].[dispatcherServlet]    : Servlet.service() for servlet [dispatcherServlet] in context with path [] threw exception [Handler dispatch failed: java.lang.OutOfMemoryError: Garbage-collected heap size exceeded. Consider increasing the maximum Java heap size, for example with '-Xmx'.] with root cause

java.lang.OutOfMemoryError: Garbage-collected heap size exceeded. Consider increasing the maximum Java heap size, for example with '-Xmx'.

2026-10-04T01:33:48.481Z ERROR 1 --- [shortener] [-handler-158737] o.a.c.c.C.[.[.[/].[dispatcherServlet]    : Servlet.service() for servlet [dispatcherServlet] in context with path [] threw exception [Handler dispatch failed: java.lang.OutOfMemoryError: Garbage-collected heap size exceeded. Consider increasing the maximum Java heap size, for example with '-Xmx'.] with root cause

java.lang.OutOfMemoryError: Garbage-collected heap size exceeded. Consider increasing the maximum Java heap size, for example with '-Xmx'.

2026-10-04T01:33:48.481Z ERROR 1 --- [shortener] [-handler-158738] o.a.c.c.C.[.[.[/].[dispatcherServlet]    : Servlet.service() for servlet [dispatcherServlet] in context with path [] threw exception [Handler dispatch failed: java.lang.OutOfMemoryError: Garbage-collected heap size exceeded. Consider increasing the maximum Java heap size, for example with '-Xmx'.] with root cause

java.lang.OutOfMemoryError: Garbage-collected heap size exceeded. Consider increasing the maximum Java heap size, for example with '-Xmx'.

2026-10-04T01:33:48.482Z ERROR 1 --- [shortener] [-handler-158740] o.a.c.c.C.[.[.[/].[dispatcherServlet]    : Servlet.service() for servlet [dispatcherServlet] in context with path [] threw exception [Handler dispatch failed: java.lang.OutOfMemoryError: Garbage-collected heap size exceeded. Consider increasing the maximum Java heap size, for example with '-Xmx'.] with root cause

java.lang.OutOfMemoryError: Garbage-collected heap size exceeded. Consider increasing the maximum Java heap size, for example with '-Xmx'.

2026-10-04T01:33:48.483Z ERROR 1 --- [shortener] [-handler-158741] o.a.c.c.C.[.[.[/].[dispatcherServlet]    : Servlet.service() for servlet [dispatcherServlet] in context with path [] threw exception [Handler dispatch failed: java.lang.OutOfMemoryError: Garbage-collected heap size exceeded. Consider increasing the maximum Java heap size, for example with '-Xmx'.] with root cause

java.lang.OutOfMemoryError: Garbage-collected heap size exceeded. Consider increasing the maximum Java heap size, for example with '-Xmx'.

2026-10-04T01:33:48.484Z ERROR 1 --- [shortener] [-handler-158665] o.a.c.c.C.[.[.[/].[dispatcherServlet]    : Servlet.service() for servlet [dispatcherServlet] in context with path [] threw exception [Handler dispatch failed: java.lang.OutOfMemoryError: Garbage-collected heap size exceeded. Consider increasing the maximum Java heap size, for example with '-Xmx'.] with root cause

java.lang.OutOfMemoryError: Garbage-collected heap size exceeded. Consider increasing the maximum Java heap size, for example with '-Xmx'.

2026-10-04T01:33:48.485Z ERROR 1 --- [shortener] [-handler-158668] o.a.c.c.C.[.[.[/].[dispatcherServlet]    : Servlet.service() for servlet [dispatcherServlet] in context with path [] threw exception [Handler dispatch failed: java.lang.OutOfMemoryError: Garbage-collected heap size exceeded. Consider increasing the maximum Java heap size, for example with '-Xmx'.] with root cause

java.lang.OutOfMemoryError: Garbage-collected heap size exceeded. Consider increasing the maximum Java heap size, for example with '-Xmx'.

2026-10-04T01:33:48.485Z ERROR 1 --- [shortener] [-handler-158669] o.a.c.c.C.[.[.[/].[dispatcherServlet]    : Servlet.service() for servlet [dispatcherServlet] in context with path [] threw exception [Handler dispatch failed: java.lang.OutOfMemoryError: Garbage-collected heap size exceeded. Consider increasing the maximum Java heap size, for example with '-Xmx'.] with root cause

java.lang.OutOfMemoryError: Garbage-collected heap size exceeded. Consider increasing the maximum Java heap size, for example with '-Xmx'.

2026-10-04T01:33:48.486Z ERROR 1 --- [shortener] [-handler-158667] o.a.c.c.C.[.[.[/].[dispatcherServlet]    : Servlet.service() for servlet [dispatcherServlet] in context with path [] threw exception [Handler dispatch failed: java.lang.OutOfMemoryError: Garbage-collected heap size exceeded. Consider increasing the maximum Java heap size, for example with '-Xmx'.] with root cause

java.lang.OutOfMemoryError: Garbage-collected heap size exceeded. Consider increasing the maximum Java heap size, for example with '-Xmx'.

2026-10-04T01:33:54.427Z ERROR 1 --- [shortener] [-handler-158670] o.a.c.c.C.[.[.[/].[dispatcherServlet]    : Servlet.service() for servlet [dispatcherServlet] in context with path [] threw exception [Handler dispatch failed: java.lang.OutOfMemoryError: Garbage-collected heap size exceeded. Consider increasing the maximum Java heap size, for example with '-Xmx'.] with root cause

java.lang.OutOfMemoryError: Garbage-collected heap size exceeded. Consider increasing the maximum Java heap size, for example with '-Xmx'.

2026-10-04T01:34:00.365Z ERROR 1 --- [shortener] [-handler-158743] o.a.c.c.C.[.[.[/].[dispatcherServlet]    : Servlet.service() for servlet [dispatcherServlet] in context with path [] threw exception [Handler dispatch failed: java.lang.OutOfMemoryError: Garbage-collected heap size exceeded. Consider increasing the maximum Java heap size, for example with '-Xmx'.] with root cause

java.lang.OutOfMemoryError: Garbage-collected heap size exceeded. Consider increasing the maximum Java heap size, for example with '-Xmx'.

2026-10-04T01:34:10.199Z ERROR 1 --- [shortener] [-handler-158742] o.a.c.c.C.[.[.[/].[dispatcherServlet]    : Servlet.service() for servlet [dispatcherServlet] in context with path [] threw exception [Handler dispatch failed: java.lang.OutOfMemoryError: Garbage-collected heap size exceeded. Consider increasing the maximum Java heap size, for example with '-Xmx'.] with root cause

java.lang.OutOfMemoryError: Garbage-collected heap size exceeded. Consider increasing the maximum Java heap size, for example with '-Xmx'.

2026-10-04T01:34:13.878Z ERROR 1 --- [shortener] [-handler-158739] o.a.c.c.C.[.[.[/].[dispatcherServlet]    : Servlet.service() for servlet [dispatcherServlet] in context with path [] threw exception [Handler dispatch failed: java.lang.OutOfMemoryError: Garbage-collected heap size exceeded. Consider increasing the maximum Java heap size, for example with '-Xmx'.] with root cause

java.lang.OutOfMemoryError: Garbage-collected heap size exceeded. Consider increasing the maximum Java heap size, for example with '-Xmx'.

2026-10-04T01:34:15.105Z ERROR 1 --- [shortener] [-handler-158745] o.a.c.c.C.[.[.[/].[dispatcherServlet]    : Servlet.service() for servlet [dispatcherServlet] in context with path [] threw exception [Handler dispatch failed: java.lang.OutOfMemoryError: Garbage-collected heap size exceeded. Consider increasing the maximum Java heap size, for example with '-Xmx'.] with root cause

java.lang.OutOfMemoryError: Garbage-collected heap size exceeded. Consider increasing the maximum Java heap size, for example with '-Xmx'.

2026-10-04T01:34:16.333Z ERROR 1 --- [shortener] [-handler-158744] o.a.c.c.C.[.[.[/].[dispatcherServlet]    : Servlet.service() for servlet [dispatcherServlet] in context with path [] threw exception [Handler dispatch failed: java.lang.OutOfMemoryError: Garbage-collected heap size exceeded. Consider increasing the maximum Java heap size, for example with '-Xmx'.] with root cause

java.lang.OutOfMemoryError: Garbage-collected heap size exceeded. Consider increasing the maximum Java heap size, for example with '-Xmx'.

2026-10-04T01:34:22.325Z ERROR 1 --- [shortener] [-handler-158746] o.a.c.c.C.[.[.[/].[dispatcherServlet]    : Servlet.service() for servlet [dispatcherServlet] in context with path [] threw exception [Handler dispatch failed: java.lang.OutOfMemoryError: Garbage-collected heap size exceeded. Consider increasing the maximum Java heap size, for example with '-Xmx'.] with root cause

java.lang.OutOfMemoryError: Garbage-collected heap size exceeded. Consider increasing the maximum Java heap size, for example with '-Xmx'.

2026-10-04T01:34:32.022Z ERROR 1 --- [shortener] [-handler-158747] o.a.c.c.C.[.[.[/].[dispatcherServlet]    : Servlet.service() for servlet [dispatcherServlet] in context with path [] threw exception [Handler dispatch failed: java.lang.OutOfMemoryError: Garbage-collected heap size exceeded. Consider increasing the maximum Java heap size, for example with '-Xmx'.] with root cause

java.lang.OutOfMemoryError: Garbage-collected heap size exceeded. Consider increasing the maximum Java heap size, for example with '-Xmx'.

2026-10-04T01:34:39.300Z ERROR 1 --- [shortener] [-handler-158748] o.a.c.c.C.[.[.[/].[dispatcherServlet]    : Servlet.service() for servlet [dispatcherServlet] in context with path [] threw exception [Handler dispatch failed: java.lang.OutOfMemoryError: Garbage-collected heap size exceeded. Consider increasing the maximum Java heap size, for example with '-Xmx'.] with root cause

java.lang.OutOfMemoryError: Garbage-collected heap size exceeded. Consider increasing the maximum Java heap size, for example with '-Xmx'.

2026-10-04T01:34:44.148Z ERROR 1 --- [shortener] [-handler-158749] o.a.c.c.C.[.[.[/].[dispatcherServlet]    : Servlet.service() for servlet [dispatcherServlet] in context with path [] threw exception [Handler dispatch failed: java.lang.OutOfMemoryError: Garbage-collected heap size exceeded. Consider increasing the maximum Java heap size, for example with '-Xmx'.] with root cause

java.lang.OutOfMemoryError: Garbage-collected heap size exceeded. Consider increasing the maximum Java heap size, for example with '-Xmx'.

2026-10-04T01:34:50.241Z ERROR 1 --- [shortener] [-handler-158750] o.a.c.c.C.[.[.[/].[dispatcherServlet]    : Servlet.service() for servlet [dispatcherServlet] in context with path [] threw exception [Handler dispatch failed: java.lang.OutOfMemoryError: Garbage-collected heap size exceeded. Consider increasing the maximum Java heap size, for example with '-Xmx'.] with root cause

java.lang.OutOfMemoryError: Garbage-collected heap size exceeded. Consider increasing the maximum Java heap size, for example with '-Xmx'.

