
  .   ____          _            __ _ _
 /\\ / ___'_ __ _ _(_)_ __  __ _ \ \ \ \
( ( )\___ | '_ | '_| | '_ \/ _` | \ \ \ \
 \\/  ___)| |_)| | | | | || (_| |  ) ) ) )
  '  |____| .__|_| |_|_| |_\__, | / / / /
 =========|_|==============|___/=/_/_/_/

 :: Spring Boot ::                (v4.1.1)

2026-10-04T02:57:26.469Z  INFO 1 --- [shortener] [           main] uy.ct.shortener.ShortenerApplicationKt   : Starting AOT-processed ShortenerApplicationKt using Java 25.0.4.1 with PID 1 (/workspace/uy.ct.shortener.ShortenerApplicationKt started by cnb in /workspace)
2026-10-04T02:57:26.469Z  INFO 1 --- [shortener] [           main] uy.ct.shortener.ShortenerApplicationKt   : No active profile set, falling back to 1 default profile: "default"
2026-10-04T02:57:26.494Z  INFO 1 --- [shortener] [           main] o.s.boot.tomcat.TomcatWebServer          : Tomcat initialized with port 8080 (http)
2026-10-04T02:57:26.495Z  INFO 1 --- [shortener] [           main] o.apache.catalina.core.StandardService   : Starting service [Tomcat]
2026-10-04T02:57:26.495Z  INFO 1 --- [shortener] [           main] o.apache.catalina.core.StandardEngine    : Starting Servlet engine: [Apache Tomcat/11.0.24]
2026-10-04T02:57:26.500Z  INFO 1 --- [shortener] [           main] b.w.c.s.WebApplicationContextInitializer : Root WebApplicationContext: initialization completed in 31 ms
2026-10-04T02:57:26.535Z  INFO 1 --- [shortener] [           main] com.zaxxer.hikari.HikariDataSource       : HikariPool-1 - Starting...
2026-10-04T02:57:26.545Z  INFO 1 --- [shortener] [           main] com.zaxxer.hikari.pool.HikariPool        : HikariPool-1 - Added connection org.postgresql.jdbc.PgConnection@503624cf
2026-10-04T02:57:26.545Z  INFO 1 --- [shortener] [           main] com.zaxxer.hikari.HikariDataSource       : HikariPool-1 - Start completed.
2026-10-04T02:57:26.545Z  WARN 1 --- [shortener] [           main] org.flywaydb.core.FlywayExecutor         : Unable to scan location: /db/migration (unsupported protocol: resource)
2026-10-04T02:57:26.545Z  WARN 1 --- [shortener] [           main] org.flywaydb.core.FlywayExecutor         : Unable to scan location: /db/migration (unsupported protocol: resource)
2026-10-04T02:57:26.545Z  INFO 1 --- [shortener] [           main] org.flywaydb.core.FlywayExecutor         : Database: jdbc:postgresql://localhost:32781/mydatabase (PostgreSQL 18.6)
2026-10-04T02:57:26.546Z  WARN 1 --- [shortener] [           main] o.f.c.i.s.classpath.ClassPathScanner     : Unable to scan location: /db/migration (unsupported protocol: resource)
2026-10-04T02:57:26.546Z  WARN 1 --- [shortener] [           main] o.f.c.i.s.classpath.ClassPathScanner     : Unable to scan location: /db/migration (unsupported protocol: resource)
[0.111s] GC(0) Pause Full GC (Collect on allocation) 48.00M->9.50M 17.854ms
2026-10-04T02:57:26.568Z  INFO 1 --- [shortener] [           main] o.f.core.internal.command.DbValidate     : Successfully validated 5 migrations (execution time 00:00.019s)
2026-10-04T02:57:26.578Z  INFO 1 --- [shortener] [           main] o.f.core.internal.command.DbMigrate      : Current version of schema "public": 5
2026-10-04T02:57:26.578Z  INFO 1 --- [shortener] [           main] o.f.core.internal.command.DbMigrate      : Schema "public" is up to date. No migration necessary.
[0.220s] GC(1) Pause Incremental GC (Collect on allocation) 66.50M->17.50M 10.686ms
2026-10-04T02:57:26.687Z  WARN 1 --- [shortener] [           main] i.m.c.i.binder.jvm.JvmGcMetrics          : GC notifications will not be available because no GarbageCollectorMXBean of the JVM provides any. GCs=[young generation scavenger, complete scavenger]
2026-10-04T02:57:26.702Z  INFO 1 --- [shortener] [           main] o.s.boot.tomcat.TomcatWebServer          : Tomcat started on port 8080 (http) with context path '/'
2026-10-04T02:57:26.704Z  INFO 1 --- [shortener] [           main] o.s.boot.tomcat.TomcatWebServer          : Tomcat initialized with port 8081 (http)
2026-10-04T02:57:26.704Z  INFO 1 --- [shortener] [           main] o.apache.catalina.core.StandardService   : Starting service [Tomcat]
2026-10-04T02:57:26.704Z  INFO 1 --- [shortener] [           main] o.apache.catalina.core.StandardEngine    : Starting Servlet engine: [Apache Tomcat/11.0.24]
2026-10-04T02:57:26.705Z  INFO 1 --- [shortener] [           main] b.w.c.s.WebApplicationContextInitializer : Root WebApplicationContext: initialization completed in 3 ms
2026-10-04T02:57:26.706Z  INFO 1 --- [shortener] [           main] o.s.b.a.e.web.EndpointLinksResolver      : Exposing 2 endpoints beneath base path '/actuator'
2026-10-04T02:57:26.711Z  INFO 1 --- [shortener] [           main] o.s.boot.tomcat.TomcatWebServer          : Tomcat started on port 8081 (http) with context path '/'
2026-10-04T02:57:26.711Z  INFO 1 --- [shortener] [           main] o.s.s.config.TaskSchedulerRouter         : No TaskScheduler/ScheduledExecutorService bean found for scheduled processing
2026-10-04T02:57:26.711Z  INFO 1 --- [shortener] [           main] uy.ct.shortener.ShortenerApplicationKt   : Started ShortenerApplicationKt in 0.253 seconds (process running for 0.257)
2026-10-04T02:57:26.717Z  INFO 1 --- [shortener] [omcat-handler-0] o.a.c.c.C.[Tomcat-1].[localhost].[/]     : Initializing Spring DispatcherServlet 'dispatcherServletRegistration'
2026-10-04T02:57:26.717Z  INFO 1 --- [shortener] [omcat-handler-0] o.s.web.servlet.DispatcherServlet        : Initializing Servlet 'dispatcherServletRegistration'
2026-10-04T02:57:26.717Z  INFO 1 --- [shortener] [omcat-handler-0] o.s.web.servlet.DispatcherServlet        : Completed initialization in 0 ms
2026-10-04T02:57:32.953Z  INFO 1 --- [shortener] [omcat-handler-0] o.a.c.c.C.[Tomcat].[localhost].[/]       : Initializing Spring DispatcherServlet 'dispatcherServlet'
2026-10-04T02:57:32.953Z  INFO 1 --- [shortener] [omcat-handler-0] o.s.web.servlet.DispatcherServlet        : Initializing Servlet 'dispatcherServlet'
2026-10-04T02:57:32.953Z  INFO 1 --- [shortener] [omcat-handler-0] o.s.web.servlet.DispatcherServlet        : Completed initialization in 0 ms
[6.596s] GC(2) Pause Full GC (Collect on allocation) 78.62M->20.12M 28.332ms
[7.000s] GC(3) Pause Incremental GC (Collect on allocation) 89.12M->20.62M 1.390ms
[7.264s] GC(4) Pause Incremental GC (Collect on allocation) 94.12M->25.62M 3.608ms
[7.540s] GC(5) Pause Incremental GC (Collect on allocation) 103.62M->27.62M 4.217ms
[7.918s] GC(6) Pause Full GC (Collect on allocation) 110.12M->26.62M 24.284ms
[8.294s] GC(7) Pause Incremental GC (Collect on allocation) 118.62M->27.12M 1.731ms
[8.690s] GC(8) Pause Incremental GC (Collect on allocation) 117.62M->27.62M 1.474ms
[9.083s] GC(9) Pause Incremental GC (Collect on allocation) 116.62M->28.12M 1.469ms
[9.470s] GC(10) Pause Incremental GC (Collect on allocation) 115.62M->28.62M 1.521ms
[9.851s] GC(11) Pause Incremental GC (Collect on allocation) 114.62M->29.12M 1.552ms
[10.222s] GC(12) Pause Incremental GC (Collect on allocation) 113.62M->29.62M 1.586ms
[10.590s] GC(13) Pause Incremental GC (Collect on allocation) 112.62M->30.12M 1.411ms
[10.954s] GC(14) Pause Incremental GC (Collect on allocation) 111.62M->30.62M 1.496ms
[11.240s] GC(15) Pause Incremental GC (Collect on allocation) 110.62M->31.12M 1.556ms
[11.588s] GC(16) Pause Incremental GC (Collect on allocation) 109.62M->31.62M 1.409ms
[11.931s] GC(17) Pause Incremental GC (Collect on allocation) 108.62M->32.12M 1.442ms
[12.266s] GC(18) Pause Incremental GC (Collect on allocation) 107.62M->32.62M 1.451ms
[12.594s] GC(19) Pause Incremental GC (Collect on allocation) 106.62M->33.12M 1.388ms
[12.918s] GC(20) Pause Incremental GC (Collect on allocation) 105.62M->33.62M 1.460ms
[13.236s] GC(21) Pause Incremental GC (Collect on allocation) 104.62M->34.12M 1.454ms
[13.545s] GC(22) Pause Incremental GC (Collect on allocation) 103.62M->34.12M 1.504ms
[13.846s] GC(23) Pause Incremental GC (Collect on allocation) 102.62M->34.62M 1.431ms
[14.144s] GC(24) Pause Incremental GC (Collect on allocation) 102.12M->34.62M 1.343ms
[14.435s] GC(25) Pause Incremental GC (Collect on allocation) 101.12M->34.62M 1.364ms
[14.728s] GC(26) Pause Incremental GC (Collect on allocation) 100.12M->34.62M 1.301ms
[15.011s] GC(27) Pause Incremental GC (Collect on allocation) 99.12M->34.62M 1.806ms
[15.293s] GC(28) Pause Incremental GC (Collect on allocation) 98.12M->34.62M 1.354ms
[15.571s] GC(29) Pause Incremental GC (Collect on allocation) 97.12M->34.62M 1.412ms
[15.846s] GC(30) Pause Incremental GC (Collect on allocation) 96.12M->34.62M 1.456ms
[16.049s] GC(31) Pause Incremental GC (Collect on allocation) 95.12M->34.62M 1.401ms
[16.325s] GC(32) Pause Full GC (Collect on allocation) 94.12M->27.12M 16.754ms
[16.564s] GC(33) Pause Incremental GC (Collect on allocation) 84.62M->27.62M 1.417ms
[16.810s] GC(34) Pause Incremental GC (Collect on allocation) 84.12M->28.12M 1.372ms
[17.058s] GC(35) Pause Incremental GC (Collect on allocation) 83.62M->28.62M 1.318ms
[17.281s] GC(36) Pause Incremental GC (Collect on allocation) 83.12M->31.62M 2.654ms
[17.519s] GC(37) Pause Incremental GC (Collect on allocation) 85.12M->32.62M 2.510ms
[17.747s] GC(38) Pause Incremental GC (Collect on allocation) 85.12M->32.62M 1.926ms
[17.976s] GC(39) Pause Incremental GC (Collect on allocation) 84.12M->33.12M 2.264ms
[18.194s] GC(40) Pause Incremental GC (Collect on allocation) 83.62M->33.62M 1.788ms
[18.412s] GC(41) Pause Incremental GC (Collect on allocation) 83.12M->34.12M 1.871ms
[18.626s] GC(42) Pause Incremental GC (Collect on allocation) 82.62M->34.62M 1.885ms
[18.834s] GC(43) Pause Incremental GC (Collect on allocation) 82.12M->35.12M 1.987ms
[19.041s] GC(44) Pause Incremental GC (Collect on allocation) 81.62M->35.62M 1.822ms
[19.240s] GC(45) Pause Incremental GC (Collect on allocation) 81.12M->36.12M 1.992ms
[19.436s] GC(46) Pause Incremental GC (Collect on allocation) 80.62M->36.62M 2.019ms
[19.627s] GC(47) Pause Incremental GC (Collect on allocation) 80.12M->37.12M 1.776ms
[19.822s] GC(48) Pause Incremental GC (Collect on allocation) 80.12M->37.12M 2.157ms
[20.008s] GC(49) Pause Incremental GC (Collect on allocation) 79.62M->36.62M 2.182ms
[20.212s] GC(50) Pause Full GC (Collect on allocation) 78.62M->27.12M 21.533ms
[20.372s] GC(51) Pause Incremental GC (Collect on allocation) 68.12M->27.62M 1.549ms
[20.551s] GC(52) Pause Incremental GC (Collect on allocation) 68.12M->28.12M 1.213ms
[20.727s] GC(53) Pause Incremental GC (Collect on allocation) 68.12M->28.62M 1.188ms
[20.898s] GC(54) Pause Incremental GC (Collect on allocation) 68.12M->29.12M 1.696ms
[21.044s] GC(55) Pause Incremental GC (Collect on allocation) 68.12M->29.62M 1.406ms
[21.172s] GC(56) Pause Incremental GC (Collect on allocation) 68.12M->30.12M 1.248ms
[21.336s] GC(57) Pause Incremental GC (Collect on allocation) 68.12M->30.62M 1.248ms
[21.504s] GC(58) Pause Incremental GC (Collect on allocation) 68.12M->31.12M 1.214ms
[21.668s] GC(59) Pause Incremental GC (Collect on allocation) 68.12M->31.62M 1.279ms
[21.826s] GC(60) Pause Incremental GC (Collect on allocation) 68.12M->32.12M 1.239ms
[21.985s] GC(61) Pause Incremental GC (Collect on allocation) 68.12M->32.12M 1.295ms
[22.140s] GC(62) Pause Incremental GC (Collect on allocation) 67.62M->32.62M 1.595ms
[22.292s] GC(63) Pause Incremental GC (Collect on allocation) 67.62M->33.12M 1.234ms
[22.442s] GC(64) Pause Incremental GC (Collect on allocation) 67.62M->33.62M 1.238ms
[22.593s] GC(65) Pause Incremental GC (Collect on allocation) 67.62M->33.62M 1.296ms
[22.736s] GC(66) Pause Incremental GC (Collect on allocation) 67.12M->33.62M 1.334ms
[22.882s] GC(67) Pause Incremental GC (Collect on allocation) 66.62M->34.12M 1.227ms
[23.027s] GC(68) Pause Incremental GC (Collect on allocation) 66.62M->34.12M 1.193ms
[23.166s] GC(69) Pause Incremental GC (Collect on allocation) 66.12M->34.12M 1.306ms
[23.302s] GC(70) Pause Incremental GC (Collect on allocation) 65.62M->34.12M 1.252ms
[23.439s] GC(71) Pause Incremental GC (Collect on allocation) 65.12M->34.12M 1.309ms
[23.574s] GC(72) Pause Incremental GC (Collect on allocation) 64.62M->33.62M 1.387ms
[23.704s] GC(73) Pause Incremental GC (Collect on allocation) 63.62M->34.12M 1.290ms
[23.833s] GC(74) Pause Incremental GC (Collect on allocation) 63.62M->34.62M 1.273ms
[23.960s] GC(75) Pause Incremental GC (Collect on allocation) 63.62M->34.12M 1.308ms
[24.085s] GC(76) Pause Incremental GC (Collect on allocation) 62.62M->34.12M 1.216ms
[24.206s] GC(77) Pause Incremental GC (Collect on allocation) 62.12M->34.12M 1.295ms
[24.326s] GC(78) Pause Incremental GC (Collect on allocation) 61.62M->34.12M 1.251ms
[24.443s] GC(79) Pause Incremental GC (Collect on allocation) 61.12M->34.12M 1.393ms
[24.576s] GC(80) Pause Full GC (Collect on allocation) 60.62M->27.12M 17.114ms
[24.666s] GC(81) Pause Incremental GC (Collect on allocation) 52.62M->27.62M 1.479ms
[24.777s] GC(82) Pause Incremental GC (Collect on allocation) 52.62M->28.12M 1.193ms
[24.884s] GC(83) Pause Incremental GC (Collect on allocation) 52.62M->28.62M 1.295ms
[24.989s] GC(84) Pause Incremental GC (Collect on allocation) 52.62M->29.12M 1.291ms
[25.089s] GC(85) Pause Incremental GC (Collect on allocation) 52.62M->29.62M 1.282ms
[25.189s] GC(86) Pause Incremental GC (Collect on allocation) 52.62M->30.12M 1.293ms
[25.285s] GC(87) Pause Incremental GC (Collect on allocation) 52.62M->30.62M 1.243ms
[25.382s] GC(88) Pause Incremental GC (Collect on allocation) 52.62M->30.62M 1.326ms
[25.475s] GC(89) Pause Incremental GC (Collect on allocation) 52.12M->31.12M 1.343ms
[25.566s] GC(90) Pause Incremental GC (Collect on allocation) 52.12M->31.62M 1.339ms
[25.656s] GC(91) Pause Incremental GC (Collect on allocation) 52.12M->32.12M 1.170ms
[25.743s] GC(92) Pause Incremental GC (Collect on allocation) 52.12M->32.62M 1.221ms
[25.830s] GC(93) Pause Incremental GC (Collect on allocation) 52.12M->33.12M 1.266ms
[25.910s] GC(94) Pause Incremental GC (Collect on allocation) 52.12M->33.12M 1.199ms
[25.991s] GC(95) Pause Incremental GC (Collect on allocation) 51.62M->33.62M 1.227ms
[26.044s] GC(96) Pause Incremental GC (Collect on allocation) 51.62M->33.62M 1.294ms
[26.080s] GC(97) Pause Incremental GC (Collect on allocation) 51.12M->33.12M 1.168ms
[26.154s] GC(98) Pause Incremental GC (Collect on allocation) 50.12M->32.62M 1.366ms
[26.226s] GC(99) Pause Incremental GC (Collect on allocation) 49.12M->32.12M 1.262ms
[26.292s] GC(100) Pause Incremental GC (Collect on allocation) 48.12M->31.62M 1.285ms
[26.359s] GC(101) Pause Incremental GC (Collect on allocation) 47.12M->30.62M 1.269ms
[26.424s] GC(102) Pause Incremental GC (Collect on allocation) 45.62M->30.62M 1.184ms
[26.488s] GC(103) Pause Incremental GC (Collect on allocation) 45.12M->29.62M 1.298ms
[26.548s] GC(104) Pause Incremental GC (Collect on allocation) 43.62M->29.12M 1.274ms
[26.605s] GC(105) Pause Incremental GC (Collect on allocation) 42.62M->29.12M 1.182ms
[26.662s] GC(106) Pause Incremental GC (Collect on allocation) 42.12M->28.62M 1.234ms
[26.712s] GC(107) Pause Incremental GC (Collect on allocation) 41.12M->29.12M 1.211ms
[26.762s] GC(108) Pause Incremental GC (Collect on allocation) 41.12M->28.12M 1.325ms
[26.812s] GC(109) Pause Incremental GC (Collect on allocation) 39.62M->28.12M 1.199ms
[26.859s] GC(110) Pause Incremental GC (Collect on allocation) 39.12M->27.62M 1.218ms
[26.905s] GC(111) Pause Incremental GC (Collect on allocation) 38.12M->27.12M 1.244ms
[26.966s] GC(112) Pause Full GC (Collect on allocation) 37.12M->27.12M 20.651ms
[26.986s] GC(113) Pause Incremental GC (Collect on allocation) 36.12M->27.12M 1.312ms
[27.022s] GC(114) Pause Incremental GC (Collect on allocation) 35.62M->27.12M 1.122ms
[27.056s] GC(115) Pause Incremental GC (Collect on allocation) 35.12M->27.12M 1.229ms
[27.087s] GC(116) Pause Incremental GC (Collect on allocation) 34.62M->27.12M 1.157ms
[27.116s] GC(117) Pause Incremental GC (Collect on allocation) 34.12M->27.12M 1.177ms
[27.144s] GC(118) Pause Incremental GC (Collect on allocation) 33.62M->27.12M 1.171ms
[27.168s] GC(119) Pause Incremental GC (Collect on allocation) 33.12M->27.12M 1.210ms
[27.190s] GC(120) Pause Incremental GC (Collect on allocation) 32.62M->27.62M 1.210ms
[27.214s] GC(121) Pause Incremental GC (Collect on allocation) 34.12M->28.12M 1.408ms
[27.241s] GC(122) Pause Incremental GC (Collect on allocation) 35.62M->29.12M 1.527ms
[27.271s] GC(123) Pause Incremental GC (Collect on allocation) 37.62M->30.12M 1.493ms
[27.308s] GC(124) Pause Incremental GC (Collect on allocation) 39.62M->30.62M 1.453ms
[27.354s] GC(125) Pause Incremental GC (Collect on allocation) 41.12M->31.12M 1.123ms
[27.405s] GC(126) Pause Incremental GC (Collect on allocation) 43.12M->31.12M 1.105ms
[27.452s] GC(127) Pause Incremental GC (Collect on allocation) 42.62M->31.12M 1.136ms
[27.500s] GC(128) Pause Incremental GC (Collect on allocation) 42.12M->31.12M 1.172ms
[27.544s] GC(129) Pause Incremental GC (Collect on allocation) 41.62M->31.12M 1.227ms
[27.587s] GC(130) Pause Incremental GC (Collect on allocation) 41.12M->31.12M 1.152ms
[27.627s] GC(131) Pause Incremental GC (Collect on allocation) 40.62M->31.12M 1.181ms
[27.663s] GC(132) Pause Incremental GC (Collect on allocation) 40.12M->31.12M 1.160ms
[27.699s] GC(133) Pause Incremental GC (Collect on allocation) 39.62M->31.12M 1.179ms
[27.732s] GC(134) Pause Incremental GC (Collect on allocation) 39.12M->31.12M 1.172ms
[27.762s] GC(135) Pause Incremental GC (Collect on allocation) 38.62M->31.12M 1.213ms
[27.789s] GC(136) Pause Incremental GC (Collect on allocation) 38.12M->31.12M 1.138ms
[27.817s] GC(137) Pause Incremental GC (Collect on allocation) 37.62M->31.12M 1.145ms
[27.842s] GC(138) Pause Incremental GC (Collect on allocation) 37.12M->31.12M 1.095ms
[27.864s] GC(139) Pause Incremental GC (Collect on allocation) 36.62M->31.12M 1.199ms
[27.891s] GC(140) Pause Incremental GC (Collect on allocation) 37.62M->31.12M 1.104ms
[27.922s] GC(141) Pause Incremental GC (Collect on allocation) 38.62M->31.62M 1.065ms
[27.958s] GC(142) Pause Incremental GC (Collect on allocation) 40.12M->31.62M 1.109ms
[27.993s] GC(143) Pause Incremental GC (Collect on allocation) 39.62M->31.62M 1.167ms
[28.024s] GC(144) Pause Incremental GC (Collect on allocation) 39.12M->31.62M 1.116ms
[28.053s] GC(145) Pause Incremental GC (Collect on allocation) 38.62M->31.62M 1.140ms
[28.081s] GC(146) Pause Incremental GC (Collect on allocation) 38.12M->31.62M 1.091ms
[28.126s] GC(147) Pause Full GC (Collect on allocation) 37.62M->27.12M 21.631ms
[28.138s] GC(148) Pause Incremental GC (Collect on allocation) 35.12M->27.12M 1.293ms
[28.176s] GC(149) Pause Incremental GC (Collect on allocation) 36.12M->27.12M 1.075ms
[28.213s] GC(150) Pause Incremental GC (Collect on allocation) 35.62M->27.12M 1.256ms
[28.246s] GC(151) Pause Incremental GC (Collect on allocation) 35.12M->27.12M 1.183ms
[28.277s] GC(152) Pause Incremental GC (Collect on allocation) 34.62M->27.12M 1.138ms
[28.305s] GC(153) Pause Incremental GC (Collect on allocation) 34.12M->27.12M 1.178ms
[28.332s] GC(154) Pause Incremental GC (Collect on allocation) 33.62M->27.12M 1.083ms
[28.363s] GC(155) Pause Incremental GC (Collect on allocation) 34.62M->27.12M 1.210ms
[28.399s] GC(156) Pause Incremental GC (Collect on allocation) 35.62M->27.12M 1.211ms
[28.433s] GC(157) Pause Incremental GC (Collect on allocation) 35.12M->27.12M 1.184ms
[28.465s] GC(158) Pause Incremental GC (Collect on allocation) 34.62M->27.12M 1.167ms
[28.493s] GC(159) Pause Incremental GC (Collect on allocation) 34.12M->27.12M 1.157ms
[28.521s] GC(160) Pause Incremental GC (Collect on allocation) 33.62M->27.62M 1.254ms
[28.551s] GC(161) Pause Incremental GC (Collect on allocation) 35.12M->27.62M 1.139ms
[28.586s] GC(162) Pause Incremental GC (Collect on allocation) 36.12M->27.62M 1.153ms
[28.626s] GC(163) Pause Incremental GC (Collect on allocation) 37.12M->27.62M 1.159ms
[28.664s] GC(164) Pause Incremental GC (Collect on allocation) 36.62M->27.62M 1.127ms
[28.700s] GC(165) Pause Incremental GC (Collect on allocation) 36.12M->27.62M 1.145ms
[28.734s] GC(166) Pause Incremental GC (Collect on allocation) 35.62M->27.62M 1.068ms
[28.766s] GC(167) Pause Incremental GC (Collect on allocation) 35.12M->27.62M 1.052ms
[28.795s] GC(168) Pause Incremental GC (Collect on allocation) 34.62M->27.62M 1.153ms
[28.821s] GC(169) Pause Incremental GC (Collect on allocation) 34.12M->27.62M 1.124ms
[28.847s] GC(170) Pause Incremental GC (Collect on allocation) 33.62M->27.62M 1.130ms
[28.876s] GC(171) Pause Incremental GC (Collect on allocation) 34.62M->27.62M 1.178ms
[28.911s] GC(172) Pause Incremental GC (Collect on allocation) 35.62M->27.62M 1.115ms
[28.947s] GC(173) Pause Incremental GC (Collect on allocation) 36.62M->27.62M 1.249ms
[28.983s] GC(174) Pause Incremental GC (Collect on allocation) 36.12M->27.62M 1.155ms
[29.017s] GC(175) Pause Incremental GC (Collect on allocation) 35.62M->27.62M 1.171ms
[29.048s] GC(176) Pause Incremental GC (Collect on allocation) 35.12M->27.62M 1.169ms
[29.077s] GC(177) Pause Incremental GC (Collect on allocation) 34.62M->27.62M 1.095ms
[29.105s] GC(178) Pause Incremental GC (Collect on allocation) 34.12M->27.62M 1.183ms
[29.137s] GC(179) Pause Incremental GC (Collect on allocation) 35.12M->27.62M 1.179ms
[29.173s] GC(180) Pause Incremental GC (Collect on allocation) 36.12M->28.12M 1.225ms
[29.207s] GC(181) Pause Incremental GC (Collect on allocation) 36.12M->28.12M 1.160ms
[29.238s] GC(182) Pause Incremental GC (Collect on allocation) 35.62M->28.12M 1.125ms
[29.287s] GC(183) Pause Full GC (Collect on allocation) 35.12M->27.12M 21.517ms
[29.304s] GC(184) Pause Incremental GC (Collect on allocation) 36.12M->27.12M 1.445ms
[29.346s] GC(185) Pause Incremental GC (Collect on allocation) 37.12M->27.12M 1.247ms
[29.386s] GC(186) Pause Incremental GC (Collect on allocation) 36.62M->27.12M 1.340ms
[29.423s] GC(187) Pause Incremental GC (Collect on allocation) 36.12M->27.12M 1.122ms
[29.460s] GC(188) Pause Incremental GC (Collect on allocation) 35.62M->27.12M 1.156ms
[29.491s] GC(189) Pause Incremental GC (Collect on allocation) 35.12M->27.12M 1.154ms
[29.523s] GC(190) Pause Incremental GC (Collect on allocation) 34.62M->27.12M 1.162ms
[29.552s] GC(191) Pause Incremental GC (Collect on allocation) 34.12M->27.12M 1.119ms
[29.577s] GC(192) Pause Incremental GC (Collect on allocation) 33.62M->27.12M 1.079ms
[29.609s] GC(193) Pause Incremental GC (Collect on allocation) 34.62M->27.12M 1.142ms
[29.644s] GC(194) Pause Incremental GC (Collect on allocation) 35.62M->27.12M 1.141ms
[29.678s] GC(195) Pause Incremental GC (Collect on allocation) 35.12M->27.12M 1.105ms
[29.710s] GC(196) Pause Incremental GC (Collect on allocation) 34.62M->27.12M 1.169ms
[29.740s] GC(197) Pause Incremental GC (Collect on allocation) 34.12M->27.62M 1.132ms
[29.767s] GC(198) Pause Incremental GC (Collect on allocation) 34.12M->27.62M 1.086ms
[29.798s] GC(199) Pause Incremental GC (Collect on allocation) 35.12M->27.62M 1.093ms
[29.835s] GC(200) Pause Incremental GC (Collect on allocation) 36.12M->27.62M 1.104ms
[29.868s] GC(201) Pause Incremental GC (Collect on allocation) 35.62M->27.62M 1.234ms
[29.899s] GC(202) Pause Incremental GC (Collect on allocation) 35.12M->27.62M 1.180ms
[29.927s] GC(203) Pause Incremental GC (Collect on allocation) 34.62M->27.62M 1.102ms
[29.961s] GC(204) Pause Incremental GC (Collect on allocation) 35.62M->27.62M 1.087ms
[29.991s] GC(205) Pause Incremental GC (Collect on allocation) 35.12M->27.62M 1.158ms
[30.021s] GC(206) Pause Incremental GC (Collect on allocation) 34.62M->27.62M 1.136ms
[30.055s] GC(207) Pause Incremental GC (Collect on allocation) 35.62M->27.62M 1.263ms
[30.092s] GC(208) Pause Incremental GC (Collect on allocation) 36.62M->27.62M 1.127ms
[30.129s] GC(209) Pause Incremental GC (Collect on allocation) 36.12M->27.62M 1.135ms
[30.162s] GC(210) Pause Incremental GC (Collect on allocation) 35.62M->27.62M 1.096ms
[30.194s] GC(211) Pause Incremental GC (Collect on allocation) 35.12M->27.62M 1.179ms
[30.223s] GC(212) Pause Incremental GC (Collect on allocation) 34.62M->27.62M 1.136ms
[30.251s] GC(213) Pause Incremental GC (Collect on allocation) 34.12M->27.62M 1.107ms
[30.281s] GC(214) Pause Incremental GC (Collect on allocation) 35.12M->27.62M 1.216ms
[30.316s] GC(215) Pause Incremental GC (Collect on allocation) 36.12M->27.62M 1.136ms
[30.357s] GC(216) Pause Incremental GC (Collect on allocation) 37.12M->27.62M 1.161ms
[30.393s] GC(217) Pause Incremental GC (Collect on allocation) 36.62M->27.62M 1.182ms
[30.429s] GC(218) Pause Incremental GC (Collect on allocation) 36.12M->27.62M 1.247ms
[30.482s] GC(219) Pause Full GC (Collect on allocation) 35.62M->27.12M 20.904ms
[30.493s] GC(220) Pause Incremental GC (Collect on allocation) 34.12M->27.12M 1.243ms
[30.526s] GC(221) Pause Incremental GC (Collect on allocation) 35.12M->27.12M 1.071ms
[30.562s] GC(222) Pause Incremental GC (Collect on allocation) 36.12M->27.12M 1.220ms
[30.598s] GC(223) Pause Incremental GC (Collect on allocation) 35.62M->27.12M 1.148ms
[30.631s] GC(224) Pause Incremental GC (Collect on allocation) 35.12M->27.12M 1.105ms
[30.664s] GC(225) Pause Incremental GC (Collect on allocation) 34.62M->27.12M 1.128ms
[30.692s] GC(226) Pause Incremental GC (Collect on allocation) 34.12M->27.12M 1.105ms
[30.718s] GC(227) Pause Incremental GC (Collect on allocation) 33.62M->27.12M 1.078ms
[30.750s] GC(228) Pause Incremental GC (Collect on allocation) 34.62M->27.12M 1.066ms
[30.780s] GC(229) Pause Incremental GC (Collect on allocation) 34.12M->27.12M 1.083ms
[30.813s] GC(230) Pause Incremental GC (Collect on allocation) 35.12M->27.12M 1.160ms
[30.849s] GC(231) Pause Incremental GC (Collect on allocation) 36.12M->27.12M 1.120ms
[30.883s] GC(232) Pause Incremental GC (Collect on allocation) 35.62M->27.12M 1.216ms
[30.917s] GC(233) Pause Incremental GC (Collect on allocation) 35.12M->27.12M 1.135ms
[30.949s] GC(234) Pause Incremental GC (Collect on allocation) 34.62M->27.12M 1.154ms
[30.978s] GC(235) Pause Incremental GC (Collect on allocation) 34.12M->27.12M 1.167ms
[31.011s] GC(236) Pause Incremental GC (Collect on allocation) 35.12M->27.12M 1.135ms
[31.043s] GC(237) Pause Incremental GC (Collect on allocation) 34.62M->27.62M 1.199ms
[31.046s] GC(238) Pause Incremental GC (Collect on allocation) 36.12M->27.62M 1.313ms
[31.048s] GC(239) Pause Incremental GC (Collect on allocation) 35.62M->27.62M 1.048ms
[31.076s] GC(240) Pause Incremental GC (Collect on allocation) 35.12M->27.62M 1.227ms
[31.106s] GC(241) Pause Incremental GC (Collect on allocation) 34.62M->27.62M 1.155ms
[31.133s] GC(242) Pause Incremental GC (Collect on allocation) 34.12M->27.62M 1.257ms
[31.158s] GC(243) Pause Incremental GC (Collect on allocation) 33.62M->27.62M 1.124ms
[31.180s] GC(244) Pause Incremental GC (Collect on allocation) 33.12M->27.62M 1.231ms
[31.199s] GC(245) Pause Incremental GC (Collect on allocation) 32.62M->27.62M 1.167ms
[31.217s] GC(246) Pause Incremental GC (Collect on allocation) 32.12M->27.62M 1.114ms
[31.234s] GC(247) Pause Incremental GC (Collect on allocation) 31.62M->27.62M 1.127ms
[31.249s] GC(248) Pause Incremental GC (Collect on allocation) 31.62M->27.62M 1.083ms
[31.265s] GC(249) Pause Incremental GC (Collect on allocation) 31.62M->27.62M 1.075ms
[31.282s] GC(250) Pause Incremental GC (Collect on allocation) 31.62M->28.12M 1.086ms
[31.297s] GC(251) Pause Incremental GC (Collect on allocation) 32.12M->28.12M 1.122ms
[31.313s] GC(252) Pause Incremental GC (Collect on allocation) 32.12M->28.12M 1.176ms
[31.328s] GC(253) Pause Incremental GC (Collect on allocation) 32.12M->28.12M 1.117ms
[31.343s] GC(254) Pause Incremental GC (Collect on allocation) 32.12M->28.12M 1.035ms
[31.360s] GC(255) Pause Incremental GC (Collect on allocation) 32.12M->28.12M 1.054ms
[31.375s] GC(256) Pause Incremental GC (Collect on allocation) 32.12M->28.12M 1.166ms
[31.391s] GC(257) Pause Incremental GC (Collect on allocation) 32.12M->28.12M 1.063ms
[31.427s] GC(258) Pause Full GC (Collect on allocation) 32.12M->27.12M 21.577ms
[31.432s] GC(259) Pause Incremental GC (Collect on allocation) 31.12M->27.12M 1.197ms
[31.438s] GC(260) Pause Incremental GC (Collect on allocation) 31.12M->27.12M 1.137ms
[31.452s] GC(261) Pause Incremental GC (Collect on allocation) 31.12M->27.12M 1.118ms
[31.468s] GC(262) Pause Incremental GC (Collect on allocation) 31.12M->27.12M 1.030ms
[31.484s] GC(263) Pause Incremental GC (Collect on allocation) 31.12M->27.12M 1.044ms
[31.500s] GC(264) Pause Incremental GC (Collect on allocation) 31.12M->27.12M 1.047ms
[31.516s] GC(265) Pause Incremental GC (Collect on allocation) 31.12M->27.12M 1.047ms
[31.531s] GC(266) Pause Incremental GC (Collect on allocation) 31.12M->27.12M 1.084ms
[31.547s] GC(267) Pause Incremental GC (Collect on allocation) 31.12M->27.12M 1.338ms
[31.563s] GC(268) Pause Incremental GC (Collect on allocation) 31.12M->27.12M 1.087ms
[31.579s] GC(269) Pause Incremental GC (Collect on allocation) 31.12M->27.12M 1.158ms
[31.595s] GC(270) Pause Incremental GC (Collect on allocation) 31.12M->27.12M 1.100ms
[31.610s] GC(271) Pause Incremental GC (Collect on allocation) 31.12M->27.12M 1.084ms
[31.627s] GC(272) Pause Incremental GC (Collect on allocation) 31.12M->27.62M 1.119ms
[31.642s] GC(273) Pause Incremental GC (Collect on allocation) 31.62M->27.62M 1.133ms
[31.658s] GC(274) Pause Incremental GC (Collect on allocation) 31.62M->27.62M 1.088ms
[31.674s] GC(275) Pause Incremental GC (Collect on allocation) 31.62M->27.62M 0.986ms
[31.689s] GC(276) Pause Incremental GC (Collect on allocation) 31.62M->27.62M 1.062ms
[31.706s] GC(277) Pause Incremental GC (Collect on allocation) 31.62M->27.62M 1.196ms
[31.722s] GC(278) Pause Incremental GC (Collect on allocation) 31.62M->27.62M 1.010ms
[31.737s] GC(279) Pause Incremental GC (Collect on allocation) 31.62M->27.62M 1.097ms
[31.753s] GC(280) Pause Incremental GC (Collect on allocation) 31.62M->27.62M 1.087ms
[31.769s] GC(281) Pause Incremental GC (Collect on allocation) 31.62M->27.62M 1.086ms
[31.785s] GC(282) Pause Incremental GC (Collect on allocation) 31.62M->27.62M 1.104ms
[31.800s] GC(283) Pause Incremental GC (Collect on allocation) 31.62M->27.62M 1.022ms
[31.816s] GC(284) Pause Incremental GC (Collect on allocation) 31.62M->27.62M 1.042ms
[31.832s] GC(285) Pause Incremental GC (Collect on allocation) 31.62M->27.62M 1.096ms
[31.848s] GC(286) Pause Incremental GC (Collect on allocation) 31.62M->27.62M 1.033ms
[31.864s] GC(287) Pause Incremental GC (Collect on allocation) 31.62M->27.62M 1.047ms
[31.880s] GC(288) Pause Incremental GC (Collect on allocation) 31.62M->27.62M 1.125ms
[31.896s] GC(289) Pause Incremental GC (Collect on allocation) 31.62M->28.12M 1.166ms
[31.911s] GC(290) Pause Incremental GC (Collect on allocation) 32.12M->28.12M 1.061ms
[31.927s] GC(291) Pause Incremental GC (Collect on allocation) 32.12M->28.12M 1.090ms
[31.942s] GC(292) Pause Incremental GC (Collect on allocation) 32.12M->28.12M 1.168ms
[31.957s] GC(293) Pause Incremental GC (Collect on allocation) 32.12M->28.12M 1.155ms
[31.973s] GC(294) Pause Incremental GC (Collect on allocation) 32.12M->28.12M 1.023ms
[31.989s] GC(295) Pause Incremental GC (Collect on allocation) 32.12M->28.12M 1.089ms
[32.006s] GC(296) Pause Incremental GC (Collect on allocation) 32.12M->28.12M 1.078ms
[32.042s] GC(297) Pause Full GC (Collect on allocation) 32.12M->27.12M 21.796ms
[32.047s] GC(298) Pause Incremental GC (Collect on allocation) 31.12M->27.12M 1.266ms
[32.052s] GC(299) Pause Incremental GC (Collect on allocation) 31.12M->27.12M 1.099ms
[32.069s] GC(300) Pause Incremental GC (Collect on allocation) 31.12M->27.12M 1.118ms
[32.084s] GC(301) Pause Incremental GC (Collect on allocation) 31.12M->27.12M 1.046ms
[32.100s] GC(302) Pause Incremental GC (Collect on allocation) 31.12M->27.12M 1.083ms
[32.115s] GC(303) Pause Incremental GC (Collect on allocation) 31.12M->27.12M 1.057ms
[32.132s] GC(304) Pause Incremental GC (Collect on allocation) 31.12M->27.12M 1.088ms
[32.147s] GC(305) Pause Incremental GC (Collect on allocation) 31.12M->27.12M 1.118ms
[32.163s] GC(306) Pause Incremental GC (Collect on allocation) 31.12M->27.12M 1.114ms
[32.179s] GC(307) Pause Incremental GC (Collect on allocation) 31.12M->27.12M 1.152ms
[32.194s] GC(308) Pause Incremental GC (Collect on allocation) 31.12M->27.12M 1.039ms
[32.211s] GC(309) Pause Incremental GC (Collect on allocation) 31.12M->27.12M 1.124ms
[32.226s] GC(310) Pause Incremental GC (Collect on allocation) 31.12M->27.12M 1.024ms
[32.242s] GC(311) Pause Incremental GC (Collect on allocation) 31.12M->27.62M 0.999ms
[32.258s] GC(312) Pause Incremental GC (Collect on allocation) 31.62M->27.62M 1.099ms
[32.274s] GC(313) Pause Incremental GC (Collect on allocation) 31.62M->27.62M 1.029ms
[32.290s] GC(314) Pause Incremental GC (Collect on allocation) 31.62M->27.62M 1.058ms
[32.306s] GC(315) Pause Incremental GC (Collect on allocation) 31.62M->27.62M 1.062ms
[32.322s] GC(316) Pause Incremental GC (Collect on allocation) 31.62M->27.62M 1.099ms
[32.337s] GC(317) Pause Incremental GC (Collect on allocation) 31.62M->27.62M 1.111ms
[32.353s] GC(318) Pause Incremental GC (Collect on allocation) 31.62M->27.62M 1.043ms
[32.368s] GC(319) Pause Incremental GC (Collect on allocation) 31.62M->27.62M 1.105ms
[32.385s] GC(320) Pause Incremental GC (Collect on allocation) 31.62M->27.62M 1.029ms
[32.400s] GC(321) Pause Incremental GC (Collect on allocation) 31.62M->27.62M 1.050ms
[32.416s] GC(322) Pause Incremental GC (Collect on allocation) 31.62M->27.62M 1.032ms
[32.431s] GC(323) Pause Incremental GC (Collect on allocation) 31.62M->27.62M 1.091ms
[32.448s] GC(324) Pause Incremental GC (Collect on allocation) 31.62M->27.62M 1.320ms
[32.464s] GC(325) Pause Incremental GC (Collect on allocation) 31.62M->27.62M 1.135ms
[32.479s] GC(326) Pause Incremental GC (Collect on allocation) 31.62M->27.62M 1.186ms
[32.495s] GC(327) Pause Incremental GC (Collect on allocation) 31.62M->27.62M 1.106ms
[32.510s] GC(328) Pause Incremental GC (Collect on allocation) 31.62M->27.62M 1.085ms
[32.526s] GC(329) Pause Incremental GC (Collect on allocation) 31.62M->27.62M 1.016ms
[32.542s] GC(330) Pause Incremental GC (Collect on allocation) 31.62M->27.62M 1.022ms
[32.558s] GC(331) Pause Incremental GC (Collect on allocation) 31.62M->27.62M 1.031ms
[32.574s] GC(332) Pause Incremental GC (Collect on allocation) 31.62M->27.62M 1.035ms
[32.589s] GC(333) Pause Incremental GC (Collect on allocation) 31.62M->27.62M 1.050ms
[32.605s] GC(334) Pause Incremental GC (Collect on allocation) 31.62M->28.12M 1.185ms
[32.621s] GC(335) Pause Incremental GC (Collect on allocation) 32.12M->28.12M 1.088ms
[32.636s] GC(336) Pause Incremental GC (Collect on allocation) 32.12M->28.12M 1.034ms
[32.652s] GC(337) Pause Incremental GC (Collect on allocation) 32.12M->28.12M 1.028ms
[32.691s] GC(338) Pause Full GC (Collect on allocation) 32.12M->27.12M 22.923ms
[32.696s] GC(339) Pause Incremental GC (Collect on allocation) 31.12M->27.12M 1.322ms
[32.700s] GC(340) Pause Incremental GC (Collect on allocation) 31.12M->27.12M 1.132ms
[32.715s] GC(341) Pause Incremental GC (Collect on allocation) 31.12M->27.12M 1.140ms
[32.731s] GC(342) Pause Incremental GC (Collect on allocation) 31.12M->27.12M 1.111ms
[32.747s] GC(343) Pause Incremental GC (Collect on allocation) 31.12M->27.12M 1.265ms
[32.763s] GC(344) Pause Incremental GC (Collect on allocation) 31.12M->27.12M 1.103ms
[32.778s] GC(345) Pause Incremental GC (Collect on allocation) 31.12M->27.12M 1.100ms
[32.794s] GC(346) Pause Incremental GC (Collect on allocation) 31.12M->27.12M 1.093ms
[32.809s] GC(347) Pause Incremental GC (Collect on allocation) 31.12M->27.12M 1.067ms
[32.824s] GC(348) Pause Incremental GC (Collect on allocation) 31.12M->27.12M 1.105ms
[32.840s] GC(349) Pause Incremental GC (Collect on allocation) 31.12M->27.62M 1.148ms
[32.855s] GC(350) Pause Incremental GC (Collect on allocation) 31.62M->27.62M 1.059ms
[32.871s] GC(351) Pause Incremental GC (Collect on allocation) 31.62M->27.62M 1.169ms
[32.886s] GC(352) Pause Incremental GC (Collect on allocation) 31.62M->27.62M 1.113ms
[32.902s] GC(353) Pause Incremental GC (Collect on allocation) 31.62M->27.62M 1.084ms
[32.918s] GC(354) Pause Incremental GC (Collect on allocation) 31.62M->27.62M 1.087ms
[32.933s] GC(355) Pause Incremental GC (Collect on allocation) 31.62M->27.62M 1.174ms
[32.948s] GC(356) Pause Incremental GC (Collect on allocation) 31.62M->27.62M 1.133ms
[32.965s] GC(357) Pause Incremental GC (Collect on allocation) 31.62M->27.62M 1.107ms
[32.980s] GC(358) Pause Incremental GC (Collect on allocation) 31.62M->27.62M 1.207ms
[32.995s] GC(359) Pause Incremental GC (Collect on allocation) 31.62M->27.62M 1.134ms
[33.012s] GC(360) Pause Incremental GC (Collect on allocation) 31.62M->27.62M 1.093ms
[33.028s] GC(361) Pause Incremental GC (Collect on allocation) 31.62M->27.62M 1.061ms
[33.043s] GC(362) Pause Incremental GC (Collect on allocation) 31.62M->27.62M 1.051ms
[33.059s] GC(363) Pause Incremental GC (Collect on allocation) 31.62M->27.62M 1.095ms
[33.075s] GC(364) Pause Incremental GC (Collect on allocation) 31.62M->27.62M 1.035ms
[33.090s] GC(365) Pause Incremental GC (Collect on allocation) 31.62M->27.62M 1.032ms
[33.106s] GC(366) Pause Incremental GC (Collect on allocation) 31.62M->27.62M 1.048ms
[33.123s] GC(367) Pause Incremental GC (Collect on allocation) 31.62M->28.12M 1.121ms
[33.138s] GC(368) Pause Incremental GC (Collect on allocation) 32.12M->28.12M 1.101ms
[33.154s] GC(369) Pause Incremental GC (Collect on allocation) 32.12M->28.12M 1.272ms
[33.170s] GC(370) Pause Incremental GC (Collect on allocation) 32.12M->28.12M 1.144ms
[33.186s] GC(371) Pause Incremental GC (Collect on allocation) 32.12M->28.12M 1.455ms
[33.202s] GC(372) Pause Incremental GC (Collect on allocation) 32.12M->28.12M 1.127ms
[33.217s] GC(373) Pause Incremental GC (Collect on allocation) 32.12M->28.12M 1.146ms
[33.233s] GC(374) Pause Incremental GC (Collect on allocation) 32.12M->28.12M 1.163ms
[33.249s] GC(375) Pause Incremental GC (Collect on allocation) 32.12M->28.12M 1.105ms
[33.264s] GC(376) Pause Incremental GC (Collect on allocation) 32.12M->28.12M 1.070ms
[33.301s] GC(377) Pause Full GC (Collect on allocation) 32.12M->27.12M 21.775ms
[33.307s] GC(378) Pause Incremental GC (Collect on allocation) 31.12M->27.12M 1.432ms
[33.312s] GC(379) Pause Incremental GC (Collect on allocation) 31.12M->27.12M 1.063ms
[33.327s] GC(380) Pause Incremental GC (Collect on allocation) 31.12M->27.12M 1.140ms
[33.342s] GC(381) Pause Incremental GC (Collect on allocation) 31.12M->27.12M 1.105ms
[33.357s] GC(382) Pause Incremental GC (Collect on allocation) 31.12M->27.12M 1.081ms
[33.373s] GC(383) Pause Incremental GC (Collect on allocation) 31.12M->27.12M 1.139ms
[33.388s] GC(384) Pause Incremental GC (Collect on allocation) 31.12M->27.12M 1.064ms
[33.403s] GC(385) Pause Incremental GC (Collect on allocation) 31.12M->27.12M 1.105ms
[33.420s] GC(386) Pause Incremental GC (Collect on allocation) 31.12M->27.12M 1.079ms
[33.435s] GC(387) Pause Incremental GC (Collect on allocation) 31.12M->27.62M 1.040ms
[33.451s] GC(388) Pause Incremental GC (Collect on allocation) 31.62M->27.62M 1.051ms
[33.467s] GC(389) Pause Incremental GC (Collect on allocation) 31.62M->27.62M 1.063ms
[33.482s] GC(390) Pause Incremental GC (Collect on allocation) 31.62M->27.62M 1.062ms
[33.497s] GC(391) Pause Incremental GC (Collect on allocation) 31.62M->27.62M 1.152ms
[33.513s] GC(392) Pause Incremental GC (Collect on allocation) 31.62M->27.62M 1.171ms
[33.526s] GC(393) Pause Incremental GC (Collect on allocation) 31.62M->27.62M 1.099ms
[33.542s] GC(394) Pause Incremental GC (Collect on allocation) 31.62M->27.62M 1.033ms
[33.558s] GC(395) Pause Incremental GC (Collect on allocation) 31.62M->27.62M 1.156ms
[33.574s] GC(396) Pause Incremental GC (Collect on allocation) 31.62M->27.62M 1.139ms
[33.589s] GC(397) Pause Incremental GC (Collect on allocation) 31.62M->27.62M 1.133ms
[33.604s] GC(398) Pause Incremental GC (Collect on allocation) 31.62M->27.62M 1.150ms
[33.620s] GC(399) Pause Incremental GC (Collect on allocation) 31.62M->27.62M 1.145ms
[33.636s] GC(400) Pause Incremental GC (Collect on allocation) 31.62M->27.62M 1.077ms
[33.652s] GC(401) Pause Incremental GC (Collect on allocation) 31.62M->27.62M 1.029ms
[33.667s] GC(402) Pause Incremental GC (Collect on allocation) 31.62M->27.62M 1.055ms
[33.683s] GC(403) Pause Incremental GC (Collect on allocation) 31.62M->28.12M 1.253ms
[33.697s] GC(404) Pause Incremental GC (Collect on allocation) 32.12M->28.12M 1.174ms
[33.712s] GC(405) Pause Incremental GC (Collect on allocation) 32.12M->28.12M 1.106ms
[33.729s] GC(406) Pause Incremental GC (Collect on allocation) 32.12M->28.12M 1.121ms
[33.744s] GC(407) Pause Incremental GC (Collect on allocation) 32.12M->28.12M 1.064ms
[33.760s] GC(408) Pause Incremental GC (Collect on allocation) 32.12M->28.12M 1.072ms
[33.776s] GC(409) Pause Incremental GC (Collect on allocation) 32.12M->28.12M 1.037ms
[33.791s] GC(410) Pause Incremental GC (Collect on allocation) 32.12M->28.12M 1.118ms
[33.806s] GC(411) Pause Incremental GC (Collect on allocation) 32.12M->28.12M 1.279ms
[33.821s] GC(412) Pause Incremental GC (Collect on allocation) 32.12M->28.12M 1.055ms
[33.836s] GC(413) Pause Incremental GC (Collect on allocation) 32.12M->28.12M 1.126ms
[33.851s] GC(414) Pause Incremental GC (Collect on allocation) 32.12M->28.12M 1.049ms
[33.867s] GC(415) Pause Incremental GC (Collect on allocation) 32.12M->28.12M 1.037ms
[33.883s] GC(416) Pause Incremental GC (Collect on allocation) 32.12M->28.12M 1.087ms
[33.921s] GC(417) Pause Full GC (Collect on allocation) 32.12M->27.12M 22.151ms
[33.926s] GC(418) Pause Incremental GC (Collect on allocation) 31.12M->27.12M 1.208ms
[33.930s] GC(419) Pause Incremental GC (Collect on allocation) 31.12M->27.12M 1.031ms
[33.946s] GC(420) Pause Incremental GC (Collect on allocation) 31.12M->27.12M 1.062ms
[33.963s] GC(421) Pause Incremental GC (Collect on allocation) 31.12M->27.12M 1.072ms
[33.978s] GC(422) Pause Incremental GC (Collect on allocation) 31.12M->27.12M 1.047ms
[33.994s] GC(423) Pause Incremental GC (Collect on allocation) 31.12M->27.12M 1.435ms
[34.010s] GC(424) Pause Incremental GC (Collect on allocation) 31.12M->27.12M 1.051ms
[34.026s] GC(425) Pause Incremental GC (Collect on allocation) 31.12M->27.12M 1.104ms
[34.041s] GC(426) Pause Incremental GC (Collect on allocation) 31.12M->27.12M 1.055ms
[34.057s] GC(427) Pause Incremental GC (Collect on allocation) 31.12M->27.12M 1.122ms
[34.074s] GC(428) Pause Incremental GC (Collect on allocation) 31.12M->27.12M 1.019ms
[34.089s] GC(429) Pause Incremental GC (Collect on allocation) 31.12M->27.12M 1.095ms
[34.105s] GC(430) Pause Incremental GC (Collect on allocation) 31.12M->27.12M 1.076ms
[34.120s] GC(431) Pause Incremental GC (Collect on allocation) 31.12M->27.12M 1.117ms
[34.137s] GC(432) Pause Incremental GC (Collect on allocation) 31.12M->27.12M 1.092ms
[34.151s] GC(433) Pause Incremental GC (Collect on allocation) 31.12M->27.12M 1.024ms
[34.168s] GC(434) Pause Incremental GC (Collect on allocation) 31.12M->27.12M 1.080ms
[34.183s] GC(435) Pause Incremental GC (Collect on allocation) 31.12M->27.62M 1.092ms
[34.199s] GC(436) Pause Incremental GC (Collect on allocation) 31.62M->27.62M 1.083ms
[34.215s] GC(437) Pause Incremental GC (Collect on allocation) 31.62M->27.62M 1.036ms
[34.230s] GC(438) Pause Incremental GC (Collect on allocation) 31.62M->27.62M 1.064ms
[34.247s] GC(439) Pause Incremental GC (Collect on allocation) 31.62M->27.62M 1.089ms
[34.262s] GC(440) Pause Incremental GC (Collect on allocation) 31.62M->27.62M 1.058ms
[34.278s] GC(441) Pause Incremental GC (Collect on allocation) 31.62M->27.62M 1.115ms
[34.295s] GC(442) Pause Incremental GC (Collect on allocation) 31.62M->27.62M 1.076ms
[34.309s] GC(443) Pause Incremental GC (Collect on allocation) 31.62M->27.62M 1.180ms
[34.324s] GC(444) Pause Incremental GC (Collect on allocation) 31.62M->27.62M 1.119ms
[34.340s] GC(445) Pause Incremental GC (Collect on allocation) 31.62M->27.62M 1.158ms
[34.357s] GC(446) Pause Incremental GC (Collect on allocation) 31.62M->27.62M 1.149ms
[34.372s] GC(447) Pause Incremental GC (Collect on allocation) 31.62M->27.62M 1.120ms
[34.387s] GC(448) Pause Incremental GC (Collect on allocation) 31.62M->27.62M 1.156ms
[34.404s] GC(449) Pause Incremental GC (Collect on allocation) 31.62M->27.62M 1.081ms
[34.420s] GC(450) Pause Incremental GC (Collect on allocation) 31.62M->27.62M 1.109ms
[34.435s] GC(451) Pause Incremental GC (Collect on allocation) 31.62M->27.62M 1.063ms
[34.451s] GC(452) Pause Incremental GC (Collect on allocation) 31.62M->28.12M 1.240ms
[34.466s] GC(453) Pause Incremental GC (Collect on allocation) 32.12M->28.12M 1.120ms
[34.482s] GC(454) Pause Incremental GC (Collect on allocation) 32.12M->28.12M 1.029ms
[34.499s] GC(455) Pause Incremental GC (Collect on allocation) 32.12M->28.12M 1.043ms
[34.514s] GC(456) Pause Incremental GC (Collect on allocation) 32.12M->28.12M 1.136ms
[34.552s] GC(457) Pause Full GC (Collect on allocation) 32.12M->27.12M 23.913ms
[34.558s] GC(458) Pause Incremental GC (Collect on allocation) 31.12M->27.12M 1.462ms
[34.563s] GC(459) Pause Incremental GC (Collect on allocation) 31.12M->27.12M 1.359ms
[34.576s] GC(460) Pause Incremental GC (Collect on allocation) 31.12M->27.12M 1.296ms
[34.591s] GC(461) Pause Incremental GC (Collect on allocation) 31.12M->27.12M 1.097ms
[34.608s] GC(462) Pause Incremental GC (Collect on allocation) 31.12M->27.12M 1.374ms
[34.623s] GC(463) Pause Incremental GC (Collect on allocation) 31.12M->27.12M 1.350ms
[34.638s] GC(464) Pause Incremental GC (Collect on allocation) 31.12M->27.12M 1.214ms
[34.654s] GC(465) Pause Incremental GC (Collect on allocation) 31.12M->27.62M 1.172ms
[34.670s] GC(466) Pause Incremental GC (Collect on allocation) 31.62M->27.62M 1.176ms
[34.685s] GC(467) Pause Incremental GC (Collect on allocation) 31.62M->27.62M 1.132ms
[34.701s] GC(468) Pause Incremental GC (Collect on allocation) 31.62M->27.62M 1.110ms
[34.717s] GC(469) Pause Incremental GC (Collect on allocation) 31.62M->27.62M 1.120ms
[34.733s] GC(470) Pause Incremental GC (Collect on allocation) 31.62M->27.62M 1.104ms
[34.747s] GC(471) Pause Incremental GC (Collect on allocation) 31.62M->27.62M 1.154ms
[34.764s] GC(472) Pause Incremental GC (Collect on allocation) 31.62M->27.62M 1.178ms
[34.779s] GC(473) Pause Incremental GC (Collect on allocation) 31.62M->27.62M 1.316ms
[34.795s] GC(474) Pause Incremental GC (Collect on allocation) 31.62M->27.62M 1.108ms
[34.811s] GC(475) Pause Incremental GC (Collect on allocation) 31.62M->27.62M 1.053ms
[34.827s] GC(476) Pause Incremental GC (Collect on allocation) 31.62M->27.62M 1.093ms
[34.842s] GC(477) Pause Incremental GC (Collect on allocation) 31.62M->27.62M 1.132ms
[34.859s] GC(478) Pause Incremental GC (Collect on allocation) 31.62M->27.62M 1.112ms
[34.874s] GC(479) Pause Incremental GC (Collect on allocation) 31.62M->27.62M 1.098ms
[34.890s] GC(480) Pause Incremental GC (Collect on allocation) 31.62M->27.62M 1.131ms
[34.906s] GC(481) Pause Incremental GC (Collect on allocation) 31.62M->27.62M 1.209ms
[34.921s] GC(482) Pause Incremental GC (Collect on allocation) 31.62M->27.62M 1.114ms
[34.937s] GC(483) Pause Incremental GC (Collect on allocation) 31.62M->27.62M 1.140ms
[34.953s] GC(484) Pause Incremental GC (Collect on allocation) 31.62M->28.12M 1.140ms
[34.968s] GC(485) Pause Incremental GC (Collect on allocation) 32.12M->28.12M 1.123ms
[34.983s] GC(486) Pause Incremental GC (Collect on allocation) 32.12M->28.12M 1.091ms
[35.000s] GC(487) Pause Incremental GC (Collect on allocation) 32.12M->28.12M 1.161ms
[35.016s] GC(488) Pause Incremental GC (Collect on allocation) 32.12M->28.12M 1.066ms
[35.031s] GC(489) Pause Incremental GC (Collect on allocation) 32.12M->28.12M 1.184ms
[35.046s] GC(490) Pause Incremental GC (Collect on allocation) 32.12M->28.12M 1.122ms
[35.062s] GC(491) Pause Incremental GC (Collect on allocation) 32.12M->28.12M 1.142ms
[35.079s] GC(492) Pause Incremental GC (Collect on allocation) 32.12M->28.12M 1.088ms
[35.094s] GC(493) Pause Incremental GC (Collect on allocation) 32.12M->28.12M 1.074ms
[35.110s] GC(494) Pause Incremental GC (Collect on allocation) 32.12M->28.12M 1.070ms
[35.126s] GC(495) Pause Incremental GC (Collect on allocation) 32.12M->28.12M 1.083ms
[35.140s] GC(496) Pause Incremental GC (Collect on allocation) 32.12M->28.12M 1.176ms
[35.177s] GC(497) Pause Full GC (Collect on allocation) 32.12M->27.12M 22.825ms
[35.182s] GC(498) Pause Incremental GC (Collect on allocation) 31.12M->27.12M 1.346ms
[35.187s] GC(499) Pause Incremental GC (Collect on allocation) 31.12M->27.12M 1.088ms
[35.202s] GC(500) Pause Incremental GC (Collect on allocation) 31.12M->27.12M 1.068ms
[35.218s] GC(501) Pause Incremental GC (Collect on allocation) 31.12M->27.12M 1.040ms
[35.232s] GC(502) Pause Incremental GC (Collect on allocation) 31.12M->27.12M 1.126ms
[35.248s] GC(503) Pause Incremental GC (Collect on allocation) 31.12M->27.12M 1.141ms
[35.263s] GC(504) Pause Incremental GC (Collect on allocation) 31.12M->27.12M 1.193ms
[35.278s] GC(505) Pause Incremental GC (Collect on allocation) 31.12M->27.12M 1.056ms
[35.294s] GC(506) Pause Incremental GC (Collect on allocation) 31.12M->27.12M 1.058ms
[35.310s] GC(507) Pause Incremental GC (Collect on allocation) 31.12M->27.12M 1.082ms
[35.326s] GC(508) Pause Incremental GC (Collect on allocation) 31.12M->27.12M 1.102ms
[35.342s] GC(509) Pause Incremental GC (Collect on allocation) 31.12M->27.12M 1.188ms
[35.359s] GC(510) Pause Incremental GC (Collect on allocation) 31.12M->27.12M 1.117ms
[35.374s] GC(511) Pause Incremental GC (Collect on allocation) 31.12M->27.12M 1.305ms
[35.388s] GC(512) Pause Incremental GC (Collect on allocation) 31.12M->27.62M 1.423ms
[35.404s] GC(513) Pause Incremental GC (Collect on allocation) 31.62M->27.62M 1.096ms
[35.418s] GC(514) Pause Incremental GC (Collect on allocation) 31.62M->27.62M 1.196ms
[35.435s] GC(515) Pause Incremental GC (Collect on allocation) 31.62M->27.62M 1.136ms
[35.450s] GC(516) Pause Incremental GC (Collect on allocation) 31.62M->27.62M 1.161ms
[35.466s] GC(517) Pause Incremental GC (Collect on allocation) 31.62M->27.62M 1.160ms
[35.482s] GC(518) Pause Incremental GC (Collect on allocation) 31.62M->27.62M 1.326ms
[35.495s] GC(519) Pause Incremental GC (Collect on allocation) 31.62M->27.62M 1.134ms
[35.510s] GC(520) Pause Incremental GC (Collect on allocation) 31.62M->27.62M 1.143ms
[35.525s] GC(521) Pause Incremental GC (Collect on allocation) 31.62M->27.62M 1.291ms
[35.541s] GC(522) Pause Incremental GC (Collect on allocation) 31.62M->27.62M 1.172ms
[35.556s] GC(523) Pause Incremental GC (Collect on allocation) 31.62M->27.62M 1.066ms
[35.572s] GC(524) Pause Incremental GC (Collect on allocation) 31.62M->27.62M 1.141ms
[35.587s] GC(525) Pause Incremental GC (Collect on allocation) 31.62M->27.62M 1.132ms
[35.603s] GC(526) Pause Incremental GC (Collect on allocation) 31.62M->28.12M 1.051ms
[35.618s] GC(527) Pause Incremental GC (Collect on allocation) 32.12M->28.12M 1.140ms
[35.633s] GC(528) Pause Incremental GC (Collect on allocation) 32.12M->28.12M 1.067ms
[35.650s] GC(529) Pause Incremental GC (Collect on allocation) 32.12M->28.12M 1.066ms
[35.666s] GC(530) Pause Incremental GC (Collect on allocation) 32.12M->28.12M 1.097ms
[35.682s] GC(531) Pause Incremental GC (Collect on allocation) 32.12M->28.12M 1.113ms
[35.697s] GC(532) Pause Incremental GC (Collect on allocation) 32.12M->28.12M 1.072ms
[35.714s] GC(533) Pause Incremental GC (Collect on allocation) 32.12M->28.12M 1.145ms
[35.729s] GC(534) Pause Incremental GC (Collect on allocation) 32.12M->28.12M 1.170ms
[35.745s] GC(535) Pause Incremental GC (Collect on allocation) 32.12M->28.12M 1.148ms
[35.760s] GC(536) Pause Incremental GC (Collect on allocation) 32.12M->28.12M 1.019ms
[35.777s] GC(537) Pause Incremental GC (Collect on allocation) 32.12M->28.12M 1.084ms
[35.813s] GC(538) Pause Full GC (Collect on allocation) 32.12M->27.12M 21.878ms
[35.818s] GC(539) Pause Incremental GC (Collect on allocation) 31.12M->27.12M 1.405ms
[35.823s] GC(540) Pause Incremental GC (Collect on allocation) 31.12M->27.12M 1.090ms
[35.837s] GC(541) Pause Incremental GC (Collect on allocation) 31.12M->27.12M 1.148ms
[35.853s] GC(542) Pause Incremental GC (Collect on allocation) 31.12M->27.12M 1.050ms
[35.869s] GC(543) Pause Incremental GC (Collect on allocation) 31.12M->27.12M 1.101ms
[35.885s] GC(544) Pause Incremental GC (Collect on allocation) 31.12M->27.12M 1.100ms
[35.900s] GC(545) Pause Incremental GC (Collect on allocation) 31.12M->27.12M 1.016ms
[35.916s] GC(546) Pause Incremental GC (Collect on allocation) 31.12M->27.62M 1.163ms
[35.931s] GC(547) Pause Incremental GC (Collect on allocation) 31.62M->27.62M 1.024ms
[35.947s] GC(548) Pause Incremental GC (Collect on allocation) 31.62M->27.62M 1.076ms
[35.962s] GC(549) Pause Incremental GC (Collect on allocation) 31.62M->27.62M 1.125ms
[35.979s] GC(550) Pause Incremental GC (Collect on allocation) 31.62M->27.62M 1.141ms
[35.994s] GC(551) Pause Incremental GC (Collect on allocation) 31.62M->27.62M 1.051ms
[36.010s] GC(552) Pause Incremental GC (Collect on allocation) 31.62M->27.62M 1.082ms
[36.026s] GC(553) Pause Incremental GC (Collect on allocation) 31.62M->27.62M 1.094ms
[36.042s] GC(554) Pause Incremental GC (Collect on allocation) 31.62M->27.62M 1.089ms
[36.045s] GC(555) Pause Incremental GC (Collect on allocation) 31.62M->27.62M 1.167ms
[36.046s] GC(556) Pause Incremental GC (Collect on allocation) 32.12M->27.62M 1.056ms
[36.048s] GC(557) Pause Incremental GC (Collect on allocation) 31.62M->27.62M 0.991ms
[36.049s] GC(558) Pause Incremental GC (Collect on allocation) 31.62M->28.12M 0.970ms
[36.059s] GC(559) Pause Incremental GC (Collect on allocation) 32.62M->28.12M 1.093ms
[36.075s] GC(560) Pause Incremental GC (Collect on allocation) 32.12M->28.12M 1.171ms
[36.090s] GC(561) Pause Incremental GC (Collect on allocation) 32.12M->28.12M 1.052ms
[36.106s] GC(562) Pause Incremental GC (Collect on allocation) 32.12M->28.12M 1.065ms
[36.123s] GC(563) Pause Incremental GC (Collect on allocation) 32.12M->28.12M 1.048ms
[36.138s] GC(564) Pause Incremental GC (Collect on allocation) 32.12M->28.12M 1.094ms
[36.153s] GC(565) Pause Incremental GC (Collect on allocation) 32.12M->28.12M 1.129ms
[36.170s] GC(566) Pause Incremental GC (Collect on allocation) 32.12M->28.12M 1.165ms
[36.184s] GC(567) Pause Incremental GC (Collect on allocation) 32.12M->28.12M 1.133ms
[36.201s] GC(568) Pause Incremental GC (Collect on allocation) 32.12M->28.12M 1.035ms
[36.216s] GC(569) Pause Incremental GC (Collect on allocation) 32.12M->28.12M 1.114ms
[36.231s] GC(570) Pause Incremental GC (Collect on allocation) 32.12M->28.12M 1.061ms
[36.247s] GC(571) Pause Incremental GC (Collect on allocation) 32.12M->28.12M 1.083ms
[36.263s] GC(572) Pause Incremental GC (Collect on allocation) 32.12M->28.12M 1.071ms
[36.279s] GC(573) Pause Incremental GC (Collect on allocation) 32.12M->28.12M 1.161ms
[36.295s] GC(574) Pause Incremental GC (Collect on allocation) 32.12M->28.62M 1.098ms
[36.311s] GC(575) Pause Incremental GC (Collect on allocation) 32.62M->28.62M 1.129ms
[36.326s] GC(576) Pause Incremental GC (Collect on allocation) 32.62M->28.62M 1.270ms
[36.362s] GC(577) Pause Full GC (Collect on allocation) 32.62M->27.12M 22.257ms
[36.367s] GC(578) Pause Incremental GC (Collect on allocation) 31.12M->27.12M 1.275ms
[36.372s] GC(579) Pause Incremental GC (Collect on allocation) 31.12M->27.12M 1.114ms
[36.387s] GC(580) Pause Incremental GC (Collect on allocation) 31.12M->27.12M 1.078ms
[36.403s] GC(581) Pause Incremental GC (Collect on allocation) 31.12M->27.12M 1.092ms
[36.419s] GC(582) Pause Incremental GC (Collect on allocation) 31.12M->27.12M 1.080ms
[36.435s] GC(583) Pause Incremental GC (Collect on allocation) 31.12M->27.12M 1.088ms
[36.451s] GC(584) Pause Incremental GC (Collect on allocation) 31.12M->27.12M 1.085ms
[36.466s] GC(585) Pause Incremental GC (Collect on allocation) 31.12M->27.12M 1.089ms
[36.482s] GC(586) Pause Incremental GC (Collect on allocation) 31.12M->27.12M 1.085ms
[36.497s] GC(587) Pause Incremental GC (Collect on allocation) 31.12M->27.62M 1.127ms
[36.513s] GC(588) Pause Incremental GC (Collect on allocation) 31.62M->27.62M 1.166ms
[36.527s] GC(589) Pause Incremental GC (Collect on allocation) 31.62M->27.62M 1.060ms
[36.543s] GC(590) Pause Incremental GC (Collect on allocation) 31.62M->27.62M 1.182ms
[36.559s] GC(591) Pause Incremental GC (Collect on allocation) 31.62M->27.62M 1.069ms
[36.575s] GC(592) Pause Incremental GC (Collect on allocation) 31.62M->27.62M 1.073ms
[36.590s] GC(593) Pause Incremental GC (Collect on allocation) 31.62M->27.62M 1.019ms
[36.606s] GC(594) Pause Incremental GC (Collect on allocation) 31.62M->27.62M 1.186ms
[36.622s] GC(595) Pause Incremental GC (Collect on allocation) 31.62M->27.62M 1.114ms
[36.638s] GC(596) Pause Incremental GC (Collect on allocation) 31.62M->27.62M 1.091ms
[36.653s] GC(597) Pause Incremental GC (Collect on allocation) 31.62M->27.62M 1.081ms
[36.668s] GC(598) Pause Incremental GC (Collect on allocation) 31.62M->27.62M 1.057ms
[36.684s] GC(599) Pause Incremental GC (Collect on allocation) 31.62M->27.62M 1.070ms
[36.700s] GC(600) Pause Incremental GC (Collect on allocation) 31.62M->27.62M 1.051ms
[36.715s] GC(601) Pause Incremental GC (Collect on allocation) 31.62M->27.62M 1.035ms
[36.731s] GC(602) Pause Incremental GC (Collect on allocation) 31.62M->27.62M 1.043ms
[36.747s] GC(603) Pause Incremental GC (Collect on allocation) 31.62M->27.62M 1.113ms
[36.763s] GC(604) Pause Incremental GC (Collect on allocation) 31.62M->27.62M 1.109ms
[36.779s] GC(605) Pause Incremental GC (Collect on allocation) 31.62M->27.62M 1.153ms
[36.795s] GC(606) Pause Incremental GC (Collect on allocation) 31.62M->28.12M 1.107ms
[36.810s] GC(607) Pause Incremental GC (Collect on allocation) 32.12M->28.12M 1.058ms
[36.825s] GC(608) Pause Incremental GC (Collect on allocation) 32.12M->28.12M 1.065ms
[36.841s] GC(609) Pause Incremental GC (Collect on allocation) 32.12M->28.12M 1.080ms
[36.857s] GC(610) Pause Incremental GC (Collect on allocation) 32.12M->28.12M 1.025ms
[36.872s] GC(611) Pause Incremental GC (Collect on allocation) 32.12M->28.12M 1.077ms
[36.888s] GC(612) Pause Incremental GC (Collect on allocation) 32.12M->28.12M 1.227ms
[36.903s] GC(613) Pause Incremental GC (Collect on allocation) 32.12M->28.12M 1.116ms
[36.921s] GC(614) Pause Incremental GC (Collect on allocation) 32.12M->28.12M 1.190ms
[36.956s] GC(615) Pause Full GC (Collect on allocation) 32.12M->27.12M 22.308ms
[36.961s] GC(616) Pause Incremental GC (Collect on allocation) 31.12M->27.12M 1.271ms
[36.965s] GC(617) Pause Incremental GC (Collect on allocation) 31.12M->27.12M 1.113ms
[36.981s] GC(618) Pause Incremental GC (Collect on allocation) 31.12M->27.12M 1.106ms
[36.997s] GC(619) Pause Incremental GC (Collect on allocation) 31.12M->27.12M 1.119ms
[37.013s] GC(620) Pause Incremental GC (Collect on allocation) 31.12M->27.12M 1.150ms
[37.029s] GC(621) Pause Incremental GC (Collect on allocation) 31.12M->27.12M 1.098ms
[37.044s] GC(622) Pause Incremental GC (Collect on allocation) 31.12M->27.12M 1.096ms
[37.060s] GC(623) Pause Incremental GC (Collect on allocation) 31.12M->27.12M 1.060ms
[37.077s] GC(624) Pause Incremental GC (Collect on allocation) 31.12M->27.12M 1.120ms
[37.092s] GC(625) Pause Incremental GC (Collect on allocation) 31.12M->27.12M 1.068ms
[37.108s] GC(626) Pause Incremental GC (Collect on allocation) 31.12M->27.12M 1.108ms
[37.123s] GC(627) Pause Incremental GC (Collect on allocation) 31.12M->27.62M 1.169ms
[37.139s] GC(628) Pause Incremental GC (Collect on allocation) 31.62M->27.62M 1.083ms
[37.154s] GC(629) Pause Incremental GC (Collect on allocation) 31.62M->27.62M 1.160ms
[37.169s] GC(630) Pause Incremental GC (Collect on allocation) 31.62M->27.62M 1.212ms
[37.185s] GC(631) Pause Incremental GC (Collect on allocation) 31.62M->28.12M 1.210ms
[37.694s] GC(632) Pause Incremental GC (Collect on allocation) 32.12M->28.12M 1.227ms
[37.721s] GC(633) Pause Incremental GC (Collect on allocation) 32.12M->28.12M 1.102ms
[37.746s] GC(634) Pause Incremental GC (Collect on allocation) 32.12M->28.12M 1.129ms
[37.771s] GC(635) Pause Incremental GC (Collect on allocation) 32.12M->28.12M 1.149ms
[37.797s] GC(636) Pause Incremental GC (Collect on allocation) 32.12M->28.12M 1.145ms
[37.819s] GC(637) Pause Incremental GC (Collect on allocation) 32.12M->28.12M 1.071ms
[37.841s] GC(638) Pause Incremental GC (Collect on allocation) 32.12M->28.12M 1.027ms
[37.863s] GC(639) Pause Incremental GC (Collect on allocation) 32.12M->28.12M 1.068ms
[37.884s] GC(640) Pause Incremental GC (Collect on allocation) 32.12M->28.12M 1.079ms
[37.906s] GC(641) Pause Incremental GC (Collect on allocation) 32.12M->28.12M 1.171ms
[37.928s] GC(642) Pause Incremental GC (Collect on allocation) 32.12M->28.62M 1.093ms
[37.949s] GC(643) Pause Incremental GC (Collect on allocation) 32.62M->28.62M 1.030ms
[37.971s] GC(644) Pause Incremental GC (Collect on allocation) 32.62M->28.62M 1.125ms
[37.992s] GC(645) Pause Incremental GC (Collect on allocation) 32.62M->28.62M 1.073ms
[38.015s] GC(646) Pause Incremental GC (Collect on allocation) 32.62M->28.62M 1.034ms
[38.036s] GC(647) Pause Incremental GC (Collect on allocation) 32.62M->28.62M 1.064ms
[38.058s] GC(648) Pause Incremental GC (Collect on allocation) 32.62M->28.62M 1.116ms
[38.079s] GC(649) Pause Incremental GC (Collect on allocation) 32.62M->28.62M 1.085ms
[38.100s] GC(650) Pause Incremental GC (Collect on allocation) 32.62M->28.62M 1.082ms
[38.122s] GC(651) Pause Incremental GC (Collect on allocation) 32.62M->28.62M 1.220ms
[38.166s] GC(652) Pause Full GC (Collect on allocation) 32.62M->23.62M 20.984ms
[38.190s] GC(653) Pause Incremental GC (Collect on allocation) 27.62M->23.62M 1.647ms
[38.211s] GC(654) Pause Incremental GC (Collect on allocation) 27.62M->23.62M 1.029ms
[38.233s] GC(655) Pause Incremental GC (Collect on allocation) 27.62M->23.62M 1.109ms
[38.254s] GC(656) Pause Incremental GC (Collect on allocation) 27.62M->23.62M 1.126ms
[38.279s] GC(657) Pause Incremental GC (Collect on allocation) 27.62M->23.62M 1.116ms
[38.300s] GC(658) Pause Incremental GC (Collect on allocation) 27.62M->23.62M 1.060ms
[38.321s] GC(659) Pause Incremental GC (Collect on allocation) 27.62M->23.62M 1.079ms
[38.345s] GC(660) Pause Incremental GC (Collect on allocation) 27.62M->23.62M 1.103ms
[38.367s] GC(661) Pause Incremental GC (Collect on allocation) 27.62M->23.62M 1.105ms
[38.390s] GC(662) Pause Incremental GC (Collect on allocation) 27.62M->23.62M 1.045ms
[38.410s] GC(663) Pause Incremental GC (Collect on allocation) 27.62M->24.62M 1.850ms
[38.417s] GC(664) Pause Incremental GC (Collect on allocation) 28.62M->26.62M 2.741ms
[38.421s] GC(665) Pause Incremental GC (Collect on allocation) 30.62M->29.12M 2.371ms
[38.426s] GC(666) Pause Incremental GC (Collect on allocation) 33.12M->29.62M 1.941ms
[38.434s] GC(667) Pause Incremental GC (Collect on allocation) 33.62M->30.62M 2.664ms
[38.440s] GC(668) Pause Incremental GC (Collect on allocation) 34.62M->31.62M 1.901ms
[38.445s] GC(669) Pause Incremental GC (Collect on allocation) 35.62M->32.12M 1.726ms
[38.456s] GC(670) Pause Incremental GC (Collect on allocation) 36.12M->32.62M 2.527ms
[38.467s] GC(671) Pause Incremental GC (Collect on allocation) 36.62M->34.12M 2.202ms
[38.473s] GC(672) Pause Incremental GC (Collect on allocation) 38.12M->34.62M 1.730ms
[38.479s] GC(673) Pause Incremental GC (Collect on allocation) 38.62M->35.12M 1.512ms
[38.484s] GC(674) Pause Incremental GC (Collect on allocation) 39.12M->35.62M 1.567ms
[38.490s] GC(675) Pause Incremental GC (Collect on allocation) 39.62M->35.62M 1.575ms
[38.496s] GC(676) Pause Incremental GC (Collect on allocation) 39.62M->36.12M 1.683ms
[38.501s] GC(677) Pause Incremental GC (Collect on allocation) 40.12M->36.62M 1.379ms
[38.505s] GC(678) Pause Incremental GC (Collect on allocation) 40.62M->37.12M 1.604ms
[38.536s] GC(679) Pause Full GC (Collect on allocation) 41.12M->33.12M 28.216ms
[38.542s] GC(680) Pause Incremental GC (Collect on allocation) 37.12M->34.62M 2.278ms
[38.548s] GC(681) Pause Incremental GC (Collect on allocation) 38.62M->35.62M 2.867ms
[38.555s] GC(682) Pause Incremental GC (Collect on allocation) 39.62M->37.62M 3.334ms
[38.561s] GC(683) Pause Incremental GC (Collect on allocation) 41.62M->38.12M 1.592ms
[38.566s] GC(684) Pause Incremental GC (Collect on allocation) 42.12M->38.62M 1.727ms
[38.572s] GC(685) Pause Incremental GC (Collect on allocation) 42.62M->40.12M 1.962ms
[38.577s] GC(686) Pause Incremental GC (Collect on allocation) 44.12M->41.12M 1.990ms
[38.583s] GC(687) Pause Incremental GC (Collect on allocation) 45.12M->42.12M 1.809ms
[38.588s] GC(688) Pause Incremental GC (Collect on allocation) 46.12M->43.12M 1.997ms
[38.593s] GC(689) Pause Incremental GC (Collect on allocation) 47.12M->44.62M 2.012ms
[38.599s] GC(690) Pause Incremental GC (Collect on allocation) 48.62M->45.62M 2.021ms
[38.604s] GC(691) Pause Incremental GC (Collect on allocation) 49.62M->46.12M 1.475ms
[38.610s] GC(692) Pause Incremental GC (Collect on allocation) 50.12M->46.62M 1.749ms
[38.616s] GC(693) Pause Incremental GC (Collect on allocation) 50.62M->47.62M 1.974ms
[38.622s] GC(694) Pause Incremental GC (Collect on allocation) 51.62M->49.12M 2.382ms
[38.627s] GC(695) Pause Incremental GC (Collect on allocation) 53.12M->50.62M 1.819ms
[38.633s] GC(696) Pause Incremental GC (Collect on allocation) 54.62M->51.12M 2.360ms
[38.640s] GC(697) Pause Incremental GC (Collect on allocation) 55.12M->52.12M 2.668ms
[38.648s] GC(698) Pause Incremental GC (Collect on allocation) 56.12M->53.12M 2.623ms
[38.654s] GC(699) Pause Incremental GC (Collect on allocation) 57.12M->54.12M 2.071ms
[38.659s] GC(700) Pause Incremental GC (Collect on allocation) 58.12M->55.12M 1.917ms
[38.665s] GC(701) Pause Incremental GC (Collect on allocation) 59.12M->56.12M 1.809ms
[38.670s] GC(702) Pause Incremental GC (Collect on allocation) 60.12M->57.62M 1.990ms
[38.716s] GC(703) Pause Full GC (Collect on allocation) 61.62M->57.62M 42.009ms
[38.720s] GC(704) Pause Incremental GC (Collect on allocation) 61.62M->58.12M 1.852ms
[38.725s] GC(705) Pause Incremental GC (Collect on allocation) 62.12M->59.62M 2.361ms
[38.731s] GC(706) Pause Incremental GC (Collect on allocation) 63.62M->61.12M 2.060ms
[38.736s] GC(707) Pause Incremental GC (Collect on allocation) 65.12M->62.12M 2.000ms
[38.741s] GC(708) Pause Incremental GC (Collect on allocation) 66.12M->63.62M 2.067ms
[38.747s] GC(709) Pause Incremental GC (Collect on allocation) 67.62M->64.12M 1.770ms
[38.752s] GC(710) Pause Incremental GC (Collect on allocation) 68.12M->64.62M 1.682ms
[38.758s] GC(711) Pause Incremental GC (Collect on allocation) 68.62M->65.12M 1.817ms
[38.763s] GC(712) Pause Incremental GC (Collect on allocation) 69.12M->66.12M 2.000ms
[38.768s] GC(713) Pause Incremental GC (Collect on allocation) 70.12M->67.62M 2.012ms
[38.774s] GC(714) Pause Incremental GC (Collect on allocation) 71.62M->68.62M 1.794ms
[38.779s] GC(715) Pause Incremental GC (Collect on allocation) 72.62M->69.62M 1.861ms
[38.784s] GC(716) Pause Incremental GC (Collect on allocation) 73.62M->70.12M 1.497ms
[38.790s] GC(717) Pause Incremental GC (Collect on allocation) 74.12M->70.62M 1.948ms
[38.795s] GC(718) Pause Incremental GC (Collect on allocation) 74.62M->72.12M 1.867ms
[38.800s] GC(719) Pause Incremental GC (Collect on allocation) 76.12M->73.12M 1.767ms
[38.806s] GC(720) Pause Incremental GC (Collect on allocation) 77.12M->74.12M 2.661ms
[38.813s] GC(721) Pause Incremental GC (Collect on allocation) 78.12M->75.12M 2.576ms
[38.820s] GC(722) Pause Incremental GC (Collect on allocation) 79.12M->76.12M 2.706ms
[38.827s] GC(723) Pause Incremental GC (Collect on allocation) 80.12M->76.62M 2.466ms
[38.834s] GC(724) Pause Incremental GC (Collect on allocation) 80.62M->77.62M 2.584ms
[38.840s] GC(725) Pause Incremental GC (Collect on allocation) 81.62M->78.12M 1.900ms
[38.845s] GC(726) Pause Incremental GC (Collect on allocation) 82.12M->79.12M 1.765ms
[38.851s] GC(727) Pause Incremental GC (Collect on allocation) 83.12M->80.12M 1.949ms
[38.856s] GC(728) Pause Incremental GC (Collect on allocation) 84.12M->81.12M 1.983ms
[38.861s] GC(729) Pause Incremental GC (Collect on allocation) 85.12M->82.12M 2.317ms
[38.867s] GC(730) Pause Incremental GC (Collect on allocation) 86.12M->83.12M 1.767ms
[38.872s] GC(731) Pause Incremental GC (Collect on allocation) 87.12M->84.12M 2.104ms
[38.877s] GC(732) Pause Incremental GC (Collect on allocation) 88.12M->85.62M 1.877ms
[38.882s] GC(733) Pause Incremental GC (Collect on allocation) 89.62M->86.12M 1.718ms
[38.888s] GC(734) Pause Incremental GC (Collect on allocation) 90.12M->87.12M 1.832ms
[38.947s] GC(735) Pause Full GC (Collect on allocation) 91.12M->79.12M 54.939ms
[38.955s] GC(736) Pause Incremental GC (Collect on allocation) 83.12M->80.62M 3.664ms
[38.962s] GC(737) Pause Incremental GC (Collect on allocation) 84.62M->81.12M 2.177ms
[38.970s] GC(738) Pause Incremental GC (Collect on allocation) 85.12M->81.62M 2.819ms
[38.977s] GC(739) Pause Incremental GC (Collect on allocation) 85.62M->82.12M 2.524ms
[38.984s] GC(740) Pause Incremental GC (Collect on allocation) 86.12M->82.62M 2.220ms
[38.991s] GC(741) Pause Incremental GC (Collect on allocation) 86.62M->83.12M 2.384ms
[38.998s] GC(742) Pause Incremental GC (Collect on allocation) 87.12M->83.62M 2.235ms
[39.006s] GC(743) Pause Incremental GC (Collect on allocation) 87.62M->84.12M 2.503ms
[39.012s] GC(744) Pause Incremental GC (Collect on allocation) 88.12M->84.12M 2.089ms
[39.019s] GC(745) Pause Incremental GC (Collect on allocation) 88.12M->84.62M 1.789ms
[39.025s] GC(746) Pause Incremental GC (Collect on allocation) 88.62M->85.12M 2.145ms
[39.032s] GC(747) Pause Incremental GC (Collect on allocation) 89.12M->85.12M 2.027ms
[39.039s] GC(748) Pause Incremental GC (Collect on allocation) 89.12M->85.62M 2.018ms
[39.045s] GC(749) Pause Incremental GC (Collect on allocation) 89.62M->85.62M 1.874ms
[39.052s] GC(750) Pause Incremental GC (Collect on allocation) 89.62M->86.12M 1.849ms
[39.058s] GC(751) Pause Incremental GC (Collect on allocation) 90.12M->86.12M 2.022ms
[39.065s] GC(752) Pause Incremental GC (Collect on allocation) 90.12M->86.12M 1.745ms
[39.072s] GC(753) Pause Incremental GC (Collect on allocation) 90.12M->86.12M 1.948ms
[39.079s] GC(754) Pause Incremental GC (Collect on allocation) 90.12M->86.62M 2.080ms
[39.086s] GC(755) Pause Incremental GC (Collect on allocation) 90.62M->86.62M 1.753ms
[39.094s] GC(756) Pause Incremental GC (Collect on allocation) 90.62M->86.62M 2.185ms
[39.101s] GC(757) Pause Incremental GC (Collect on allocation) 90.62M->87.12M 2.008ms
[39.108s] GC(758) Pause Incremental GC (Collect on allocation) 91.12M->87.12M 1.990ms
[39.114s] GC(759) Pause Incremental GC (Collect on allocation) 91.12M->87.12M 1.680ms
[39.120s] GC(760) Pause Incremental GC (Collect on allocation) 91.12M->87.12M 1.431ms
[39.126s] GC(761) Pause Incremental GC (Collect on allocation) 91.12M->87.62M 1.316ms
[39.131s] GC(762) Pause Incremental GC (Collect on allocation) 91.62M->87.62M 1.235ms
[39.135s] GC(763) Pause Incremental GC (Collect on allocation) 91.62M->87.62M 1.164ms
[39.141s] GC(764) Pause Incremental GC (Collect on allocation) 91.62M->87.62M 1.544ms
[39.146s] GC(765) Pause Incremental GC (Collect on allocation) 91.62M->87.62M 1.344ms
[39.151s] GC(766) Pause Incremental GC (Collect on allocation) 91.62M->88.12M 1.382ms
[39.157s] GC(767) Pause Incremental GC (Collect on allocation) 92.12M->88.12M 1.267ms
[39.163s] GC(768) Pause Incremental GC (Collect on allocation) 92.12M->88.12M 1.624ms
[39.168s] GC(769) Pause Incremental GC (Collect on allocation) 92.12M->88.12M 1.477ms
[39.174s] GC(770) Pause Incremental GC (Collect on allocation) 92.12M->88.12M 1.377ms
[39.179s] GC(771) Pause Incremental GC (Collect on allocation) 92.12M->88.62M 1.364ms
[39.185s] GC(772) Pause Incremental GC (Collect on allocation) 92.62M->88.62M 1.195ms
[39.190s] GC(773) Pause Incremental GC (Collect on allocation) 92.62M->88.62M 1.407ms
[39.195s] GC(774) Pause Incremental GC (Collect on allocation) 92.62M->88.62M 1.270ms
[39.201s] GC(775) Pause Incremental GC (Collect on allocation) 92.62M->88.62M 1.231ms
[39.207s] GC(776) Pause Incremental GC (Collect on allocation) 92.62M->88.62M 1.356ms
[39.213s] GC(777) Pause Incremental GC (Collect on allocation) 92.62M->89.12M 1.534ms
[39.219s] GC(778) Pause Incremental GC (Collect on allocation) 93.12M->89.12M 1.569ms
[39.224s] GC(779) Pause Incremental GC (Collect on allocation) 93.12M->89.12M 1.217ms
[39.229s] GC(780) Pause Incremental GC (Collect on allocation) 93.12M->89.12M 1.376ms
[39.235s] GC(781) Pause Incremental GC (Collect on allocation) 93.12M->89.62M 1.343ms
[39.240s] GC(782) Pause Incremental GC (Collect on allocation) 93.62M->89.62M 1.264ms
[39.245s] GC(783) Pause Incremental GC (Collect on allocation) 93.62M->89.62M 1.353ms
[39.251s] GC(784) Pause Incremental GC (Collect on allocation) 93.62M->89.62M 1.241ms
[39.256s] GC(785) Pause Incremental GC (Collect on allocation) 93.62M->89.62M 1.444ms
[39.262s] GC(786) Pause Incremental GC (Collect on allocation) 93.62M->89.62M 1.429ms
[39.267s] GC(787) Pause Incremental GC (Collect on allocation) 93.62M->90.12M 1.357ms
[39.273s] GC(788) Pause Incremental GC (Collect on allocation) 94.12M->90.12M 1.319ms
[39.280s] GC(789) Pause Incremental GC (Collect on allocation) 94.12M->90.12M 1.597ms
[39.285s] GC(790) Pause Incremental GC (Collect on allocation) 94.12M->90.12M 1.381ms
[39.291s] GC(791) Pause Incremental GC (Collect on allocation) 94.12M->90.62M 1.459ms
[39.296s] GC(792) Pause Incremental GC (Collect on allocation) 94.62M->90.62M 1.363ms
[39.302s] GC(793) Pause Incremental GC (Collect on allocation) 94.62M->90.62M 1.291ms
[39.307s] GC(794) Pause Incremental GC (Collect on allocation) 94.62M->90.62M 1.214ms
[39.313s] GC(795) Pause Incremental GC (Collect on allocation) 94.62M->90.62M 1.461ms
[39.352s] GC(796) Pause Full GC (Collect on allocation) 94.62M->46.12M 35.556ms
[39.358s] GC(797) Pause Incremental GC (Collect on allocation) 50.12M->46.12M 1.476ms
[39.364s] GC(798) Pause Incremental GC (Collect on allocation) 50.12M->46.12M 1.398ms
[39.370s] GC(799) Pause Incremental GC (Collect on allocation) 50.12M->46.12M 1.649ms
[39.376s] GC(800) Pause Incremental GC (Collect on allocation) 50.12M->46.62M 1.367ms
[39.382s] GC(801) Pause Incremental GC (Collect on allocation) 50.62M->46.62M 1.336ms
[39.387s] GC(802) Pause Incremental GC (Collect on allocation) 50.62M->46.62M 1.228ms
[39.392s] GC(803) Pause Incremental GC (Collect on allocation) 50.62M->46.62M 1.106ms
[39.398s] GC(804) Pause Incremental GC (Collect on allocation) 50.62M->46.62M 1.524ms
[39.405s] GC(805) Pause Incremental GC (Collect on allocation) 50.62M->47.12M 1.824ms
[39.412s] GC(806) Pause Incremental GC (Collect on allocation) 51.12M->47.12M 1.545ms
[39.419s] GC(807) Pause Incremental GC (Collect on allocation) 51.12M->47.12M 1.815ms
[39.426s] GC(808) Pause Incremental GC (Collect on allocation) 51.12M->47.12M 1.784ms
[39.432s] GC(809) Pause Incremental GC (Collect on allocation) 51.12M->47.12M 1.573ms
[39.439s] GC(810) Pause Incremental GC (Collect on allocation) 51.12M->47.62M 1.977ms
[39.446s] GC(811) Pause Incremental GC (Collect on allocation) 51.62M->47.62M 1.655ms
[39.453s] GC(812) Pause Incremental GC (Collect on allocation) 51.62M->47.62M 1.735ms
[39.461s] GC(813) Pause Incremental GC (Collect on allocation) 51.62M->47.62M 1.819ms
[39.468s] GC(814) Pause Incremental GC (Collect on allocation) 51.62M->48.12M 1.711ms
[39.475s] GC(815) Pause Incremental GC (Collect on allocation) 52.12M->48.12M 1.811ms
[39.482s] GC(816) Pause Incremental GC (Collect on allocation) 52.12M->48.12M 1.591ms
[39.488s] GC(817) Pause Incremental GC (Collect on allocation) 52.12M->48.12M 1.258ms
[39.493s] GC(818) Pause Incremental GC (Collect on allocation) 52.12M->48.12M 1.265ms
[39.499s] GC(819) Pause Incremental GC (Collect on allocation) 52.12M->48.62M 1.383ms
[39.504s] GC(820) Pause Incremental GC (Collect on allocation) 52.62M->48.62M 1.410ms
[39.510s] GC(821) Pause Incremental GC (Collect on allocation) 52.62M->48.62M 1.319ms
[39.515s] GC(822) Pause Incremental GC (Collect on allocation) 52.62M->48.62M 1.325ms
[39.521s] GC(823) Pause Incremental GC (Collect on allocation) 52.62M->49.12M 1.463ms
[39.526s] GC(824) Pause Incremental GC (Collect on allocation) 53.12M->49.12M 1.453ms
[39.533s] GC(825) Pause Incremental GC (Collect on allocation) 53.12M->49.12M 1.386ms
[39.538s] GC(826) Pause Incremental GC (Collect on allocation) 53.12M->49.12M 1.250ms
[39.543s] GC(827) Pause Incremental GC (Collect on allocation) 53.12M->49.12M 1.211ms
[39.549s] GC(828) Pause Incremental GC (Collect on allocation) 53.12M->49.12M 1.278ms
[39.554s] GC(829) Pause Incremental GC (Collect on allocation) 53.12M->49.62M 1.394ms
[39.559s] GC(830) Pause Incremental GC (Collect on allocation) 53.62M->49.62M 1.286ms
[39.565s] GC(831) Pause Incremental GC (Collect on allocation) 53.62M->49.62M 1.326ms
[39.570s] GC(832) Pause Incremental GC (Collect on allocation) 53.62M->50.12M 1.427ms
[39.576s] GC(833) Pause Incremental GC (Collect on allocation) 54.12M->50.12M 1.387ms
[39.581s] GC(834) Pause Incremental GC (Collect on allocation) 54.12M->50.12M 1.369ms
[39.587s] GC(835) Pause Incremental GC (Collect on allocation) 54.12M->50.12M 1.470ms
[39.592s] GC(836) Pause Incremental GC (Collect on allocation) 54.12M->50.62M 1.213ms
[39.598s] GC(837) Pause Incremental GC (Collect on allocation) 54.62M->50.62M 1.326ms
[39.603s] GC(838) Pause Incremental GC (Collect on allocation) 54.62M->50.62M 1.338ms
[39.609s] GC(839) Pause Incremental GC (Collect on allocation) 54.62M->50.62M 1.361ms
[39.615s] GC(840) Pause Incremental GC (Collect on allocation) 54.62M->50.62M 1.683ms
[39.623s] GC(841) Pause Incremental GC (Collect on allocation) 54.62M->51.12M 1.829ms
[39.629s] GC(842) Pause Incremental GC (Collect on allocation) 55.12M->51.12M 1.662ms
[39.636s] GC(843) Pause Incremental GC (Collect on allocation) 55.12M->51.12M 1.730ms
[39.644s] GC(844) Pause Incremental GC (Collect on allocation) 55.12M->51.12M 1.568ms
[39.650s] GC(845) Pause Incremental GC (Collect on allocation) 55.12M->51.12M 1.493ms
[39.697s] GC(846) Pause Full GC (Collect on allocation) 55.12M->48.62M 40.912ms
[39.703s] GC(847) Pause Incremental GC (Collect on allocation) 52.62M->48.62M 1.923ms
[39.710s] GC(848) Pause Incremental GC (Collect on allocation) 52.62M->48.62M 1.338ms
[39.716s] GC(849) Pause Incremental GC (Collect on allocation) 52.62M->48.62M 1.292ms
[39.722s] GC(850) Pause Incremental GC (Collect on allocation) 52.62M->49.12M 1.291ms
[39.727s] GC(851) Pause Incremental GC (Collect on allocation) 53.12M->49.12M 1.274ms
[39.733s] GC(852) Pause Incremental GC (Collect on allocation) 53.12M->49.12M 1.394ms
[39.739s] GC(853) Pause Incremental GC (Collect on allocation) 53.12M->49.12M 1.424ms
[39.744s] GC(854) Pause Incremental GC (Collect on allocation) 53.12M->49.12M 1.269ms
[39.750s] GC(855) Pause Incremental GC (Collect on allocation) 53.12M->49.12M 1.354ms
[39.756s] GC(856) Pause Incremental GC (Collect on allocation) 53.12M->49.62M 1.474ms
[39.762s] GC(857) Pause Incremental GC (Collect on allocation) 53.62M->49.62M 1.422ms
[39.767s] GC(858) Pause Incremental GC (Collect on allocation) 53.62M->49.62M 1.342ms
[39.773s] GC(859) Pause Incremental GC (Collect on allocation) 53.62M->49.62M 1.270ms
[39.778s] GC(860) Pause Incremental GC (Collect on allocation) 53.62M->49.62M 1.160ms
[39.784s] GC(861) Pause Incremental GC (Collect on allocation) 53.62M->49.62M 1.415ms
[39.793s] GC(862) Pause Incremental GC (Collect on allocation) 53.62M->50.12M 1.412ms
[39.800s] GC(863) Pause Incremental GC (Collect on allocation) 54.12M->50.12M 1.522ms
[39.806s] GC(864) Pause Incremental GC (Collect on allocation) 54.12M->50.12M 1.561ms
[39.812s] GC(865) Pause Incremental GC (Collect on allocation) 54.12M->50.12M 1.292ms
[39.819s] GC(866) Pause Incremental GC (Collect on allocation) 54.12M->50.62M 1.734ms
[39.824s] GC(867) Pause Incremental GC (Collect on allocation) 54.62M->50.62M 1.383ms
[39.830s] GC(868) Pause Incremental GC (Collect on allocation) 54.62M->50.62M 1.524ms
[39.836s] GC(869) Pause Incremental GC (Collect on allocation) 54.62M->50.62M 1.407ms
[39.843s] GC(870) Pause Incremental GC (Collect on allocation) 54.62M->50.62M 1.714ms
[39.849s] GC(871) Pause Incremental GC (Collect on allocation) 54.62M->51.12M 1.380ms
[39.855s] GC(872) Pause Incremental GC (Collect on allocation) 55.12M->51.12M 1.591ms
[39.860s] GC(873) Pause Incremental GC (Collect on allocation) 55.12M->51.12M 1.464ms
[39.865s] GC(874) Pause Incremental GC (Collect on allocation) 55.12M->51.12M 1.261ms
[39.869s] GC(875) Pause Incremental GC (Collect on allocation) 55.12M->51.12M 1.163ms
[39.874s] GC(876) Pause Incremental GC (Collect on allocation) 55.12M->51.12M 1.200ms
[39.879s] GC(877) Pause Incremental GC (Collect on allocation) 55.12M->51.12M 1.412ms
[39.884s] GC(878) Pause Incremental GC (Collect on allocation) 55.12M->51.12M 1.346ms
[39.890s] GC(879) Pause Incremental GC (Collect on allocation) 55.12M->51.62M 1.665ms
[39.896s] GC(880) Pause Incremental GC (Collect on allocation) 55.62M->51.62M 1.462ms
[39.901s] GC(881) Pause Incremental GC (Collect on allocation) 55.62M->51.62M 1.393ms
[39.907s] GC(882) Pause Incremental GC (Collect on allocation) 55.62M->52.12M 1.576ms
[39.913s] GC(883) Pause Incremental GC (Collect on allocation) 56.12M->52.12M 1.505ms
[39.919s] GC(884) Pause Incremental GC (Collect on allocation) 56.12M->52.12M 1.597ms
[39.925s] GC(885) Pause Incremental GC (Collect on allocation) 56.12M->52.12M 1.583ms
[39.931s] GC(886) Pause Incremental GC (Collect on allocation) 56.12M->52.12M 1.349ms
[39.990s] GC(887) Pause Full GC (Collect on allocation) 56.12M->49.12M 53.313ms
[40.001s] GC(888) Pause Incremental GC (Collect on allocation) 53.12M->49.62M 3.912ms
[40.011s] GC(889) Pause Incremental GC (Collect on allocation) 53.62M->50.12M 3.320ms
[40.020s] GC(890) Pause Incremental GC (Collect on allocation) 54.12M->50.12M 3.066ms
[40.029s] GC(891) Pause Incremental GC (Collect on allocation) 54.12M->50.62M 2.900ms
[40.038s] GC(892) Pause Incremental GC (Collect on allocation) 55.12M->50.62M 2.535ms
[40.048s] GC(893) Pause Incremental GC (Collect on allocation) 54.62M->51.12M 1.735ms
[40.054s] GC(894) Pause Incremental GC (Collect on allocation) 55.12M->51.12M 1.651ms
[40.061s] GC(895) Pause Incremental GC (Collect on allocation) 55.12M->51.12M 1.723ms
[40.068s] GC(896) Pause Incremental GC (Collect on allocation) 55.12M->51.12M 1.351ms
[40.074s] GC(897) Pause Incremental GC (Collect on allocation) 55.12M->51.12M 1.385ms
[40.080s] GC(898) Pause Incremental GC (Collect on allocation) 55.12M->51.12M 1.345ms
[40.086s] GC(899) Pause Incremental GC (Collect on allocation) 55.12M->51.12M 1.527ms
[40.093s] GC(900) Pause Incremental GC (Collect on allocation) 55.12M->51.12M 1.832ms
[40.100s] GC(901) Pause Incremental GC (Collect on allocation) 55.12M->51.12M 1.590ms
[40.106s] GC(902) Pause Incremental GC (Collect on allocation) 55.12M->51.62M 1.532ms
[40.112s] GC(903) Pause Incremental GC (Collect on allocation) 55.62M->51.62M 1.449ms
[40.119s] GC(904) Pause Incremental GC (Collect on allocation) 55.62M->51.62M 1.552ms
[40.125s] GC(905) Pause Incremental GC (Collect on allocation) 55.62M->51.62M 1.641ms
[40.132s] GC(906) Pause Incremental GC (Collect on allocation) 55.62M->51.62M 1.801ms
[40.140s] GC(907) Pause Incremental GC (Collect on allocation) 55.62M->51.62M 1.945ms
[40.148s] GC(908) Pause Incremental GC (Collect on allocation) 55.62M->51.62M 1.861ms
[40.156s] GC(909) Pause Incremental GC (Collect on allocation) 55.62M->52.12M 1.708ms
[40.163s] GC(910) Pause Incremental GC (Collect on allocation) 56.12M->52.12M 1.827ms
[40.169s] GC(911) Pause Incremental GC (Collect on allocation) 56.12M->52.12M 1.484ms
[40.176s] GC(912) Pause Incremental GC (Collect on allocation) 56.12M->52.12M 1.554ms
[40.182s] GC(913) Pause Incremental GC (Collect on allocation) 56.12M->52.12M 1.423ms
[40.187s] GC(914) Pause Incremental GC (Collect on allocation) 56.12M->52.12M 1.438ms
[40.193s] GC(915) Pause Incremental GC (Collect on allocation) 56.12M->52.12M 1.424ms
[40.199s] GC(916) Pause Incremental GC (Collect on allocation) 56.12M->52.12M 1.342ms
[40.205s] GC(917) Pause Incremental GC (Collect on allocation) 56.12M->52.62M 1.584ms
[40.211s] GC(918) Pause Incremental GC (Collect on allocation) 56.62M->52.62M 1.219ms
[40.217s] GC(919) Pause Incremental GC (Collect on allocation) 56.62M->52.62M 1.672ms
[40.223s] GC(920) Pause Incremental GC (Collect on allocation) 56.62M->52.62M 1.380ms
[40.229s] GC(921) Pause Incremental GC (Collect on allocation) 56.62M->52.62M 1.418ms
[40.236s] GC(922) Pause Incremental GC (Collect on allocation) 56.62M->52.62M 1.478ms
[40.242s] GC(923) Pause Incremental GC (Collect on allocation) 56.62M->52.62M 1.443ms
[40.248s] GC(924) Pause Incremental GC (Collect on allocation) 56.62M->53.12M 1.315ms
[40.254s] GC(925) Pause Incremental GC (Collect on allocation) 57.12M->53.12M 1.284ms
[40.260s] GC(926) Pause Incremental GC (Collect on allocation) 57.12M->53.12M 1.270ms
[40.265s] GC(927) Pause Incremental GC (Collect on allocation) 57.12M->53.12M 1.460ms
[40.271s] GC(928) Pause Incremental GC (Collect on allocation) 57.12M->53.12M 1.416ms
[40.277s] GC(929) Pause Incremental GC (Collect on allocation) 57.12M->53.12M 1.414ms
[40.283s] GC(930) Pause Incremental GC (Collect on allocation) 57.12M->53.12M 1.390ms
[40.289s] GC(931) Pause Incremental GC (Collect on allocation) 57.12M->53.12M 1.366ms
[40.294s] GC(932) Pause Incremental GC (Collect on allocation) 57.12M->53.12M 1.283ms
[40.300s] GC(933) Pause Incremental GC (Collect on allocation) 57.12M->53.62M 1.400ms
[40.306s] GC(934) Pause Incremental GC (Collect on allocation) 57.62M->53.62M 1.404ms
[40.312s] GC(935) Pause Incremental GC (Collect on allocation) 57.62M->53.62M 1.380ms
[40.318s] GC(936) Pause Incremental GC (Collect on allocation) 57.62M->53.62M 1.506ms
[40.324s] GC(937) Pause Incremental GC (Collect on allocation) 57.62M->53.62M 1.630ms
[40.331s] GC(938) Pause Incremental GC (Collect on allocation) 57.62M->53.62M 1.445ms
[40.337s] GC(939) Pause Incremental GC (Collect on allocation) 57.62M->53.62M 1.366ms
[40.343s] GC(940) Pause Incremental GC (Collect on allocation) 57.62M->53.62M 1.374ms
[40.350s] GC(941) Pause Incremental GC (Collect on allocation) 57.62M->54.12M 1.558ms
[40.356s] GC(942) Pause Incremental GC (Collect on allocation) 58.12M->54.12M 1.420ms
[40.362s] GC(943) Pause Incremental GC (Collect on allocation) 58.12M->54.12M 1.443ms
[40.368s] GC(944) Pause Incremental GC (Collect on allocation) 58.12M->54.12M 1.380ms
[40.374s] GC(945) Pause Incremental GC (Collect on allocation) 58.12M->54.12M 1.340ms
[40.380s] GC(946) Pause Incremental GC (Collect on allocation) 58.12M->54.12M 1.323ms
[40.386s] GC(947) Pause Incremental GC (Collect on allocation) 58.12M->54.12M 1.318ms
[40.392s] GC(948) Pause Incremental GC (Collect on allocation) 58.12M->54.12M 1.450ms
[40.398s] GC(949) Pause Incremental GC (Collect on allocation) 58.12M->54.62M 1.518ms
[40.404s] GC(950) Pause Incremental GC (Collect on allocation) 58.62M->54.62M 1.294ms
[40.410s] GC(951) Pause Incremental GC (Collect on allocation) 58.62M->54.62M 1.278ms
[40.416s] GC(952) Pause Incremental GC (Collect on allocation) 58.62M->54.62M 1.405ms
[40.421s] GC(953) Pause Incremental GC (Collect on allocation) 58.62M->54.62M 1.413ms
[40.427s] GC(954) Pause Incremental GC (Collect on allocation) 58.62M->54.62M 1.296ms
[40.434s] GC(955) Pause Incremental GC (Collect on allocation) 58.62M->54.62M 1.296ms
[40.479s] GC(956) Pause Full GC (Collect on allocation) 58.62M->42.62M 40.213ms
[40.486s] GC(957) Pause Incremental GC (Collect on allocation) 46.62M->42.62M 1.477ms
[40.492s] GC(958) Pause Incremental GC (Collect on allocation) 46.62M->43.12M 1.444ms
[40.498s] GC(959) Pause Incremental GC (Collect on allocation) 47.12M->43.12M 1.251ms
[40.503s] GC(960) Pause Incremental GC (Collect on allocation) 47.12M->43.12M 1.179ms
[40.509s] GC(961) Pause Incremental GC (Collect on allocation) 47.12M->43.12M 1.344ms
[40.515s] GC(962) Pause Incremental GC (Collect on allocation) 47.12M->43.12M 1.369ms
[40.521s] GC(963) Pause Incremental GC (Collect on allocation) 47.12M->43.12M 1.275ms
[40.527s] GC(964) Pause Incremental GC (Collect on allocation) 47.12M->43.12M 1.316ms
[40.532s] GC(965) Pause Incremental GC (Collect on allocation) 47.12M->43.12M 1.233ms
[40.537s] GC(966) Pause Incremental GC (Collect on allocation) 47.12M->43.12M 1.322ms
[40.543s] GC(967) Pause Incremental GC (Collect on allocation) 47.12M->43.62M 1.404ms
[40.549s] GC(968) Pause Incremental GC (Collect on allocation) 47.62M->43.62M 1.297ms
[40.556s] GC(969) Pause Incremental GC (Collect on allocation) 47.62M->43.62M 1.443ms
[40.562s] GC(970) Pause Incremental GC (Collect on allocation) 47.62M->43.62M 1.279ms
[40.568s] GC(971) Pause Incremental GC (Collect on allocation) 47.62M->43.62M 1.349ms
[40.573s] GC(972) Pause Incremental GC (Collect on allocation) 47.62M->43.62M 1.254ms
[40.579s] GC(973) Pause Incremental GC (Collect on allocation) 47.62M->43.62M 1.358ms
[40.585s] GC(974) Pause Incremental GC (Collect on allocation) 47.62M->43.62M 1.287ms
[40.590s] GC(975) Pause Incremental GC (Collect on allocation) 47.62M->44.12M 1.354ms
[40.596s] GC(976) Pause Incremental GC (Collect on allocation) 48.12M->44.12M 1.235ms
[40.602s] GC(977) Pause Incremental GC (Collect on allocation) 48.12M->44.12M 1.184ms
[40.607s] GC(978) Pause Incremental GC (Collect on allocation) 48.12M->44.12M 1.223ms
[40.612s] GC(979) Pause Incremental GC (Collect on allocation) 48.12M->44.12M 1.270ms
[40.618s] GC(980) Pause Incremental GC (Collect on allocation) 48.12M->44.12M 1.298ms
[40.624s] GC(981) Pause Incremental GC (Collect on allocation) 48.12M->44.12M 1.358ms
[40.629s] GC(982) Pause Incremental GC (Collect on allocation) 48.12M->44.12M 1.356ms
[40.636s] GC(983) Pause Incremental GC (Collect on allocation) 48.12M->44.12M 1.471ms
[40.642s] GC(984) Pause Incremental GC (Collect on allocation) 48.12M->44.62M 1.697ms
[40.649s] GC(985) Pause Incremental GC (Collect on allocation) 48.62M->44.62M 1.418ms
[40.655s] GC(986) Pause Incremental GC (Collect on allocation) 48.62M->44.62M 1.571ms
[40.660s] GC(987) Pause Incremental GC (Collect on allocation) 48.62M->44.62M 1.279ms
[40.666s] GC(988) Pause Incremental GC (Collect on allocation) 48.62M->44.62M 1.320ms
[40.672s] GC(989) Pause Incremental GC (Collect on allocation) 48.62M->44.62M 1.324ms
[40.678s] GC(990) Pause Incremental GC (Collect on allocation) 48.62M->44.62M 1.332ms
[40.684s] GC(991) Pause Incremental GC (Collect on allocation) 48.62M->44.62M 1.225ms
[40.689s] GC(992) Pause Incremental GC (Collect on allocation) 48.62M->44.62M 1.122ms
[40.694s] GC(993) Pause Incremental GC (Collect on allocation) 48.62M->45.12M 1.174ms
[40.699s] GC(994) Pause Incremental GC (Collect on allocation) 49.12M->45.12M 1.203ms
[40.705s] GC(995) Pause Incremental GC (Collect on allocation) 49.12M->45.12M 1.437ms
[40.710s] GC(996) Pause Incremental GC (Collect on allocation) 49.12M->45.12M 1.171ms
[40.715s] GC(997) Pause Incremental GC (Collect on allocation) 49.12M->45.12M 1.150ms
[40.720s] GC(998) Pause Incremental GC (Collect on allocation) 49.12M->45.12M 1.144ms
[40.724s] GC(999) Pause Incremental GC (Collect on allocation) 49.12M->45.12M 1.117ms
[40.730s] GC(1000) Pause Incremental GC (Collect on allocation) 49.12M->45.62M 1.300ms
[40.735s] GC(1001) Pause Incremental GC (Collect on allocation) 49.62M->45.62M 1.120ms
[40.740s] GC(1002) Pause Incremental GC (Collect on allocation) 49.62M->45.62M 1.460ms
[40.746s] GC(1003) Pause Incremental GC (Collect on allocation) 49.62M->45.62M 1.514ms
[40.752s] GC(1004) Pause Incremental GC (Collect on allocation) 49.62M->45.62M 1.490ms
[40.758s] GC(1005) Pause Incremental GC (Collect on allocation) 49.62M->45.62M 1.621ms
[40.765s] GC(1006) Pause Incremental GC (Collect on allocation) 49.62M->45.62M 1.658ms
[40.771s] GC(1007) Pause Incremental GC (Collect on allocation) 49.62M->45.62M 1.694ms
[40.778s] GC(1008) Pause Incremental GC (Collect on allocation) 49.62M->46.12M 1.677ms
[40.785s] GC(1009) Pause Incremental GC (Collect on allocation) 50.12M->46.12M 1.620ms
[40.828s] GC(1010) Pause Full GC (Collect on allocation) 50.12M->42.12M 38.489ms
[40.837s] GC(1011) Pause Incremental GC (Collect on allocation) 46.12M->42.62M 2.057ms
[40.843s] GC(1012) Pause Incremental GC (Collect on allocation) 46.62M->42.62M 1.795ms
[40.850s] GC(1013) Pause Incremental GC (Collect on allocation) 46.62M->42.62M 1.645ms
[40.857s] GC(1014) Pause Incremental GC (Collect on allocation) 46.62M->42.62M 1.656ms
[40.863s] GC(1015) Pause Incremental GC (Collect on allocation) 46.62M->42.62M 1.630ms
[40.870s] GC(1016) Pause Incremental GC (Collect on allocation) 46.62M->42.62M 1.604ms
[40.875s] GC(1017) Pause Incremental GC (Collect on allocation) 46.62M->42.62M 1.207ms
[40.881s] GC(1018) Pause Incremental GC (Collect on allocation) 46.62M->42.62M 1.206ms
[40.886s] GC(1019) Pause Incremental GC (Collect on allocation) 46.62M->43.12M 1.407ms
[40.891s] GC(1020) Pause Incremental GC (Collect on allocation) 47.12M->43.12M 1.158ms
[40.896s] GC(1021) Pause Incremental GC (Collect on allocation) 47.12M->43.12M 1.150ms
[40.901s] GC(1022) Pause Incremental GC (Collect on allocation) 47.12M->43.12M 1.253ms
[40.906s] GC(1023) Pause Incremental GC (Collect on allocation) 47.12M->43.12M 1.153ms
[40.911s] GC(1024) Pause Incremental GC (Collect on allocation) 47.12M->43.12M 1.096ms
[40.915s] GC(1025) Pause Incremental GC (Collect on allocation) 47.12M->43.12M 1.120ms
[40.920s] GC(1026) Pause Incremental GC (Collect on allocation) 47.12M->43.12M 1.146ms
[40.925s] GC(1027) Pause Incremental GC (Collect on allocation) 47.12M->43.12M 1.187ms
[40.930s] GC(1028) Pause Incremental GC (Collect on allocation) 47.12M->43.62M 1.122ms
[40.935s] GC(1029) Pause Incremental GC (Collect on allocation) 47.62M->43.62M 1.098ms
[40.939s] GC(1030) Pause Incremental GC (Collect on allocation) 47.62M->43.62M 1.181ms
[40.944s] GC(1031) Pause Incremental GC (Collect on allocation) 47.62M->43.62M 1.121ms
[40.949s] GC(1032) Pause Incremental GC (Collect on allocation) 47.62M->43.62M 1.247ms
[40.954s] GC(1033) Pause Incremental GC (Collect on allocation) 47.62M->43.62M 1.126ms
[40.959s] GC(1034) Pause Incremental GC (Collect on allocation) 47.62M->43.62M 1.122ms
[40.963s] GC(1035) Pause Incremental GC (Collect on allocation) 47.62M->43.62M 1.128ms
[40.968s] GC(1036) Pause Incremental GC (Collect on allocation) 47.62M->44.12M 1.161ms
[40.973s] GC(1037) Pause Incremental GC (Collect on allocation) 48.12M->44.12M 1.168ms
[40.978s] GC(1038) Pause Incremental GC (Collect on allocation) 48.12M->44.12M 1.238ms
[40.983s] GC(1039) Pause Incremental GC (Collect on allocation) 48.12M->44.12M 1.135ms
[40.988s] GC(1040) Pause Incremental GC (Collect on allocation) 48.12M->44.12M 1.167ms
[40.993s] GC(1041) Pause Incremental GC (Collect on allocation) 48.12M->44.12M 1.113ms
[40.998s] GC(1042) Pause Incremental GC (Collect on allocation) 48.12M->44.12M 1.115ms
[41.003s] GC(1043) Pause Incremental GC (Collect on allocation) 48.12M->44.12M 1.112ms
[41.007s] GC(1044) Pause Incremental GC (Collect on allocation) 48.12M->44.62M 1.178ms
[41.012s] GC(1045) Pause Incremental GC (Collect on allocation) 48.62M->44.62M 1.145ms
[41.018s] GC(1046) Pause Incremental GC (Collect on allocation) 48.62M->44.62M 1.262ms
[41.022s] GC(1047) Pause Incremental GC (Collect on allocation) 48.62M->44.62M 1.100ms
[41.027s] GC(1048) Pause Incremental GC (Collect on allocation) 48.62M->44.62M 1.107ms
[41.033s] GC(1049) Pause Incremental GC (Collect on allocation) 48.62M->44.62M 1.217ms
[41.038s] GC(1050) Pause Incremental GC (Collect on allocation) 48.62M->44.62M 1.173ms
[41.043s] GC(1051) Pause Incremental GC (Collect on allocation) 48.62M->45.12M 1.255ms
[41.049s] GC(1052) Pause Incremental GC (Collect on allocation) 49.12M->45.12M 1.258ms
[41.054s] GC(1053) Pause Incremental GC (Collect on allocation) 49.12M->45.12M 1.242ms
[41.059s] GC(1054) Pause Incremental GC (Collect on allocation) 49.12M->45.12M 1.139ms
[41.063s] GC(1055) Pause Incremental GC (Collect on allocation) 49.12M->45.12M 1.118ms
[41.068s] GC(1056) Pause Incremental GC (Collect on allocation) 49.12M->45.12M 1.096ms
[41.073s] GC(1057) Pause Incremental GC (Collect on allocation) 49.12M->45.12M 1.192ms
[41.078s] GC(1058) Pause Incremental GC (Collect on allocation) 49.12M->45.12M 1.136ms
[41.083s] GC(1059) Pause Incremental GC (Collect on allocation) 49.12M->45.62M 1.144ms
[41.088s] GC(1060) Pause Incremental GC (Collect on allocation) 49.62M->45.62M 1.203ms
[41.093s] GC(1061) Pause Incremental GC (Collect on allocation) 49.62M->45.62M 1.150ms
[41.098s] GC(1062) Pause Incremental GC (Collect on allocation) 49.62M->45.62M 1.193ms
[41.103s] GC(1063) Pause Incremental GC (Collect on allocation) 49.62M->45.62M 1.256ms
[41.109s] GC(1064) Pause Incremental GC (Collect on allocation) 49.62M->45.62M 1.316ms
[41.114s] GC(1065) Pause Incremental GC (Collect on allocation) 49.62M->45.62M 1.191ms
[41.118s] GC(1066) Pause Incremental GC (Collect on allocation) 49.62M->46.12M 1.084ms
[41.123s] GC(1067) Pause Incremental GC (Collect on allocation) 50.12M->46.12M 1.118ms
[41.128s] GC(1068) Pause Incremental GC (Collect on allocation) 50.12M->46.12M 1.134ms
[41.133s] GC(1069) Pause Incremental GC (Collect on allocation) 50.12M->46.12M 1.147ms
[41.138s] GC(1070) Pause Incremental GC (Collect on allocation) 50.12M->46.12M 1.157ms
[41.143s] GC(1071) Pause Incremental GC (Collect on allocation) 50.12M->46.12M 1.260ms
[41.149s] GC(1072) Pause Incremental GC (Collect on allocation) 50.12M->46.12M 1.366ms
[41.154s] GC(1073) Pause Incremental GC (Collect on allocation) 50.12M->46.12M 1.240ms
[41.159s] GC(1074) Pause Incremental GC (Collect on allocation) 50.12M->46.12M 1.152ms
[41.164s] GC(1075) Pause Incremental GC (Collect on allocation) 50.12M->46.62M 1.130ms
[41.169s] GC(1076) Pause Incremental GC (Collect on allocation) 50.62M->46.62M 1.123ms
[41.174s] GC(1077) Pause Incremental GC (Collect on allocation) 50.62M->46.62M 1.166ms
[41.179s] GC(1078) Pause Incremental GC (Collect on allocation) 50.62M->46.62M 1.140ms
[41.184s] GC(1079) Pause Incremental GC (Collect on allocation) 50.62M->46.62M 1.143ms
[41.189s] GC(1080) Pause Incremental GC (Collect on allocation) 50.62M->46.62M 1.188ms
[41.194s] GC(1081) Pause Incremental GC (Collect on allocation) 50.62M->46.62M 1.123ms
[41.198s] GC(1082) Pause Incremental GC (Collect on allocation) 50.62M->46.62M 1.129ms
[41.203s] GC(1083) Pause Incremental GC (Collect on allocation) 50.62M->47.12M 1.152ms
[41.234s] GC(1084) Pause Full GC (Collect on allocation) 51.12M->42.62M 26.392ms
[41.239s] GC(1085) Pause Incremental GC (Collect on allocation) 46.62M->43.12M 1.278ms
[41.244s] GC(1086) Pause Incremental GC (Collect on allocation) 47.12M->43.12M 1.127ms
[41.249s] GC(1087) Pause Incremental GC (Collect on allocation) 47.12M->43.12M 1.159ms
[41.254s] GC(1088) Pause Incremental GC (Collect on allocation) 47.12M->43.12M 1.302ms
[41.259s] GC(1089) Pause Incremental GC (Collect on allocation) 47.12M->43.12M 1.111ms
[41.264s] GC(1090) Pause Incremental GC (Collect on allocation) 47.12M->43.12M 1.095ms
[41.269s] GC(1091) Pause Incremental GC (Collect on allocation) 47.12M->43.12M 1.172ms
[41.273s] GC(1092) Pause Incremental GC (Collect on allocation) 47.12M->43.12M 1.156ms
[41.278s] GC(1093) Pause Incremental GC (Collect on allocation) 47.12M->43.62M 1.130ms
[41.284s] GC(1094) Pause Incremental GC (Collect on allocation) 47.62M->43.62M 1.281ms
[41.289s] GC(1095) Pause Incremental GC (Collect on allocation) 47.62M->43.62M 1.174ms
[41.293s] GC(1096) Pause Incremental GC (Collect on allocation) 47.62M->43.62M 1.134ms
[41.298s] GC(1097) Pause Incremental GC (Collect on allocation) 47.62M->43.62M 1.117ms
[41.303s] GC(1098) Pause Incremental GC (Collect on allocation) 47.62M->43.62M 1.054ms
[41.308s] GC(1099) Pause Incremental GC (Collect on allocation) 47.62M->43.62M 1.177ms
[41.313s] GC(1100) Pause Incremental GC (Collect on allocation) 47.62M->43.62M 1.189ms
[41.317s] GC(1101) Pause Incremental GC (Collect on allocation) 47.62M->44.12M 1.225ms
[41.322s] GC(1102) Pause Incremental GC (Collect on allocation) 48.12M->44.12M 1.126ms
[41.327s] GC(1103) Pause Incremental GC (Collect on allocation) 48.12M->44.12M 1.158ms
[41.332s] GC(1104) Pause Incremental GC (Collect on allocation) 48.12M->44.12M 1.144ms
[41.337s] GC(1105) Pause Incremental GC (Collect on allocation) 48.12M->44.12M 1.109ms
[41.342s] GC(1106) Pause Incremental GC (Collect on allocation) 48.12M->44.12M 1.133ms
[41.346s] GC(1107) Pause Incremental GC (Collect on allocation) 48.12M->44.12M 1.202ms
[41.351s] GC(1108) Pause Incremental GC (Collect on allocation) 48.12M->44.12M 1.136ms
[41.356s] GC(1109) Pause Incremental GC (Collect on allocation) 48.12M->44.62M 1.163ms
[41.361s] GC(1110) Pause Incremental GC (Collect on allocation) 48.62M->44.62M 1.137ms
[41.366s] GC(1111) Pause Incremental GC (Collect on allocation) 48.62M->44.62M 1.137ms
[41.371s] GC(1112) Pause Incremental GC (Collect on allocation) 48.62M->44.62M 1.259ms
[41.376s] GC(1113) Pause Incremental GC (Collect on allocation) 48.62M->44.62M 1.174ms
[41.381s] GC(1114) Pause Incremental GC (Collect on allocation) 48.62M->44.62M 1.212ms
[41.386s] GC(1115) Pause Incremental GC (Collect on allocation) 48.62M->44.62M 1.112ms
[41.391s] GC(1116) Pause Incremental GC (Collect on allocation) 48.62M->44.62M 1.080ms
[41.395s] GC(1117) Pause Incremental GC (Collect on allocation) 48.62M->44.62M 1.109ms
[41.400s] GC(1118) Pause Incremental GC (Collect on allocation) 48.62M->45.12M 1.153ms
[41.405s] GC(1119) Pause Incremental GC (Collect on allocation) 49.12M->45.12M 1.161ms
[41.410s] GC(1120) Pause Incremental GC (Collect on allocation) 49.12M->45.12M 1.131ms
[41.415s] GC(1121) Pause Incremental GC (Collect on allocation) 49.12M->45.12M 1.134ms
[41.420s] GC(1122) Pause Incremental GC (Collect on allocation) 49.12M->45.12M 1.134ms
[41.424s] GC(1123) Pause Incremental GC (Collect on allocation) 49.12M->45.12M 1.117ms
[41.431s] GC(1124) Pause Incremental GC (Collect on allocation) 49.12M->45.12M 1.102ms
[41.436s] GC(1125) Pause Incremental GC (Collect on allocation) 49.12M->45.12M 1.064ms
[41.441s] GC(1126) Pause Incremental GC (Collect on allocation) 49.12M->45.12M 1.144ms
[41.445s] GC(1127) Pause Incremental GC (Collect on allocation) 49.12M->45.62M 1.232ms
[41.450s] GC(1128) Pause Incremental GC (Collect on allocation) 49.62M->45.62M 1.133ms
[41.455s] GC(1129) Pause Incremental GC (Collect on allocation) 49.62M->45.62M 1.418ms
[41.460s] GC(1130) Pause Incremental GC (Collect on allocation) 49.62M->45.62M 1.101ms
[41.465s] GC(1131) Pause Incremental GC (Collect on allocation) 49.62M->45.62M 1.154ms
[41.470s] GC(1132) Pause Incremental GC (Collect on allocation) 49.62M->45.62M 1.243ms
[41.475s] GC(1133) Pause Incremental GC (Collect on allocation) 49.62M->45.62M 1.133ms
[41.480s] GC(1134) Pause Incremental GC (Collect on allocation) 49.62M->45.62M 1.298ms
[41.485s] GC(1135) Pause Incremental GC (Collect on allocation) 49.62M->45.62M 1.153ms
[41.490s] GC(1136) Pause Incremental GC (Collect on allocation) 49.62M->46.12M 1.127ms
[41.495s] GC(1137) Pause Incremental GC (Collect on allocation) 50.12M->46.12M 1.146ms
[41.500s] GC(1138) Pause Incremental GC (Collect on allocation) 50.12M->46.12M 1.121ms
[41.505s] GC(1139) Pause Incremental GC (Collect on allocation) 50.12M->46.12M 1.348ms
[41.511s] GC(1140) Pause Incremental GC (Collect on allocation) 50.12M->46.12M 1.276ms
[41.515s] GC(1141) Pause Incremental GC (Collect on allocation) 50.12M->46.12M 1.095ms
[41.520s] GC(1142) Pause Incremental GC (Collect on allocation) 50.12M->46.12M 1.092ms
[41.525s] GC(1143) Pause Incremental GC (Collect on allocation) 50.12M->46.62M 1.150ms
[41.530s] GC(1144) Pause Incremental GC (Collect on allocation) 50.62M->46.62M 1.164ms
[41.534s] GC(1145) Pause Incremental GC (Collect on allocation) 50.62M->46.62M 1.121ms
[41.539s] GC(1146) Pause Incremental GC (Collect on allocation) 50.62M->46.62M 1.177ms
[41.544s] GC(1147) Pause Incremental GC (Collect on allocation) 50.62M->46.62M 1.155ms
[41.549s] GC(1148) Pause Incremental GC (Collect on allocation) 50.62M->46.62M 1.202ms
[41.554s] GC(1149) Pause Incremental GC (Collect on allocation) 50.62M->46.62M 1.342ms
[41.559s] GC(1150) Pause Incremental GC (Collect on allocation) 50.62M->47.12M 1.162ms
[41.590s] GC(1151) Pause Full GC (Collect on allocation) 51.12M->43.12M 27.118ms
[41.595s] GC(1152) Pause Incremental GC (Collect on allocation) 47.12M->43.12M 1.314ms
[41.600s] GC(1153) Pause Incremental GC (Collect on allocation) 47.12M->43.12M 1.169ms
[41.605s] GC(1154) Pause Incremental GC (Collect on allocation) 47.12M->43.12M 1.246ms
[41.610s] GC(1155) Pause Incremental GC (Collect on allocation) 47.12M->43.12M 1.141ms
[41.615s] GC(1156) Pause Incremental GC (Collect on allocation) 47.12M->43.62M 1.206ms
[41.620s] GC(1157) Pause Incremental GC (Collect on allocation) 47.62M->43.62M 1.141ms
[41.625s] GC(1158) Pause Incremental GC (Collect on allocation) 47.62M->43.62M 1.163ms
[41.630s] GC(1159) Pause Incremental GC (Collect on allocation) 47.62M->43.62M 1.262ms
[41.635s] GC(1160) Pause Incremental GC (Collect on allocation) 47.62M->43.62M 1.089ms
[41.639s] GC(1161) Pause Incremental GC (Collect on allocation) 47.62M->43.62M 1.163ms
[41.644s] GC(1162) Pause Incremental GC (Collect on allocation) 47.62M->43.62M 1.158ms
[41.650s] GC(1163) Pause Incremental GC (Collect on allocation) 47.62M->44.12M 1.259ms
[41.654s] GC(1164) Pause Incremental GC (Collect on allocation) 48.12M->44.12M 1.198ms
[41.660s] GC(1165) Pause Incremental GC (Collect on allocation) 48.12M->44.12M 1.169ms
[41.664s] GC(1166) Pause Incremental GC (Collect on allocation) 48.12M->44.12M 1.115ms
[41.669s] GC(1167) Pause Incremental GC (Collect on allocation) 48.12M->44.12M 1.134ms
[41.674s] GC(1168) Pause Incremental GC (Collect on allocation) 48.12M->44.12M 1.137ms
[41.679s] GC(1169) Pause Incremental GC (Collect on allocation) 48.12M->44.12M 1.162ms
[41.684s] GC(1170) Pause Incremental GC (Collect on allocation) 48.12M->44.62M 1.178ms
[41.688s] GC(1171) Pause Incremental GC (Collect on allocation) 48.62M->44.62M 1.157ms
[41.693s] GC(1172) Pause Incremental GC (Collect on allocation) 48.62M->44.62M 1.133ms
[41.698s] GC(1173) Pause Incremental GC (Collect on allocation) 48.62M->44.62M 1.151ms
[41.702s] GC(1174) Pause Incremental GC (Collect on allocation) 48.62M->44.62M 1.079ms
[41.707s] GC(1175) Pause Incremental GC (Collect on allocation) 48.62M->44.62M 1.146ms
[41.712s] GC(1176) Pause Incremental GC (Collect on allocation) 48.62M->44.62M 1.153ms
[41.717s] GC(1177) Pause Incremental GC (Collect on allocation) 48.62M->44.62M 1.168ms
[41.722s] GC(1178) Pause Incremental GC (Collect on allocation) 48.62M->44.62M 1.142ms
[41.727s] GC(1179) Pause Incremental GC (Collect on allocation) 48.62M->45.12M 1.142ms
[41.732s] GC(1180) Pause Incremental GC (Collect on allocation) 49.12M->45.12M 1.144ms
[41.737s] GC(1181) Pause Incremental GC (Collect on allocation) 49.12M->45.12M 1.135ms
[41.741s] GC(1182) Pause Incremental GC (Collect on allocation) 49.12M->45.12M 1.101ms
[41.746s] GC(1183) Pause Incremental GC (Collect on allocation) 49.12M->45.12M 1.300ms
[41.752s] GC(1184) Pause Incremental GC (Collect on allocation) 49.12M->45.12M 1.249ms
[41.757s] GC(1185) Pause Incremental GC (Collect on allocation) 49.12M->45.12M 1.190ms
[41.762s] GC(1186) Pause Incremental GC (Collect on allocation) 49.12M->45.12M 1.093ms
[41.766s] GC(1187) Pause Incremental GC (Collect on allocation) 49.12M->45.62M 1.095ms
[41.771s] GC(1188) Pause Incremental GC (Collect on allocation) 49.62M->45.62M 1.226ms
[41.776s] GC(1189) Pause Incremental GC (Collect on allocation) 49.62M->45.62M 1.157ms
[41.781s] GC(1190) Pause Incremental GC (Collect on allocation) 49.62M->45.62M 1.154ms
[41.786s] GC(1191) Pause Incremental GC (Collect on allocation) 49.62M->45.62M 1.116ms
[41.791s] GC(1192) Pause Incremental GC (Collect on allocation) 49.62M->45.62M 1.125ms
[41.796s] GC(1193) Pause Incremental GC (Collect on allocation) 49.62M->45.62M 1.144ms
[41.801s] GC(1194) Pause Incremental GC (Collect on allocation) 49.62M->45.62M 1.259ms
[41.806s] GC(1195) Pause Incremental GC (Collect on allocation) 49.62M->46.12M 1.212ms
[41.810s] GC(1196) Pause Incremental GC (Collect on allocation) 50.12M->46.12M 1.142ms
[41.815s] GC(1197) Pause Incremental GC (Collect on allocation) 50.12M->46.12M 1.135ms
[41.821s] GC(1198) Pause Incremental GC (Collect on allocation) 50.12M->46.12M 1.260ms
[41.826s] GC(1199) Pause Incremental GC (Collect on allocation) 50.12M->46.12M 1.091ms
[41.830s] GC(1200) Pause Incremental GC (Collect on allocation) 50.12M->46.12M 1.124ms
[41.835s] GC(1201) Pause Incremental GC (Collect on allocation) 50.12M->46.12M 1.139ms
[41.840s] GC(1202) Pause Incremental GC (Collect on allocation) 50.12M->46.12M 1.123ms
[41.845s] GC(1203) Pause Incremental GC (Collect on allocation) 50.12M->46.62M 1.721ms
[41.851s] GC(1204) Pause Incremental GC (Collect on allocation) 50.62M->46.62M 1.204ms
[41.856s] GC(1205) Pause Incremental GC (Collect on allocation) 50.62M->46.62M 1.148ms
[41.860s] GC(1206) Pause Incremental GC (Collect on allocation) 50.62M->46.62M 1.101ms
[41.865s] GC(1207) Pause Incremental GC (Collect on allocation) 50.62M->46.62M 1.129ms
[41.870s] GC(1208) Pause Incremental GC (Collect on allocation) 50.62M->46.62M 1.094ms
[41.875s] GC(1209) Pause Incremental GC (Collect on allocation) 50.62M->46.62M 1.111ms
[41.880s] GC(1210) Pause Incremental GC (Collect on allocation) 50.62M->46.62M 1.253ms
[41.885s] GC(1211) Pause Incremental GC (Collect on allocation) 50.62M->46.62M 1.116ms
[41.890s] GC(1212) Pause Incremental GC (Collect on allocation) 50.62M->47.12M 1.158ms
[41.894s] GC(1213) Pause Incremental GC (Collect on allocation) 51.12M->47.12M 1.133ms
[41.899s] GC(1214) Pause Incremental GC (Collect on allocation) 51.12M->47.12M 1.159ms
[41.905s] GC(1215) Pause Incremental GC (Collect on allocation) 51.62M->47.12M 1.278ms
[41.911s] GC(1216) Pause Incremental GC (Collect on allocation) 52.12M->47.12M 1.170ms
[41.942s] GC(1217) Pause Full GC (Collect on allocation) 52.62M->43.62M 25.627ms
[41.951s] GC(1218) Pause Incremental GC (Collect on allocation) 51.12M->43.62M 1.712ms
[41.961s] GC(1219) Pause Incremental GC (Collect on allocation) 52.12M->43.62M 1.205ms
[41.974s] GC(1220) Pause Incremental GC (Collect on allocation) 53.12M->44.12M 1.232ms
[41.986s] GC(1221) Pause Incremental GC (Collect on allocation) 54.62M->44.12M 1.272ms
[41.999s] GC(1222) Pause Incremental GC (Collect on allocation) 55.62M->44.12M 1.259ms
[42.013s] GC(1223) Pause Incremental GC (Collect on allocation) 56.62M->44.12M 1.406ms
[42.028s] GC(1224) Pause Incremental GC (Collect on allocation) 57.62M->44.12M 1.321ms
[42.045s] GC(1225) Pause Incremental GC (Collect on allocation) 58.62M->44.62M 1.303ms
[42.062s] GC(1226) Pause Incremental GC (Collect on allocation) 60.12M->44.62M 1.298ms
[42.081s] GC(1227) Pause Incremental GC (Collect on allocation) 61.62M->44.62M 1.550ms
[42.102s] GC(1228) Pause Incremental GC (Collect on allocation) 63.12M->45.12M 1.360ms
[42.124s] GC(1229) Pause Incremental GC (Collect on allocation) 64.62M->45.12M 1.493ms
[42.147s] GC(1230) Pause Incremental GC (Collect on allocation) 65.62M->45.62M 1.742ms
[42.171s] GC(1231) Pause Incremental GC (Collect on allocation) 67.62M->46.12M 1.497ms
[42.198s] GC(1232) Pause Incremental GC (Collect on allocation) 69.62M->46.62M 1.836ms
[42.226s] GC(1233) Pause Incremental GC (Collect on allocation) 71.62M->47.12M 1.705ms
[42.254s] GC(1234) Pause Incremental GC (Collect on allocation) 73.62M->47.62M 1.747ms
[42.286s] GC(1235) Pause Incremental GC (Collect on allocation) 75.62M->48.12M 1.914ms
[42.318s] GC(1236) Pause Incremental GC (Collect on allocation) 77.62M->48.62M 1.824ms
[42.353s] GC(1237) Pause Incremental GC (Collect on allocation) 79.62M->49.12M 1.830ms
[42.387s] GC(1238) Pause Incremental GC (Collect on allocation) 81.62M->49.62M 1.891ms
[42.424s] GC(1239) Pause Incremental GC (Collect on allocation) 83.62M->50.12M 1.830ms
[42.463s] GC(1240) Pause Incremental GC (Collect on allocation) 85.62M->50.62M 2.040ms
[42.500s] GC(1241) Pause Incremental GC (Collect on allocation) 85.62M->51.12M 1.842ms
[42.537s] GC(1242) Pause Incremental GC (Collect on allocation) 85.62M->51.62M 1.942ms
[42.567s] GC(1243) Pause Incremental GC (Collect on allocation) 85.62M->52.12M 1.958ms
[42.597s] GC(1244) Pause Incremental GC (Collect on allocation) 85.62M->51.12M 2.318ms
[42.633s] GC(1245) Pause Incremental GC (Collect on allocation) 84.12M->51.12M 2.033ms
[42.667s] GC(1246) Pause Incremental GC (Collect on allocation) 83.62M->51.12M 1.938ms
[42.703s] GC(1247) Pause Incremental GC (Collect on allocation) 85.12M->51.12M 1.941ms
[42.739s] GC(1248) Pause Incremental GC (Collect on allocation) 84.62M->50.62M 1.947ms
[42.776s] GC(1249) Pause Incremental GC (Collect on allocation) 83.62M->50.62M 2.085ms
[42.810s] GC(1250) Pause Incremental GC (Collect on allocation) 83.12M->50.62M 1.980ms
[42.884s] GC(1251) Pause Full GC (Collect on allocation) 84.62M->42.62M 28.729ms
[42.937s] GC(1252) Pause Incremental GC (Collect on allocation) 78.12M->43.12M 3.015ms
[42.985s] GC(1253) Pause Incremental GC (Collect on allocation) 80.62M->43.62M 1.945ms
[43.024s] GC(1254) Pause Incremental GC (Collect on allocation) 80.62M->44.12M 1.762ms
[43.066s] GC(1255) Pause Incremental GC (Collect on allocation) 83.12M->44.62M 2.066ms
[43.107s] GC(1256) Pause Incremental GC (Collect on allocation) 83.12M->45.12M 1.870ms
[43.150s] GC(1257) Pause Incremental GC (Collect on allocation) 83.12M->45.62M 2.087ms
[43.191s] GC(1258) Pause Incremental GC (Collect on allocation) 83.12M->46.12M 2.066ms
[43.234s] GC(1259) Pause Incremental GC (Collect on allocation) 85.62M->46.62M 2.138ms
[43.276s] GC(1260) Pause Incremental GC (Collect on allocation) 85.62M->47.12M 1.985ms
[43.316s] GC(1261) Pause Incremental GC (Collect on allocation) 85.62M->47.62M 2.048ms
[43.356s] GC(1262) Pause Incremental GC (Collect on allocation) 85.62M->48.12M 2.351ms
[43.395s] GC(1263) Pause Incremental GC (Collect on allocation) 85.62M->48.62M 2.048ms
[43.435s] GC(1264) Pause Incremental GC (Collect on allocation) 85.62M->49.12M 2.001ms
[43.477s] GC(1265) Pause Incremental GC (Collect on allocation) 88.12M->49.62M 2.199ms
[43.519s] GC(1266) Pause Incremental GC (Collect on allocation) 88.12M->50.12M 2.070ms
[43.560s] GC(1267) Pause Incremental GC (Collect on allocation) 88.12M->50.12M 2.248ms
[43.600s] GC(1268) Pause Incremental GC (Collect on allocation) 87.62M->50.12M 2.235ms
[43.639s] GC(1269) Pause Incremental GC (Collect on allocation) 87.12M->50.12M 2.176ms
[43.678s] GC(1270) Pause Incremental GC (Collect on allocation) 86.62M->50.12M 2.136ms
[43.720s] GC(1271) Pause Incremental GC (Collect on allocation) 88.62M->50.12M 2.135ms
[43.760s] GC(1272) Pause Incremental GC (Collect on allocation) 88.12M->49.62M 2.071ms
[43.800s] GC(1273) Pause Incremental GC (Collect on allocation) 87.12M->50.12M 1.998ms
[43.840s] GC(1274) Pause Incremental GC (Collect on allocation) 87.12M->49.62M 2.121ms
[43.884s] GC(1275) Pause Incremental GC (Collect on allocation) 86.12M->49.62M 1.930ms
[43.925s] GC(1276) Pause Incremental GC (Collect on allocation) 88.12M->49.62M 2.045ms
[43.966s] GC(1277) Pause Incremental GC (Collect on allocation) 87.62M->49.62M 1.876ms
[44.006s] GC(1278) Pause Incremental GC (Collect on allocation) 87.12M->49.62M 2.112ms
[44.046s] GC(1279) Pause Incremental GC (Collect on allocation) 86.62M->49.62M 2.032ms
[44.088s] GC(1280) Pause Incremental GC (Collect on allocation) 88.62M->49.62M 2.189ms
[44.129s] GC(1281) Pause Incremental GC (Collect on allocation) 88.12M->49.62M 2.032ms
[44.170s] GC(1282) Pause Incremental GC (Collect on allocation) 87.62M->49.62M 1.981ms
[44.213s] GC(1283) Pause Incremental GC (Collect on allocation) 87.12M->49.62M 1.903ms
[44.260s] GC(1284) Pause Incremental GC (Collect on allocation) 89.12M->49.62M 1.931ms
[44.304s] GC(1285) Pause Incremental GC (Collect on allocation) 88.62M->50.12M 1.838ms
[44.346s] GC(1286) Pause Incremental GC (Collect on allocation) 88.62M->49.62M 2.007ms
[44.387s] GC(1287) Pause Incremental GC (Collect on allocation) 87.62M->50.12M 1.701ms
[44.431s] GC(1288) Pause Incremental GC (Collect on allocation) 90.12M->50.12M 1.895ms
[44.490s] GC(1289) Pause Full GC (Collect on allocation) 89.62M->43.62M 18.717ms
[44.534s] GC(1290) Pause Incremental GC (Collect on allocation) 84.62M->44.12M 1.802ms
[44.579s] GC(1291) Pause Incremental GC (Collect on allocation) 87.12M->44.62M 1.729ms
[44.629s] GC(1292) Pause Incremental GC (Collect on allocation) 89.62M->45.12M 1.934ms
[44.687s] GC(1293) Pause Incremental GC (Collect on allocation) 92.12M->45.62M 2.977ms
[44.752s] GC(1294) Pause Incremental GC (Collect on allocation) 92.12M->46.12M 2.814ms
[44.818s] GC(1295) Pause Incremental GC (Collect on allocation) 92.12M->46.62M 3.175ms
[44.871s] GC(1296) Pause Incremental GC (Collect on allocation) 92.12M->47.12M 2.034ms
[44.921s] GC(1297) Pause Incremental GC (Collect on allocation) 92.12M->47.62M 2.208ms
[44.968s] GC(1298) Pause Incremental GC (Collect on allocation) 92.12M->48.12M 1.974ms
[45.015s] GC(1299) Pause Incremental GC (Collect on allocation) 92.12M->48.62M 2.062ms
[45.064s] GC(1300) Pause Incremental GC (Collect on allocation) 94.62M->49.12M 2.205ms
[45.113s] GC(1301) Pause Incremental GC (Collect on allocation) 94.62M->49.62M 2.206ms
[45.161s] GC(1302) Pause Incremental GC (Collect on allocation) 94.62M->50.12M 2.346ms
[45.209s] GC(1303) Pause Incremental GC (Collect on allocation) 94.62M->50.62M 2.263ms
[45.256s] GC(1304) Pause Incremental GC (Collect on allocation) 94.62M->51.12M 2.469ms
[45.304s] GC(1305) Pause Incremental GC (Collect on allocation) 94.62M->51.12M 2.176ms
[45.350s] GC(1306) Pause Incremental GC (Collect on allocation) 94.12M->51.12M 2.214ms
[45.396s] GC(1307) Pause Incremental GC (Collect on allocation) 93.62M->51.12M 2.185ms
[45.442s] GC(1308) Pause Incremental GC (Collect on allocation) 93.12M->51.12M 2.111ms
[45.486s] GC(1309) Pause Incremental GC (Collect on allocation) 92.62M->51.12M 2.018ms
[45.531s] GC(1310) Pause Incremental GC (Collect on allocation) 92.12M->51.12M 2.284ms
[45.580s] GC(1311) Pause Incremental GC (Collect on allocation) 94.62M->51.62M 2.615ms
[45.628s] GC(1312) Pause Incremental GC (Collect on allocation) 94.62M->51.62M 2.175ms
[45.675s] GC(1313) Pause Incremental GC (Collect on allocation) 94.12M->52.12M 2.327ms
[45.721s] GC(1314) Pause Incremental GC (Collect on allocation) 94.12M->52.12M 2.463ms
[45.766s] GC(1315) Pause Incremental GC (Collect on allocation) 93.62M->52.62M 2.525ms
[45.832s] GC(1316) Pause Full GC (Collect on allocation) 96.62M->44.62M 20.522ms
[45.880s] GC(1317) Pause Incremental GC (Collect on allocation) 87.62M->46.12M 2.435ms
[45.927s] GC(1318) Pause Incremental GC (Collect on allocation) 88.62M->47.12M 2.448ms
[45.973s] GC(1319) Pause Incremental GC (Collect on allocation) 89.12M->48.12M 2.551ms
[46.022s] GC(1320) Pause Incremental GC (Collect on allocation) 92.62M->49.12M 3.125ms
[46.071s] GC(1321) Pause Incremental GC (Collect on allocation) 93.12M->49.62M 2.657ms
[46.118s] GC(1322) Pause Incremental GC (Collect on allocation) 93.12M->50.12M 2.647ms
[46.167s] GC(1323) Pause Incremental GC (Collect on allocation) 93.12M->50.62M 2.569ms
[46.214s] GC(1324) Pause Incremental GC (Collect on allocation) 93.12M->51.12M 2.807ms
[46.259s] GC(1325) Pause Incremental GC (Collect on allocation) 93.12M->51.12M 2.727ms
[46.304s] GC(1326) Pause Incremental GC (Collect on allocation) 92.62M->51.12M 2.839ms
[46.349s] GC(1327) Pause Incremental GC (Collect on allocation) 92.12M->51.12M 2.689ms
[46.394s] GC(1328) Pause Incremental GC (Collect on allocation) 91.62M->51.62M 2.200ms
[46.437s] GC(1329) Pause Incremental GC (Collect on allocation) 91.62M->51.12M 2.183ms
[46.481s] GC(1330) Pause Incremental GC (Collect on allocation) 90.62M->51.62M 2.214ms
[46.522s] GC(1331) Pause Incremental GC (Collect on allocation) 90.62M->51.12M 2.098ms
[46.573s] GC(1332) Pause Incremental GC (Collect on allocation) 89.62M->51.12M 2.860ms
[46.628s] GC(1333) Pause Incremental GC (Collect on allocation) 89.12M->50.62M 2.769ms
[46.680s] GC(1334) Pause Incremental GC (Collect on allocation) 88.12M->50.62M 2.717ms
[46.727s] GC(1335) Pause Incremental GC (Collect on allocation) 87.62M->51.12M 1.928ms
[46.766s] GC(1336) Pause Incremental GC (Collect on allocation) 87.62M->51.62M 1.676ms
[46.804s] GC(1337) Pause Incremental GC (Collect on allocation) 87.62M->51.62M 1.647ms
[46.841s] GC(1338) Pause Incremental GC (Collect on allocation) 87.12M->52.12M 1.689ms
[46.880s] GC(1339) Pause Incremental GC (Collect on allocation) 87.12M->52.62M 1.760ms
[46.918s] GC(1340) Pause Incremental GC (Collect on allocation) 87.12M->52.62M 1.959ms
[46.954s] GC(1341) Pause Incremental GC (Collect on allocation) 86.62M->53.12M 1.614ms
[46.989s] GC(1342) Pause Incremental GC (Collect on allocation) 86.62M->53.12M 1.650ms
[47.024s] GC(1343) Pause Incremental GC (Collect on allocation) 86.12M->53.62M 1.622ms
[47.059s] GC(1344) Pause Incremental GC (Collect on allocation) 86.12M->53.62M 1.614ms
[47.093s] GC(1345) Pause Incremental GC (Collect on allocation) 85.62M->54.12M 1.636ms
[47.127s] GC(1346) Pause Incremental GC (Collect on allocation) 85.62M->54.12M 1.704ms
[47.161s] GC(1347) Pause Incremental GC (Collect on allocation) 85.12M->54.62M 1.833ms
[47.194s] GC(1348) Pause Incremental GC (Collect on allocation) 85.12M->55.12M 1.563ms
[47.227s] GC(1349) Pause Incremental GC (Collect on allocation) 85.12M->55.12M 1.661ms
[47.259s] GC(1350) Pause Incremental GC (Collect on allocation) 84.62M->55.62M 1.715ms
[47.291s] GC(1351) Pause Incremental GC (Collect on allocation) 84.62M->55.62M 1.651ms
[47.345s] GC(1352) Pause Full GC (Collect on allocation) 84.12M->45.62M 25.515ms
[47.382s] GC(1353) Pause Incremental GC (Collect on allocation) 78.62M->45.62M 1.985ms
[47.420s] GC(1354) Pause Incremental GC (Collect on allocation) 80.62M->46.12M 1.602ms
[47.459s] GC(1355) Pause Incremental GC (Collect on allocation) 83.12M->46.62M 1.667ms
[47.500s] GC(1356) Pause Incremental GC (Collect on allocation) 86.12M->46.62M 1.613ms
[47.545s] GC(1357) Pause Incremental GC (Collect on allocation) 88.62M->47.12M 1.903ms
[47.593s] GC(1358) Pause Incremental GC (Collect on allocation) 91.62M->47.62M 2.129ms
[47.643s] GC(1359) Pause Incremental GC (Collect on allocation) 94.62M->48.12M 1.746ms
[47.696s] GC(1360) Pause Incremental GC (Collect on allocation) 98.12M->48.62M 1.805ms
[47.753s] GC(1361) Pause Incremental GC (Collect on allocation) 101.62M->48.62M 1.793ms
[47.812s] GC(1362) Pause Incremental GC (Collect on allocation) 104.62M->49.12M 1.821ms
[47.875s] GC(1363) Pause Incremental GC (Collect on allocation) 108.12M->49.62M 1.970ms
[47.940s] GC(1364) Pause Incremental GC (Collect on allocation) 111.62M->50.12M 1.914ms
[48.009s] GC(1365) Pause Incremental GC (Collect on allocation) 115.62M->50.62M 1.822ms
[48.081s] GC(1366) Pause Incremental GC (Collect on allocation) 119.62M->51.12M 1.979ms
[48.157s] GC(1367) Pause Incremental GC (Collect on allocation) 123.62M->51.62M 1.949ms
[48.238s] GC(1368) Pause Incremental GC (Collect on allocation) 127.62M->52.12M 2.055ms
[48.323s] GC(1369) Pause Incremental GC (Collect on allocation) 131.62M->52.62M 2.873ms
[48.407s] GC(1370) Pause Incremental GC (Collect on allocation) 130.62M->53.12M 2.025ms
[48.488s] GC(1371) Pause Incremental GC (Collect on allocation) 130.12M->53.62M 2.154ms
[48.570s] GC(1372) Pause Incremental GC (Collect on allocation) 129.62M->54.12M 3.083ms
[48.674s] GC(1373) Pause Incremental GC (Collect on allocation) 129.12M->54.62M 3.454ms
[48.787s] GC(1374) Pause Full GC (Collect on allocation) 128.62M->47.62M 24.932ms
[48.853s] GC(1375) Pause Incremental GC (Collect on allocation) 119.77M->48.62M 3.265ms
[48.928s] GC(1376) Pause Incremental GC (Collect on allocation) 119.62M->48.62M 2.460ms
[49.002s] GC(1377) Pause Incremental GC (Collect on allocation) 118.62M->49.12M 2.432ms
[49.075s] GC(1378) Pause Incremental GC (Collect on allocation) 118.12M->49.62M 2.574ms
[49.146s] GC(1379) Pause Incremental GC (Collect on allocation) 117.62M->50.12M 2.581ms
[49.218s] GC(1380) Pause Incremental GC (Collect on allocation) 117.12M->50.12M 2.617ms
[49.291s] GC(1381) Pause Incremental GC (Collect on allocation) 116.12M->50.12M 2.011ms
[49.362s] GC(1382) Pause Incremental GC (Collect on allocation) 115.12M->49.62M 2.330ms
[49.431s] GC(1383) Pause Incremental GC (Collect on allocation) 113.62M->49.62M 2.026ms
[49.498s] GC(1384) Pause Incremental GC (Collect on allocation) 112.62M->50.12M 2.184ms
[49.564s] GC(1385) Pause Incremental GC (Collect on allocation) 112.12M->50.62M 2.279ms
[49.628s] GC(1386) Pause Incremental GC (Collect on allocation) 111.62M->50.12M 2.225ms
[49.692s] GC(1387) Pause Incremental GC (Collect on allocation) 110.12M->50.12M 2.235ms
[49.755s] GC(1388) Pause Incremental GC (Collect on allocation) 109.12M->50.12M 2.255ms
[49.821s] GC(1389) Pause Incremental GC (Collect on allocation) 108.12M->50.62M 2.429ms
[49.888s] GC(1390) Pause Incremental GC (Collect on allocation) 112.12M->50.12M 2.205ms
[49.953s] GC(1391) Pause Incremental GC (Collect on allocation) 110.62M->50.12M 1.902ms
[50.018s] GC(1392) Pause Incremental GC (Collect on allocation) 109.62M->50.12M 2.157ms
[50.085s] GC(1393) Pause Incremental GC (Collect on allocation) 108.62M->50.62M 2.117ms
[50.153s] GC(1394) Pause Incremental GC (Collect on allocation) 112.12M->50.62M 1.994ms
[50.221s] GC(1395) Pause Incremental GC (Collect on allocation) 111.12M->50.62M 2.036ms
[50.285s] GC(1396) Pause Incremental GC (Collect on allocation) 110.12M->50.62M 1.962ms
[50.353s] GC(1397) Pause Incremental GC (Collect on allocation) 113.12M->50.62M 2.203ms
[50.422s] GC(1398) Pause Incremental GC (Collect on allocation) 112.12M->50.62M 2.213ms
[50.488s] GC(1399) Pause Incremental GC (Collect on allocation) 111.12M->50.62M 1.964ms
[50.555s] GC(1400) Pause Incremental GC (Collect on allocation) 110.12M->50.62M 2.079ms
[50.620s] GC(1401) Pause Incremental GC (Collect on allocation) 109.12M->50.62M 1.921ms
[50.682s] GC(1402) Pause Incremental GC (Collect on allocation) 108.12M->50.12M 2.065ms
[50.765s] GC(1403) Pause Full GC (Collect on allocation) 106.62M->45.12M 20.630ms
[50.829s] GC(1404) Pause Incremental GC (Collect on allocation) 104.12M->46.12M 2.344ms
[50.902s] GC(1405) Pause Incremental GC (Collect on allocation) 104.12M->46.12M 2.864ms
[50.988s] GC(1406) Pause Incremental GC (Collect on allocation) 107.62M->46.12M 3.167ms
[51.061s] GC(1407) Pause Incremental GC (Collect on allocation) 106.62M->45.62M 1.793ms
[51.128s] GC(1408) Pause Incremental GC (Collect on allocation) 109.62M->45.62M 1.774ms
[51.200s] GC(1409) Pause Incremental GC (Collect on allocation) 113.12M->46.12M 1.902ms
[51.275s] GC(1410) Pause Incremental GC (Collect on allocation) 117.62M->46.62M 1.929ms
[51.355s] GC(1411) Pause Incremental GC (Collect on allocation) 122.12M->47.12M 2.067ms
[51.442s] GC(1412) Pause Incremental GC (Collect on allocation) 127.12M->48.12M 2.438ms
[51.532s] GC(1413) Pause Incremental GC (Collect on allocation) 132.62M->48.62M 2.136ms
[51.626s] GC(1414) Pause Incremental GC (Collect on allocation) 137.62M->50.12M 2.444ms
[51.721s] GC(1415) Pause Incremental GC (Collect on allocation) 137.62M->51.62M 2.785ms
[51.814s] GC(1416) Pause Incremental GC (Collect on allocation) 137.62M->53.62M 3.017ms
[51.905s] GC(1417) Pause Incremental GC (Collect on allocation) 138.12M->55.12M 2.673ms
[51.993s] GC(1418) Pause Incremental GC (Collect on allocation) 138.12M->56.12M 2.272ms
[52.078s] GC(1419) Pause Incremental GC (Collect on allocation) 137.62M->56.62M 2.159ms
[52.165s] GC(1420) Pause Incremental GC (Collect on allocation) 137.12M->57.62M 2.509ms
[52.251s] GC(1421) Pause Incremental GC (Collect on allocation) 137.12M->58.62M 2.292ms
[52.333s] GC(1422) Pause Incremental GC (Collect on allocation) 137.12M->59.12M 2.184ms
[52.416s] GC(1423) Pause Incremental GC (Collect on allocation) 136.62M->59.62M 2.152ms
[52.496s] GC(1424) Pause Incremental GC (Collect on allocation) 136.12M->60.62M 2.153ms
[52.575s] GC(1425) Pause Incremental GC (Collect on allocation) 136.12M->61.12M 2.060ms
[52.654s] GC(1426) Pause Incremental GC (Collect on allocation) 135.62M->61.12M 2.113ms
[52.731s] GC(1427) Pause Incremental GC (Collect on allocation) 134.62M->61.62M 2.081ms
[52.807s] GC(1428) Pause Incremental GC (Collect on allocation) 134.12M->62.12M 2.110ms
[52.901s] GC(1429) Pause Full GC (Collect on allocation) 133.62M->46.12M 19.583ms
[52.981s] GC(1430) Pause Incremental GC (Collect on allocation) 120.62M->46.62M 2.133ms
[53.071s] GC(1431) Pause Incremental GC (Collect on allocation) 120.12M->47.12M 3.009ms
[53.174s] GC(1432) Pause Incremental GC (Collect on allocation) 119.62M->47.62M 3.224ms
[53.255s] GC(1433) Pause Incremental GC (Collect on allocation) 119.12M->48.12M 2.022ms
[53.329s] GC(1434) Pause Incremental GC (Collect on allocation) 118.62M->48.12M 1.989ms
[53.403s] GC(1435) Pause Incremental GC (Collect on allocation) 117.62M->48.62M 2.108ms
[53.477s] GC(1436) Pause Incremental GC (Collect on allocation) 117.12M->49.62M 2.080ms
[53.548s] GC(1437) Pause Incremental GC (Collect on allocation) 117.12M->49.62M 2.236ms
[53.617s] GC(1438) Pause Incremental GC (Collect on allocation) 116.12M->50.12M 1.926ms
[53.689s] GC(1439) Pause Incremental GC (Collect on allocation) 115.62M->50.62M 2.062ms
[53.757s] GC(1440) Pause Incremental GC (Collect on allocation) 115.12M->51.12M 2.085ms
[53.823s] GC(1441) Pause Incremental GC (Collect on allocation) 114.62M->51.62M 1.993ms
[53.894s] GC(1442) Pause Incremental GC (Collect on allocation) 119.12M->52.12M 1.878ms
[53.963s] GC(1443) Pause Incremental GC (Collect on allocation) 118.62M->52.62M 1.917ms
[54.033s] GC(1444) Pause Incremental GC (Collect on allocation) 118.12M->53.12M 2.076ms
[54.101s] GC(1445) Pause Incremental GC (Collect on allocation) 117.62M->53.62M 2.077ms
[54.167s] GC(1446) Pause Incremental GC (Collect on allocation) 117.12M->54.12M 1.883ms
[54.233s] GC(1447) Pause Incremental GC (Collect on allocation) 116.62M->54.12M 2.048ms
[54.304s] GC(1448) Pause Incremental GC (Collect on allocation) 120.62M->54.62M 1.937ms
[54.376s] GC(1449) Pause Incremental GC (Collect on allocation) 120.12M->55.12M 2.011ms
[54.445s] GC(1450) Pause Incremental GC (Collect on allocation) 119.62M->55.62M 2.032ms
[54.512s] GC(1451) Pause Incremental GC (Collect on allocation) 119.12M->56.12M 1.901ms
[54.577s] GC(1452) Pause Incremental GC (Collect on allocation) 118.62M->56.62M 1.904ms
[54.643s] GC(1453) Pause Incremental GC (Collect on allocation) 118.12M->56.62M 2.243ms
[54.727s] GC(1454) Pause Full GC (Collect on allocation) 122.12M->47.12M 19.773ms
[54.796s] GC(1455) Pause Incremental GC (Collect on allocation) 116.12M->48.12M 2.424ms
[54.872s] GC(1456) Pause Incremental GC (Collect on allocation) 116.12M->48.62M 2.636ms
[54.950s] GC(1457) Pause Incremental GC (Collect on allocation) 115.62M->49.12M 2.740ms
[55.028s] GC(1458) Pause Incremental GC (Collect on allocation) 115.12M->49.62M 1.991ms
[55.099s] GC(1459) Pause Incremental GC (Collect on allocation) 114.62M->50.12M 1.875ms
[55.173s] GC(1460) Pause Incremental GC (Collect on allocation) 114.12M->50.12M 1.897ms
[55.253s] GC(1461) Pause Incremental GC (Collect on allocation) 113.12M->50.62M 3.129ms
[55.339s] GC(1462) Pause Incremental GC (Collect on allocation) 112.62M->51.12M 3.216ms
[55.416s] GC(1463) Pause Incremental GC (Collect on allocation) 117.62M->51.62M 2.025ms
[55.486s] GC(1464) Pause Incremental GC (Collect on allocation) 117.12M->52.12M 2.023ms
[55.554s] GC(1465) Pause Incremental GC (Collect on allocation) 116.62M->52.62M 1.903ms
[55.620s] GC(1466) Pause Incremental GC (Collect on allocation) 116.12M->53.12M 1.870ms
[55.687s] GC(1467) Pause Incremental GC (Collect on allocation) 115.62M->53.12M 1.924ms
[55.758s] GC(1468) Pause Incremental GC (Collect on allocation) 114.62M->53.62M 2.027ms
[55.825s] GC(1469) Pause Incremental GC (Collect on allocation) 114.12M->54.12M 1.912ms
[55.893s] GC(1470) Pause Incremental GC (Collect on allocation) 113.62M->54.62M 1.926ms
[55.954s] GC(1471) Pause Incremental GC (Collect on allocation) 113.12M->55.12M 1.930ms
[56.014s] GC(1472) Pause Incremental GC (Collect on allocation) 112.62M->55.12M 2.147ms
[56.073s] GC(1473) Pause Incremental GC (Collect on allocation) 111.62M->55.62M 1.982ms
[56.132s] GC(1474) Pause Incremental GC (Collect on allocation) 111.12M->56.12M 1.934ms
[56.190s] GC(1475) Pause Incremental GC (Collect on allocation) 110.62M->56.62M 1.871ms
[56.247s] GC(1476) Pause Incremental GC (Collect on allocation) 110.12M->57.12M 2.127ms
[56.309s] GC(1477) Pause Incremental GC (Collect on allocation) 114.12M->57.62M 1.984ms
[56.373s] GC(1478) Pause Incremental GC (Collect on allocation) 118.62M->57.62M 1.861ms
[56.462s] GC(1479) Pause Full GC (Collect on allocation) 123.12M->47.62M 20.243ms
[56.529s] GC(1480) Pause Incremental GC (Collect on allocation) 111.12M->48.12M 2.119ms
[56.595s] GC(1481) Pause Incremental GC (Collect on allocation) 110.62M->48.62M 2.143ms
[56.659s] GC(1482) Pause Incremental GC (Collect on allocation) 110.12M->49.12M 1.964ms
[56.723s] GC(1483) Pause Incremental GC (Collect on allocation) 109.62M->49.12M 1.944ms
[56.785s] GC(1484) Pause Incremental GC (Collect on allocation) 108.62M->49.62M 1.921ms
[56.846s] GC(1485) Pause Incremental GC (Collect on allocation) 108.12M->50.12M 2.087ms
[56.906s] GC(1486) Pause Incremental GC (Collect on allocation) 107.62M->50.62M 1.985ms
[56.966s] GC(1487) Pause Incremental GC (Collect on allocation) 107.12M->51.12M 1.893ms
[57.026s] GC(1488) Pause Incremental GC (Collect on allocation) 106.62M->51.62M 2.142ms
[57.083s] GC(1489) Pause Incremental GC (Collect on allocation) 106.12M->52.12M 2.050ms
[57.140s] GC(1490) Pause Incremental GC (Collect on allocation) 105.62M->52.62M 2.110ms
[57.197s] GC(1491) Pause Incremental GC (Collect on allocation) 105.12M->53.12M 1.917ms
[57.258s] GC(1492) Pause Incremental GC (Collect on allocation) 109.62M->54.12M 2.078ms
[57.323s] GC(1493) Pause Incremental GC (Collect on allocation) 114.62M->54.62M 2.185ms
[57.399s] GC(1494) Pause Incremental GC (Collect on allocation) 114.12M->55.62M 3.262ms
[57.488s] GC(1495) Pause Incremental GC (Collect on allocation) 119.62M->57.12M 3.777ms
[57.561s] GC(1496) Pause Incremental GC (Collect on allocation) 120.12M->58.62M 2.361ms
[57.653s] GC(1497) Pause Full GC (Collect on allocation) 126.12M->48.62M 21.072ms
[57.722s] GC(1498) Pause Incremental GC (Collect on allocation) 114.12M->49.12M 2.225ms
[57.791s] GC(1499) Pause Incremental GC (Collect on allocation) 113.62M->49.62M 2.102ms
[57.858s] GC(1500) Pause Incremental GC (Collect on allocation) 113.12M->50.62M 2.044ms
[57.926s] GC(1501) Pause Incremental GC (Collect on allocation) 113.12M->51.12M 2.219ms
[57.991s] GC(1502) Pause Incremental GC (Collect on allocation) 112.62M->51.62M 2.129ms
[58.057s] GC(1503) Pause Incremental GC (Collect on allocation) 112.12M->52.62M 2.152ms
[58.119s] GC(1504) Pause Incremental GC (Collect on allocation) 112.12M->52.62M 1.931ms
[58.180s] GC(1505) Pause Incremental GC (Collect on allocation) 111.12M->53.12M 2.031ms
[58.241s] GC(1506) Pause Incremental GC (Collect on allocation) 110.62M->53.62M 2.056ms
[58.300s] GC(1507) Pause Incremental GC (Collect on allocation) 110.12M->54.12M 1.959ms
[58.359s] GC(1508) Pause Incremental GC (Collect on allocation) 109.62M->54.62M 2.338ms
[58.418s] GC(1509) Pause Incremental GC (Collect on allocation) 109.12M->55.12M 2.027ms
[58.476s] GC(1510) Pause Incremental GC (Collect on allocation) 108.62M->55.62M 1.907ms
[58.531s] GC(1511) Pause Incremental GC (Collect on allocation) 108.12M->56.12M 2.028ms
[58.586s] GC(1512) Pause Incremental GC (Collect on allocation) 107.62M->56.12M 2.172ms
[58.647s] GC(1513) Pause Incremental GC (Collect on allocation) 111.62M->56.62M 2.134ms
[58.711s] GC(1514) Pause Incremental GC (Collect on allocation) 116.62M->57.12M 1.929ms
[58.779s] GC(1515) Pause Incremental GC (Collect on allocation) 121.62M->57.62M 2.019ms
[58.847s] GC(1516) Pause Incremental GC (Collect on allocation) 121.12M->58.12M 2.991ms
[58.938s] GC(1517) Pause Full GC (Collect on allocation) 126.12M->45.12M 19.800ms
[59.009s] GC(1518) Pause Incremental GC (Collect on allocation) 111.12M->45.62M 2.255ms
[59.077s] GC(1519) Pause Incremental GC (Collect on allocation) 110.62M->46.12M 1.983ms
[59.144s] GC(1520) Pause Incremental GC (Collect on allocation) 110.12M->46.62M 1.997ms
[59.213s] GC(1521) Pause Incremental GC (Collect on allocation) 109.62M->47.12M 2.155ms
[59.279s] GC(1522) Pause Incremental GC (Collect on allocation) 109.12M->47.62M 2.092ms
[59.344s] GC(1523) Pause Incremental GC (Collect on allocation) 108.62M->48.12M 1.934ms
[59.413s] GC(1524) Pause Incremental GC (Collect on allocation) 108.12M->48.62M 2.230ms
[59.481s] GC(1525) Pause Incremental GC (Collect on allocation) 107.62M->49.12M 2.296ms
[59.545s] GC(1526) Pause Incremental GC (Collect on allocation) 107.12M->49.62M 1.900ms
[59.622s] GC(1527) Pause Incremental GC (Collect on allocation) 106.62M->50.12M 3.167ms
[59.702s] GC(1528) Pause Incremental GC (Collect on allocation) 106.12M->50.62M 3.336ms
[59.778s] GC(1529) Pause Incremental GC (Collect on allocation) 111.12M->51.12M 1.899ms
[59.842s] GC(1530) Pause Incremental GC (Collect on allocation) 110.62M->51.62M 2.047ms
[59.905s] GC(1531) Pause Incremental GC (Collect on allocation) 110.12M->52.12M 2.216ms
[59.968s] GC(1532) Pause Incremental GC (Collect on allocation) 109.62M->52.62M 2.128ms
[60.028s] GC(1533) Pause Incremental GC (Collect on allocation) 109.12M->52.62M 1.960ms
[60.089s] GC(1534) Pause Incremental GC (Collect on allocation) 108.12M->53.12M 2.156ms
[60.149s] GC(1535) Pause Incremental GC (Collect on allocation) 107.62M->53.62M 2.201ms
[60.209s] GC(1536) Pause Incremental GC (Collect on allocation) 107.12M->54.12M 2.159ms
[60.267s] GC(1537) Pause Incremental GC (Collect on allocation) 106.62M->54.62M 2.060ms
[60.342s] GC(1538) Pause Full GC (Collect on allocation) 106.62M->45.62M 20.475ms
[60.410s] GC(1539) Pause Incremental GC (Collect on allocation) 106.12M->46.12M 2.263ms
[60.473s] GC(1540) Pause Incremental GC (Collect on allocation) 105.62M->47.12M 2.416ms
[60.534s] GC(1541) Pause Incremental GC (Collect on allocation) 111.12M->47.62M 2.698ms
[60.612s] GC(1542) Pause Incremental GC (Collect on allocation) 117.12M->48.12M 2.148ms
[60.688s] GC(1543) Pause Incremental GC (Collect on allocation) 116.12M->48.62M 2.320ms
[60.760s] GC(1544) Pause Incremental GC (Collect on allocation) 115.62M->49.12M 2.040ms
[60.831s] GC(1545) Pause Incremental GC (Collect on allocation) 115.12M->49.62M 2.170ms
[60.901s] GC(1546) Pause Incremental GC (Collect on allocation) 114.62M->50.12M 2.221ms
[60.972s] GC(1547) Pause Incremental GC (Collect on allocation) 114.12M->50.62M 2.621ms
[61.041s] GC(1548) Pause Incremental GC (Collect on allocation) 113.62M->51.12M 2.165ms
[61.107s] GC(1549) Pause Incremental GC (Collect on allocation) 113.12M->51.62M 2.154ms
[61.170s] GC(1550) Pause Incremental GC (Collect on allocation) 112.62M->52.12M 2.034ms
[61.223s] GC(1551) Pause Incremental GC (Collect on allocation) 112.12M->52.62M 2.477ms
[61.291s] GC(1552) Pause Incremental GC (Collect on allocation) 117.12M->53.12M 2.008ms
[61.356s] GC(1553) Pause Incremental GC (Collect on allocation) 116.62M->53.62M 2.051ms
[61.421s] GC(1554) Pause Incremental GC (Collect on allocation) 116.12M->54.12M 2.043ms
[61.486s] GC(1555) Pause Incremental GC (Collect on allocation) 115.62M->54.62M 2.065ms
[61.550s] GC(1556) Pause Incremental GC (Collect on allocation) 115.12M->54.62M 2.011ms
[61.614s] GC(1557) Pause Incremental GC (Collect on allocation) 114.12M->55.12M 2.150ms
[61.676s] GC(1558) Pause Incremental GC (Collect on allocation) 113.62M->55.62M 2.070ms
[61.754s] GC(1559) Pause Full GC (Collect on allocation) 113.12M->45.62M 19.326ms
[61.817s] GC(1560) Pause Incremental GC (Collect on allocation) 101.12M->46.12M 3.181ms
[61.895s] GC(1561) Pause Incremental GC (Collect on allocation) 100.62M->46.12M 2.943ms
[61.968s] GC(1562) Pause Incremental GC (Collect on allocation) 99.62M->46.62M 2.150ms
[62.025s] GC(1563) Pause Incremental GC (Collect on allocation) 99.12M->47.62M 2.084ms
[62.079s] GC(1564) Pause Incremental GC (Collect on allocation) 99.62M->47.62M 1.905ms
[62.134s] GC(1565) Pause Incremental GC (Collect on allocation) 99.12M->48.12M 1.981ms
[62.190s] GC(1566) Pause Incremental GC (Collect on allocation) 99.12M->48.62M 1.951ms
[62.244s] GC(1567) Pause Incremental GC (Collect on allocation) 99.12M->49.12M 1.934ms
[62.298s] GC(1568) Pause Incremental GC (Collect on allocation) 99.12M->49.62M 1.998ms
[62.351s] GC(1569) Pause Incremental GC (Collect on allocation) 99.12M->50.12M 1.949ms
[62.404s] GC(1570) Pause Incremental GC (Collect on allocation) 99.12M->50.62M 1.967ms
[62.456s] GC(1571) Pause Incremental GC (Collect on allocation) 99.12M->51.12M 2.299ms
[62.512s] GC(1572) Pause Incremental GC (Collect on allocation) 103.62M->51.12M 1.783ms
[62.573s] GC(1573) Pause Incremental GC (Collect on allocation) 107.62M->52.12M 2.464ms
[62.638s] GC(1574) Pause Incremental GC (Collect on allocation) 113.12M->52.62M 2.184ms
[62.710s] GC(1575) Pause Incremental GC (Collect on allocation) 118.62M->53.12M 2.258ms
[62.780s] GC(1576) Pause Incremental GC (Collect on allocation) 118.12M->53.62M 2.582ms
[62.864s] GC(1577) Pause Full GC (Collect on allocation) 117.62M->45.12M 18.920ms
[62.933s] GC(1578) Pause Incremental GC (Collect on allocation) 107.12M->45.62M 2.277ms
[62.997s] GC(1579) Pause Incremental GC (Collect on allocation) 106.62M->46.12M 2.120ms
[63.060s] GC(1580) Pause Incremental GC (Collect on allocation) 106.12M->47.12M 2.067ms
[63.122s] GC(1581) Pause Incremental GC (Collect on allocation) 106.12M->47.62M 2.079ms
[63.184s] GC(1582) Pause Incremental GC (Collect on allocation) 105.62M->48.12M 1.963ms
[63.246s] GC(1583) Pause Incremental GC (Collect on allocation) 105.12M->49.12M 2.262ms
[63.305s] GC(1584) Pause Incremental GC (Collect on allocation) 105.12M->49.62M 2.172ms
[63.365s] GC(1585) Pause Incremental GC (Collect on allocation) 104.62M->51.12M 2.623ms
[63.422s] GC(1586) Pause Incremental GC (Collect on allocation) 105.12M->52.12M 2.215ms
[63.486s] GC(1587) Pause Incremental GC (Collect on allocation) 110.12M->53.12M 2.369ms
[63.555s] GC(1588) Pause Incremental GC (Collect on allocation) 115.62M->54.12M 2.492ms
[63.627s] GC(1589) Pause Incremental GC (Collect on allocation) 121.62M->55.12M 2.137ms
[63.697s] GC(1590) Pause Incremental GC (Collect on allocation) 121.62M->56.12M 2.291ms
[63.765s] GC(1591) Pause Incremental GC (Collect on allocation) 121.62M->56.62M 2.100ms
[63.843s] GC(1592) Pause Incremental GC (Collect on allocation) 121.12M->57.62M 3.551ms
[63.969s] GC(1593) Pause Full GC (Collect on allocation) 127.62M->45.12M 28.886ms
[64.042s] GC(1594) Pause Incremental GC (Collect on allocation) 112.62M->45.62M 2.356ms
[64.112s] GC(1595) Pause Incremental GC (Collect on allocation) 112.12M->46.62M 2.184ms
[64.182s] GC(1596) Pause Incremental GC (Collect on allocation) 112.12M->47.12M 2.238ms
[64.250s] GC(1597) Pause Incremental GC (Collect on allocation) 111.62M->47.62M 2.005ms
[64.319s] GC(1598) Pause Incremental GC (Collect on allocation) 111.12M->48.62M 2.329ms
[64.386s] GC(1599) Pause Incremental GC (Collect on allocation) 111.12M->49.12M 2.026ms
[64.451s] GC(1600) Pause Incremental GC (Collect on allocation) 110.62M->49.62M 2.040ms
[64.517s] GC(1601) Pause Incremental GC (Collect on allocation) 110.12M->49.62M 2.027ms
[64.580s] GC(1602) Pause Incremental GC (Collect on allocation) 109.12M->50.12M 2.052ms
[64.646s] GC(1603) Pause Incremental GC (Collect on allocation) 108.62M->51.12M 2.368ms
[64.710s] GC(1604) Pause Incremental GC (Collect on allocation) 108.62M->51.12M 2.341ms
[64.776s] GC(1605) Pause Incremental GC (Collect on allocation) 107.62M->52.12M 2.382ms
[64.841s] GC(1606) Pause Incremental GC (Collect on allocation) 107.62M->52.62M 2.351ms
[64.908s] GC(1607) Pause Incremental GC (Collect on allocation) 112.62M->53.12M 2.238ms
[64.971s] GC(1608) Pause Incremental GC (Collect on allocation) 112.12M->53.62M 2.038ms
[65.035s] GC(1609) Pause Incremental GC (Collect on allocation) 111.62M->54.12M 2.102ms
[65.099s] GC(1610) Pause Incremental GC (Collect on allocation) 111.12M->54.12M 2.061ms
[65.161s] GC(1611) Pause Incremental GC (Collect on allocation) 110.12M->54.62M 2.083ms
[65.224s] GC(1612) Pause Incremental GC (Collect on allocation) 109.62M->55.12M 2.284ms
[65.283s] GC(1613) Pause Incremental GC (Collect on allocation) 109.12M->55.62M 2.137ms
[65.347s] GC(1614) Pause Incremental GC (Collect on allocation) 113.62M->56.12M 2.092ms
[65.430s] GC(1615) Pause Full GC (Collect on allocation) 113.12M->45.62M 20.733ms
[65.492s] GC(1616) Pause Incremental GC (Collect on allocation) 100.62M->46.12M 2.472ms
[65.551s] GC(1617) Pause Incremental GC (Collect on allocation) 100.12M->46.62M 2.344ms
[65.610s] GC(1618) Pause Incremental GC (Collect on allocation) 99.62M->47.12M 2.558ms
[65.678s] GC(1619) Pause Incremental GC (Collect on allocation) 104.12M->47.62M 1.971ms
[65.741s] GC(1620) Pause Incremental GC (Collect on allocation) 103.62M->48.12M 2.228ms
[65.807s] GC(1621) Pause Incremental GC (Collect on allocation) 103.12M->48.62M 3.037ms
[65.889s] GC(1622) Pause Incremental GC (Collect on allocation) 107.62M->49.12M 3.361ms
[65.985s] GC(1623) Pause Incremental GC (Collect on allocation) 112.62M->49.62M 3.551ms
[66.068s] GC(1624) Pause Incremental GC (Collect on allocation) 118.12M->50.12M 2.009ms
[66.125s] GC(1625) Pause Incremental GC (Collect on allocation) 117.62M->50.62M 1.995ms
[66.195s] GC(1626) Pause Incremental GC (Collect on allocation) 117.12M->51.12M 2.094ms
[66.266s] GC(1627) Pause Incremental GC (Collect on allocation) 116.62M->51.62M 2.172ms
[66.334s] GC(1628) Pause Incremental GC (Collect on allocation) 116.12M->52.12M 2.180ms
[66.404s] GC(1629) Pause Incremental GC (Collect on allocation) 115.62M->52.62M 2.282ms
[66.479s] GC(1630) Pause Incremental GC (Collect on allocation) 115.12M->53.12M 2.227ms
[66.547s] GC(1631) Pause Incremental GC (Collect on allocation) 114.62M->53.62M 2.116ms
[66.613s] GC(1632) Pause Incremental GC (Collect on allocation) 114.12M->54.12M 2.121ms
[66.678s] GC(1633) Pause Incremental GC (Collect on allocation) 113.62M->54.62M 2.051ms
[66.742s] GC(1634) Pause Incremental GC (Collect on allocation) 113.12M->55.12M 2.185ms
[66.822s] GC(1635) Pause Full GC (Collect on allocation) 112.62M->45.62M 19.843ms
[66.882s] GC(1636) Pause Incremental GC (Collect on allocation) 101.12M->46.12M 2.216ms
[66.940s] GC(1637) Pause Incremental GC (Collect on allocation) 100.62M->46.62M 2.138ms
[66.996s] GC(1638) Pause Incremental GC (Collect on allocation) 100.12M->47.12M 1.933ms
[67.051s] GC(1639) Pause Incremental GC (Collect on allocation) 99.62M->47.12M 1.901ms
[67.106s] GC(1640) Pause Incremental GC (Collect on allocation) 99.12M->47.62M 2.095ms
[67.161s] GC(1641) Pause Incremental GC (Collect on allocation) 99.12M->48.12M 1.850ms
[67.214s] GC(1642) Pause Incremental GC (Collect on allocation) 99.12M->48.62M 2.009ms
[67.268s] GC(1643) Pause Incremental GC (Collect on allocation) 99.12M->49.12M 1.974ms
[67.330s] GC(1644) Pause Incremental GC (Collect on allocation) 99.12M->49.12M 2.264ms
[67.388s] GC(1645) Pause Incremental GC (Collect on allocation) 98.62M->49.62M 2.090ms
[67.440s] GC(1646) Pause Incremental GC (Collect on allocation) 98.62M->50.12M 2.009ms
[67.499s] GC(1647) Pause Incremental GC (Collect on allocation) 103.12M->50.62M 2.185ms
[67.563s] GC(1648) Pause Incremental GC (Collect on allocation) 107.62M->51.12M 2.152ms
[67.630s] GC(1649) Pause Incremental GC (Collect on allocation) 112.62M->51.62M 2.170ms
[67.698s] GC(1650) Pause Incremental GC (Collect on allocation) 112.12M->52.12M 1.957ms
[67.764s] GC(1651) Pause Incremental GC (Collect on allocation) 111.62M->52.62M 2.950ms
[67.846s] GC(1652) Pause Incremental GC (Collect on allocation) 111.12M->53.12M 3.060ms
[67.950s] GC(1653) Pause Full GC (Collect on allocation) 116.12M->46.12M 20.231ms
[68.015s] GC(1654) Pause Incremental GC (Collect on allocation) 107.12M->46.62M 2.625ms
[68.078s] GC(1655) Pause Incremental GC (Collect on allocation) 106.62M->47.12M 2.010ms
[68.141s] GC(1656) Pause Incremental GC (Collect on allocation) 106.12M->47.62M 2.118ms
[68.202s] GC(1657) Pause Incremental GC (Collect on allocation) 105.62M->48.12M 2.038ms
[68.263s] GC(1658) Pause Incremental GC (Collect on allocation) 105.12M->48.62M 2.026ms
[68.323s] GC(1659) Pause Incremental GC (Collect on allocation) 104.62M->49.12M 2.019ms
[68.383s] GC(1660) Pause Incremental GC (Collect on allocation) 104.12M->49.62M 2.199ms
[68.444s] GC(1661) Pause Incremental GC (Collect on allocation) 103.62M->54.12M 6.943ms
[68.538s] GC(1662) Pause Full GC (Collect on allocation) 112.62M->79.12M 60.462ms
[68.607s] GC(1663) Pause Incremental GC (Collect on allocation) 135.62M->89.12M 12.790ms
[68.667s] GC(1664) Pause Incremental GC (Collect on allocation) 144.62M->89.62M 2.631ms
[68.728s] GC(1665) Pause Incremental GC (Collect on allocation) 144.12M->90.12M 2.285ms
[68.786s] GC(1666) Pause Incremental GC (Collect on allocation) 143.62M->90.62M 2.608ms
[68.846s] GC(1667) Pause Incremental GC (Collect on allocation) 143.12M->91.62M 2.592ms
[68.906s] GC(1668) Pause Incremental GC (Collect on allocation) 143.62M->92.62M 3.201ms
[68.966s] GC(1669) Pause Incremental GC (Collect on allocation) 144.12M->93.62M 3.587ms
[69.027s] GC(1670) Pause Incremental GC (Collect on allocation) 144.62M->96.62M 6.502ms
[69.087s] GC(1671) Pause Incremental GC (Collect on allocation) 147.12M->103.62M 9.262ms
[69.181s] GC(1672) Pause Full GC (Collect on allocation) 158.62M->66.62M 44.132ms
[69.252s] GC(1673) Pause Incremental GC (Collect on allocation) 131.12M->82.62M 13.439ms
[69.342s] GC(1674) Pause Incremental GC (Collect on allocation) 146.12M->89.12M 12.217ms
[69.415s] GC(1675) Pause Incremental GC (Collect on allocation) 151.62M->90.12M 4.752ms
[69.484s] GC(1676) Pause Incremental GC (Collect on allocation) 151.62M->91.62M 3.018ms
[69.554s] GC(1677) Pause Incremental GC (Collect on allocation) 152.12M->92.62M 3.499ms
[69.627s] GC(1678) Pause Incremental GC (Collect on allocation) 152.12M->94.12M 4.549ms
[69.699s] GC(1679) Pause Incremental GC (Collect on allocation) 152.62M->95.12M 3.060ms
[69.765s] GC(1680) Pause Incremental GC (Collect on allocation) 152.62M->96.12M 3.283ms
[69.839s] GC(1681) Pause Incremental GC (Collect on allocation) 152.62M->97.12M 4.798ms
[69.921s] GC(1682) Pause Incremental GC (Collect on allocation) 152.62M->98.62M 4.726ms
[70.010s] GC(1683) Pause Incremental GC (Collect on allocation) 153.12M->100.12M 7.681ms
[70.073s] GC(1684) Pause Incremental GC (Collect on allocation) 153.62M->101.62M 3.435ms
[70.135s] GC(1685) Pause Incremental GC (Collect on allocation) 154.62M->103.12M 3.569ms
[70.201s] GC(1686) Pause Incremental GC (Collect on allocation) 155.62M->104.62M 3.667ms
[70.259s] GC(1687) Pause Incremental GC (Collect on allocation) 156.62M->106.12M 3.344ms
[70.342s] GC(1688) Pause Full GC (Collect on allocation) 157.62M->47.12M 27.540ms
[70.400s] GC(1689) Pause Incremental GC (Collect on allocation) 97.62M->48.12M 3.181ms
[70.457s] GC(1690) Pause Incremental GC (Collect on allocation) 98.12M->49.62M 3.265ms
[70.513s] GC(1691) Pause Incremental GC (Collect on allocation) 99.12M->50.12M 2.549ms
[70.569s] GC(1692) Pause Incremental GC (Collect on allocation) 99.12M->51.62M 3.230ms
[70.625s] GC(1693) Pause Incremental GC (Collect on allocation) 100.12M->54.12M 3.703ms
[70.680s] GC(1694) Pause Incremental GC (Collect on allocation) 102.12M->56.12M 3.040ms
[70.731s] GC(1695) Pause Incremental GC (Collect on allocation) 103.62M->58.12M 2.891ms
[70.810s] GC(1696) Pause Incremental GC (Collect on allocation) 105.12M->60.62M 3.075ms
[70.861s] GC(1697) Pause Incremental GC (Collect on allocation) 107.12M->62.12M 2.821ms
[70.913s] GC(1698) Pause Incremental GC (Collect on allocation) 108.12M->64.62M 3.157ms
[70.961s] GC(1699) Pause Incremental GC (Collect on allocation) 110.12M->67.12M 3.048ms
[71.009s] GC(1700) Pause Incremental GC (Collect on allocation) 112.12M->67.62M 2.219ms
[71.057s] GC(1701) Pause Incremental GC (Collect on allocation) 112.12M->69.62M 3.016ms
[71.091s] GC(1702) Pause Incremental GC (Collect on allocation) 113.62M->71.62M 2.889ms
[71.138s] GC(1703) Pause Incremental GC (Collect on allocation) 115.12M->73.62M 2.698ms
[71.193s] GC(1704) Pause Incremental GC (Collect on allocation) 116.62M->76.12M 3.037ms
[71.237s] GC(1705) Pause Incremental GC (Collect on allocation) 118.62M->77.12M 2.357ms
[71.282s] GC(1706) Pause Incremental GC (Collect on allocation) 119.12M->78.62M 2.347ms
[71.326s] GC(1707) Pause Incremental GC (Collect on allocation) 120.12M->80.12M 2.332ms
[71.368s] GC(1708) Pause Incremental GC (Collect on allocation) 121.12M->82.12M 2.696ms
[71.411s] GC(1709) Pause Incremental GC (Collect on allocation) 122.62M->84.12M 2.652ms
[71.453s] GC(1710) Pause Incremental GC (Collect on allocation) 124.12M->86.12M 2.752ms
[71.539s] GC(1711) Pause Full GC (Collect on allocation) 125.62M->81.62M 46.179ms
[71.580s] GC(1712) Pause Incremental GC (Collect on allocation) 120.12M->83.12M 2.867ms
[71.619s] GC(1713) Pause Incremental GC (Collect on allocation) 121.12M->85.12M 2.594ms
[71.662s] GC(1714) Pause Incremental GC (Collect on allocation) 122.62M->87.62M 4.497ms
[71.720s] GC(1715) Pause Incremental GC (Collect on allocation) 128.12M->89.62M 8.427ms
[71.769s] GC(1716) Pause Incremental GC (Collect on allocation) 133.62M->90.12M 2.433ms
[71.822s] GC(1717) Pause Incremental GC (Collect on allocation) 137.62M->90.62M 2.064ms
[71.878s] GC(1718) Pause Incremental GC (Collect on allocation) 141.62M->91.12M 2.175ms
[71.938s] GC(1719) Pause Incremental GC (Collect on allocation) 146.12M->92.12M 2.361ms
[72.006s] GC(1720) Pause Incremental GC (Collect on allocation) 150.62M->92.62M 3.634ms
[72.094s] GC(1721) Pause Incremental GC (Collect on allocation) 155.12M->93.12M 3.758ms
[72.183s] GC(1722) Pause Incremental GC (Collect on allocation) 160.12M->93.62M 2.335ms
[72.263s] GC(1723) Pause Incremental GC (Collect on allocation) 165.12M->94.12M 2.354ms
[72.345s] GC(1724) Pause Incremental GC (Collect on allocation) 170.12M->95.12M 2.264ms
[72.431s] GC(1725) Pause Incremental GC (Collect on allocation) 175.62M->95.62M 2.078ms
[72.524s] GC(1726) Pause Incremental GC (Collect on allocation) 180.62M->96.12M 2.105ms
[72.621s] GC(1727) Pause Incremental GC (Collect on allocation) 185.62M->96.12M 2.105ms
[72.723s] GC(1728) Pause Incremental GC (Collect on allocation) 190.12M->97.12M 2.310ms
[72.829s] GC(1729) Pause Incremental GC (Collect on allocation) 195.62M->97.12M 2.345ms
[72.941s] GC(1730) Pause Incremental GC (Collect on allocation) 200.12M->98.12M 2.689ms
[73.054s] GC(1731) Pause Incremental GC (Collect on allocation) 206.12M->98.12M 2.446ms
[73.173s] GC(1732) Pause Incremental GC (Collect on allocation) 211.12M->98.62M 2.420ms
[73.301s] GC(1733) Pause Incremental GC (Collect on allocation) 216.62M->99.62M 2.763ms
[73.433s] GC(1734) Pause Incremental GC (Collect on allocation) 222.62M->100.12M 2.836ms
[73.569s] GC(1735) Pause Incremental GC (Collect on allocation) 227.62M->100.62M 2.932ms
[73.707s] GC(1736) Pause Incremental GC (Collect on allocation) 228.12M->101.12M 2.748ms
[73.843s] GC(1737) Pause Incremental GC (Collect on allocation) 228.62M->101.62M 2.755ms
[73.977s] GC(1738) Pause Incremental GC (Collect on allocation) 229.12M->102.12M 2.769ms
[74.137s] GC(1739) Pause Full GC (Collect on allocation) 229.62M->43.12M 22.833ms
[74.273s] GC(1740) Pause Incremental GC (Collect on allocation) 170.62M->44.12M 2.405ms
[74.415s] GC(1741) Pause Incremental GC (Collect on allocation) 171.62M->44.12M 3.065ms
[74.591s] GC(1742) Pause Incremental GC (Collect on allocation) 171.62M->45.12M 3.493ms
[74.743s] GC(1743) Pause Incremental GC (Collect on allocation) 172.62M->45.12M 2.671ms
[74.890s] GC(1744) Pause Incremental GC (Collect on allocation) 172.62M->46.12M 2.634ms
[75.033s] GC(1745) Pause Incremental GC (Collect on allocation) 173.62M->46.12M 2.440ms
[75.175s] GC(1746) Pause Incremental GC (Collect on allocation) 173.62M->47.12M 2.916ms
[75.323s] GC(1747) Pause Incremental GC (Collect on allocation) 174.62M->47.62M 2.672ms
[75.459s] GC(1748) Pause Incremental GC (Collect on allocation) 175.12M->48.12M 2.670ms
[75.598s] GC(1749) Pause Incremental GC (Collect on allocation) 175.62M->48.62M 2.833ms
[75.735s] GC(1750) Pause Incremental GC (Collect on allocation) 176.12M->49.12M 2.585ms
[75.869s] GC(1751) Pause Incremental GC (Collect on allocation) 176.62M->49.12M 2.775ms
[76.006s] GC(1752) Pause Incremental GC (Collect on allocation) 176.62M->50.12M 3.100ms
[76.141s] GC(1753) Pause Incremental GC (Collect on allocation) 177.62M->50.62M 2.946ms
[76.264s] GC(1754) Pause Incremental GC (Collect on allocation) 178.12M->51.12M 2.999ms
[76.412s] GC(1755) Pause Incremental GC (Collect on allocation) 178.62M->51.12M 3.533ms
[76.570s] GC(1756) Pause Incremental GC (Collect on allocation) 178.62M->51.12M 2.506ms
[76.735s] GC(1757) Pause Incremental GC (Collect on allocation) 178.62M->51.62M 4.118ms
[76.900s] GC(1758) Pause Incremental GC (Collect on allocation) 179.12M->51.62M 2.628ms
[77.036s] GC(1759) Pause Incremental GC (Collect on allocation) 179.12M->51.62M 2.601ms
[77.171s] GC(1760) Pause Incremental GC (Collect on allocation) 179.12M->51.62M 2.708ms
[77.307s] GC(1761) Pause Incremental GC (Collect on allocation) 179.12M->52.12M 3.064ms
[77.444s] GC(1762) Pause Incremental GC (Collect on allocation) 179.62M->53.12M 3.114ms
[77.598s] GC(1763) Pause Full GC (Collect on allocation) 180.62M->43.12M 22.150ms
[77.736s] GC(1764) Pause Incremental GC (Collect on allocation) 170.62M->44.12M 2.298ms
[77.870s] GC(1765) Pause Incremental GC (Collect on allocation) 171.62M->44.62M 2.190ms
[78.003s] GC(1766) Pause Incremental GC (Collect on allocation) 172.12M->45.12M 2.123ms
[78.135s] GC(1767) Pause Incremental GC (Collect on allocation) 172.62M->45.62M 2.108ms
[78.267s] GC(1768) Pause Incremental GC (Collect on allocation) 173.12M->46.12M 2.205ms
[78.400s] GC(1769) Pause Incremental GC (Collect on allocation) 173.62M->46.62M 2.610ms
[78.535s] GC(1770) Pause Incremental GC (Collect on allocation) 174.12M->47.62M 2.746ms
[78.669s] GC(1771) Pause Incremental GC (Collect on allocation) 175.12M->47.62M 2.554ms
[78.806s] GC(1772) Pause Incremental GC (Collect on allocation) 175.12M->48.62M 3.105ms
[78.970s] GC(1773) Pause Incremental GC (Collect on allocation) 176.12M->49.12M 4.682ms
[79.123s] GC(1774) Pause Incremental GC (Collect on allocation) 176.62M->49.62M 3.336ms
[79.259s] GC(1775) Pause Incremental GC (Collect on allocation) 177.12M->50.12M 3.259ms
[79.395s] GC(1776) Pause Incremental GC (Collect on allocation) 177.62M->50.62M 3.210ms
[79.528s] GC(1777) Pause Incremental GC (Collect on allocation) 178.12M->51.12M 3.120ms
[79.663s] GC(1778) Pause Incremental GC (Collect on allocation) 178.62M->51.62M 3.414ms
[79.796s] GC(1779) Pause Incremental GC (Collect on allocation) 179.12M->51.62M 2.932ms
[79.931s] GC(1780) Pause Incremental GC (Collect on allocation) 179.12M->51.62M 3.213ms
[80.070s] GC(1781) Pause Incremental GC (Collect on allocation) 179.12M->51.62M 2.651ms
[80.207s] GC(1782) Pause Incremental GC (Collect on allocation) 179.12M->52.12M 2.927ms
[80.343s] GC(1783) Pause Incremental GC (Collect on allocation) 179.62M->52.12M 2.597ms
[80.479s] GC(1784) Pause Incremental GC (Collect on allocation) 179.62M->52.12M 2.757ms
[80.620s] GC(1785) Pause Incremental GC (Collect on allocation) 179.62M->52.12M 2.872ms
[80.774s] GC(1786) Pause Full GC (Collect on allocation) 179.62M->43.62M 20.218ms
[80.914s] GC(1787) Pause Incremental GC (Collect on allocation) 171.12M->44.62M 2.684ms
[81.067s] GC(1788) Pause Incremental GC (Collect on allocation) 172.12M->45.12M 3.709ms
[81.228s] GC(1789) Pause Incremental GC (Collect on allocation) 172.62M->45.62M 2.238ms
[81.372s] GC(1790) Pause Incremental GC (Collect on allocation) 173.12M->45.62M 3.269ms
[81.511s] GC(1791) Pause Incremental GC (Collect on allocation) 173.12M->46.62M 2.477ms
[81.644s] GC(1792) Pause Incremental GC (Collect on allocation) 174.12M->47.12M 2.434ms
[81.779s] GC(1793) Pause Incremental GC (Collect on allocation) 174.62M->47.62M 2.512ms
[81.910s] GC(1794) Pause Incremental GC (Collect on allocation) 175.12M->47.12M 2.689ms
[82.036s] GC(1795) Pause Incremental GC (Collect on allocation) 174.62M->47.12M 2.472ms
[82.172s] GC(1796) Pause Incremental GC (Collect on allocation) 174.62M->46.62M 2.539ms
[82.307s] GC(1797) Pause Incremental GC (Collect on allocation) 174.12M->46.62M 2.572ms
[82.442s] GC(1798) Pause Incremental GC (Collect on allocation) 174.12M->46.62M 2.388ms
[82.579s] GC(1799) Pause Incremental GC (Collect on allocation) 174.12M->47.12M 2.057ms
[82.715s] GC(1800) Pause Incremental GC (Collect on allocation) 174.62M->47.62M 2.674ms
[82.852s] GC(1801) Pause Incremental GC (Collect on allocation) 175.12M->47.62M 2.341ms
[82.986s] GC(1802) Pause Incremental GC (Collect on allocation) 175.12M->48.12M 2.515ms
[83.121s] GC(1803) Pause Incremental GC (Collect on allocation) 175.62M->48.62M 3.326ms
[83.293s] GC(1804) Pause Incremental GC (Collect on allocation) 176.12M->48.62M 3.583ms
[83.433s] GC(1805) Pause Incremental GC (Collect on allocation) 176.12M->49.62M 2.575ms
[113.739s] GC(1806) Pause Full GC (Collect on allocation) 177.12M->39.62M 23.733ms
